ACRS Report Type,Date and Time,Route Type,Road Name,Municipality,Collision Type,Weather,Surface Condition,Light,Traffic Control,Driver At Fault,Injury Severity,Driver Distracted By,Vehicle Body Type,Vehicle Movement,Vehicle Continuing Dir,Vehicle Going Dir,Speed Limit,Vehicle Year,Vehicle Make,Wind Speed (MPH),TMP10-DK ,Relative Humidity (%),Rain (Inches)
Property Damage Crash,05-03-2022 14:28,Maryland (State),W MONTGOMERY AVE,ROCKVILLE,SAME DIR REAR END,CLOUDY,DRY,DARK LIGHTS ON,N/A,No,NO APPARENT INJURY,NOT DISTRACTED,OTHER,STOPPED IN TRAFFIC LANE,West,West,30,2015,TOYOTA,0,0,0,0
Property Damage Crash,05-03-2022 14:28,Maryland (State),RIDGE RD,N/A,SINGLE VEHICLE,CLOUDY,DRY,DAWN,OTHER,Yes,NO APPARENT INJURY,NOT DISTRACTED,(SPORT) UTILITY VEHICLE,MOVING CONSTANT SPEED,South,South,40,2008,MAZDA,0,0,0,0
Injury Crash,05-03-2022 16:00,County,MIDDLEBROOK RD,N/A,STRAIGHT MOVEMENT ANGLE,CLEAR,DRY,DARK LIGHTS ON,TRAFFIC SIGNAL,Yes,POSSIBLE INJURY,NOT DISTRACTED,PASSENGER CAR,MOVING CONSTANT SPEED,East,East,40,2013,HONDA,6.9,39.5,26.5,0
Property Damage Crash,05-03-2022 16:00,,,,OTHER,CLEAR,,DARK LIGHTS ON,N/A,Yes,NO APPARENT INJURY,UNKNOWN,UNKNOWN,UNKNOWN,Unknown,Unknown,10,0,UNKNOWN,4.7,37.3,34.6,0.03
Injury Crash,05-03-2022 16:02,Maryland (State),OLNEY SANDY SPRING RD,N/A,HEAD ON LEFT TURN,CLEAR,DRY,DAYLIGHT,TRAFFIC SIGNAL,Yes,NO APPARENT INJURY,LOOKED BUT DID NOT SEE,PASSENGER CAR,MAKING LEFT TURN,South,South,30,2008,LINC,7.4,353,17,0
Injury Crash,05-03-2022 16:02,County,RANDOLPH RD,N/A,STRAIGHT MOVEMENT ANGLE,N/A,DRY,DARK LIGHTS ON,TRAFFIC SIGNAL,No,NO APPARENT INJURY,NOT DISTRACTED,PASSENGER CAR,MAKING RIGHT TURN,South,East,35,2016,TOYOTA,0,0,0,0
Injury Crash,05-03-2022 16:02,County,TRAVILAH RD,N/A,SINGLE VEHICLE,CLEAR,DRY,DAYLIGHT,N/A,Yes,SUSPECTED MINOR INJURY,UNKNOWN,"MEDIUM/HEAVY TRUCKS 3 AXLES (OVER 10,000LBS (4,536KG))",ACCELERATING,South,South,30,1999,FREIGHTLINER,3.6,40.7,22.5,0
Property Damage Crash,05-03-2022 17:15,Municipality,E JEFFERSON ST,ROCKVILLE,SAME DIRECTION SIDESWIPE,CLEAR,DRY,DARK NO LIGHTS,NO CONTROLS,Yes,NO APPARENT INJURY,UNKNOWN,PASSENGER CAR,MOVING CONSTANT SPEED,North,North,25,2008,DODGE,1.5,30.8,25.4,0
Property Damage Crash,05-03-2022 17:15,Maryland (State),GEORGIA AVE,N/A,SAME DIR REAR END,CLEAR,DRY,DAYLIGHT,NO CONTROLS,Yes,NO APPARENT INJURY,UNKNOWN,PASSENGER CAR,SLOWING OR STOPPING,South,South,30,2003,INFINITY,0,0,0,0
Property Damage Crash,05-03-2022 17:27,Maryland (State),NEW HAMPSHIRE AVE,N/A,SAME DIRECTION RIGHT TURN,CLEAR,DRY,DAYLIGHT,TRAFFIC SIGNAL,Yes,NO APPARENT INJURY,LOOKED BUT DID NOT SEE,PASSENGER CAR,CHANGING LANES,South,South,40,2015,HONDA,2.2,13,27.9,0
Property Damage Crash,05-03-2022 17:27,County,CRESTHAVEN DR,N/A,SAME DIRECTION SIDESWIPE,CLOUDY,DRY,DAYLIGHT,NO CONTROLS,Yes,NO APPARENT INJURY,UNKNOWN,(SPORT) UTILITY VEHICLE,STARTING FROM PARKED,North,North,25,2007,MERZ,7.4,151,42,0
Injury Crash,05-03-2022 17:30,Municipality,BALTIMORE RD,ROCKVILLE,SINGLE VEHICLE,CLEAR,DRY,DAYLIGHT,N/A,Yes,SUSPECTED MINOR INJURY,UNKNOWN,PASSENGER CAR,MOVING CONSTANT SPEED,West,West,25,2017,SUBARU,0,0,0,0
Injury Crash,05-03-2022 17:30,County,E RANDOLPH RD,N/A,STRAIGHT MOVEMENT ANGLE,CLEAR,DRY,DAYLIGHT,NO CONTROLS,Yes,NO APPARENT INJURY,LOOKED BUT DID NOT SEE,(SPORT) UTILITY VEHICLE,MAKING LEFT TURN,South,West,40,2012,NISS,4.6,43.7,24.7,0
Property Damage Crash,05-03-2022 17:36,Municipality,FLETCHER PL,ROCKVILLE,OPPOSITE DIRECTION SIDESWIPE,CLEAR,DRY,DAYLIGHT,N/A,Yes,NO APPARENT INJURY,NOT DISTRACTED,SCHOOL BUS,OTHER,West,West,10,2018,THMS BU,4.8,100,37.2,0.07
Property Damage Crash,05-03-2022 17:36,Maryland (State),BURLINGTON AVE,N/A,SAME DIRECTION SIDESWIPE,CLEAR,DRY,DAYLIGHT,N/A,Yes,NO APPARENT INJURY,UNKNOWN,TRANSIT BUS,CHANGING LANES,East,East,25,2014,GILLIG,8.1,63.2,58,0
Property Damage Crash,05-03-2022 20:45,US (State),COLUMBIA PIKE,N/A,SAME DIR REAR END,SNOW,SLUSH,DAYLIGHT,TRAFFIC SIGNAL,No,NO APPARENT INJURY,NOT DISTRACTED,PASSENGER CAR,STOPPED IN TRAFFIC LANE,South,South,0,2014,NISSAN,2,100,23.8,0
Injury Crash,05-03-2022 20:45,Maryland (State),ROCKVILLE PIKE,ROCKVILLE,STRAIGHT MOVEMENT ANGLE,RAINING,WET,DARK LIGHTS ON,TRAFFIC SIGNAL,No,NO APPARENT INJURY,UNKNOWN,PASSENGER CAR,MOVING CONSTANT SPEED,North,North,40,2012,TOYOTA,2.1,48.4,45.3,0
Property Damage Crash,05-03-2022 20:45,County,RANDOLPH RD,N/A,STRAIGHT MOVEMENT ANGLE,CLOUDY,DRY,DAYLIGHT,NO CONTROLS,Yes,NO APPARENT INJURY,LOOKED BUT DID NOT SEE,PASSENGER CAR,CHANGING LANES,West,West,40,2016,HONDA,13.7,176,27,0
Property Damage Crash,05-03-2022 20:45,County,TWINBROOK PKWY,N/A,SAME DIRECTION SIDESWIPE,N/A,DRY,DARK LIGHTS ON,NO CONTROLS,Yes,NO APPARENT INJURY,UNKNOWN,PASSENGER CAR,MOVING CONSTANT SPEED,North,North,35,2014,HONDA,2.4,56,38.8,0.12
Property Damage Crash,05-03-2022 20:45,County,FATHER HURLEY BLVD,N/A,STRAIGHT MOVEMENT ANGLE,CLOUDY,DRY,DAYLIGHT,TRAFFIC SIGNAL,Unknown,NO APPARENT INJURY,NOT DISTRACTED,PICKUP TRUCK,MAKING LEFT TURN,North,South,40,2004,FORD,4.6,81,35.7,0
Injury Crash,05-03-2022 21:10,Maryland (State),NEW HAMPSHIRE AVE,N/A,STRAIGHT MOVEMENT ANGLE,CLEAR,DRY,DARK LIGHTS ON,FLASHING TRAFFIC SIGNAL,No,SUSPECTED MINOR INJURY,NOT DISTRACTED,PASSENGER CAR,MOVING CONSTANT SPEED,South,South,40,2015,TOYOTA,0,0,0,0
Injury Crash,05-03-2022 21:10,County,E JEFFERSON ST,N/A,OTHER,FOGGY,WET,DARK LIGHTS ON,TRAFFIC SIGNAL,Yes,NO APPARENT INJURY,UNKNOWN,PASSENGER CAR,MOVING CONSTANT SPEED,North,North,30,2010,HYUN,2.8,41.8,41.7,0
Property Damage Crash,06-03-2022 00:10,County,GREENCASTLE RD,N/A,STRAIGHT MOVEMENT ANGLE,CLEAR,DRY,DAYLIGHT,N/A,Yes,NO APPARENT INJURY,UNKNOWN,ALL TERRAIN VEHICLE (ATV),ACCELERATING,South,South,35,2009,KAWA,2.4,2,20.9,0
Injury Crash,06-03-2022 00:10,Maryland (State),OLNEY SANDY SPRING RD,N/A,SAME DIR REAR END,CLEAR,DRY,DAYLIGHT,NO CONTROLS,No,NO APPARENT INJURY,NOT DISTRACTED,PASSENGER CAR,SLOWING OR STOPPING,East,East,35,2014,ACURA,3.9,62.7,57.9,0
Property Damage Crash,06-03-2022 00:41,Municipality,MONROE PL,N/A,HEAD ON LEFT TURN,RAINING,WET,DAYLIGHT,TRAFFIC SIGNAL,Yes,NO APPARENT INJURY,LOOKED BUT DID NOT SEE,PASSENGER CAR,MAKING LEFT TURN,North,East,30,2006,TOYT,3.7,117,30.7,0
Injury Crash,06-03-2022 00:41,County,RANDOLPH RD,N/A,SINGLE VEHICLE,CLEAR,WET,DARK LIGHTS ON,NO CONTROLS,Yes,SUSPECTED MINOR INJURY,UNKNOWN,PASSENGER CAR,MOVING CONSTANT SPEED,West,West,35,2015,ACUR,5.4,49.7,42.2,0
Property Damage Crash,06-03-2022 06:30,Maryland (State),GEORGIA AVE,N/A,STRAIGHT MOVEMENT ANGLE,N/A,DRY,DAYLIGHT,TRAFFIC SIGNAL,Yes,NO APPARENT INJURY,LOOKED BUT DID NOT SEE,(SPORT) UTILITY VEHICLE,MOVING CONSTANT SPEED,South,South,40,2014,FORD,0,0,0,0
Property Damage Crash,06-03-2022 06:30,,,,SAME DIRECTION SIDESWIPE,N/A,,DAYLIGHT,NO CONTROLS,Yes,NO APPARENT INJURY,UNKNOWN,PASSENGER CAR,PARKING,Unknown,Unknown,5,2011,TOYOTA,4.9,202,43.6,0
Property Damage Crash,06-03-2022 07:00,,,,STRAIGHT MOVEMENT ANGLE,N/A,,OTHER,STOP SIGN,No,NO APPARENT INJURY,NOT DISTRACTED,PASSENGER CAR,MOVING CONSTANT SPEED,West,West,15,2015,MAZDA,0,0,0,0
Property Damage Crash,06-03-2022 08:19,Municipality,FIRSTFIELD RD,GAITHERSBURG,SAME DIRECTION RIGHT TURN,CLEAR,DRY,DUSK,TRAFFIC SIGNAL,No,NO APPARENT INJURY,NOT DISTRACTED,STATION WAGON,STOPPED IN TRAFFIC LANE,South,South,35,2004,ORIO,0,0,0,0
Property Damage Crash,06-03-2022 08:19,,,,OTHER,CLEAR,,DAYLIGHT,NO CONTROLS,No,NO APPARENT INJURY,NOT DISTRACTED,PASSENGER CAR,MOVING CONSTANT SPEED,North,North,10,2011,FORD,5.6,60.6,47.1,0
Injury Crash,06-03-2022 08:50,Interstate (State),EISENHOWER MEMORIAL HWY,N/A,SAME DIR REAR END,CLEAR,DRY,DAYLIGHT,NO CONTROLS,Yes,NO APPARENT INJURY,NOT DISTRACTED,(SPORT) UTILITY VEHICLE,SLOWING OR STOPPING,North,North,55,2007,HOND,3.9,238,34.8,0
Property Damage Crash,06-03-2022 08:50,County,INDIANOLA DR,N/A,SAME DIRECTION LEFT TURN,CLEAR,DRY,DAYLIGHT,N/A,No,NO APPARENT INJURY,NOT DISTRACTED,PASSENGER CAR,MOVING CONSTANT SPEED,South,South,25,2014,LEXUS,0,0,0,0
Injury Crash,06-03-2022 09:10,US (State),COLUMBIA PIKE,N/A,STRAIGHT MOVEMENT ANGLE,CLEAR,DRY,DAYLIGHT,TRAFFIC SIGNAL,No,SUSPECTED MINOR INJURY,NOT DISTRACTED,PASSENGER CAR,ACCELERATING,West,West,35,2017,HONDA,0,0,0,0
Injury Crash,06-03-2022 09:10,County,RANDOLPH RD,N/A,SAME DIR REAR END,RAINING,WET,DAYLIGHT,TRAFFIC SIGNAL,Yes,NO APPARENT INJURY,NOT DISTRACTED,PASSENGER CAR,SLOWING OR STOPPING,East,East,40,2007,TOYOTA,7,289,15.7,0
Property Damage Crash,06-03-2022 10:00,,,,OTHER,CLEAR,,DAYLIGHT,NO CONTROLS,No,NO APPARENT INJURY,NOT DISTRACTED,PICKUP TRUCK,MOVING CONSTANT SPEED,North,North,15,2013,FORD,0,0,0,0
Injury Crash,06-03-2022 10:00,Maryland (State),OLD COLUMBIA PIKE,N/A,HEAD ON LEFT TURN,CLOUDY,DRY,DAYLIGHT,TRAFFIC SIGNAL,Yes,SUSPECTED MINOR INJURY,NOT DISTRACTED,PASSENGER CAR,MAKING LEFT TURN,South,West,40,2011,HONDA,3.9,172,32,0
Property Damage Crash,06-03-2022 10:25,Maryland (State),CLOPPER RD,N/A,SAME DIR REAR END,CLOUDY,DRY,DAYLIGHT,TRAFFIC SIGNAL,Yes,NO APPARENT INJURY,NOT DISTRACTED,PASSENGER CAR,MOVING CONSTANT SPEED,East,East,40,2009,HOND,4.7,120,40.1,0.15
Injury Crash,06-03-2022 10:25,Municipality,ODENDHAL AVE,N/A,SINGLE VEHICLE,CLEAR,DRY,DAYLIGHT,NO CONTROLS,Yes,NO APPARENT INJURY,NOT DISTRACTED,PICKUP TRUCK,ACCELERATING,South,South,5,2015,TOYT,2.7,51.2,47.3,0.01
Property Damage Crash,06-03-2022 10:48,County,STRAWBERRY KNOLL RD,N/A,HEAD ON,CLEAR,DRY,DARK LIGHTS ON,NO CONTROLS,Yes,NO APPARENT INJURY,UNKNOWN,PICKUP TRUCK,MAKING RIGHT TURN,North,North,25,2017,TOYOTA,5.4,151,35.6,0
Injury Crash,06-03-2022 10:48,Maryland (State),NEW HAMPSHIRE AVE,N/A,STRAIGHT MOVEMENT ANGLE,CLEAR,DRY,DAYLIGHT,NO CONTROLS,No,POSSIBLE INJURY,NOT DISTRACTED,PASSENGER CAR,MOVING CONSTANT SPEED,South,South,45,2013,BUICK,4.6,186,43.3,0
Injury Crash,06-03-2022 12:00,County,GRANDVIEW AVE,N/A,STRAIGHT MOVEMENT ANGLE,CLEAR,DRY,DAYLIGHT,NO CONTROLS,No,NO APPARENT INJURY,NOT DISTRACTED,PASSENGER CAR,PARKED,,,25,2001,HONDA,0,0,0,0
Property Damage Crash,06-03-2022 12:00,County,FATHER HURLEY BLVD,N/A,STRAIGHT MOVEMENT ANGLE,CLEAR,DRY,DARK LIGHTS ON,TRAFFIC SIGNAL,Yes,NO APPARENT INJURY,UNKNOWN,PASSENGER CAR,MOVING CONSTANT SPEED,West,West,30,2013,KIA,4,35.6,23.5,0
Injury Crash,06-03-2022 12:02,Maryland (State),GEORGIA AVE,N/A,SAME DIR REAR END,CLEAR,DRY,DARK LIGHTS ON,NO CONTROLS,Yes,SUSPECTED MINOR INJURY,NOT DISTRACTED,PASSENGER CAR,SLOWING OR STOPPING,South,South,45,2016,CHEVY,0,0,0,0
Injury Crash,06-03-2022 12:02,US (State),COLESVILLE RD,N/A,SAME DIR REAR END,CLEAR,DRY,DARK LIGHTS ON,TRAFFIC SIGNAL,No,POSSIBLE INJURY,NOT DISTRACTED,PASSENGER CAR,STOPPED IN TRAFFIC LANE,North,North,35,2004,TOYOTA,11.8,302,-0.1,0
Property Damage Crash,06-03-2022 12:36,Municipality,BROOKS AVE,GAITHERSBURG,OTHER,CLEAR,DRY,DARK LIGHTS ON,NO CONTROLS,Yes,NO APPARENT INJURY,UNKNOWN,PASSENGER CAR,MOVING CONSTANT SPEED,East,East,25,2022,TOYOTA,5.2,38.5,26.5,0
Injury Crash,06-03-2022 12:36,County,FOREST GLEN RD,N/A,STRAIGHT MOVEMENT ANGLE,CLEAR,DRY,DAYLIGHT,STOP SIGN,No,NO APPARENT INJURY,NOT DISTRACTED,PASSENGER CAR,MOVING CONSTANT SPEED,North,North,25,2011,HYUNDAI,3.4,30.7,23.7,0
Injury Crash,06-03-2022 14:43,County,ST ELMO AVE,N/A,SAME DIRECTION LEFT TURN,N/A,DRY,DARK LIGHTS ON,TRAFFIC SIGNAL,Yes,NO APPARENT INJURY,NOT DISTRACTED,PASSENGER CAR,MOVING CONSTANT SPEED,South,South,25,2010,AUDI,6.7,144,36.8,0.05
Injury Crash,06-03-2022 14:43,Maryland (State),FALLS RD,ROCKVILLE,SAME DIR REAR END,N/A,DRY,DAYLIGHT,NO CONTROLS,Yes,SUSPECTED MINOR INJURY,NOT DISTRACTED,(SPORT) UTILITY VEHICLE,MOVING CONSTANT SPEED,East,East,40,2010,ACUR,0,0,0,0
Property Damage Crash,06-03-2022 15:00,Maryland (State),GEORGIA AVE,N/A,SAME DIR REAR END,CLEAR,WET,DAYLIGHT,N/A,Yes,NO APPARENT INJURY,NOT DISTRACTED,PICKUP TRUCK,MOVING CONSTANT SPEED,North,North,35,2005,CHEV,0,0,0,0
Injury Crash,06-03-2022 15:00,Maryland (State),ROCKVILLE PIKE,N/A,ANGLE MEETS LEFT TURN,CLEAR,DRY,DARK LIGHTS ON,TRAFFIC SIGNAL,No,POSSIBLE INJURY,NOT DISTRACTED,PASSENGER CAR,MOVING CONSTANT SPEED,South,South,40,2012,TOYOTA,1.3,41,27.9,0
Property Damage Crash,06-03-2022 16:01,Maryland (State),NEW HAMPSHIRE AVE,N/A,SAME DIR REAR END,CLEAR,DRY,DAYLIGHT,TRAFFIC SIGNAL,Yes,NO APPARENT INJURY,NOT DISTRACTED,PASSENGER CAR,STARTING FROM LANE,South,South,35,2004,FORD,3.5,42.4,29.3,0
Injury Crash,06-03-2022 16:01,County,RANDOLPH RD,N/A,STRAIGHT MOVEMENT ANGLE,CLEAR,N/A,DAYLIGHT,N/A,No,POSSIBLE INJURY,NOT DISTRACTED,PASSENGER CAR,MOVING CONSTANT SPEED,East,East,40,2005,LEXUS,0,0,0,0
Property Damage Crash,06-03-2022 16:22,County,PARKLAND DR,N/A,STRAIGHT MOVEMENT ANGLE,CLEAR,DRY,DARK LIGHTS ON,TRAFFIC SIGNAL,Unknown,NO APPARENT INJURY,UNKNOWN,PASSENGER CAR,MOVING CONSTANT SPEED,North,North,30,2020,FORD`,7.7,333,22.6,0
Property Damage Crash,06-03-2022 16:22,County,FATHER HURLEY BLVD,N/A,SINGLE VEHICLE,CLOUDY,WET,DAWN,N/A,Yes,NO APPARENT INJURY,UNKNOWN,PASSENGER CAR,MOVING CONSTANT SPEED,West,West,45,2008,FORD,3.4,35,39.1,0
Injury Crash,06-03-2022 16:25,County,GOSHEN RD,N/A,SAME DIR REAR END,CLEAR,DRY,DAYLIGHT,NO CONTROLS,No,SUSPECTED MINOR INJURY,NOT DISTRACTED,PASSENGER CAR,SLOWING OR STOPPING,Unknown,East,35,2010,HONDA,4.7,39.5,27.4,0
Injury Crash,06-03-2022 16:25,Municipality,MARYLAND AVE,ROCKVILLE,SINGLE VEHICLE,CLOUDY,DRY,DAYLIGHT,N/A,Yes,NO APPARENT INJURY,NOT DISTRACTED,PASSENGER CAR,SLOWING OR STOPPING,West,West,25,2019,HONDA,2.8,302,28.7,0
Injury Crash,06-03-2022 16:38,Maryland (State),LAYHILL RD,N/A,SAME DIR REAR END,CLEAR,DRY,DAYLIGHT,TRAFFIC SIGNAL,No,POSSIBLE INJURY,NOT DISTRACTED,PASSENGER CAR,STOPPED IN TRAFFIC LANE,North,North,35,2010,TOYOTA,4.4,300,-3.2,0
Property Damage Crash,06-03-2022 17:41,Municipality,KING FARM BLVD,ROCKVILLE,STRAIGHT MOVEMENT ANGLE,CLEAR,DRY,DAYLIGHT,TRAFFIC SIGNAL,Unknown,NO APPARENT INJURY,LOOKED BUT DID NOT SEE,PASSENGER CAR,MOVING CONSTANT SPEED,East,East,25,2014,TOYOTA,8.5,136,37.2,0.02
Property Damage Crash,06-03-2022 17:41,Maryland (State),GEORGIA AVE,N/A,SAME DIR REAR END,CLEAR,DRY,DAYLIGHT,TRAFFIC SIGNAL,Yes,NO APPARENT INJURY,UNKNOWN,PASSENGER CAR,MOVING CONSTANT SPEED,South,South,30,2009,SUBARU,1.6,30.1,25,0
Property Damage Crash,06-03-2022 18:10,Maryland (State),CONNECTICUT AVE,N/A,SAME DIR REAR END,N/A,DRY,DARK NO LIGHTS,TRAFFIC SIGNAL,No,NO APPARENT INJURY,NOT DISTRACTED,PASSENGER CAR,STOPPED IN TRAFFIC LANE,East,South,45,2001,TOYOTA,1.2,38.6,18.2,0
Property Damage Crash,06-03-2022 18:10,Interstate (State),CAPITAL BELTWAY,N/A,SAME DIR REAR END,CLEAR,DRY,DAYLIGHT,NO CONTROLS,Yes,NO APPARENT INJURY,NOT DISTRACTED,PASSENGER CAR,MOVING CONSTANT SPEED,West,West,55,2004,TOYOTA,0,0,0,0
Injury Crash,06-03-2022 18:23,Maryland (State),ROCKVILLE PIKE,N/A,STRAIGHT MOVEMENT ANGLE,CLEAR,DRY,DARK LIGHTS ON,TRAFFIC SIGNAL,Yes,NO APPARENT INJURY,NOT DISTRACTED,PASSENGER CAR,MOVING CONSTANT SPEED,North,North,35,2007,FORD,0,0,0,0
Property Damage Crash,06-03-2022 18:23,County,PICKERING PL,N/A,OTHER,CLEAR,DRY,DARK -- UNKNOWN LIGHTING,NO CONTROLS,Yes,NO APPARENT INJURY,UNKNOWN,PASSENGER CAR,MOVING CONSTANT SPEED,North,North,25,2014,HONDA,3,39.5,38.9,0
Injury Crash,06-03-2022 18:25,County,MIDCOUNTY HWY,N/A,SAME DIR REAR END,CLEAR,DRY,DARK LIGHTS ON,FLASHING TRAFFIC SIGNAL,Yes,NO APPARENT INJURY,NOT DISTRACTED,PASSENGER CAR,STARTING FROM LANE,West,South,45,2007,TOYOTA,5.6,226,38.2,0
Property Damage Crash,06-03-2022 18:37,County,WILLOW HILL LA,N/A,OPPOSITE DIRECTION SIDESWIPE,CLOUDY,DRY,DAYLIGHT,NO CONTROLS,No,NO APPARENT INJURY,NOT DISTRACTED,"MEDIUM/HEAVY TRUCKS 3 AXLES (OVER 10,000LBS (4,536KG))",PARKED,,,25,2004,STERLING,10.9,43.8,35.6,0
Property Damage Crash,06-03-2022 18:37,,,,OTHER,CLEAR,,DAYLIGHT,NO CONTROLS,Yes,NO APPARENT INJURY,INATTENTIVE OR LOST IN THOUGHT,PASSENGER CAR,PARKING,East,East,5,2018,BMW,0,0,0,0
Property Damage Crash,06-03-2022 19:15,Maryland (State),CONNECTICUT AVE,N/A,OTHER,RAINING,WET,DAYLIGHT,NO CONTROLS,No,NO APPARENT INJURY,NOT DISTRACTED,FIRE VEHICLE/NON EMERGENCY,STOPPED IN TRAFFIC LANE,South,East,35,2007,SPARTAN,0,0,0,0
Property Damage Crash,06-03-2022 19:15,,,,OTHER,CLOUDY,,DAYLIGHT,N/A,Yes,NO APPARENT INJURY,UNKNOWN,PASSENGER CAR,MAKING LEFT TURN,West,North,10,2008,TOYT,3,253,36.5,0
Injury Crash,06-03-2022 20:25,Maryland (State),GEORGIA AVE,N/A,SAME DIR REAR END,CLEAR,DRY,DAYLIGHT,NO CONTROLS,No,SUSPECTED MINOR INJURY,NOT DISTRACTED,PICKUP TRUCK,STOPPED IN TRAFFIC LANE,North,North,50,2014,CHEV,0,0,0,0
Property Damage Crash,06-03-2022 20:25,Maryland (State),OLD GEORGETOWN RD,N/A,SAME DIRECTION LEFT TURN,CLEAR,DRY,DAYLIGHT,NO CONTROLS,Yes,NO APPARENT INJURY,LOOKED BUT DID NOT SEE,PASSENGER CAR,STARTING FROM PARKED,South,North,30,2016,LEXUS,5.7,2,44,0
Injury Crash,06-03-2022 20:59,County,GOSHEN RD,GAITHERSBURG,SAME DIR REAR END,RAINING,WET,DAYLIGHT,TRAFFIC SIGNAL,Yes,NO APPARENT INJURY,NOT DISTRACTED,VAN,SLOWING OR STOPPING,North,North,35,2002,CHEV,2.3,13,32.3,0
Injury Crash,06-03-2022 20:59,Maryland (State),CLOPPER RD,N/A,STRAIGHT MOVEMENT ANGLE,CLEAR,DRY,DAYLIGHT,NO CONTROLS,No,SUSPECTED MINOR INJURY,NOT DISTRACTED,PASSENGER CAR,MOVING CONSTANT SPEED,East,East,40,2014,KIA,0,0,0,0
Property Damage Crash,06-03-2022 21:02,Maryland (State),QUINCE ORCHARD RD,N/A,SAME DIRECTION SIDESWIPE,CLEAR,DRY,DAYLIGHT,NO CONTROLS,Yes,NO APPARENT INJURY,LOOKED BUT DID NOT SEE,PASSENGER CAR,MOVING CONSTANT SPEED,West,West,35,2004,TOYOTA,4.3,37,27.9,0
Injury Crash,06-03-2022 21:18,Maryland (State),GEORGIA AVE,N/A,OTHER,CLEAR,DRY,DAYLIGHT,N/A,No,NO APPARENT INJURY,NOT DISTRACTED,POLICE VEHICLE/EMERGENCY,SLOWING OR STOPPING,South,South,50,2009,CHEVROLET,0,0,0,0
Property Damage Crash,06-03-2022 21:18,Maryland (State),WISCONSIN AVE,N/A,SAME DIR REAR END,CLEAR,DRY,DAYLIGHT,NO CONTROLS,Yes,NO APPARENT INJURY,NOT DISTRACTED,(SPORT) UTILITY VEHICLE,CHANGING LANES,North,North,25,2003,HONDA,2.1,42.8,38,0
Injury Crash,06-03-2022 21:25,Maryland (State),WOODFIELD RD,N/A,ANGLE MEETS LEFT TURN,CLEAR,DRY,DARK LIGHTS ON,NO CONTROLS,No,NO APPARENT INJURY,NOT DISTRACTED,PICKUP TRUCK,STOPPED IN TRAFFIC LANE,South,South,40,2011,DODGE,0,0,0,0
Property Damage Crash,06-03-2022 21:33,County,MONTROSE RD,ROCKVILLE,SAME DIR REAR END,CLEAR,DRY,DAYLIGHT,N/A,No,NO APPARENT INJURY,NOT DISTRACTED,PASSENGER CAR,SLOWING OR STOPPING,West,West,45,2019,HOND,10.1,351,17.4,0
Injury Crash,06-03-2022 21:33,Maryland (State),LAYHILL RD,N/A,STRAIGHT MOVEMENT ANGLE,CLEAR,DRY,DARK LIGHTS ON,TRAFFIC SIGNAL,No,SUSPECTED MINOR INJURY,UNKNOWN,PASSENGER CAR,MOVING CONSTANT SPEED,East,East,40,2017,NISSAN,11.9,44.1,23.6,0
Property Damage Crash,06-03-2022 21:59,Maryland (State),MONTGOMERY VILLAGE AVE,N/A,SAME DIR REAR END,CLOUDY,DRY,DAYLIGHT,NO CONTROLS,No,NO APPARENT INJURY,NOT DISTRACTED,(SPORT) UTILITY VEHICLE,SLOWING OR STOPPING,West,West,35,2005,SATU,3.5,41.3,40.8,0
Injury Crash,06-03-2022 22:00,County,MIDDLEBROOK RD,N/A,SAME DIR REAR END,N/A,DRY,DAYLIGHT,TRAFFIC SIGNAL,Yes,NO APPARENT INJURY,INATTENTIVE OR LOST IN THOUGHT,PASSENGER CAR,SLOWING OR STOPPING,West,West,40,2006,MERZ,0,0,0,0
Property Damage Crash,06-03-2022 23:10,County,RANDOLPH RD,N/A,SINGLE VEHICLE,CLEAR,DRY,DARK LIGHTS ON,TRAFFIC SIGNAL,Yes,NO APPARENT INJURY,LOOKED BUT DID NOT SEE,PASSENGER CAR,MOVING CONSTANT SPEED,West,East,40,2012,NISSIAN,10.5,338,32,0
Property Damage Crash,06-03-2022 23:10,Interstate (State),CAPITAL BELTWAY,N/A,SAME DIRECTION SIDESWIPE,CLEAR,DRY,DARK NO LIGHTS,NO CONTROLS,Yes,NO APPARENT INJURY,DISTRACTED BY OUTSIDE PERSON OBJECT OR EVENT,PASSENGER CAR,MOVING CONSTANT SPEED,West,West,55,2022,CHEVY,6.7,43.4,30.7,0
Property Damage Crash,06-03-2022 23:11,Maryland (State),RIVER RD,N/A,STRAIGHT MOVEMENT ANGLE,CLEAR,DRY,DARK LIGHTS ON,TRAFFIC SIGNAL,Yes,NO APPARENT INJURY,NOT DISTRACTED,PASSENGER CAR,MOVING CONSTANT SPEED,South,South,35,2015,JEEP,0,0,0,0
Injury Crash,06-03-2022 23:11,County,GAYNOR RD,N/A,SAME DIRECTION LEFT TURN,N/A,DRY,DAWN,NO CONTROLS,No,POSSIBLE INJURY,NOT DISTRACTED,(SPORT) UTILITY VEHICLE,MOVING CONSTANT SPEED,South,South,45,2023,CHEV,5.3,345,29.5,0
Injury Crash,07-03-2022 00:23,County,FAIRLAND RD,N/A,SINGLE VEHICLE,RAINING,WET,DAWN,NO CONTROLS,Yes,POSSIBLE INJURY,LOOKED BUT DID NOT SEE,(SPORT) UTILITY VEHICLE,MOVING CONSTANT SPEED,North,North,35,2007,JEEP,11.9,30.9,18.2,0