ACRS Report Type,Date and Time,Route Type,Road Name,Municipality,Collision Type,Weather,Surface Condition,Light,Traffic Control,Driver At Fault,Injury Severity,Driver Distracted By,Vehicle Body Type,Vehicle Movement,Vehicle Continuing Dir,Vehicle Going Dir,Speed Limit,Vehicle Year,Vehicle Make,Wind Speed (MPH),TMP10-DK ,Relative Humidity (%),Rain (Inches)
Property Damage Crash,07-03-2022 00:25,County,SHADY GROVE RD,N/A,STRAIGHT MOVEMENT ANGLE,CLEAR,DRY,DAYLIGHT,TRAFFIC SIGNAL,Yes,NO APPARENT INJURY,LOOKED BUT DID NOT SEE,PASSENGER CAR,RIGHT TURN ON RED,South,East,40,2013,FORD,8.9,186,38,0
Injury Crash,07-03-2022 00:45,Maryland (State),RIVER RD,N/A,SAME DIR REAR END,CLEAR,WET,DAYLIGHT,NO CONTROLS,Yes,POSSIBLE INJURY,UNKNOWN,(SPORT) UTILITY VEHICLE,MOVING CONSTANT SPEED,East,East,35,2015,TOYTA,2.4,192,32,0
Injury Crash,07-03-2022 00:50,Maryland (State),CONNECTICUT AVE,N/A,SAME DIR REAR END,CLEAR,DRY,DAYLIGHT,TRAFFIC SIGNAL,Yes,NO APPARENT INJURY,DISTRACTED BY OUTSIDE PERSON OBJECT OR EVENT,STATION WAGON,ACCELERATING,South,South,45,2002,SATURN,0,0,0,0
Property Damage Crash,07-03-2022 01:30,County,INDUSTRIAL PKWY,N/A,STRAIGHT MOVEMENT ANGLE,CLEAR,DRY,DAWN,TRAFFIC SIGNAL,Yes,NO APPARENT INJURY,NOT DISTRACTED,PASSENGER CAR,ACCELERATING,North,North,45,2000,TOYT,0,0,0,0
Injury Crash,07-03-2022 01:30,Maryland (State),NEW HAMPSHIRE AVE,TAKOMA PARK,SAME DIR REAR END,CLEAR,DRY,DAYLIGHT,TRAFFIC SIGNAL,Unknown,SUSPECTED MINOR INJURY,NOT DISTRACTED,PASSENGER CAR,MOVING CONSTANT SPEED,North,North,25,1995,HONDA,0,0,0,0
Injury Crash,07-03-2022 02:10,County,SCHAEFFER RD,N/A,SINGLE VEHICLE,CLEAR,DRY,DAYLIGHT,N/A,Yes,POSSIBLE INJURY,NOT DISTRACTED,PICKUP TRUCK,MOVING CONSTANT SPEED,East,East,35,2014,TOYT,6.1,46.3,15.8,0
Injury Crash,07-03-2022 02:28,Maryland (State),VEIRS MILL RD,N/A,SAME DIR REAR END,CLOUDY,DRY,DAYLIGHT,YIELD SIGN,No,SUSPECTED MINOR INJURY,NOT DISTRACTED,PASSENGER CAR,SLOWING OR STOPPING,West,West,30,2017,KIA,1.6,193,33.7,0
Property Damage Crash,07-03-2022 02:28,County,LOST KNIFE RD,N/A,SAME DIRECTION SIDESWIPE,CLEAR,DRY,DAWN,N/A,Yes,NO APPARENT INJURY,NOT DISTRACTED,TRANSIT BUS,ACCELERATING,South,South,30,2017,GILG,9.7,318,30.9,0
Injury Crash,07-03-2022 03:11,Maryland (State),GEORGIA AVE,N/A,SAME DIR REAR END,CLOUDY,WET,DAYLIGHT,TRAFFIC SIGNAL,No,POSSIBLE INJURY,NOT DISTRACTED,PASSENGER CAR,SLOWING OR STOPPING,South,South,50,2009,HONDA,8.2,186,31,0
Property Damage Crash,07-03-2022 04:36,Maryland (State),FREDERICK RD,N/A,SAME DIRECTION SIDESWIPE,CLEAR,DRY,DAYLIGHT,NO CONTROLS,No,NO APPARENT INJURY,NOT DISTRACTED,PASSENGER CAR,MOVING CONSTANT SPEED,North,North,45,2008,FORD,4.8,41.7,30.8,0
Property Damage Crash,07-03-2022 04:36,County,AIRPARK RD,N/A,OTHER,RAINING,WET,DAYLIGHT,N/A,Yes,NO APPARENT INJURY,NOT DISTRACTED,"OTHER LIGHT TRUCKS (10,000LBS (4,536KG) OR LESS)",MOVING CONSTANT SPEED,North,North,40,2007,CHEV,0,0,0,0
Injury Crash,07-03-2022 05:02,County,DEMOCRACY BLVD,N/A,SAME DIR REAR END,CLEAR,DRY,DAYLIGHT,TRAFFIC SIGNAL,Yes,NO APPARENT INJURY,UNKNOWN,PASSENGER CAR,MOVING CONSTANT SPEED,North,East,35,2014,MERZ,6.7,323,40.2,0
Property Damage Crash,07-03-2022 05:02,Maryland (State),OLD GEORGETOWN RD,N/A,SAME DIR REAR END,CLOUDY,DRY,DAYLIGHT,TRAFFIC SIGNAL,No,NO APPARENT INJURY,NOT DISTRACTED,PASSENGER CAR,SLOWING OR STOPPING,South,South,35,2014,JEEP,5.5,342,33,0.01
Property Damage Crash,07-03-2022 05:28,Maryland (State),UNIVERSITY BLVD E,N/A,STRAIGHT MOVEMENT ANGLE,CLEAR,DRY,DAYLIGHT,TRAFFIC SIGNAL,Yes,NO APPARENT INJURY,UNKNOWN,PASSENGER CAR,MAKING RIGHT TURN,West,West,35,2014,CHEVROLET,5.3,197,26.7,0
Injury Crash,07-03-2022 05:28,Maryland (State),WOODFIELD RD,N/A,SAME DIR REAR END,RAINING,WET,DARK LIGHTS ON,NO CONTROLS,No,POSSIBLE INJURY,NOT DISTRACTED,OTHER,STOPPED IN TRAFFIC LANE,South,South,40,1989,GM,8.4,48.7,42.7,0
Property Damage Crash,07-03-2022 05:29,County,MONTGOMERY VILLAGE AVE,N/A,SAME DIR REAR END,N/A,WET,DARK LIGHTS ON,N/A,Yes,NO APPARENT INJURY,NOT DISTRACTED,PASSENGER CAR,MOVING CONSTANT SPEED,West,West,35,2015,HONDA,2.3,49.4,46.2,0
Property Damage Crash,07-03-2022 06:16,Municipality,ELM AVE,TAKOMA PARK,SINGLE VEHICLE,CLEAR,DRY,DARK LIGHTS ON,STOP SIGN,Yes,NO APPARENT INJURY,LOOKED BUT DID NOT SEE,,MAKING RIGHT TURN,East,East,25,0,UNKNOWN,6.5,52.6,28.9,0
Property Damage Crash,07-03-2022 06:16,Maryland (State),FREDERICK RD,GAITHERSBURG,ANGLE MEETS RIGHT TURN,CLEAR,WET,DARK LIGHTS ON,TRAFFIC SIGNAL,No,NO APPARENT INJURY,NOT DISTRACTED,PASSENGER CAR,MOVING CONSTANT SPEED,North,North,35,2003,CHEVROLET,3,36,35,0
Property Damage Crash,07-03-2022 09:15,County,LAWNDALE DR,N/A,SAME DIRECTION SIDESWIPE,CLEAR,DRY,DARK LIGHTS ON,N/A,Yes,NO APPARENT INJURY,UNKNOWN,PASSENGER CAR,UNKNOWN,East,East,25,2007,ACURA,0,0,0,0
Property Damage Crash,07-03-2022 10:18,,,,SINGLE VEHICLE,N/A,,DAYLIGHT,N/A,Yes,NO APPARENT INJURY,LOOKED BUT DID NOT SEE,FIRE VEHICLE/EMERGENCY,BACKING,West,West,15,2008,SPAR,5.9,141,31.3,0
Injury Crash,07-03-2022 10:18,US (State),COLUMBIA PIKE,N/A,SAME DIR REAR END,RAINING,WET,DAYLIGHT,TRAFFIC SIGNAL,Yes,NO APPARENT INJURY,NOT DISTRACTED,PASSENGER CAR,SLOWING OR STOPPING,South,South,40,2001,TOYT,1.6,177,31.3,0
Injury Crash,07-03-2022 12:15,County,RANDOLPH RD,N/A,SAME DIR REAR END,CLEAR,WET,DARK NO LIGHTS,TRAFFIC SIGNAL,Yes,SUSPECTED MINOR INJURY,NOT DISTRACTED,PASSENGER CAR,SLOWING OR STOPPING,East,East,40,2012,NISSAN,3.3,47.8,44.3,0
Injury Crash,07-03-2022 12:15,Maryland (State),RIDGE RD,N/A,SAME DIR REAR END,CLOUDY,DRY,DAYLIGHT,NO CONTROLS,No,POSSIBLE INJURY,NOT DISTRACTED,PASSENGER CAR,SLOWING OR STOPPING,South,South,30,2015,HONDA,6.6,339,29.3,0
Property Damage Crash,07-03-2022 12:24,Municipality,WOOTTON PKWY,N/A,HEAD ON LEFT TURN,CLEAR,DRY,DAYLIGHT,TRAFFIC SIGNAL,No,NO APPARENT INJURY,UNKNOWN,PASSENGER CAR,MAKING LEFT TURN,West,North,35,2022,LEXUS,2.5,53.9,39.2,0
Injury Crash,07-03-2022 13:58,Maryland (State),EAST WEST HWY,N/A,SAME DIRECTION SIDESWIPE,CLOUDY,DRY,DAYLIGHT,NO CONTROLS,No,POSSIBLE INJURY,NOT DISTRACTED,PASSENGER CAR,SLOWING OR STOPPING,East,East,30,2016,TOYOTA,7.4,184,0,0
Property Damage Crash,07-03-2022 14:25,County,WILLARD AVE,N/A,SAME DIR REAR END,CLOUDY,WET,DAYLIGHT,NO CONTROLS,Yes,NO APPARENT INJURY,INATTENTIVE OR LOST IN THOUGHT,PASSENGER CAR,MOVING CONSTANT SPEED,West,West,25,2019,VOLKSWAGON,3.6,7,31,0
Property Damage Crash,07-03-2022 14:25,Maryland (State),DARNESTOWN RD,N/A,SINGLE VEHICLE,CLEAR,DRY,DAYLIGHT,NO CONTROLS,Yes,NO APPARENT INJURY,NOT DISTRACTED,PASSENGER CAR,MOVING CONSTANT SPEED,East,East,50,2000,FORD,0,0,0,0
Property Damage Crash,07-03-2022 15:19,Maryland (State),HUNGERFORD DR,ROCKVILLE,SAME DIR REAR END,CLEAR,DRY,DAYLIGHT,TRAFFIC SIGNAL,Yes,NO APPARENT INJURY,LOOKED BUT DID NOT SEE,PASSENGER CAR,MOVING CONSTANT SPEED,North,North,35,2014,TOYT,9,186,53.8,0
Property Damage Crash,07-03-2022 15:31,,,,SAME DIRECTION LEFT TURN,CLEAR,,DAYLIGHT,N/A,No,NO APPARENT INJURY,NOT DISTRACTED,PASSENGER CAR,PARKED,,,5,2014,TOYT,10.1,186,36.6,0
Property Damage Crash,07-03-2022 15:31,County,CLEMENT RD,N/A,OTHER,RAINING,WET,DAYLIGHT,NO CONTROLS,Yes,NO APPARENT INJURY,NOT DISTRACTED,PASSENGER CAR,ACCELERATING,North,North,35,1992,BUICK,0,0,0,0
Property Damage Crash,07-03-2022 15:38,County,SEVEN LOCKS RD,N/A,SAME DIR REAR END,CLEAR,DRY,DARK LIGHTS ON,TRAFFIC SIGNAL,No,NO APPARENT INJURY,NOT DISTRACTED,OTHER,STOPPED IN TRAFFIC LANE,North,North,35,2019,UNKNOWN,0,0,0,0
Property Damage Crash,07-03-2022 15:45,County,CRABBS BRANCH WAY,N/A,SAME DIR REAR END,CLOUDY,DRY,DAYLIGHT,NO CONTROLS,No,NO APPARENT INJURY,NOT DISTRACTED,POLICE VEHICLE/NON EMERGENCY,ACCELERATING,North,North,35,2017,FORD,1.3,40,39.8,0.02
Property Damage Crash,07-03-2022 15:45,Maryland (State),UNIVERSITY BLVD W,N/A,STRAIGHT MOVEMENT ANGLE,CLEAR,DRY,DAYLIGHT,NO CONTROLS,No,NO APPARENT INJURY,NOT DISTRACTED,STATION WAGON,MOVING CONSTANT SPEED,East,East,30,2011,TOYOTA,3.4,42,30.5,0
Property Damage Crash,07-03-2022 15:45,County,OLD COLUMBIA PIKE,N/A,STRAIGHT MOVEMENT ANGLE,CLEAR,DRY,DARK LIGHTS ON,NO CONTROLS,Yes,NO APPARENT INJURY,NOT DISTRACTED,PASSENGER CAR,MOVING CONSTANT SPEED,East,East,15,2017,NISSAN,3.5,42.2,20.7,0
Property Damage Crash,07-03-2022 15:45,,,,STRAIGHT MOVEMENT ANGLE,CLEAR,,DAYLIGHT,NO CONTROLS,Yes,NO APPARENT INJURY,LOOKED BUT DID NOT SEE,OTHER,STARTING FROM PARKED,East,East,25,2019,JCB,8.4,62.5,58,0
Property Damage Crash,07-03-2022 16:00,Maryland (State),UNIVERSITY BLVD E,N/A,HEAD ON LEFT TURN,CLEAR,DRY,DARK LIGHTS ON,TRAFFIC SIGNAL,No,NO APPARENT INJURY,NOT DISTRACTED,PASSENGER CAR,MOVING CONSTANT SPEED,East,East,35,2014,KIA,4.6,60,56,0
Property Damage Crash,07-03-2022 16:00,County,PARKLAWN DR,N/A,SAME DIRECTION SIDESWIPE,CLOUDY,DRY,DAYLIGHT,NO CONTROLS,No,NO APPARENT INJURY,NOT DISTRACTED,TRANSIT BUS,SLOWING OR STOPPING,North,North,35,2010,NEW FLYER,0,0,0,0
Property Damage Crash,07-03-2022 16:54,Maryland (State),EAST WEST HWY,N/A,OTHER,CLEAR,DRY,DAYLIGHT,NO CONTROLS,No,NO APPARENT INJURY,NOT DISTRACTED,PASSENGER CAR,STOPPED IN TRAFFIC LANE,East,East,20,2008,DODGE,13.1,316,29.9,0
Property Damage Crash,07-03-2022 16:54,County,MCKINLEY ST,N/A,SINGLE VEHICLE,CLEAR,DRY,DAYLIGHT,NO CONTROLS,Yes,NO APPARENT INJURY,EATING OR DRINKING,PASSENGER CAR,MOVING CONSTANT SPEED,West,West,25,2013,HYUN,6.6,316,14.1,0
Property Damage Crash,07-03-2022 16:54,Maryland (State),NEW HAMPSHIRE AVE,N/A,HEAD ON LEFT TURN,CLEAR,DRY,DAYLIGHT,N/A,Yes,NO APPARENT INJURY,LOOKED BUT DID NOT SEE,VAN,MAKING U TURN,North,South,35,2014,CHRYSLER,3.4,230,34.2,0
Property Damage Crash,07-03-2022 17:05,County,WAYNE AVE,N/A,SAME DIRECTION RIGHT TURN,CLEAR,DRY,DAYLIGHT,NO CONTROLS,Yes,NO APPARENT INJURY,LOOKED BUT DID NOT SEE,PASSENGER CAR,MAKING RIGHT TURN,North,West,35,2014,TOYOTA,4.7,271,26.8,0
Injury Crash,07-03-2022 17:05,Maryland (State),MIDCOUNTY HWY,N/A,SAME DIR REAR END,CLEAR,DRY,DAYLIGHT,NO CONTROLS,No,POSSIBLE INJURY,NOT DISTRACTED,PASSENGER CAR,SLOWING OR STOPPING,North,North,50,2015,AUDI,6,45.6,42.7,0
Property Damage Crash,07-03-2022 17:19,Maryland (State),MUNCASTER MILL RD,N/A,SAME DIRECTION SIDESWIPE,N/A,DRY,DAYLIGHT,TRAFFIC SIGNAL,No,NO APPARENT INJURY,NOT DISTRACTED,PASSENGER CAR,STOPPED IN TRAFFIC LANE,East,East,40,2012,TOYOTA,3.8,8,38.8,0
Injury Crash,07-03-2022 17:19,Maryland (State),GEORGIA AVE,N/A,SAME DIR REAR END,CLEAR,DRY,DARK NO LIGHTS,YIELD SIGN,No,POSSIBLE INJURY,NOT DISTRACTED,PASSENGER CAR,STOPPED IN TRAFFIC LANE,South,South,45,2014,HONDA,4,39.7,37.9,0.01
Injury Crash,07-03-2022 17:35,Maryland (State),GERMANTOWN RD,N/A,STRAIGHT MOVEMENT ANGLE,CLEAR,DRY,DARK LIGHTS ON,TRAFFIC SIGNAL,Yes,NO APPARENT INJURY,UNKNOWN,PASSENGER CAR,MOVING CONSTANT SPEED,South,South,45,2010,TOYOTA,2.6,37,21.7,0
Property Damage Crash,07-03-2022 17:49,County,DENNIS AVE,N/A,STRAIGHT MOVEMENT ANGLE,CLEAR,DRY,DAYLIGHT,STOP SIGN,No,NO APPARENT INJURY,NOT DISTRACTED,"CARGO VAN/LIGHT TRUCK 2 AXLES (OVER 10,000LBS (4,536 KG))",STOPPED IN TRAFFIC LANE,East,East,25,2001,ISUZU,0,0,0,0
Property Damage Crash,07-03-2022 17:49,County,E RANDOLPH RD,N/A,SINGLE VEHICLE,CLEAR,DRY,DARK LIGHTS ON,TRAFFIC SIGNAL,Yes,NO APPARENT INJURY,NOT DISTRACTED,PASSENGER CAR,MAKING LEFT TURN,West,North,35,2017,HONDA,2.6,31,23.2,0
Injury Crash,07-03-2022 17:50,US (State),COLUMBIA PIKE,N/A,SAME DIRECTION SIDESWIPE,CLOUDY,DRY,N/A,TRAFFIC SIGNAL,Yes,SUSPECTED MINOR INJURY,UNKNOWN,PASSENGER CAR,MOVING CONSTANT SPEED,East,North,50,2013,MERCEDES,1.8,51.7,38.5,0
Property Damage Crash,07-03-2022 19:41,County,SHADY GROVE RD,N/A,SAME DIRECTION SIDESWIPE,CLEAR,DRY,DAYLIGHT,NO CONTROLS,Yes,NO APPARENT INJURY,NOT DISTRACTED,PASSENGER CAR,SLOWING OR STOPPING,West,West,40,2015,GMC,4.4,50.7,29.5,0
Property Damage Crash,07-03-2022 19:41,Maryland (State),GEORGIA AVE,N/A,SINGLE VEHICLE,CLEAR,DRY,DAYLIGHT,TRAFFIC SIGNAL,No,NO APPARENT INJURY,NOT DISTRACTED,PASSENGER CAR,MOVING CONSTANT SPEED,North,North,45,2005,ACURA,2.4,360,27.6,0
Injury Crash,07-03-2022 19:56,Maryland (State),SPENCERVILLE RD,N/A,HEAD ON LEFT TURN,CLEAR,DRY,DARK LIGHTS ON,TRAFFIC SIGNAL,No,POSSIBLE INJURY,NOT DISTRACTED,PASSENGER CAR,MOVING CONSTANT SPEED,West,West,40,2016,TOYOTA,0,0,0,0
Property Damage Crash,07-03-2022 19:56,Maryland (State),FALLS RD,ROCKVILLE,STRAIGHT MOVEMENT ANGLE,CLEAR,DRY,DAYLIGHT,TRAFFIC SIGNAL,No,NO APPARENT INJURY,NOT DISTRACTED,PASSENGER CAR,MAKING LEFT TURN,North,East,40,2018,TESLA,11.5,308,24.2,0
Injury Crash,07-03-2022 20:20,County,GRENOBLE DR,N/A,SINGLE VEHICLE,CLEAR,DRY,DAYLIGHT,NO CONTROLS,Yes,SUSPECTED MINOR INJURY,NOT DISTRACTED,PASSENGER CAR,MAKING LEFT TURN,South,West,25,2019,TOYT,1.6,37.7,37.3,0
Injury Crash,07-03-2022 20:20,County,COLONY RD,N/A,SINGLE VEHICLE,N/A,DRY,DAYLIGHT,NO CONTROLS,Yes,NO APPARENT INJURY,UNKNOWN,PASSENGER CAR,MOVING CONSTANT SPEED,Unknown,Unknown,0,2006,HONDA,4,34,16.9,0
Property Damage Crash,07-03-2022 21:44,Maryland (State),ROCKVILLE PIKE,N/A,SAME DIR REAR END,CLEAR,DRY,DAYLIGHT,N/A,Yes,NO APPARENT INJURY,NOT DISTRACTED,(SPORT) UTILITY VEHICLE,STOPPED IN TRAFFIC LANE,North,North,35,2011,ACURA,10.4,45.2,32.2,0
Property Damage Crash,07-03-2022 21:44,Municipality,E DIAMOND AVE,GAITHERSBURG,OPPOSITE DIRECTION SIDESWIPE,CLEAR,N/A,DARK -- UNKNOWN LIGHTING,N/A,Yes,NO APPARENT INJURY,NOT DISTRACTED,PASSENGER CAR,MOVING CONSTANT SPEED,North,East,30,2013,TOYOTA,5.5,41.4,37.6,0
Property Damage Crash,07-03-2022 21:44,County,MUDDY BRANCH RD,N/A,OTHER,N/A,DRY,DUSK,STOP SIGN,Yes,NO APPARENT INJURY,LOOKED BUT DID NOT SEE,PASSENGER CAR,MAKING RIGHT TURN,North,West,25,2009,TOYT,4.7,44.1,40.6,0
Injury Crash,07-03-2022 21:44,County,JUDSON RD,N/A,SAME DIR REAR END,N/A,N/A,DARK LIGHTS ON,NO CONTROLS,Yes,SUSPECTED SERIOUS INJURY,UNKNOWN,PASSENGER CAR,MOVING CONSTANT SPEED,North,North,30,2003,INFINITI,0,0,0,0
Property Damage Crash,07-03-2022 21:44,Maryland (State),ROCKVILLE PIKE,N/A,STRAIGHT MOVEMENT ANGLE,RAINING,WET,DAYLIGHT,TRAFFIC SIGNAL,Yes,NO APPARENT INJURY,NOT DISTRACTED,PASSENGER CAR,MOVING CONSTANT SPEED,West,West,40,2007,FORD,5,40.1,26.5,0
Property Damage Crash,07-03-2022 21:44,Municipality,PARK AVE,GAITHERSBURG,OPPOSITE DIRECTION SIDESWIPE,CLOUDY,DRY,DAYLIGHT,N/A,Yes,NO APPARENT INJURY,NOT DISTRACTED,SCHOOL BUS,ACCELERATING,North,North,15,2009,INTERNATIONAL,0,0,0,0
Property Damage Crash,07-03-2022 21:44,,,,OTHER,N/A,,DAYLIGHT,NO CONTROLS,Yes,NO APPARENT INJURY,UNKNOWN,PASSENGER CAR,PARKING,Unknown,Unknown,5,2011,MERCEDES BENZ,0,0,0,0
Property Damage Crash,07-03-2022 21:44,Interstate (State),EISENHOWER MEMORIAL HWY,N/A,SINGLE VEHICLE,CLEAR,DRY,DARK LIGHTS ON,YIELD SIGN,Yes,NO APPARENT INJURY,NOT DISTRACTED,VAN,MOVING CONSTANT SPEED,South,South,55,2010,FORD,2,69,24.6,0
Property Damage Crash,07-03-2022 22:05,Maryland (State),GEORGIA AVE,N/A,SAME DIR REAR END,CLEAR,DRY,DARK LIGHTS ON,TRAFFIC SIGNAL,Yes,NO APPARENT INJURY,NOT DISTRACTED,PASSENGER CAR,MOVING CONSTANT SPEED,East,North,35,2004,HONDA,0,0,0,0
Property Damage Crash,08-03-2022 01:00,Maryland (State),PINEY BRANCH RD,N/A,SAME DIRECTION SIDESWIPE,CLOUDY,DRY,DAYLIGHT,NO CONTROLS,No,NO APPARENT INJURY,NOT DISTRACTED,TRANSIT BUS,STARTING FROM PARKED,South,South,35,2009,GILL,5.1,30.6,16.5,0
Property Damage Crash,08-03-2022 01:00,Maryland (State),RIVER RD,N/A,SAME DIR REAR END,CLEAR,DRY,DAYLIGHT,NO CONTROLS,No,NO APPARENT INJURY,NOT DISTRACTED,PASSENGER CAR,SLOWING OR STOPPING,East,East,35,2016,FORD,0,0,0,0
Property Damage Crash,08-03-2022 06:44,Maryland (State),MUNCASTER MILL RD,N/A,SAME DIR REAR END,CLEAR,DRY,DAYLIGHT,NO CONTROLS,Yes,NO APPARENT INJURY,NOT DISTRACTED,PASSENGER CAR,SLOWING OR STOPPING,East,East,35,2010,CHEV,11.2,193,40.8,0
Property Damage Crash,08-03-2022 07:30,,,,OTHER,CLEAR,,DAYLIGHT,N/A,Yes,NO APPARENT INJURY,UNKNOWN,(SPORT) UTILITY VEHICLE,BACKING,Unknown,Unknown,0,2010,HUMMER,4.4,237,18.6,0
Property Damage Crash,08-03-2022 07:30,Maryland (State),FALLS RD,N/A,HEAD ON,CLEAR,ICE,DARK LIGHTS ON,TRAFFIC SIGNAL,Yes,NO APPARENT INJURY,NOT DISTRACTED,PASSENGER CAR,MAKING RIGHT TURN,West,South,35,2021,VOLKSWAGEN,1.7,145,36.1,0
Property Damage Crash,08-03-2022 07:30,Maryland (State),BURLINGTON AVE,N/A,SAME DIRECTION SIDESWIPE,CLEAR,DRY,DAYLIGHT,TRAFFIC SIGNAL,No,NO APPARENT INJURY,NOT DISTRACTED,TRANSIT BUS,MOVING CONSTANT SPEED,East,East,25,2014,GILL,6.9,155,32.3,0
Injury Crash,08-03-2022 08:28,Maryland (State),NEW HAMPSHIRE AVE,N/A,STRAIGHT MOVEMENT ANGLE,CLEAR,DRY,DARK LIGHTS ON,TRAFFIC SIGNAL,No,POSSIBLE INJURY,NOT DISTRACTED,PASSENGER CAR,MOVING CONSTANT SPEED,South,South,40,2013,NISSAN,0,0,0,0
Property Damage Crash,08-03-2022 08:28,County,BOILING BROOK PKWY,N/A,SAME DIR REAR END,CLEAR,DRY,DAYLIGHT,N/A,Yes,NO APPARENT INJURY,LOOKED BUT DID NOT SEE,PASSENGER CAR,ACCELERATING,West,West,35,2006,TOYT,1.7,166,29.4,0
Injury Crash,08-03-2022 08:55,Maryland (State),NORBECK RD,N/A,OTHER,N/A,DRY,DAYLIGHT,TRAFFIC SIGNAL,Yes,NO APPARENT INJURY,NOT DISTRACTED,PASSENGER CAR,MAKING RIGHT TURN,East,East,45,2014,HOND,0,0,0,0
Property Damage Crash,08-03-2022 08:55,Maryland (State),OLD GEORGETOWN RD,N/A,HEAD ON LEFT TURN,RAINING,WET,DAYLIGHT,TRAFFIC SIGNAL,No,NO APPARENT INJURY,NOT DISTRACTED,PASSENGER CAR,MOVING CONSTANT SPEED,North,North,35,2004,TOYOTA,4.8,170,36.5,0
Property Damage Crash,08-03-2022 08:55,Maryland (State),GEORGIA AVE,N/A,STRAIGHT MOVEMENT ANGLE,CLEAR,DRY,DARK LIGHTS ON,NO CONTROLS,Yes,NO APPARENT INJURY,UNKNOWN,PASSENGER CAR,MAKING LEFT TURN,North,East,35,2019,KIA,5.4,43.9,29.3,0
Property Damage Crash,08-03-2022 09:30,Maryland (State),CLOPPER RD,N/A,STRAIGHT MOVEMENT ANGLE,CLEAR,DRY,DARK LIGHTS ON,FLASHING TRAFFIC SIGNAL,Yes,NO APPARENT INJURY,LOOKED BUT DID NOT SEE,PASSENGER CAR,STARTING FROM LANE,North,North,30,2016,MAZDA,3,22,30.7,0
Property Damage Crash,08-03-2022 09:30,Maryland (State),QUINCE ORCHARD RD,N/A,SAME DIR REAR END,N/A,DRY,DUSK,NO CONTROLS,No,NO APPARENT INJURY,NOT DISTRACTED,PICKUP TRUCK,SLOWING OR STOPPING,South,South,35,2002,TOYOTA,0,0,0,0
Property Damage Crash,08-03-2022 10:59,County,HATHAWAY DR,N/A,SAME DIRECTION SIDESWIPE,CLEAR,DRY,DARK LIGHTS ON,NO CONTROLS,Yes,NO APPARENT INJURY,UNKNOWN,PICKUP TRUCK,UNKNOWN,Unknown,South,25,0,UNKNOWN,3.9,34.9,31.8,0
Property Damage Crash,08-03-2022 10:59,County,SEVEN LOCKS RD,N/A,STRAIGHT MOVEMENT ANGLE,CLEAR,DRY,DARK LIGHTS ON,TRAFFIC SIGNAL,Yes,NO APPARENT INJURY,BY OTHER OCCUPANTS,PASSENGER CAR,MOVING CONSTANT SPEED,South,South,35,2014,BMW,0,0,0,0
Property Damage Crash,08-03-2022 11:20,County,OLD COLUMBIA PIKE,N/A,STRAIGHT MOVEMENT ANGLE,CLEAR,DRY,DUSK,NO CONTROLS,No,NO APPARENT INJURY,NOT DISTRACTED,PASSENGER CAR,MOVING CONSTANT SPEED,North,North,35,2012,HONDA,2.2,175,31.8,0
Property Damage Crash,08-03-2022 12:00,Maryland (State),ROCKVILLE PIKE,N/A,HEAD ON LEFT TURN,CLEAR,DRY,DAYLIGHT,TRAFFIC SIGNAL,Yes,NO APPARENT INJURY,UNKNOWN,PASSENGER CAR,MAKING LEFT TURN,West,North,35,2008,TOY,5.9,57,41.9,0
Injury Crash,08-03-2022 12:00,Maryland (State),WOODFIELD RD,N/A,SAME DIR REAR END,CLEAR,DRY,DUSK,N/A,No,NO APPARENT INJURY,NOT DISTRACTED,PASSENGER CAR,SLOWING OR STOPPING,North,North,40,2015,MERCEDES,2,40.7,38.1,0
Property Damage Crash,08-03-2022 12:17,Maryland (State),LAYHILL RD,N/A,STRAIGHT MOVEMENT ANGLE,CLEAR,DRY,DAYLIGHT,TRAFFIC SIGNAL,No,NO APPARENT INJURY,NOT DISTRACTED,PASSENGER CAR,MOVING CONSTANT SPEED,South,South,40,2000,MERZ,3.6,224,39.2,0
Property Damage Crash,08-03-2022 12:17,US (State),COLUMBIA PIKE,N/A,SAME DIR REAR END,CLEAR,N/A,DAYLIGHT,NO CONTROLS,No,NO APPARENT INJURY,NOT DISTRACTED,PASSENGER CAR,SLOWING OR STOPPING,South,South,40,2004,MERZ,9.6,323,12.8,0
Property Damage Crash,08-03-2022 12:33,Maryland (State),VEIRS MILL RD,N/A,SAME DIR REAR END,CLEAR,DRY,DAYLIGHT,NO CONTROLS,Yes,NO APPARENT INJURY,LOOKED BUT DID NOT SEE,PASSENGER CAR,CHANGING LANES,West,West,40,2013,NISSAN,0,0,0,0
Property Damage Crash,08-03-2022 13:30,Municipality,MONROE ST,N/A,OTHER,N/A,DRY,N/A,TRAFFIC SIGNAL,No,NO APPARENT INJURY,NOT DISTRACTED,PASSENGER CAR,STOPPED IN TRAFFIC LANE,West,West,25,2005,SUBARU,7.3,137,37.4,0
Property Damage Crash,08-03-2022 13:30,Maryland (State),NEW HAMPSHIRE AVE,N/A,SAME DIR REAR END,N/A,DRY,DAYLIGHT,TRAFFIC SIGNAL,Yes,NO APPARENT INJURY,DISTRACTED BY OUTSIDE PERSON OBJECT OR EVENT,(SPORT) UTILITY VEHICLE,MOVING CONSTANT SPEED,North,North,40,2017,LEXUS,4.3,357,38.6,0