ACRS Report Type,Date and Time,Route Type,Road Name,Municipality,Collision Type,Weather,Surface Condition,Light,Traffic Control,Driver At Fault,Injury Severity,Driver Distracted By,Vehicle Body Type,Vehicle Movement,Vehicle Continuing Dir,Vehicle Going Dir,Speed Limit,Vehicle Year,Vehicle Make,Wind Speed (MPH),TMP10-DK ,Relative Humidity (%),Rain (Inches)
Property Damage Crash,08-03-2022 13:30,,,,OTHER,CLEAR,,DAYLIGHT,NO CONTROLS,Yes,NO APPARENT INJURY,UNKNOWN,PASSENGER CAR,BACKING,West,West,10,2004,FORD,1.9,111,29.7,0
Property Damage Crash,08-03-2022 13:30,County,BROSCHART RD,N/A,STRAIGHT MOVEMENT ANGLE,CLEAR,DRY,DAYLIGHT,TRAFFIC SIGNAL,Yes,NO APPARENT INJURY,UNKNOWN,PASSENGER CAR,MOVING CONSTANT SPEED,South,South,30,2002,HOND,8.8,146,29.9,0
Injury Crash,08-03-2022 13:40,Maryland (State),GEORGIA AVE,N/A,STRAIGHT MOVEMENT ANGLE,N/A,DRY,DARK LIGHTS ON,NO CONTROLS,Yes,NO APPARENT INJURY,LOOKED BUT DID NOT SEE,PASSENGER CAR,MAKING LEFT TURN,West,North,35,2017,FORD,7.8,37.5,27.3,0
Property Damage Crash,08-03-2022 14:08,,,,HEAD ON,RAINING,,DAYLIGHT,NO CONTROLS,Yes,NO APPARENT INJURY,INATTENTIVE OR LOST IN THOUGHT,PASSENGER CAR,ACCELERATING,East,East,5,2010,HONDA,9.7,310,31.4,0
Property Damage Crash,08-03-2022 14:08,County,RANDOLPH RD,N/A,SAME DIR REAR END,RAINING,WET,DAYLIGHT,TRAFFIC SIGNAL,No,NO APPARENT INJURY,NOT DISTRACTED,PASSENGER CAR,SLOWING OR STOPPING,West,West,35,2019,ACURA,0,0,0,0
Property Damage Crash,08-03-2022 14:14,Maryland (State),OLD GEORGETOWN RD,N/A,STRAIGHT MOVEMENT ANGLE,CLEAR,DRY,DAYLIGHT,STOP SIGN,Yes,NO APPARENT INJURY,OTHER DISTRACTION,PASSENGER CAR,MAKING RIGHT TURN,East,East,30,2005,HONDA,3.5,353,27.8,0
Injury Crash,08-03-2022 14:14,Municipality,FLEET ST,ROCKVILLE,STRAIGHT MOVEMENT ANGLE,RAINING,WET,DAYLIGHT,TRAFFIC SIGNAL,No,POSSIBLE INJURY,NOT DISTRACTED,POLICE VEHICLE/NON EMERGENCY,MOVING CONSTANT SPEED,West,West,25,2014,DODGE,4.1,33.6,32.5,0
Injury Crash,08-03-2022 14:43,County,TUCKERMAN LA,N/A,HEAD ON,CLOUDY,DRY,DAYLIGHT,N/A,Yes,SUSPECTED MINOR INJURY,OTHER CELLULAR PHONE RELATED,PASSENGER CAR,MOVING CONSTANT SPEED,West,West,40,2017,HONDA,0,0,0,0
Injury Crash,08-03-2022 14:43,Maryland (State),OLD GEORGETOWN RD,N/A,ANGLE MEETS LEFT TURN,CLEAR,DRY,DARK LIGHTS ON,TRAFFIC SIGNAL,Yes,NO APPARENT INJURY,LOOKED BUT DID NOT SEE,FIRE VEHICLE/EMERGENCY,MAKING LEFT TURN,South,East,25,2008,FREIGHTLINER,6.6,41.5,34.8,0
Injury Crash,08-03-2022 14:45,Maryland (State),MASSACHUSETTS AVE,N/A,SAME DIR REAR END,CLOUDY,WET,DAYLIGHT,NO CONTROLS,No,NO APPARENT INJURY,NOT DISTRACTED,"OTHER LIGHT TRUCKS (10,000LBS (4,536KG) OR LESS)",STOPPED IN TRAFFIC LANE,East,East,35,2014,FORD,1.1,202,28.3,0
Property Damage Crash,08-03-2022 14:45,Maryland (State),FREDERICK RD,GAITHERSBURG,OTHER,CLEAR,DRY,DARK LIGHTS ON,N/A,No,NO APPARENT INJURY,NOT DISTRACTED,PASSENGER CAR,MOVING CONSTANT SPEED,North,North,30,2017,HONDA,7.6,46.1,40.8,0
Injury Crash,08-03-2022 15:20,County,WOODMONT AVE,N/A,SAME DIR REAR END,RAINING,WET,DAYLIGHT,OTHER,Yes,POSSIBLE INJURY,NOT DISTRACTED,VAN,STARTING FROM LANE,North,North,25,2014,NISS,3.8,187,40.2,0
Injury Crash,08-03-2022 15:56,County,E GUDE DR,N/A,SAME DIR REAR END,RAINING,WET,DAYLIGHT,TRAFFIC SIGNAL,No,POSSIBLE INJURY,NOT DISTRACTED,SCHOOL BUS,STOPPED IN TRAFFIC LANE,West,West,45,2014,THOM,12,32.8,19.2,0
Injury Crash,08-03-2022 15:56,County,SCENERY DR,N/A,HEAD ON LEFT TURN,CLEAR,DRY,DAYLIGHT,STOP SIGN,Yes,POSSIBLE INJURY,INATTENTIVE OR LOST IN THOUGHT,(SPORT) UTILITY VEHICLE,MOVING CONSTANT SPEED,West,West,45,2015,ACURA,0,0,0,0
Property Damage Crash,08-03-2022 15:57,County,RIDGE RD,N/A,SAME DIR REAR END,RAINING,WET,DARK LIGHTS ON,TRAFFIC SIGNAL,No,NO APPARENT INJURY,NOT DISTRACTED,PASSENGER CAR,SLOWING OR STOPPING,South,South,45,2014,TOYOTA,0,0,0,0
Property Damage Crash,08-03-2022 15:57,Maryland (State),DARNESTOWN RD,GAITHERSBURG,SAME DIRECTION SIDESWIPE,CLEAR,DRY,DAYLIGHT,N/A,Yes,NO APPARENT INJURY,LOOKED BUT DID NOT SEE,(SPORT) UTILITY VEHICLE,CHANGING LANES,North,North,40,2011,FORD,3.3,335,33,0
Injury Crash,08-03-2022 16:00,Municipality,PICCARD DR,ROCKVILLE,OTHER,CLOUDY,DRY,DAYLIGHT,NO CONTROLS,No,NO APPARENT INJURY,LOOKED BUT DID NOT SEE,PASSENGER CAR,MOVING CONSTANT SPEED,South,South,30,2006,HUMMER,6.9,56.6,41.4,0
Property Damage Crash,08-03-2022 16:00,County,OLD COLUMBIA PIKE,N/A,SAME DIR REAR END,CLOUDY,DRY,DAYLIGHT,TRAFFIC SIGNAL,Yes,NO APPARENT INJURY,UNKNOWN,PASSENGER CAR,ACCELERATING,North,North,30,2018,FORD,0,0,0,0
Injury Crash,08-03-2022 18:01,,,,OPPOSITE DIRECTION SIDESWIPE,CLOUDY,,DAYLIGHT,NO CONTROLS,No,POSSIBLE INJURY,NOT DISTRACTED,PASSENGER CAR,SLOWING OR STOPPING,South,West,5,2000,MERCURY,2.9,38.5,22.6,0
Property Damage Crash,08-03-2022 18:01,Maryland (State),OLD GEORGETOWN RD,N/A,SAME DIRECTION RIGHT TURN,CLEAR,DRY,DAYLIGHT,N/A,Yes,NO APPARENT INJURY,NOT DISTRACTED,VAN,CHANGING LANES,North,North,40,2002,FORD,6.5,205,23,0
Property Damage Crash,08-03-2022 18:01,County,BEL PRE RD,N/A,SAME DIR REAR END,CLEAR,DRY,DARK LIGHTS ON,TRAFFIC SIGNAL,Yes,NO APPARENT INJURY,NOT DISTRACTED,PASSENGER CAR,MOVING CONSTANT SPEED,West,West,25,2009,MAZDA,10.9,321,37.9,0
Injury Crash,08-03-2022 18:10,County,OAKMONT AVE,N/A,STRAIGHT MOVEMENT ANGLE,RAINING,WET,DAYLIGHT,STOP SIGN,No,SUSPECTED MINOR INJURY,NOT DISTRACTED,PASSENGER CAR,MOVING CONSTANT SPEED,North,North,30,2004,HONDA,3.6,37.4,32.9,0
Property Damage Crash,08-03-2022 18:10,Maryland (State),NEW HAMPSHIRE AVE,N/A,SAME DIRECTION LEFT TURN,CLOUDY,WET,DAYLIGHT,NO CONTROLS,No,NO APPARENT INJURY,NOT DISTRACTED,PASSENGER CAR,MOVING CONSTANT SPEED,North,North,40,2006,TOYOTA,3.4,349,28.3,0
Injury Crash,08-03-2022 18:23,Interstate (State),EISENHOWER MEMORIAL HWY,N/A,SAME DIR REAR END,CLEAR,DRY,DAYLIGHT,N/A,No,POSSIBLE INJURY,NOT DISTRACTED,PASSENGER CAR,SLOWING OR STOPPING,South,South,55,2008,INFI,9.8,52,28.6,0
Property Damage Crash,08-03-2022 18:23,US (State),COLESVILLE RD,N/A,SAME DIR REAR END,CLEAR,DRY,DAYLIGHT,TRAFFIC SIGNAL,Yes,NO APPARENT INJURY,OTHER DISTRACTION,PASSENGER CAR,MOVING CONSTANT SPEED,South,South,35,2008,COOPER,4.9,310,49.2,0
Property Damage Crash,08-03-2022 19:00,Municipality,BUREAU DR,N/A,SINGLE VEHICLE,CLEAR,DRY,DAYLIGHT,NO CONTROLS,Yes,NO APPARENT INJURY,BY MOVING OBJECT IN VEHICLE,PASSENGER CAR,MOVING CONSTANT SPEED,North,North,65,1996,HOND,0,0,0,0
Property Damage Crash,08-03-2022 19:00,,,,SINGLE VEHICLE,CLEAR,,DAYLIGHT,NO CONTROLS,Yes,NO APPARENT INJURY,LOOKED BUT DID NOT SEE,FIRE VEHICLE/NON EMERGENCY,BACKING,East,East,10,2017,PIRC,4.8,36.5,18.4,0
Injury Crash,08-03-2022 19:25,Maryland (State),WISCONSIN AVE,N/A,SAME DIR REAR END,N/A,DRY,DAYLIGHT,OTHER,Yes,SUSPECTED MINOR INJURY,UNKNOWN,MOPED,SKIDDING,North,North,25,2013,GENUINE SCOOTER COMP,8,183,37.8,0
Property Damage Crash,08-03-2022 19:25,County,NORCROSS WAY,N/A,SAME DIRECTION SIDESWIPE,CLEAR,DRY,DAYLIGHT,N/A,No,NO APPARENT INJURY,NOT DISTRACTED,PASSENGER CAR,MOVING CONSTANT SPEED,North,North,35,2002,JEEP,4.5,36.2,22.4,0
Property Damage Crash,08-03-2022 22:03,County,DUNOON RD,N/A,OPPOSITE DIRECTION SIDESWIPE,CLEAR,DRY,DAYLIGHT,NO CONTROLS,Unknown,NO APPARENT INJURY,NOT DISTRACTED,PASSENGER CAR,MOVING CONSTANT SPEED,North,North,25,2007,NISSAN,0,0,0,0
Property Damage Crash,09-03-2022 00:19,Maryland (State),W MONTGOMERY AVE,ROCKVILLE,STRAIGHT MOVEMENT ANGLE,CLEAR,DRY,DARK LIGHTS ON,TRAFFIC SIGNAL,No,NO APPARENT INJURY,NOT DISTRACTED,PASSENGER CAR,STARTING FROM LANE,East,South,40,2015,SCION,3.1,57.9,40.2,0
Property Damage Crash,09-03-2022 02:00,Maryland (State),HUNGERFORD DR,ROCKVILLE,SAME DIRECTION SIDESWIPE,CLOUDY,DRY,DAYLIGHT,N/A,No,NO APPARENT INJURY,UNKNOWN,TRANSIT BUS,MOVING CONSTANT SPEED,North,North,40,2017,GILG,2.9,10,52.3,0.02
Property Damage Crash,09-03-2022 05:15,Maryland (State),VEIRS MILL RD,N/A,SAME DIRECTION SIDESWIPE,CLEAR,DRY,DAYLIGHT,TRAFFIC SIGNAL,Unknown,NO APPARENT INJURY,NOT DISTRACTED,SCHOOL BUS,CHANGING LANES,East,East,45,2021,FRHT,5.1,45.7,23.5,0
Property Damage Crash,09-03-2022 07:25,Municipality,PHEASANT RUN DR,GAITHERSBURG,SINGLE VEHICLE,CLEAR,DRY,DAWN,NO CONTROLS,Yes,NO APPARENT INJURY,EATING OR DRINKING,PASSENGER CAR,MOVING CONSTANT SPEED,East,East,25,2004,HONDA,0,0,0,0
Property Damage Crash,09-03-2022 07:45,,,,OTHER,CLEAR,,DAYLIGHT,N/A,Yes,NO APPARENT INJURY,LOOKED BUT DID NOT SEE,PASSENGER CAR,ACCELERATING,West,West,25,2002,TOYT,6.1,41.7,34.1,0
Property Damage Crash,09-03-2022 09:20,Maryland (State),UNIVERSITY BLVD E,N/A,SAME DIR REAR END,RAINING,WET,DAYLIGHT,NO CONTROLS,Yes,NO APPARENT INJURY,NOT DISTRACTED,PASSENGER CAR,SLOWING OR STOPPING,East,East,40,2007,HONDA,0,0,0,0
Property Damage Crash,09-03-2022 09:38,County,YELLOW LEAF WAY,N/A,HEAD ON,CLEAR,DRY,DARK LIGHTS ON,NO CONTROLS,Yes,NO APPARENT INJURY,UNKNOWN,(SPORT) UTILITY VEHICLE,MOVING CONSTANT SPEED,South,South,25,0,UNKNOWN,4.5,39.1,22.4,0
Injury Crash,09-03-2022 11:00,Maryland (State),NEW HAMPSHIRE AVE,N/A,STRAIGHT MOVEMENT ANGLE,CLEAR,DRY,DAYLIGHT,NO CONTROLS,Yes,NO APPARENT INJURY,LOOKED BUT DID NOT SEE,(SPORT) UTILITY VEHICLE,MAKING RIGHT TURN,North,West,40,2011,TOYT,0,0,0,0
Injury Crash,09-03-2022 11:00,Other Public Roadway,MONTROSE PKWY,N/A,SINGLE VEHICLE,RAINING,WET,DAYLIGHT,NO CONTROLS,Yes,SUSPECTED MINOR INJURY,UNKNOWN,PASSENGER CAR,MOVING CONSTANT SPEED,East,East,40,2008,JEEP,0,0,0,0
Property Damage Crash,09-03-2022 11:09,,,,SINGLE VEHICLE,CLEAR,,DARK LIGHTS ON,NO CONTROLS,Yes,NO APPARENT INJURY,LOOKED BUT DID NOT SEE,FIRE VEHICLE/NON EMERGENCY,BACKING,East,East,5,2013,CHEVROLET,9.5,45.3,27.3,0
Injury Crash,09-03-2022 11:09,Maryland (State),NEW HAMPSHIRE AVE,N/A,SAME DIR REAR END,CLEAR,DRY,DARK LIGHTS ON,TRAFFIC SIGNAL,No,POSSIBLE INJURY,NOT DISTRACTED,PASSENGER CAR,STOPPED IN TRAFFIC LANE,North,North,40,2000,ACURA,7.2,45.7,19.2,0
Property Damage Crash,09-03-2022 11:37,Maryland (State),ROCKVILLE PIKE,N/A,HEAD ON LEFT TURN,CLEAR,DRY,DAYLIGHT,TRAFFIC SIGNAL,No,NO APPARENT INJURY,NOT DISTRACTED,PASSENGER CAR,MOVING CONSTANT SPEED,East,East,40,2014,NISSAN,7.9,52,37.2,0
Injury Crash,09-03-2022 12:31,County,MIDDLEBROOK RD,N/A,SAME DIR REAR END,CLEAR,DRY,DAYLIGHT,N/A,No,POSSIBLE INJURY,NOT DISTRACTED,PASSENGER CAR,STOPPED IN TRAFFIC LANE,West,West,40,2014,GILL,14.6,184,46.1,0
Injury Crash,09-03-2022 12:31,Maryland (State),OLD GEORGETOWN RD,N/A,HEAD ON LEFT TURN,RAINING,WET,DAYLIGHT,TRAFFIC SIGNAL,No,POSSIBLE INJURY,NOT DISTRACTED,PASSENGER CAR,MAKING LEFT TURN,South,East,30,2011,NISSAN,0,0,0,0
Property Damage Crash,09-03-2022 12:51,,,,UNKNOWN,N/A,,OTHER,N/A,Yes,NO APPARENT INJURY,UNKNOWN,,MOVING CONSTANT SPEED,Unknown,Unknown,5,0,UNKNOWN,0,0,0,0
Property Damage Crash,09-03-2022 12:51,Maryland (State),EAST WEST HWY,N/A,SAME DIRECTION SIDESWIPE,CLEAR,DRY,DAYLIGHT,NO CONTROLS,No,NO APPARENT INJURY,NOT DISTRACTED,TRANSIT BUS,STARTING FROM LANE,West,West,35,2009,NEW FLYER,4.7,39.2,37,0
Injury Crash,09-03-2022 13:02,Maryland (State),CLOPPER RD,N/A,ANGLE MEETS LEFT TURN,CLEAR,DRY,DAYLIGHT,NO CONTROLS,Yes,NO APPARENT INJURY,LOOKED BUT DID NOT SEE,PASSENGER CAR,ACCELERATING,West,North,40,2019,KIA,11.4,37,26.4,0
Property Damage Crash,09-03-2022 13:02,Maryland (State),GREAT SENECA HWY,N/A,SAME DIR REAR END,CLOUDY,DRY,DAYLIGHT,TRAFFIC SIGNAL,Yes,NO APPARENT INJURY,NOT DISTRACTED,(SPORT) UTILITY VEHICLE,SLOWING OR STOPPING,North,North,50,2018,MERZ,0,0,0,0
Injury Crash,09-03-2022 13:12,County,RANDOLPH RD,N/A,SINGLE VEHICLE,CLEAR,DRY,DAYLIGHT,TRAFFIC SIGNAL,Yes,NO APPARENT INJURY,LOOKED BUT DID NOT SEE,PASSENGER CAR,MAKING RIGHT TURN,East,North,40,2013,HONDA,0,0,0,0
Property Damage Crash,09-03-2022 13:45,,,,OTHER,N/A,,DARK -- UNKNOWN LIGHTING,NO CONTROLS,No,NO APPARENT INJURY,NOT DISTRACTED,PASSENGER CAR,MOVING CONSTANT SPEED,West,West,15,2019,HONDA,2.8,38.1,23.6,0
Property Damage Crash,09-03-2022 13:45,County,RANDOLPH RD,N/A,SAME DIR REAR END,CLEAR,DRY,DAYLIGHT,NO CONTROLS,No,NO APPARENT INJURY,NOT DISTRACTED,PASSENGER CAR,STOPPED IN TRAFFIC LANE,West,West,40,2015,NISSAN,7.3,36.1,16.9,0
Injury Crash,09-03-2022 14:32,Maryland (State),GEORGIA AVE,N/A,SINGLE VEHICLE,CLOUDY,DRY,DAYLIGHT,NO CONTROLS,Unknown,NO APPARENT INJURY,LOOKED BUT DID NOT SEE,PASSENGER CAR,STARTING FROM LANE,South,East,5,2008,HONDA,5.4,40.7,24.4,0
Injury Crash,09-03-2022 15:50,US (State),COLUMBIA PIKE,N/A,SAME DIR REAR END,CLEAR,DRY,DAYLIGHT,TRAFFIC SIGNAL,Yes,NO APPARENT INJURY,NOT DISTRACTED,"CARGO VAN/LIGHT TRUCK 2 AXLES (OVER 10,000LBS (4,536 KG))",SLOWING OR STOPPING,South,South,50,1995,INTEL,7.3,37.4,33.9,0
Property Damage Crash,09-03-2022 15:50,Maryland (State),OLD GEORGETOWN RD,N/A,SAME DIR REAR END,CLEAR,DRY,DARK LIGHTS ON,N/A,No,NO APPARENT INJURY,NOT DISTRACTED,PASSENGER CAR,SLOWING OR STOPPING,North,North,40,2001,CHEV,9.3,167,54.5,0
Injury Crash,09-03-2022 16:55,Maryland (State),UNIVERSITY BLVD E,N/A,STRAIGHT MOVEMENT ANGLE,CLEAR,DRY,DAYLIGHT,YIELD SIGN,No,POSSIBLE INJURY,NOT DISTRACTED,(SPORT) UTILITY VEHICLE,MOVING CONSTANT SPEED,East,East,35,2006,CHEVROLET,5.1,44.6,31.6,0
Property Damage Crash,09-03-2022 16:55,,,,OTHER,CLEAR,,DAYLIGHT,N/A,Yes,NO APPARENT INJURY,NOT DISTRACTED,FIRE VEHICLE/EMERGENCY,PARKING,Unknown,Unknown,0,2005,PEIRCE,14.1,32.6,22.1,0
Property Damage Crash,09-03-2022 18:00,Municipality,NEW HAMPSHIRE AVE SERV RD,TAKOMA PARK,OTHER,CLEAR,DRY,DAYLIGHT,NO CONTROLS,Yes,NO APPARENT INJURY,LOOKED BUT DID NOT SEE,VAN,MOVING CONSTANT SPEED,East,East,10,2000,CHEVY,0,0,0,0
Injury Crash,09-03-2022 18:00,Municipality,WATKINS MILL RD,N/A,STRAIGHT MOVEMENT ANGLE,N/A,DRY,DARK LIGHTS ON,FLASHING TRAFFIC SIGNAL,Yes,NO APPARENT INJURY,NOT DISTRACTED,"MEDIUM/HEAVY TRUCKS 3 AXLES (OVER 10,000LBS (4,536KG))",STARTING FROM LANE,West,West,35,2013,FRHT,0,0,0,0
Injury Crash,09-03-2022 18:16,Maryland (State),NEW HAMPSHIRE AVE,N/A,SAME DIR REAR END,CLEAR,DRY,DAYLIGHT,NO CONTROLS,Yes,NO APPARENT INJURY,UNKNOWN,PASSENGER CAR,MOVING CONSTANT SPEED,North,North,40,2011,BMW,10.2,27.9,18.2,0
Property Damage Crash,09-03-2022 18:32,County,BEL PRE RD,N/A,SAME DIR REAR END,CLEAR,DRY,DARK LIGHTS ON,NO CONTROLS,Yes,NO APPARENT INJURY,NOT DISTRACTED,PASSENGER CAR,MOVING CONSTANT SPEED,West,West,35,2010,BMW,1.1,264,29.4,0
Property Damage Crash,09-03-2022 19:09,County,WILLARD AVE,FRIENDSHIP HEIGHTS,SAME DIRECTION SIDESWIPE,CLEAR,DRY,DAYLIGHT,NO CONTROLS,No,NO APPARENT INJURY,NOT DISTRACTED,PASSENGER CAR,MOVING CONSTANT SPEED,North,North,25,2005,HONDA,11.1,44.7,26.8,0
Property Damage Crash,09-03-2022 19:09,County,SEVEN LOCKS RD,N/A,SAME DIR REAR END,RAINING,WET,DAYLIGHT,TRAFFIC SIGNAL,No,NO APPARENT INJURY,NOT DISTRACTED,PASSENGER CAR,STOPPED IN TRAFFIC LANE,South,South,35,2005,HOND,6.8,47.1,40.5,0.01
Property Damage Crash,09-03-2022 20:07,US (State),COLUMBIA PIKE,N/A,SAME DIRECTION RIGHT TURN,N/A,DRY,DAYLIGHT,TRAFFIC SIGNAL,Yes,NO APPARENT INJURY,UNKNOWN,PASSENGER CAR,MAKING RIGHT TURN,East,North,50,2013,HONDA,0,0,0,0
Injury Crash,09-03-2022 20:44,Municipality,N HORNERS LA,ROCKVILLE,SAME DIR REAR END,CLEAR,DRY,DARK NO LIGHTS,STOP SIGN,No,NO APPARENT INJURY,NOT DISTRACTED,PASSENGER CAR,SLOWING OR STOPPING,West,West,30,2007,CADI,2.1,211,31.9,0
Property Damage Crash,09-03-2022 20:44,Maryland (State),GEORGIA AVE,N/A,SAME DIRECTION SIDESWIPE,CLEAR,DRY,DARK LIGHTS ON,TRAFFIC SIGNAL,No,NO APPARENT INJURY,NOT DISTRACTED,PASSENGER CAR,MOVING CONSTANT SPEED,North,North,35,2018,TOYOTA,0,0,0,0
Injury Crash,09-03-2022 20:48,County,FLOWER HILL WAY,N/A,HEAD ON LEFT TURN,CLEAR,DRY,DAYLIGHT,NO CONTROLS,No,SUSPECTED MINOR INJURY,NOT DISTRACTED,PASSENGER CAR,MOVING CONSTANT SPEED,South,South,25,2003,TOYT,4.8,61.3,47.6,0
Injury Crash,09-03-2022 21:15,Maryland (State),MUNCASTER MILL RD,N/A,SAME DIR REAR END,CLEAR,DRY,DAYLIGHT,TRAFFIC SIGNAL,Yes,NO APPARENT INJURY,LOOKED BUT DID NOT SEE,PASSENGER CAR,SLOWING OR STOPPING,West,West,35,2006,JAGUAR,4.8,168,56.8,0.22
Property Damage Crash,09-03-2022 23:31,County,BAUER DR,N/A,STRAIGHT MOVEMENT ANGLE,CLEAR,DRY,DAYLIGHT,TRAFFIC SIGNAL,No,NO APPARENT INJURY,NOT DISTRACTED,PICKUP TRUCK,MOVING CONSTANT SPEED,North,North,30,2019,FORD,0,0,0,0
Property Damage Crash,09-03-2022 23:31,Maryland (State),S FREDERICK RD,N/A,HEAD ON LEFT TURN,CLEAR,DRY,DAYLIGHT,NO CONTROLS,Yes,NO APPARENT INJURY,NOT DISTRACTED,PASSENGER CAR,MAKING LEFT TURN,South,West,30,1982,MERC,12.6,186,54.2,0
Property Damage Crash,10-03-2022 02:54,County,SOUTHLAWN LA,ROCKVILLE,STRAIGHT MOVEMENT ANGLE,CLEAR,DRY,DARK NO LIGHTS,NO CONTROLS,No,NO APPARENT INJURY,NOT DISTRACTED,PASSENGER CAR,MOVING CONSTANT SPEED,East,East,35,2018,TOYOTA,4.3,60,56.9,0
Property Damage Crash,10-03-2022 03:31,County,RUATAN ST,N/A,STRAIGHT MOVEMENT ANGLE,RAINING,WET,DAYLIGHT,STOP SIGN,Yes,NO APPARENT INJURY,LOOKED BUT DID NOT SEE,STATION WAGON,ACCELERATING,North,North,25,2011,TOYT,1.1,42.1,38,0
Property Damage Crash,10-03-2022 06:51,Interstate (State),CAPITAL BELTWAY,N/A,SAME DIRECTION SIDESWIPE,CLEAR,DRY,DAYLIGHT,NO CONTROLS,Yes,NO APPARENT INJURY,UNKNOWN,PASSENGER CAR,CHANGING LANES,West,West,55,2017,FORD,8.2,280,25.9,0
Property Damage Crash,10-03-2022 06:51,County,DARNESTOWN RD,N/A,SAME DIRECTION RIGHT TURN,CLEAR,DRY,DARK LIGHTS ON,NO CONTROLS,Yes,NO APPARENT INJURY,UNKNOWN,,MAKING LEFT TURN,South,West,35,0,UNKNOWN,0,0,0,0
Injury Crash,10-03-2022 07:30,County,BRINK RD,N/A,SAME DIR REAR END,CLEAR,DRY,DAYLIGHT,TRAFFIC SIGNAL,Yes,NO APPARENT INJURY,NOT DISTRACTED,PICKUP TRUCK,SLOWING OR STOPPING,West,West,40,2004,FORD,0,0,0,0
Property Damage Crash,10-03-2022 07:30,Maryland (State),UNIVERSITY BLVD E,N/A,STRAIGHT MOVEMENT ANGLE,RAINING,WET,DAYLIGHT,STOP SIGN,Yes,NO APPARENT INJURY,LOOKED BUT DID NOT SEE,(SPORT) UTILITY VEHICLE,MAKING LEFT TURN,West,North,25,2015,NISS,10.9,187,42.9,0
Property Damage Crash,10-03-2022 08:03,Maryland (State),ROCKVILLE PIKE,N/A,STRAIGHT MOVEMENT ANGLE,RAINING,WET,DAYLIGHT,NO CONTROLS,No,NO APPARENT INJURY,NOT DISTRACTED,(SPORT) UTILITY VEHICLE,SLOWING OR STOPPING,North,North,45,2014,BUIC,10.4,171,-1,0
Property Damage Crash,10-03-2022 08:10,,,,STRAIGHT MOVEMENT ANGLE,CLEAR,,DAYLIGHT,STOP SIGN,Yes,NO APPARENT INJURY,LOOKED BUT DID NOT SEE,PASSENGER CAR,ACCELERATING,West,West,10,2017,SUBURU,0,0,0,0
Property Damage Crash,10-03-2022 08:10,Maryland (State),UNIVERSITY BLVD W,KENSINGTON,OPPOSITE DIRECTION SIDESWIPE,CLEAR,DRY,DAYLIGHT,STOP SIGN,Yes,NO APPARENT INJURY,INATTENTIVE OR LOST IN THOUGHT,PASSENGER CAR,ACCELERATING,North,East,25,2017,MERCEDES BENZ,2.1,49.7,43.8,0
Property Damage Crash,10-03-2022 08:36,US (State),COLESVILLE RD,N/A,HEAD ON LEFT TURN,N/A,DRY,DAYLIGHT,TRAFFIC SIGNAL,No,NO APPARENT INJURY,NOT DISTRACTED,(SPORT) UTILITY VEHICLE,MOVING CONSTANT SPEED,North,North,35,2002,FORD,0,0,0,0
Property Damage Crash,10-03-2022 09:41,Municipality,WATKINS MILL RD,GAITHERSBURG,STRAIGHT MOVEMENT ANGLE,CLEAR,DRY,DAYLIGHT,STOP SIGN,Yes,NO APPARENT INJURY,UNKNOWN,PASSENGER CAR,MOVING CONSTANT SPEED,South,South,25,2000,TOYOTA,7.6,288,31.8,0
Injury Crash,10-03-2022 09:41,,SOUTH LEISURE WORLD BLVD,N/A,SAME DIR REAR END,CLEAR,DRY,DAYLIGHT,NO CONTROLS,Yes,NO APPARENT INJURY,UNKNOWN,PASSENGER CAR,MOVING CONSTANT SPEED,South,South,25,2012,HONDA,2.9,48.2,22,0
Injury Crash,10-03-2022 09:41,County,WAYFARER RD,N/A,SAME DIR REAR END,CLEAR,DRY,DAYLIGHT,NO CONTROLS,Yes,NO APPARENT INJURY,NOT DISTRACTED,PASSENGER CAR,MOVING CONSTANT SPEED,East,East,20,2011,NISS,4.4,358,30,0.01
Property Damage Crash,10-03-2022 10:29,Maryland (State),GEORGIA AVE,N/A,SAME DIRECTION SIDESWIPE,RAINING,WET,DAYLIGHT,NO CONTROLS,No,NO APPARENT INJURY,NOT DISTRACTED,PASSENGER CAR,MOVING CONSTANT SPEED,North,North,35,2016,HOND,0,0,0,0
Property Damage Crash,10-03-2022 10:38,Municipality,WILMART ST,ROCKVILLE,OTHER,CLEAR,DRY,DARK LIGHTS ON,NO CONTROLS,Yes,NO APPARENT INJURY,UNKNOWN,PASSENGER CAR,BACKING,South,North,25,2014,FORD,2.2,45.6,22.2,0
Property Damage Crash,10-03-2022 10:38,Maryland (State),VEIRS MILL RD,ROCKVILLE,SAME DIR REAR END,CLEAR,DRY,DAYLIGHT,NO CONTROLS,No,NO APPARENT INJURY,NOT DISTRACTED,PASSENGER CAR,SLOWING OR STOPPING,West,West,40,2012,TOYOTA,0,0,0,0
Property Damage Crash,10-03-2022 11:53,County,STEWART LA,N/A,SAME DIR REAR END,N/A,DRY,DAYLIGHT,NO CONTROLS,No,NO APPARENT INJURY,NOT DISTRACTED,PASSENGER CAR,MOVING CONSTANT SPEED,North,North,45,2009,TOYOTA,2.1,99,42.6,0