ACRS Report Type,Date and Time,Route Type,Road Name,Municipality,Collision Type,Weather,Surface Condition,Light,Traffic Control,Driver At Fault,Injury Severity,Driver Distracted By,Vehicle Body Type,Vehicle Movement,Vehicle Continuing Dir,Vehicle Going Dir,Speed Limit,Vehicle Year,Vehicle Make,Wind Speed (MPH),TMP10-DK ,Relative Humidity (%),Rain (Inches)
Property Damage Crash,10-03-2022 11:53,County,RANDOLPH RD,N/A,SAME DIR REAR END,CLEAR,DRY,DAYLIGHT,NO CONTROLS,No,NO APPARENT INJURY,NOT DISTRACTED,PASSENGER CAR,STOPPED IN TRAFFIC LANE,East,East,40,2003,TOYOTA,2.2,37.1,35.7,0
Property Damage Crash,10-03-2022 13:15,Maryland (State),GREAT SENECA HWY,N/A,SAME DIR REAR END,CLEAR,DRY,DARK LIGHTS ON,NO CONTROLS,No,NO APPARENT INJURY,NOT DISTRACTED,PASSENGER CAR,SLOWING OR STOPPING,East,North,40,2020,TOYOTA,1.3,97,39.8,0
Property Damage Crash,10-03-2022 13:32,Interstate (State),CAPITAL BELTWAY,N/A,SAME DIR REAR END,CLEAR,DRY,DAYLIGHT,NO CONTROLS,Yes,NO APPARENT INJURY,NOT DISTRACTED,PASSENGER CAR,SLOWING OR STOPPING,East,East,55,2010,BMW,0,0,0,0
Injury Crash,10-03-2022 13:32,Maryland (State),NEW HAMPSHIRE AVE,N/A,SAME DIR REND RIGHT TURN,CLEAR,DRY,DAYLIGHT,NO CONTROLS,No,NO APPARENT INJURY,NOT DISTRACTED,PASSENGER CAR,MOVING CONSTANT SPEED,East,North,35,2003,CHEVROLET,3.2,39.3,39.2,0
Injury Crash,10-03-2022 13:33,County,BRINK RD,N/A,SINGLE VEHICLE,CLEAR,DRY,DAYLIGHT,NO CONTROLS,No,SUSPECTED MINOR INJURY,NOT DISTRACTED,PASSENGER CAR,MOVING CONSTANT SPEED,West,West,40,2011,HYUN,1.7,34.2,30,0
Property Damage Crash,10-03-2022 13:33,Maryland (State),NEW HAMPSHIRE AVE,N/A,SAME DIRECTION SIDESWIPE,CLEAR,DRY,DAYLIGHT,NO CONTROLS,No,NO APPARENT INJURY,NOT DISTRACTED,"CARGO VAN/LIGHT TRUCK 2 AXLES (OVER 10,000LBS (4,536 KG))",MOVING CONSTANT SPEED,South,South,40,2001,ISUKU,7.1,166,8.2,0
Property Damage Crash,10-03-2022 14:15,Maryland (State),GEORGIA AVE,N/A,STRAIGHT MOVEMENT ANGLE,CLEAR,DRY,DAYLIGHT,TRAFFIC SIGNAL,No,NO APPARENT INJURY,NOT DISTRACTED,PASSENGER CAR,MOVING CONSTANT SPEED,North,North,45,2010,FORD,1.8,60,23.9,0
Property Damage Crash,10-03-2022 14:15,Maryland (State),VEIRS MILL RD,N/A,SAME DIR REAR END,CLEAR,DRY,DAYLIGHT,YIELD SIGN,Yes,NO APPARENT INJURY,NOT DISTRACTED,PASSENGER CAR,SLOWING OR STOPPING,West,West,35,2016,LEXUS,0,0,0,0
Injury Crash,10-03-2022 14:58,Maryland (State),OLD GEORGETOWN RD,N/A,SAME DIR REAR END,RAINING,WET,DAYLIGHT,TRAFFIC SIGNAL,Yes,SUSPECTED MINOR INJURY,NOT DISTRACTED,PASSENGER CAR,MOVING CONSTANT SPEED,South,South,40,2014,TOYOTA,6.5,40.9,30.8,0
Property Damage Crash,10-03-2022 15:00,Maryland (State),16TH ST,N/A,SAME DIR REAR END,N/A,DRY,DAYLIGHT,NO CONTROLS,Yes,NO APPARENT INJURY,UNKNOWN,PASSENGER CAR,SLOWING OR STOPPING,South,South,35,2000,BMW,3.5,40,28.1,0
Property Damage Crash,10-03-2022 15:00,County,WILDCAT RD,N/A,SAME DIRECTION SIDESWIPE,CLEAR,DRY,DAYLIGHT,NO CONTROLS,Yes,NO APPARENT INJURY,UNKNOWN,PASSENGER CAR,PASSING,North,North,25,2007,HYUNDAI,3.1,34.5,25.6,0
Property Damage Crash,10-03-2022 15:00,Maryland (State),NEW HAMPSHIRE AVE,N/A,SAME DIR REAR END,CLEAR,DRY,DAYLIGHT,TRAFFIC SIGNAL,Yes,NO APPARENT INJURY,OTHER DISTRACTION,(SPORT) UTILITY VEHICLE,STARTING FROM LANE,North,North,40,2009,MERCEDES,7.5,291,27.5,0
Property Damage Crash,10-03-2022 15:45,Municipality,QUINCE ORCHARD BLVD,N/A,SINGLE VEHICLE,CLEAR,DRY,DARK LIGHTS ON,OTHER,Yes,NO APPARENT INJURY,NOT DISTRACTED,PASSENGER CAR,MAKING LEFT TURN,East,East,25,2011,HYUNDAI,1.7,99,19.3,0
Injury Crash,10-03-2022 15:45,US (State),COLESVILLE RD,N/A,SAME DIR REAR END,CLEAR,DRY,DAYLIGHT,N/A,Yes,NO APPARENT INJURY,NOT DISTRACTED,PICKUP TRUCK,MOVING CONSTANT SPEED,North,North,35,2003,GMC,0,0,0,0
Property Damage Crash,10-03-2022 15:45,Municipality,RUSSELL AVE,GAITHERSBURG,STRAIGHT MOVEMENT ANGLE,CLEAR,DRY,DAYLIGHT,TRAFFIC SIGNAL,Unknown,NO APPARENT INJURY,UNKNOWN,PASSENGER CAR,MOVING CONSTANT SPEED,East,East,30,2017,FORD,2.6,40.2,29.5,0
Injury Crash,10-03-2022 15:45,Interstate (State),EISENHOWER MEMORIAL HWY,N/A,SAME DIR REAR END,CLEAR,DRY,DARK NO LIGHTS,NO CONTROLS,No,POSSIBLE INJURY,NOT DISTRACTED,PASSENGER CAR,STOPPED IN TRAFFIC LANE,North,North,55,2005,NISSAN,0,0,0,0
Property Damage Crash,10-03-2022 16:23,Municipality,RESEARCH BLVD,N/A,STRAIGHT MOVEMENT ANGLE,RAINING,WET,DARK LIGHTS ON,N/A,Yes,NO APPARENT INJURY,LOOKED BUT DID NOT SEE,PASSENGER CAR,MAKING LEFT TURN,South,West,30,2014,BMW,4.4,35.8,26.5,0
Property Damage Crash,10-03-2022 16:23,Interstate (State),EISENHOWER MEMORIAL HWY,N/A,SINGLE VEHICLE,CLEAR,DRY,DARK -- UNKNOWN LIGHTING,NO CONTROLS,Yes,NO APPARENT INJURY,LOOKED BUT DID NOT SEE,POLICE VEHICLE/EMERGENCY,NEGOTIATING A CURVE,West,South,55,2014,FORD,5.6,322,49.4,0
Injury Crash,10-03-2022 16:30,Maryland (State),NEW HAMPSHIRE AVE,N/A,SAME DIR REAR END,CLEAR,DRY,DARK -- UNKNOWN LIGHTING,NO CONTROLS,Yes,NO APPARENT INJURY,NOT DISTRACTED,PASSENGER CAR,SLOWING OR STOPPING,South,South,45,1999,HOND,0,0,0,0
Injury Crash,10-03-2022 16:30,County,BROADBIRCH DR,N/A,STRAIGHT MOVEMENT ANGLE,N/A,DRY,DARK LIGHTS ON,FLASHING TRAFFIC SIGNAL,Yes,NO APPARENT INJURY,LOOKED BUT DID NOT SEE,PASSENGER CAR,SLOWING OR STOPPING,East,East,40,2005,ACURA,3.9,39.4,26.8,0
Property Damage Crash,10-03-2022 17:03,County,SAM EIG HWY,N/A,HEAD ON LEFT TURN,N/A,DRY,DARK LIGHTS ON,TRAFFIC SIGNAL,Yes,NO APPARENT INJURY,LOOKED BUT DID NOT SEE,PASSENGER CAR,MAKING LEFT TURN,West,North,25,2013,HONDA,8.5,41.4,26.1,0
Property Damage Crash,10-03-2022 17:03,County,NICHOLSON LA,N/A,OTHER,CLEAR,DRY,DAYLIGHT,TRAFFIC SIGNAL,Yes,NO APPARENT INJURY,UNKNOWN,"MEDIUM/HEAVY TRUCKS 3 AXLES (OVER 10,000LBS (4,536KG))",ACCELERATING,North,East,25,2002,STERLING,4.4,342,17.2,0
Injury Crash,10-03-2022 17:28,US (State),COLUMBIA PIKE,N/A,OTHER,CLEAR,DRY,N/A,TRAFFIC SIGNAL,Yes,NO APPARENT INJURY,USING OTHER DEVICE CONTROLS INTEGRAL TO VEHICLE,PASSENGER CAR,MOVING CONSTANT SPEED,South,South,55,2016,CHEVY,2.1,349,32,0
Fatal Crash,10-03-2022 17:28,Maryland (State),VEIRS MILL RD,N/A,SINGLE VEHICLE,CLEAR,DRY,DAYLIGHT,OTHER,Unknown,SUSPECTED MINOR INJURY,NOT DISTRACTED,PASSENGER CAR,MOVING CONSTANT SPEED,South,South,45,2003,HONDA,3.7,264,28.6,0
Injury Crash,10-03-2022 17:51,Maryland (State),CONNECTICUT AVE,N/A,SAME DIR REAR END,CLEAR,DRY,DAYLIGHT,TRAFFIC SIGNAL,Yes,NO APPARENT INJURY,NOT DISTRACTED,ALL TERRAIN VEHICLE (ATV),MOVING CONSTANT SPEED,North,North,35,2011,HOND,13.9,175,22.8,0
Property Damage Crash,10-03-2022 17:51,County,SEMINARY RD,N/A,SAME DIRECTION SIDESWIPE,CLEAR,DRY,DAYLIGHT,OTHER,Yes,NO APPARENT INJURY,NOT DISTRACTED,PASSENGER CAR,CHANGING LANES,West,West,35,2010,CHEVROLET,0,0,0,0
Property Damage Crash,10-03-2022 17:59,Maryland (State),NEW HAMPSHIRE AVE,N/A,SAME DIR REAR END,CLEAR,DRY,DAWN,TRAFFIC SIGNAL,No,NO APPARENT INJURY,NOT DISTRACTED,PASSENGER CAR,ACCELERATING,South,South,40,2007,HONDA,1.5,6,42.1,0.14
Injury Crash,10-03-2022 17:59,Maryland (State),DAMASCUS RD,N/A,ANGLE MEETS LEFT TURN,CLEAR,DRY,DAYLIGHT,STOP SIGN,Yes,SUSPECTED MINOR INJURY,NOT DISTRACTED,PASSENGER CAR,MOVING CONSTANT SPEED,South,West,30,2006,CHEVROLET,9.8,36.4,32.2,0
Property Damage Crash,10-03-2022 18:52,Maryland (State),BROOKVILLE RD,MATINS ADDITION,OTHER,CLEAR,N/A,DAYLIGHT,N/A,Yes,NO APPARENT INJURY,UNKNOWN,PICKUP TRUCK,MOVING CONSTANT SPEED,Unknown,North,25,1996,FORD,5.4,37,35,0.07
Injury Crash,10-03-2022 20:27,Maryland (State),NEW HAMPSHIRE AVE,N/A,SAME DIR REAR END,CLEAR,DRY,DARK NO LIGHTS,TRAFFIC SIGNAL,Yes,NO APPARENT INJURY,UNKNOWN,PASSENGER CAR,SLOWING OR STOPPING,North,North,45,2015,TOYOTA,5.9,325,28.7,0
Property Damage Crash,10-03-2022 20:27,County,SEMINARY RD,N/A,OTHER,CLEAR,DRY,DAYLIGHT,N/A,No,NO APPARENT INJURY,NOT DISTRACTED,PASSENGER CAR,MOVING CONSTANT SPEED,North,North,30,2014,HONDA,8,49.1,43.4,0
Injury Crash,10-03-2022 20:37,County,TUCKERMAN LA,N/A,OTHER,CLEAR,DRY,DAYLIGHT,OTHER,Yes,NO APPARENT INJURY,NOT DISTRACTED,PASSENGER CAR,MOVING CONSTANT SPEED,West,West,40,2003,VOLK,11.6,199,43.1,0
Injury Crash,10-03-2022 22:08,Maryland (State),UNIVERSITY BLVD W,N/A,SAME DIR REAR END,CLOUDY,DRY,DAYLIGHT,NO CONTROLS,No,NO APPARENT INJURY,NOT DISTRACTED,PASSENGER CAR,SLOWING OR STOPPING,West,West,35,2022,TOYOTA,1.4,39.6,37,0
Property Damage Crash,10-03-2022 22:08,,,,OTHER,CLEAR,,DAYLIGHT,N/A,Yes,NO APPARENT INJURY,DISTRACTED BY OUTSIDE PERSON OBJECT OR EVENT,PASSENGER CAR,MAKING LEFT TURN,East,South,15,2014,CHEV,4.8,322,32.1,0
Property Damage Crash,11-03-2022 00:56,Maryland (State),CONNECTICUT AVE,CHEVY CHASE VILLAGE,SAME DIR REAR END,CLOUDY,DRY,DAYLIGHT,NO CONTROLS,Yes,NO APPARENT INJURY,NOT DISTRACTED,TRANSIT BUS,SLOWING OR STOPPING,North,North,30,2009,GILL,0,0,0,0
Property Damage Crash,11-03-2022 01:37,Maryland (State),GEORGIA AVE,N/A,SAME DIR REAR END,CLEAR,DRY,DAYLIGHT,N/A,Yes,NO APPARENT INJURY,UNKNOWN,PASSENGER CAR,CHANGING LANES,North,North,35,2009,BMW,7.4,46.6,29.3,0
Injury Crash,11-03-2022 05:35,County,RANDOLPH RD,N/A,SAME DIRECTION SIDESWIPE,RAINING,WET,DAYLIGHT,TRAFFIC SIGNAL,No,SUSPECTED MINOR INJURY,NOT DISTRACTED,PASSENGER CAR,ACCELERATING,West,West,35,2012,TOYOTA,4.5,42.3,29.2,0
Property Damage Crash,11-03-2022 05:35,Maryland (State),ROCKVILLE PIKE,N/A,STRAIGHT MOVEMENT ANGLE,CLEAR,DRY,DARK LIGHTS ON,TRAFFIC SIGNAL,No,NO APPARENT INJURY,NOT DISTRACTED,PASSENGER CAR,MOVING CONSTANT SPEED,West,West,35,2013,DODGE,4.5,314,28.4,0
Property Damage Crash,11-03-2022 06:30,County,FENTON ST,N/A,OTHER,CLOUDY,DRY,DARK LIGHTS ON,TRAFFIC SIGNAL,No,NO APPARENT INJURY,NOT DISTRACTED,(SPORT) UTILITY VEHICLE,MAKING RIGHT TURN,North,West,30,2004,HONDA,11.8,188,40.4,0
Injury Crash,11-03-2022 06:30,County,SUMMIT AVE,N/A,SAME DIR REAR END,CLEAR,N/A,DARK LIGHTS ON,NO CONTROLS,Yes,SUSPECTED MINOR INJURY,LOOKED BUT DID NOT SEE,PASSENGER CAR,MOVING CONSTANT SPEED,South,South,25,2011,HOND,0,0,0,0
Property Damage Crash,11-03-2022 06:50,County,RANDOLPH RD,N/A,SINGLE VEHICLE,CLEAR,DRY,DARK LIGHTS ON,NO CONTROLS,Yes,NO APPARENT INJURY,OTHER DISTRACTION,PASSENGER CAR,MOVING CONSTANT SPEED,West,West,35,2019,TOYT,7.5,40.3,24.7,0
Property Damage Crash,11-03-2022 06:50,County,BOURNEFIELD WAY,N/A,STRAIGHT MOVEMENT ANGLE,CLEAR,DRY,DAYLIGHT,STOP SIGN,No,NO APPARENT INJURY,NOT DISTRACTED,PASSENGER CAR,STARTING FROM LANE,West,North,35,2011,TOYOTA,2.5,36.8,20.3,0
Property Damage Crash,11-03-2022 06:54,County,JONES BRIDGE RD,N/A,SAME DIR REAR END,CLEAR,DRY,DARK LIGHTS ON,TRAFFIC SIGNAL,Yes,NO APPARENT INJURY,LOOKED BUT DID NOT SEE,PASSENGER CAR,ACCELERATING,East,East,35,2013,SUBA,2.9,114,38.6,0
Property Damage Crash,11-03-2022 06:54,Maryland (State),SPENCERVILLE RD,N/A,SAME DIR REAR END,CLEAR,DRY,DARK LIGHTS ON,NO CONTROLS,No,NO APPARENT INJURY,NOT DISTRACTED,PASSENGER CAR,STOPPED IN TRAFFIC LANE,East,East,45,2009,TOYOTA,11.2,180,3.6,0
Property Damage Crash,11-03-2022 06:56,County,WESTLAKE TERR,N/A,STRAIGHT MOVEMENT ANGLE,RAINING,WET,DAYLIGHT,TRAFFIC SIGNAL,No,NO APPARENT INJURY,NOT DISTRACTED,STATION WAGON,MOVING CONSTANT SPEED,South,South,35,2013,SUBA,0,0,0,0
Property Damage Crash,11-03-2022 06:56,Maryland (State),ROCKVILLE PIKE,ROCKVILLE,SAME DIR REAR END,CLEAR,DRY,DAYLIGHT,NO CONTROLS,Yes,NO APPARENT INJURY,UNKNOWN,PASSENGER CAR,SLOWING OR STOPPING,South,South,35,2018,HONDA,6.4,352,27.5,0
Injury Crash,11-03-2022 07:23,County,MIDCOUNTY HWY,N/A,SAME DIR REAR END,FOGGY,WET,DAYLIGHT,TRAFFIC SIGNAL,No,POSSIBLE INJURY,NOT DISTRACTED,PASSENGER CAR,STOPPED IN TRAFFIC LANE,West,South,45,2006,HONDA,4.3,354,18,0
Injury Crash,11-03-2022 07:23,Maryland (State),PHILADELPHIA AVE,TAKOMA PARK,SAME DIR REAR END,CLEAR,DRY,DAYLIGHT,NO CONTROLS,No,SUSPECTED MINOR INJURY,NOT DISTRACTED,PASSENGER CAR,STOPPED IN TRAFFIC LANE,East,East,25,2013,VW,4.6,316,18,0
Injury Crash,11-03-2022 07:29,Maryland (State),UNIVERSITY BLVD E,N/A,SAME DIR REAR END,N/A,DRY,DAYLIGHT,TRAFFIC SIGNAL,Yes,NO APPARENT INJURY,NOT DISTRACTED,PASSENGER CAR,SLOWING OR STOPPING,East,East,40,2012,HONDA,4,165,41.2,0
Injury Crash,11-03-2022 07:32,Maryland (State),OLNEY SANDY SPRING RD,N/A,SAME DIR REAR END,CLEAR,WET,DAYLIGHT,TRAFFIC SIGNAL,Yes,NO APPARENT INJURY,BY OTHER OCCUPANTS,PASSENGER CAR,MOVING CONSTANT SPEED,East,East,40,2003,MAZDA,3.6,37.8,26.9,0
Injury Crash,11-03-2022 07:32,Maryland (State),NORBECK RD,N/A,SAME DIR REAR END,CLEAR,DRY,DAYLIGHT,NO CONTROLS,No,NO APPARENT INJURY,NOT DISTRACTED,PASSENGER CAR,SLOWING OR STOPPING,East,East,40,2005,MERCEDES,0,0,0,0
Property Damage Crash,11-03-2022 07:43,County,SOUTHAMPTON DR,N/A,OTHER,CLEAR,DRY,DAYLIGHT,NO CONTROLS,No,NO APPARENT INJURY,NOT DISTRACTED,VAN,SLOWING OR STOPPING,North,North,30,2007,DODGE,12.1,351,16.3,0
Property Damage Crash,11-03-2022 07:43,County,GOSHEN RD,N/A,STRAIGHT MOVEMENT ANGLE,CLOUDY,DRY,DAYLIGHT,TRAFFIC SIGNAL,No,NO APPARENT INJURY,NOT DISTRACTED,POLICE VEHICLE/EMERGENCY,MAKING LEFT TURN,South,West,35,2017,FORD,0,0,0,0
Property Damage Crash,11-03-2022 08:00,,,,OTHER,CLEAR,,DAYLIGHT,NO CONTROLS,No,NO APPARENT INJURY,NOT DISTRACTED,PASSENGER CAR,PARKED,,,0,2011,MITSUBISHI,2.9,35.9,23.5,0
Property Damage Crash,11-03-2022 08:00,Maryland (State),MASSACHUSETTS AVE,N/A,SAME DIRECTION SIDESWIPE,CLOUDY,DRY,DAYLIGHT,OTHER,Yes,NO APPARENT INJURY,OTHER DISTRACTION,PASSENGER CAR,CHANGING LANES,East,South,35,2011,TOYOTA,0,0,0,0
Injury Crash,11-03-2022 08:01,Maryland (State),GEORGIA AVE,N/A,STRAIGHT MOVEMENT ANGLE,CLEAR,DRY,DARK LIGHTS ON,NO CONTROLS,No,NO APPARENT INJURY,NOT DISTRACTED,PASSENGER CAR,MOVING CONSTANT SPEED,North,North,35,1999,TOYOTA,2,40.4,30.6,0
Injury Crash,11-03-2022 08:01,Municipality,GRAND CHAMPION DR,ROCKVILLE,STRAIGHT MOVEMENT ANGLE,CLEAR,DRY,DAYLIGHT,NO CONTROLS,Yes,NO APPARENT INJURY,DISTRACTED BY OUTSIDE PERSON OBJECT OR EVENT,PASSENGER CAR,MAKING LEFT TURN,East,North,25,2000,VW,0,0,0,0
Property Damage Crash,11-03-2022 08:05,Municipality,RUSSELL AVE,GAITHERSBURG,OPPOSITE DIRECTION SIDESWIPE,CLEAR,DRY,DAYLIGHT,TRAFFIC SIGNAL,No,NO APPARENT INJURY,NOT DISTRACTED,PASSENGER CAR,MOVING CONSTANT SPEED,North,North,25,2003,CHEVROLET,7.4,300,37.7,0
Property Damage Crash,11-03-2022 08:05,Maryland (State),PINEY BRANCH RD,N/A,OTHER,CLEAR,DRY,DARK NO LIGHTS,NO CONTROLS,No,NO APPARENT INJURY,NOT DISTRACTED,PASSENGER CAR,MOVING CONSTANT SPEED,West,West,35,2013,HOND,6.1,136,30.5,0
Injury Crash,11-03-2022 08:30,Maryland (State),UNIVERSITY BLVD E,N/A,SAME DIR REAR END,CLEAR,DRY,DAYLIGHT,NO CONTROLS,Yes,NO APPARENT INJURY,UNKNOWN,(SPORT) UTILITY VEHICLE,MOVING CONSTANT SPEED,West,West,40,2017,GMC,6.6,41.7,31.8,0
Property Damage Crash,11-03-2022 08:30,Maryland (State),OLD GEORGETOWN RD,N/A,SAME DIR REAR END,CLEAR,DRY,DAYLIGHT,TRAFFIC SIGNAL,No,NO APPARENT INJURY,NOT DISTRACTED,(SPORT) UTILITY VEHICLE,STOPPED IN TRAFFIC LANE,South,South,35,2022,AUDI,4.9,24,34.6,0.03
Injury Crash,11-03-2022 08:36,Maryland (State),CONNECTICUT AVE,N/A,STRAIGHT MOVEMENT ANGLE,RAINING,WET,DAYLIGHT,YIELD SIGN,Yes,NO APPARENT INJURY,LOOKED BUT DID NOT SEE,PASSENGER CAR,MAKING RIGHT TURN,North,West,40,1996,DODG,0,0,0,0
Property Damage Crash,11-03-2022 08:36,Maryland (State),VEIRS MILL RD,N/A,SAME DIR REAR END,CLEAR,DRY,DAYLIGHT,TRAFFIC SIGNAL,No,NO APPARENT INJURY,NOT DISTRACTED,PASSENGER CAR,STOPPED IN TRAFFIC LANE,East,East,45,2015,VOLKSWAGEN,5.8,6,19.3,0
Property Damage Crash,11-03-2022 08:45,Maryland (State),QUINCE ORCHARD RD,N/A,SAME DIR REAR END,CLEAR,DRY,DAYLIGHT,YIELD SIGN,No,NO APPARENT INJURY,NOT DISTRACTED,VAN,STOPPED IN TRAFFIC LANE,East,North,40,2014,HONDA,1.4,170,28.3,0
Property Damage Crash,11-03-2022 08:45,County,LOST KNIFE RD,N/A,SAME DIRECTION SIDESWIPE,CLEAR,DRY,DAYLIGHT,NO CONTROLS,Yes,NO APPARENT INJURY,NOT DISTRACTED,VAN,CHANGING LANES,North,North,30,2012,FORD,4,173,21.6,0
Property Damage Crash,11-03-2022 09:02,County,FENTON ST,N/A,HEAD ON LEFT TURN,CLEAR,DRY,DAYLIGHT,NO CONTROLS,Yes,NO APPARENT INJURY,NOT DISTRACTED,PASSENGER CAR,MAKING LEFT TURN,East,South,30,2015,HONDA,0,0,0,0
Property Damage Crash,11-03-2022 09:02,,,,OTHER,CLEAR,,DAYLIGHT,NO CONTROLS,No,NO APPARENT INJURY,NOT DISTRACTED,(SPORT) UTILITY VEHICLE,MOVING CONSTANT SPEED,West,West,15,2007,SUZUKI,0,0,0,0
Property Damage Crash,11-03-2022 10:01,County,NORBECK RD,N/A,OPPOSITE DIRECTION SIDESWIPE,CLEAR,DRY,DAYLIGHT,NO CONTROLS,No,NO APPARENT INJURY,NOT DISTRACTED,VAN,MOVING CONSTANT SPEED,West,West,45,2017,CHEV,3.9,52.6,51.5,0
Property Damage Crash,11-03-2022 10:01,Maryland (State),RIVER RD,N/A,OTHER,CLEAR,DRY,DAYLIGHT,NO CONTROLS,Yes,NO APPARENT INJURY,UNKNOWN,PASSENGER CAR,ACCELERATING,North,East,35,2003,NISSAN,0,0,0,0
Injury Crash,11-03-2022 10:01,County,NICHOLSON LA,N/A,STRAIGHT MOVEMENT ANGLE,CLEAR,DRY,DAYLIGHT,NO CONTROLS,Yes,POSSIBLE INJURY,UNKNOWN,PASSENGER CAR,MOVING CONSTANT SPEED,North,South,30,2007,VOLVO,6.3,39.1,24.6,0
Property Damage Crash,11-03-2022 10:30,,,,OTHER,UNKNOWN,,UNKNOWN,N/A,Unknown,NO APPARENT INJURY,NOT DISTRACTED,TRUCK TRACTOR,MOVING CONSTANT SPEED,Unknown,Unknown,25,1995,PTRB,3.3,41.3,30.2,0
Property Damage Crash,11-03-2022 10:30,County,NEWPORT MILL RD,N/A,N/A,CLEAR,DRY,DARK LIGHTS ON,NO CONTROLS,Yes,NO APPARENT INJURY,UNKNOWN,PASSENGER CAR,MOVING CONSTANT SPEED,South,South,30,2014,HYUNDAI,2.2,68,30.6,0
Property Damage Crash,11-03-2022 10:40,County,FENTON ST,N/A,OTHER,CLEAR,DRY,DAYLIGHT,N/A,Yes,NO APPARENT INJURY,LOOKED BUT DID NOT SEE,PASSENGER CAR,BACKING,North,North,25,2006,CHRYSLER,6.2,36.7,36.2,0
Injury Crash,11-03-2022 11:12,County,FOREST GLEN RD,N/A,OTHER,CLEAR,DRY,DAYLIGHT,YIELD SIGN,Yes,NO APPARENT INJURY,UNKNOWN,PASSENGER CAR,ENTERING TRAFFIC LANE,North,West,30,2013,HONDA,0,0,0,0
Property Damage Crash,11-03-2022 11:12,Ramp,RAMP 2 FR IS 495 WB TO MD 97 NB,N/A,SAME DIRECTION SIDESWIPE,CLEAR,DRY,DAYLIGHT,YIELD SIGN,No,NO APPARENT INJURY,NOT DISTRACTED,PICKUP TRUCK,MOVING CONSTANT SPEED,North,North,35,2003,FORD,5.3,52,38.1,0
Injury Crash,11-03-2022 12:29,County,MONTGOMERY VILLAGE AVE,N/A,SAME DIR REAR END,CLEAR,DRY,DAYLIGHT,TRAFFIC SIGNAL,Yes,NO APPARENT INJURY,INATTENTIVE OR LOST IN THOUGHT,PASSENGER CAR,SLOWING OR STOPPING,North,North,35,1999,TOYOTA,3.5,124,43.8,0
Injury Crash,11-03-2022 12:29,Maryland (State),NORBECK RD,N/A,STRAIGHT MOVEMENT ANGLE,CLEAR,DRY,DAYLIGHT,TRAFFIC SIGNAL,Yes,SUSPECTED MINOR INJURY,UNKNOWN,PASSENGER CAR,MAKING LEFT TURN,South,West,35,2014,TOYOTA,0,0,0,0
Property Damage Crash,11-03-2022 12:29,,,,STRAIGHT MOVEMENT ANGLE,CLEAR,,DARK LIGHTS ON,N/A,No,NO APPARENT INJURY,NOT DISTRACTED,FIRE VEHICLE/EMERGENCY,PARKED,,,15,2015,CHEV,8.6,39.8,27.8,0
Property Damage Crash,11-03-2022 13:09,,,,SAME DIRECTION SIDESWIPE,RAINING,,DAYLIGHT,NO CONTROLS,Yes,NO APPARENT INJURY,LOOKED BUT DID NOT SEE,PASSENGER CAR,PARKING,Unknown,Unknown,10,2014,FORD,4.9,42.8,42.2,0.01
Property Damage Crash,11-03-2022 13:15,,,,OPPOSITE DIRECTION SIDESWIPE,N/A,,DARK LIGHTS ON,N/A,No,NO APPARENT INJURY,NOT DISTRACTED,POLICE VEHICLE/NON EMERGENCY,PARKED,,,5,2014,FORD,4.8,39.3,36.1,0
Injury Crash,11-03-2022 13:15,Maryland (State),NEW HAMPSHIRE AVE,N/A,STRAIGHT MOVEMENT ANGLE,N/A,DRY,DARK LIGHTS ON,TRAFFIC SIGNAL,No,POSSIBLE INJURY,NOT DISTRACTED,PASSENGER CAR,MAKING LEFT TURN,South,West,40,2005,HOND,9.2,334,30.7,0
Injury Crash,11-03-2022 14:53,County,GAITHER RD,N/A,SINGLE VEHICLE,CLOUDY,DRY,DAYLIGHT,TRAFFIC SIGNAL,Yes,NO APPARENT INJURY,UNKNOWN,VAN,MAKING RIGHT TURN,South,East,25,2001,FORD,1.1,276,41.5,0
Property Damage Crash,11-03-2022 14:53,Maryland (State),HUNGERFORD DR,N/A,SAME DIRECTION SIDESWIPE,CLEAR,DRY,DAYLIGHT,NO CONTROLS,Unknown,NO APPARENT INJURY,UNKNOWN,TRUCK TRACTOR,MOVING CONSTANT SPEED,South,South,40,2007,PETERBILT,0,0,0,0
Injury Crash,11-03-2022 14:54,County,DEMOCRACY LA,N/A,OTHER,CLEAR,DRY,DAYLIGHT,STOP SIGN,Yes,NO APPARENT INJURY,LOOKED BUT DID NOT SEE,"OTHER LIGHT TRUCKS (10,000LBS (4,536KG) OR LESS)",ACCELERATING,West,South,25,2007,HONDA,0,0,0,0
Property Damage Crash,11-03-2022 14:54,County,WISCONSIN CIR,N/A,OTHER,CLEAR,DRY,DAYLIGHT,TRAFFIC SIGNAL,Yes,NO APPARENT INJURY,NOT DISTRACTED,TRANSIT BUS,MAKING LEFT TURN,North,East,25,2012,NEW FLYER,2.1,33.1,24.2,0
Property Damage Crash,11-03-2022 15:30,County,EXFAIR RD,N/A,SINGLE VEHICLE,CLEAR,DRY,DARK LIGHTS ON,NO CONTROLS,Yes,NO APPARENT INJURY,NOT DISTRACTED,POLICE VEHICLE/NON EMERGENCY,PARKING,South,South,25,2013,FORD,8.2,192,23,0
Property Damage Crash,11-03-2022 15:45,Maryland (State),EAST WEST HWY,N/A,STRAIGHT MOVEMENT ANGLE,CLEAR,DRY,DARK LIGHTS ON,NO CONTROLS,No,NO APPARENT INJURY,NOT DISTRACTED,TRANSIT BUS,MOVING CONSTANT SPEED,East,East,35,2014,GILL,7.4,55.4,44.4,0