ACRS Report Type,Date and Time,Route Type,Road Name,Municipality,Collision Type,Weather,Surface Condition,Light,Traffic Control,Driver At Fault,Injury Severity,Driver Distracted By,Vehicle Body Type,Vehicle Movement,Vehicle Continuing Dir,Vehicle Going Dir,Speed Limit,Vehicle Year,Vehicle Make,Wind Speed (MPH),TMP10-DK ,Relative Humidity (%),Rain (Inches)
Property Damage Crash,11-03-2022 15:45,Interstate (State),CAPITAL BELTWAY,N/A,SAME DIR REAR END,CLEAR,DRY,DAYLIGHT,NO CONTROLS,No,NO APPARENT INJURY,NOT DISTRACTED,SCHOOL BUS,STOPPED IN TRAFFIC LANE,North,West,25,2012,THOMAS,3.7,17,30,0
Property Damage Crash,11-03-2022 15:50,County,OLD COLUMBIA PIKE,N/A,HEAD ON LEFT TURN,CLEAR,DRY,DAYLIGHT,TRAFFIC SIGNAL,Yes,NO APPARENT INJURY,NOT DISTRACTED,PASSENGER CAR,MAKING LEFT TURN,West,North,40,1999,MERZ,6.4,312,29.9,0
Property Damage Crash,11-03-2022 15:50,Maryland (State),NEW HAMPSHIRE AVE,N/A,HEAD ON LEFT TURN,RAINING,WET,DAWN,NO CONTROLS,No,NO APPARENT INJURY,NOT DISTRACTED,(SPORT) UTILITY VEHICLE,MOVING CONSTANT SPEED,South,South,35,2008,HONDA,0,0,0,0
Injury Crash,11-03-2022 16:35,Maryland (State),WOODFIELD RD,N/A,SAME DIR REAR END,CLEAR,DRY,DAWN,OTHER,No,POSSIBLE INJURY,NOT DISTRACTED,PICKUP TRUCK,STOPPED IN TRAFFIC LANE,North,North,0,2021,TOYT,1.8,32,28.6,0
Injury Crash,11-03-2022 16:35,Maryland (State),GEORGIA AVE,N/A,STRAIGHT MOVEMENT ANGLE,CLEAR,DRY,DAYLIGHT,N/A,No,SUSPECTED MINOR INJURY,NOT DISTRACTED,PASSENGER CAR,MOVING CONSTANT SPEED,South,South,35,2008,NISSAN,0,0,0,0
Injury Crash,11-03-2022 17:00,Maryland (State),GEORGIA AVE,N/A,OTHER,OTHER,DRY,DAYLIGHT,TRAFFIC SIGNAL,Unknown,POSSIBLE INJURY,UNKNOWN,VAN,MOVING CONSTANT SPEED,South,South,35,2019,CHEVY,0,0,0,0
Property Damage Crash,11-03-2022 17:10,US (State),GEORGIA AVE,N/A,STRAIGHT MOVEMENT ANGLE,CLEAR,DRY,DAYLIGHT,TRAFFIC SIGNAL,Unknown,NO APPARENT INJURY,UNKNOWN,PASSENGER CAR,MOVING CONSTANT SPEED,North,North,30,2009,ACURA,6.9,159,41.4,0
Property Damage Crash,11-03-2022 17:10,Municipality,BALTIMORE RD,ROCKVILLE,OTHER,CLEAR,DRY,DARK LIGHTS ON,N/A,Yes,NO APPARENT INJURY,UNKNOWN,PICKUP TRUCK,MOVING CONSTANT SPEED,East,East,25,2022,GMC,0,0,0,0
Property Damage Crash,11-03-2022 17:20,Maryland (State),NEW HAMPSHIRE AVE,N/A,SAME DIR REAR END,CLEAR,DRY,DARK LIGHTS ON,TRAFFIC SIGNAL,Yes,NO APPARENT INJURY,LOOKED BUT DID NOT SEE,PASSENGER CAR,SLOWING OR STOPPING,South,South,40,1998,HONDA,2.1,37,25.6,0
Property Damage Crash,11-03-2022 17:20,,,,OTHER,CLEAR,,DAYLIGHT,NO CONTROLS,Yes,NO APPARENT INJURY,UNKNOWN,PASSENGER CAR,PARKING,North,North,25,2010,NISSAN,1.7,41,25.5,0
Injury Crash,11-03-2022 17:30,County,SHADY GROVE RD,ROCKVILLE,HEAD ON LEFT TURN,CLEAR,DRY,DAYLIGHT,TRAFFIC SIGNAL,No,SUSPECTED MINOR INJURY,NOT DISTRACTED,PASSENGER CAR,MOVING CONSTANT SPEED,North,North,35,2012,HONDA,1.7,49.7,40.9,0
Property Damage Crash,11-03-2022 17:30,County,MACARTHUR BLVD,GLEN ECHO,SAME DIR REAR END,CLEAR,DRY,DAYLIGHT,N/A,Yes,NO APPARENT INJURY,OTHER DISTRACTION,OTHER,SLOWING OR STOPPING,South,South,30,2007,FORD,7.6,119,28.3,0
Property Damage Crash,11-03-2022 18:00,County,HEWITT AVE,N/A,SAME DIR REAR END,CLEAR,WET,DARK LIGHTS ON,TRAFFIC SIGNAL,No,NO APPARENT INJURY,NOT DISTRACTED,PASSENGER CAR,STOPPED IN TRAFFIC LANE,South,South,30,2004,LINCOLN,7.3,305,39.5,0
Property Damage Crash,11-03-2022 18:00,Maryland (State),OLNEY SANDY SPRING RD,N/A,HEAD ON LEFT TURN,CLOUDY,DRY,DAYLIGHT,TRAFFIC SIGNAL,Yes,NO APPARENT INJURY,NOT DISTRACTED,PASSENGER CAR,MAKING LEFT TURN,South,West,30,2011,CHRYSLER,3.2,60.2,37.6,0
Property Damage Crash,11-03-2022 19:00,Maryland (State),GEORGIA AVE,N/A,SAME DIR REAR END,N/A,DRY,DAYLIGHT,N/A,Yes,NO APPARENT INJURY,LOOKED BUT DID NOT SEE,PASSENGER CAR,MOVING CONSTANT SPEED,North,North,30,1999,MAZDA,4,42.8,29.1,0
Injury Crash,11-03-2022 19:00,Interstate (State),EISENHOWER MEMORIAL HWY,N/A,SAME DIR REAR END,RAINING,WET,DAYLIGHT,NO CONTROLS,Yes,SUSPECTED MINOR INJURY,NOT DISTRACTED,PASSENGER CAR,MOVING CONSTANT SPEED,South,South,55,1998,TOYOTA,7.8,345,33.2,0.03
Injury Crash,11-03-2022 19:18,Maryland (State),MONTGOMERY VILLAGE AVE,N/A,SAME DIR REAR END,CLOUDY,WET,DAYLIGHT,TRAFFIC SIGNAL,No,SUSPECTED MINOR INJURY,NOT DISTRACTED,PASSENGER CAR,STOPPED IN TRAFFIC LANE,East,South,35,2011,HONDA,5,60.5,39.1,0
Property Damage Crash,11-03-2022 19:18,Maryland (State),OLD GEORGETOWN RD,N/A,SAME DIR REAR END,RAINING,WET,DAYLIGHT,TRAFFIC SIGNAL,Yes,NO APPARENT INJURY,NOT DISTRACTED,PASSENGER CAR,SLOWING OR STOPPING,South,South,40,1995,TOYOTA,1.2,348,19.5,0
Property Damage Crash,11-03-2022 19:18,Maryland (State),PINEY BRANCH RD,N/A,SAME DIR REAR END,CLEAR,DRY,DAYLIGHT,NO CONTROLS,No,NO APPARENT INJURY,NOT DISTRACTED,PASSENGER CAR,SLOWING OR STOPPING,South,South,30,2018,NISSAN,12.1,323,31,0
Property Damage Crash,11-03-2022 20:04,Maryland (State),PINEY BRANCH RD,N/A,SAME DIR REAR END,CLEAR,DRY,DAYLIGHT,N/A,No,NO APPARENT INJURY,NOT DISTRACTED,TRANSIT BUS,STOPPED IN TRAFFIC LANE,South,South,30,2016,GILL,7.3,146,56.8,0.22
Property Damage Crash,11-03-2022 20:04,,,,OTHER,N/A,,DUSK,NO CONTROLS,Yes,NO APPARENT INJURY,NOT DISTRACTED,PASSENGER CAR,BACKING,South,Unknown,15,2011,HYUNDAI,3.5,45.1,22.5,0
Property Damage Crash,11-03-2022 20:04,Maryland (State),GEORGIA AVE,N/A,SAME DIRECTION SIDESWIPE,CLEAR,N/A,DAYLIGHT,N/A,Yes,NO APPARENT INJURY,UNKNOWN,PASSENGER CAR,MOVING CONSTANT SPEED,South,South,45,2006,TOYOTA,1.9,65,19.1,0
Property Damage Crash,12-03-2022 00:30,County,LOST KNIFE RD,N/A,SAME DIRECTION SIDESWIPE,RAINING,WET,DARK LIGHTS ON,NO CONTROLS,No,NO APPARENT INJURY,NOT DISTRACTED,PASSENGER CAR,MOVING CONSTANT SPEED,South,South,30,2022,BMW,5.3,288,23.6,0
Property Damage Crash,12-03-2022 00:30,Maryland (State),GEORGIA AVE,N/A,SAME DIR REAR END,CLEAR,WET,DAYLIGHT,N/A,No,NO APPARENT INJURY,NOT DISTRACTED,PASSENGER CAR,STOPPED IN TRAFFIC LANE,North,North,35,2020,TOYOTA,0,0,0,0
Property Damage Crash,12-03-2022 02:28,Maryland (State),NORBECK RD,N/A,SAME DIRECTION SIDESWIPE,CLEAR,DRY,DAYLIGHT,TRAFFIC SIGNAL,Yes,NO APPARENT INJURY,LOOKED BUT DID NOT SEE,PASSENGER CAR,CHANGING LANES,East,East,45,2007,BMW,4.9,282,-2.1,0
Injury Crash,12-03-2022 05:00,Maryland (State),VEIRS MILL RD,ROCKVILLE,SAME DIR REAR END,CLEAR,WET,DAYLIGHT,TRAFFIC SIGNAL,No,NO APPARENT INJURY,NOT DISTRACTED,VAN,STOPPED IN TRAFFIC LANE,West,West,40,2012,MERZ,2.7,41.7,29.6,0
Property Damage Crash,12-03-2022 06:50,US (State),COLESVILLE RD,N/A,HEAD ON LEFT TURN,CLEAR,DRY,DAYLIGHT,TRAFFIC SIGNAL,Yes,NO APPARENT INJURY,NOT DISTRACTED,PASSENGER CAR,STARTING FROM LANE,East,South,35,2007,CHRY,0,0,0,0
Property Damage Crash,12-03-2022 06:50,County,MIDCOUNTY HWY,N/A,SAME DIR REAR END,CLEAR,DRY,DAWN,TRAFFIC SIGNAL,Yes,NO APPARENT INJURY,UNKNOWN,PASSENGER CAR,SKIDDING,South,South,45,2004,TOYOTA,2.1,33,39,0
Injury Crash,12-03-2022 08:03,Maryland (State),DARNESTOWN RD,N/A,STRAIGHT MOVEMENT ANGLE,CLOUDY,DRY,DAYLIGHT,STOP SIGN,No,NO APPARENT INJURY,NOT DISTRACTED,PASSENGER CAR,MOVING CONSTANT SPEED,East,East,40,2013,CHEV,6.6,36.3,23,0
Injury Crash,12-03-2022 11:00,Maryland (State),HUNGERFORD DR,ROCKVILLE,SAME DIR REAR END,CLEAR,DRY,DAYLIGHT,N/A,Yes,NO APPARENT INJURY,UNKNOWN,UNKNOWN,SLOWING OR STOPPING,South,South,30,0,UNK,2.7,29,28.4,0
Property Damage Crash,12-03-2022 11:30,Maryland (State),UNIVERSITY BLVD W,N/A,SAME DIRECTION SIDESWIPE,N/A,DRY,DARK LIGHTS ON,OTHER,No,NO APPARENT INJURY,NOT DISTRACTED,OTHER,MOVING CONSTANT SPEED,West,West,35,2009,HONDA,15.8,174,38.3,0
Property Damage Crash,12-03-2022 12:00,Maryland (State),RIVER RD,N/A,SAME DIRECTION LEFT TURN,CLEAR,DRY,DAYLIGHT,TRAFFIC SIGNAL,No,NO APPARENT INJURY,NOT DISTRACTED,TRANSIT BUS,STARTING FROM LANE,West,West,35,2016,NEW FLYER,10.3,65.1,57.2,0
Property Damage Crash,12-03-2022 12:00,Maryland (State),FREDERICK RD,N/A,HEAD ON LEFT TURN,CLEAR,DRY,DARK LIGHTS ON,NO CONTROLS,Yes,NO APPARENT INJURY,NOT DISTRACTED,PASSENGER CAR,MAKING U TURN,South,North,40,2006,PONT,3.3,37.6,36.8,0
Property Damage Crash,12-03-2022 12:15,Maryland (State),NEW HAMPSHIRE AVE,TAKOMA PARK,SAME DIR REAR END,CLEAR,DRY,DARK LIGHTS ON,NO CONTROLS,No,NO APPARENT INJURY,NOT DISTRACTED,PASSENGER CAR,MOVING CONSTANT SPEED,South,South,35,2014,FORD,1.8,60.2,55.2,0
Injury Crash,12-03-2022 12:17,County,GOSHEN RD,N/A,SAME DIR REAR END,CLEAR,DRY,DAYLIGHT,NO CONTROLS,No,NO APPARENT INJURY,NOT DISTRACTED,PASSENGER CAR,STOPPED IN TRAFFIC LANE,North,North,35,2017,TOYOYA,1.7,278,46.9,0
Property Damage Crash,12-03-2022 12:17,Maryland (State),GEORGIA AVE,N/A,SAME DIR BOTH LEFT TURN,CLEAR,DRY,DARK LIGHTS ON,TRAFFIC SIGNAL,No,NO APPARENT INJURY,NOT DISTRACTED,PICKUP TRUCK,MAKING LEFT TURN,West,West,25,2015,FORD,6,38.2,26,0
Injury Crash,12-03-2022 12:29,County,SHADY GROVE RD,ROCKVILLE,STRAIGHT MOVEMENT ANGLE,CLEAR,DRY,DAYLIGHT,TRAFFIC SIGNAL,Yes,SUSPECTED MINOR INJURY,LOOKED BUT DID NOT SEE,PASSENGER CAR,MAKING LEFT TURN,West,North,35,2006,VOLV,11.5,27.7,18.7,0
Property Damage Crash,12-03-2022 12:29,Municipality,E GUDE DR,ROCKVILLE,STRAIGHT MOVEMENT ANGLE,CLEAR,DRY,DAYLIGHT,NO CONTROLS,Yes,NO APPARENT INJURY,LOOKED BUT DID NOT SEE,PASSENGER CAR,ACCELERATING,East,South,10,2016,FORD,5.4,170,21,0
Property Damage Crash,12-03-2022 12:30,Maryland (State),RIVER RD,N/A,SAME DIR REAR END,RAINING,WET,DAYLIGHT,TRAFFIC SIGNAL,No,NO APPARENT INJURY,NOT DISTRACTED,PASSENGER CAR,STOPPED IN TRAFFIC LANE,West,West,35,2015,HONDA,0,0,0,0
Property Damage Crash,12-03-2022 12:30,County,GAINSBOROUGH RD,N/A,STRAIGHT MOVEMENT ANGLE,CLEAR,DRY,DARK LIGHTS ON,STOP SIGN,Yes,NO APPARENT INJURY,NOT DISTRACTED,(SPORT) UTILITY VEHICLE,MAKING LEFT TURN,East,East,25,2019,TOYT,2.3,110,31.1,0
Property Damage Crash,12-03-2022 12:43,Municipality,DUNCAN BRANCH CT,N/A,OTHER,SNOW,WET,DAYLIGHT,NO CONTROLS,Yes,NO APPARENT INJURY,LOOKED BUT DID NOT SEE,SCHOOL BUS,MAKING U TURN,North,North,15,2008,THOMAS,0,0,0,0
Injury Crash,12-03-2022 12:43,Maryland (State),ROCKVILLE PIKE,N/A,SAME DIR REAR END,RAINING,WET,DAYLIGHT,N/A,Yes,NO APPARENT INJURY,NOT DISTRACTED,FIRE VEHICLE/EMERGENCY,ACCELERATING,North,North,40,2008,RIMSON,2.7,39,38.1,0
Property Damage Crash,12-03-2022 15:00,County,BURNING TREE RD,N/A,STRAIGHT MOVEMENT ANGLE,RAINING,WET,DAYLIGHT,STOP SIGN,No,NO APPARENT INJURY,NOT DISTRACTED,PASSENGER CAR,MOVING CONSTANT SPEED,West,West,35,2006,VOLVO,2.3,36.9,22.6,0
Injury Crash,12-03-2022 15:00,County,ST MARYS RD,N/A,SAME DIR REAR END,CLOUDY,WET,DAYLIGHT,STOP SIGN,No,SUSPECTED MINOR INJURY,NOT DISTRACTED,PASSENGER CAR,STOPPED IN TRAFFIC LANE,South,South,25,2018,TOYOTA,11.7,341,19,0
Property Damage Crash,12-03-2022 15:10,,,,STRAIGHT MOVEMENT ANGLE,CLOUDY,,DAYLIGHT,NO CONTROLS,No,NO APPARENT INJURY,NOT DISTRACTED,TRANSIT BUS,MOVING CONSTANT SPEED,North,North,25,2008,NEW FLYER,3.5,41.2,41.2,0
Property Damage Crash,12-03-2022 15:10,Maryland (State),CONNECTICUT AVE,N/A,SAME DIR REAR END,CLEAR,DRY,DARK LIGHTS ON,NO CONTROLS,Yes,NO APPARENT INJURY,NOT DISTRACTED,PASSENGER CAR,SLOWING OR STOPPING,North,North,35,2004,TOYOTA,0,0,0,0
Injury Crash,12-03-2022 15:26,County,SEMINARY RD,N/A,STRAIGHT MOVEMENT ANGLE,RAINING,WET,DAYLIGHT,STOP SIGN,No,NO APPARENT INJURY,UNKNOWN,(SPORT) UTILITY VEHICLE,MOVING CONSTANT SPEED,East,East,35,1996,JEEP,8.6,326,39.6,0
Property Damage Crash,12-03-2022 15:26,Other Public Roadway,MONTROSE PKWY,N/A,SAME DIR REAR END,CLEAR,DRY,DAYLIGHT,NO CONTROLS,Yes,NO APPARENT INJURY,UNKNOWN,PASSENGER CAR,MOVING CONSTANT SPEED,West,West,35,2007,CHEVROLET,0,0,0,0
Injury Crash,12-03-2022 15:44,Interstate (State),CAPITAL BELTWAY,N/A,SAME DIR REAR END,CLEAR,DRY,DAYLIGHT,NO CONTROLS,No,SUSPECTED MINOR INJURY,NOT DISTRACTED,PASSENGER CAR,MOVING CONSTANT SPEED,East,East,55,2009,HONDA,3.7,10,31.7,0
Injury Crash,12-03-2022 15:44,Maryland (State),NEW HAMPSHIRE AVE,N/A,HEAD ON,CLEAR,DRY,DUSK,N/A,No,NO APPARENT INJURY,NOT DISTRACTED,PICKUP TRUCK,MOVING CONSTANT SPEED,South,South,45,2019,TOYOTA,0,0,0,0
Injury Crash,12-03-2022 18:00,County,ARCOLA AVE,N/A,SAME DIR REAR END,CLEAR,DRY,DAYLIGHT,NO CONTROLS,No,SUSPECTED MINOR INJURY,NOT DISTRACTED,PASSENGER CAR,SLOWING OR STOPPING,West,West,35,2016,HONDA,5.2,314,12.2,0
Injury Crash,12-03-2022 18:00,Maryland (State),ROCKVILLE PIKE,N/A,STRAIGHT MOVEMENT ANGLE,CLOUDY,DRY,DAYLIGHT,TRAFFIC SIGNAL,No,SUSPECTED MINOR INJURY,NOT DISTRACTED,PASSENGER CAR,MOVING CONSTANT SPEED,West,West,30,2000,JEEP,0,0,0,0
Injury Crash,12-03-2022 18:20,Maryland (State),FREDERICK RD,N/A,HEAD ON LEFT TURN,CLEAR,DRY,DAYLIGHT,TRAFFIC SIGNAL,Unknown,SUSPECTED SERIOUS INJURY,UNKNOWN,PASSENGER CAR,MOVING CONSTANT SPEED,North,North,40,1976,FORD,0,0,0,0
Injury Crash,12-03-2022 18:51,Maryland (State),ETHAN ALLEN AVE,N/A,OTHER,CLEAR,DRY,DAYLIGHT,TRAFFIC SIGNAL,Unknown,NO APPARENT INJURY,UNKNOWN,PASSENGER CAR,MAKING LEFT TURN,South,West,35,2012,CHEV,9,294,19.5,0
Injury Crash,12-03-2022 18:51,County,RANDOLPH RD,N/A,SAME DIRECTION RIGHT TURN,CLOUDY,DRY,DUSK,TRAFFIC SIGNAL,Yes,NO APPARENT INJURY,LOOKED BUT DID NOT SEE,(SPORT) UTILITY VEHICLE,CHANGING LANES,East,East,40,2017,BUICK,0,0,0,0
Injury Crash,12-03-2022 19:08,Maryland (State),OLNEY LAYTONSVILLE RD,N/A,SINGLE VEHICLE,CLEAR,DRY,DARK NO LIGHTS,NO CONTROLS,No,POSSIBLE INJURY,NOT DISTRACTED,MOTORCYCLE,MOVING CONSTANT SPEED,East,East,40,2014,SUZI,1.6,16,28.8,0
Property Damage Crash,12-03-2022 19:08,County,HARBOUR TOWN DR,N/A,SINGLE VEHICLE,CLEAR,SNOW,DAYLIGHT,NO CONTROLS,Yes,NO APPARENT INJURY,NOT DISTRACTED,SCHOOL BUS,MAKING RIGHT TURN,West,South,25,2008,THOMAS,3.6,353,27.4,0
Injury Crash,12-03-2022 20:50,Maryland (State),UNIVERSITY BLVD W,N/A,SAME DIR REAR END,CLEAR,DRY,DAYLIGHT,TRAFFIC SIGNAL,Yes,NO APPARENT INJURY,NOT DISTRACTED,(SPORT) UTILITY VEHICLE,MOVING CONSTANT SPEED,East,East,40,2004,MITSHUBISHI,12.1,307,23,0
Property Damage Crash,12-03-2022 20:50,Maryland (State),NEW HAMPSHIRE AVE,N/A,SAME DIR REAR END,CLEAR,DRY,DAYLIGHT,NO CONTROLS,No,NO APPARENT INJURY,NOT DISTRACTED,PASSENGER CAR,MOVING CONSTANT SPEED,North,North,40,2009,TOYT,0,0,0,0
Property Damage Crash,12-03-2022 20:50,County,GRANDVIEW AVE,N/A,SAME DIR REND LEFT TURN,RAINING,WET,DAYLIGHT,NO CONTROLS,Yes,NO APPARENT INJURY,NOT DISTRACTED,PASSENGER CAR,ACCELERATING,North,North,25,2010,FORD,3.5,199,44.1,0
Property Damage Crash,12-03-2022 22:40,County,INDUSTRIAL DR,N/A,SAME DIR REAR END,RAINING,WET,DAYLIGHT,N/A,Yes,NO APPARENT INJURY,NOT DISTRACTED,"CARGO VAN/LIGHT TRUCK 2 AXLES (OVER 10,000LBS (4,536 KG))",BACKING,East,East,25,2016,ISU,1.8,39.4,37.8,0
Injury Crash,12-03-2022 22:40,Maryland (State),NORBECK RD,N/A,SAME DIR REAR END,CLEAR,DRY,DAYLIGHT,TRAFFIC SIGNAL,No,POSSIBLE INJURY,NOT DISTRACTED,PASSENGER CAR,SLOWING OR STOPPING,East,East,50,2017,DODGE,4.4,68,35.9,0
Property Damage Crash,12-03-2022 23:30,Maryland (State),CONNECTICUT AVE,CHEVY CHASE #3,OTHER,CLEAR,DRY,DAYLIGHT,NO CONTROLS,No,NO APPARENT INJURY,NOT DISTRACTED,TRANSIT BUS,STOPPED IN TRAFFIC LANE,North,North,30,2002,ORION,9.2,200,19.7,0
Property Damage Crash,12-03-2022 23:30,Maryland (State),COLESVILLE RD,N/A,SAME DIRECTION RIGHT TURN,CLEAR,DRY,DARK LIGHTS ON,TRAFFIC SIGNAL,No,NO APPARENT INJURY,NOT DISTRACTED,POLICE VEHICLE/EMERGENCY,SLOWING OR STOPPING,East,East,30,2015,TOYOTA,0,0,0,0
Property Damage Crash,01-04-2022 00:20,US (State),COLESVILLE RD,N/A,SINGLE VEHICLE,CLOUDY,DRY,DAYLIGHT,NO CONTROLS,Yes,NO APPARENT INJURY,NOT DISTRACTED,POLICE VEHICLE/EMERGENCY,CHANGING LANES,South,South,35,2014,DODGE,1.5,206,33,0
Injury Crash,01-04-2022 02:31,,,,OTHER,CLEAR,,DAYLIGHT,N/A,Yes,NO APPARENT INJURY,UNKNOWN,PASSENGER CAR,MAKING LEFT TURN,West,North,15,2007,MERZ,6,37,36.7,0.05
Property Damage Crash,01-04-2022 02:31,Maryland (State),WOODFIELD RD,N/A,SINGLE VEHICLE,CLOUDY,WET,DAYLIGHT,N/A,Yes,NO APPARENT INJURY,NOT DISTRACTED,PASSENGER CAR,MAKING LEFT TURN,North,East,35,2005,NISSAN,0,0,0,0
Property Damage Crash,01-04-2022 06:25,,,,OTHER,CLEAR,,DAYLIGHT,NO CONTROLS,No,NO APPARENT INJURY,NOT DISTRACTED,"CARGO VAN/LIGHT TRUCK 2 AXLES (OVER 10,000LBS (4,536 KG))",ACCELERATING,South,South,10,2016,FORD,8.4,37.5,16.4,0
Property Damage Crash,01-04-2022 06:46,County,CENTERWAY RD,N/A,STRAIGHT MOVEMENT ANGLE,CLEAR,DRY,DAYLIGHT,NO CONTROLS,No,NO APPARENT INJURY,NOT DISTRACTED,PASSENGER CAR,MOVING CONSTANT SPEED,West,West,35,2009,NISSAN,7.4,38.2,24.2,0
Property Damage Crash,01-04-2022 06:46,Maryland (State),FISHER AVE,POOLESVILLE,SINGLE VEHICLE,N/A,DRY,DAYLIGHT,N/A,Yes,NO APPARENT INJURY,UNKNOWN,"OTHER LIGHT TRUCKS (10,000LBS (4,536KG) OR LESS)",MOVING CONSTANT SPEED,West,West,25,2016,FORD,9.7,195,-0.1,0
Property Damage Crash,01-04-2022 07:20,County,OAKMONT AVE,N/A,SAME DIR REND RIGHT TURN,RAINING,WET,DAYLIGHT,TRAFFIC SIGNAL,Yes,NO APPARENT INJURY,NOT DISTRACTED,TRANSIT BUS,SLOWING OR STOPPING,East,North,35,2014,FORD,2.3,34.1,27.4,0
Property Damage Crash,01-04-2022 07:20,County,OLD COLUMBIA PIKE,N/A,SINGLE VEHICLE,CLEAR,DRY,DARK LIGHTS ON,NO CONTROLS,Yes,NO APPARENT INJURY,NOT DISTRACTED,TRUCK TRACTOR,BACKING,West,West,5,2015,KENILWORTH,0,0,0,0
Injury Crash,01-04-2022 07:25,US (State),COLUMBIA PIKE,N/A,STRAIGHT MOVEMENT ANGLE,N/A,WET,DAYLIGHT,TRAFFIC SIGNAL,Yes,NO APPARENT INJURY,NOT DISTRACTED,PASSENGER CAR,MOVING CONSTANT SPEED,North,North,40,2004,NISSAN,5.2,56,30.5,0
Property Damage Crash,01-04-2022 07:25,County,NICHOLSON CT,N/A,STRAIGHT MOVEMENT ANGLE,CLEAR,DRY,DAYLIGHT,NO CONTROLS,No,NO APPARENT INJURY,NOT DISTRACTED,PASSENGER CAR,MOVING CONSTANT SPEED,West,West,25,2017,NISSAN,12.9,34.3,20.4,0
Property Damage Crash,01-04-2022 07:56,US (State),COLESVILLE RD,N/A,OTHER,CLEAR,DRY,DUSK,NO CONTROLS,Yes,NO APPARENT INJURY,NOT DISTRACTED,PASSENGER CAR,CHANGING LANES,North,North,35,2018,HONDA,0,0,0,0
Property Damage Crash,01-04-2022 08:20,Maryland (State),FREDERICK RD,N/A,SAME DIR REAR END,CLEAR,DRY,N/A,NO CONTROLS,No,NO APPARENT INJURY,NOT DISTRACTED,PASSENGER CAR,MOVING CONSTANT SPEED,South,South,40,2014,TOYOTA,3.1,289,29,0
Injury Crash,01-04-2022 08:49,Maryland (State),NEW HAMPSHIRE AVE,N/A,SAME DIR REAR END,CLEAR,DRY,DAYLIGHT,TRAFFIC SIGNAL,No,POSSIBLE INJURY,NOT DISTRACTED,OTHER,STOPPED IN TRAFFIC LANE,North,North,45,2016,CHEVROLET,7.5,344,19.1,0
Injury Crash,01-04-2022 08:49,County,WASHINGTON GROVE LA,N/A,SAME DIR REAR END,CLEAR,DRY,DARK LIGHTS ON,TRAFFIC SIGNAL,Yes,NO APPARENT INJURY,OTHER DISTRACTION,PASSENGER CAR,MOVING CONSTANT SPEED,North,North,30,2001,CHEVROLET,0,0,0,0
Property Damage Crash,01-04-2022 08:55,US (State),COLUMBIA PIKE,N/A,SAME DIR REAR END,CLEAR,DRY,DAYLIGHT,TRAFFIC SIGNAL,Yes,NO APPARENT INJURY,NOT DISTRACTED,PASSENGER CAR,SLOWING OR STOPPING,South,South,40,2004,VOLK,10.7,323,20,0
Property Damage Crash,01-04-2022 09:09,Maryland (State),LAYHILL RD,N/A,STRAIGHT MOVEMENT ANGLE,CLEAR,DRY,DAYLIGHT,STOP SIGN,No,NO APPARENT INJURY,NOT DISTRACTED,PASSENGER CAR,MOVING CONSTANT SPEED,South,South,40,2006,FORD,3.4,37.8,34.7,0
Property Damage Crash,01-04-2022 09:51,Maryland (State),W MONTGOMERY AVE,N/A,SAME DIRECTION SIDESWIPE,CLEAR,DRY,DAYLIGHT,TRAFFIC SIGNAL,No,NO APPARENT INJURY,NOT DISTRACTED,PASSENGER CAR,MAKING RIGHT TURN,North,West,30,2007,AUDI,2.2,34.4,23.9,0
Property Damage Crash,01-04-2022 09:51,Maryland (State),MONTGOMERY VILLAGE AVE,N/A,SAME DIR REAR END,RAINING,WET,DAYLIGHT,TRAFFIC SIGNAL,Yes,NO APPARENT INJURY,INATTENTIVE OR LOST IN THOUGHT,PASSENGER CAR,SLOWING OR STOPPING,East,East,40,2004,VOLV,3.2,210,29.4,0
Injury Crash,01-04-2022 12:23,Maryland (State),FIRST ST,ROCKVILLE,HEAD ON LEFT TURN,CLOUDY,DRY,DAYLIGHT,TRAFFIC SIGNAL,Yes,NO APPARENT INJURY,UNKNOWN,VAN,MAKING LEFT TURN,South,West,40,2003,DODGE,0,0,0,0
Property Damage Crash,01-04-2022 12:35,County,TWINBROOK PKWY,N/A,SAME DIRECTION SIDESWIPE,CLEAR,DRY,DAYLIGHT,TRAFFIC SIGNAL,Yes,NO APPARENT INJURY,UNKNOWN,(SPORT) UTILITY VEHICLE,CHANGING LANES,East,South,35,2015,HONDA,7,43.8,28.9,0
Property Damage Crash,01-04-2022 12:35,Maryland (State),CLOPPER RD,GAITHERSBURG,HEAD ON LEFT TURN,CLEAR,DRY,N/A,TRAFFIC SIGNAL,Yes,NO APPARENT INJURY,NOT DISTRACTED,PASSENGER CAR,MOVING CONSTANT SPEED,South,East,35,2004,FORD,1.6,48.2,45.6,0
Property Damage Crash,01-04-2022 14:33,Maryland (State),GEORGIA AVE,N/A,SAME DIRECTION SIDESWIPE,CLEAR,DRY,DAYLIGHT,NO CONTROLS,Yes,NO APPARENT INJURY,LOOKED BUT DID NOT SEE,PASSENGER CAR,CHANGING LANES,South,South,35,2005,TOYOTA,5.8,358,41.6,0