ACRS Report Type,Date and Time,Route Type,Road Name,Municipality,Collision Type,Weather,Surface Condition,Light,Traffic Control,Driver At Fault,Injury Severity,Driver Distracted By,Vehicle Body Type,Vehicle Movement,Vehicle Continuing Dir,Vehicle Going Dir,Speed Limit,Vehicle Year,Vehicle Make,Wind Speed (MPH),TMP10-DK ,Relative Humidity (%),Rain (Inches)
Injury Crash,01-04-2022 14:33,Maryland (State),VEIRS MILL RD,N/A,SAME DIR REAR END,CLEAR,DRY,DARK LIGHTS ON,TRAFFIC SIGNAL,No,POSSIBLE INJURY,NOT DISTRACTED,PASSENGER CAR,MOVING CONSTANT SPEED,West,West,35,2004,HONDA,4.4,33.4,19.9,0
Injury Crash,01-04-2022 15:30,Maryland (State),VEIRS MILL RD,N/A,HEAD ON LEFT TURN,CLEAR,WET,DAYLIGHT,TRAFFIC SIGNAL,No,NO APPARENT INJURY,NOT DISTRACTED,PASSENGER CAR,MOVING CONSTANT SPEED,West,West,40,2007,TOYOTA,3.7,129,40,0
Property Damage Crash,01-04-2022 15:58,Municipality,W DEER PARK RD,N/A,SAME DIR REAR END,CLOUDY,DRY,DARK LIGHTS ON,TRAFFIC SIGNAL,No,NO APPARENT INJURY,NOT DISTRACTED,PASSENGER CAR,STOPPED IN TRAFFIC LANE,West,West,25,2015,TOYT,1.9,40.4,28.5,0
Injury Crash,01-04-2022 15:58,Municipality,TWINBROOK PKWY,ROCKVILLE,STRAIGHT MOVEMENT ANGLE,CLOUDY,DRY,DAYLIGHT,N/A,Yes,NO APPARENT INJURY,LOOKED BUT DID NOT SEE,PASSENGER CAR,MAKING RIGHT TURN,North,North,30,2008,TOYT,1.5,42,29.2,0
Injury Crash,01-04-2022 17:05,County,MATENY RD,N/A,SAME DIR REAR END,CLEAR,DRY,DARK LIGHTS ON,NO CONTROLS,Yes,POSSIBLE INJURY,NOT DISTRACTED,PASSENGER CAR,STOPPED IN TRAFFIC LANE,North,North,15,2018,TOYT,0.7,29.9,23.8,0
Injury Crash,01-04-2022 17:28,Maryland (State),GEORGIA AVE,N/A,SAME DIR REAR END,CLEAR,N/A,DAYLIGHT,N/A,No,POSSIBLE INJURY,NOT DISTRACTED,PASSENGER CAR,SLOWING OR STOPPING,South,South,35,2003,BMW,0,0,0,0
Property Damage Crash,01-04-2022 18:00,County,CEDAR ST,N/A,SAME DIRECTION LEFT TURN,CLEAR,DRY,DARK LIGHTS ON,NO CONTROLS,Yes,NO APPARENT INJURY,NOT DISTRACTED,PASSENGER CAR,MAKING LEFT TURN,South,South,30,2001,TOYT,5.6,138,30.5,0
Property Damage Crash,01-04-2022 18:00,,,,SAME DIR REAR END,CLEAR,,DAYLIGHT,N/A,No,NO APPARENT INJURY,NOT DISTRACTED,AMBULANCE/NON EMERGENCY,PARKED,,,10,2016,FRHT,7.9,43.2,23.7,0
Property Damage Crash,02-04-2022 00:50,County,SNOUFFERS SCHOOL RD,N/A,SAME DIR REAR END,RAINING,WET,DARK LIGHTS ON,TRAFFIC SIGNAL,No,NO APPARENT INJURY,NOT DISTRACTED,PASSENGER CAR,MOVING CONSTANT SPEED,North,North,40,2011,HONDA,0,0,0,0
Property Damage Crash,02-04-2022 06:40,Ramp,RAMP 1 FR IS 270 NB TO MD 117 WB,N/A,SAME DIR REAR END,CLEAR,DRY,DAYLIGHT,TRAFFIC SIGNAL,Yes,NO APPARENT INJURY,LOOKED BUT DID NOT SEE,PASSENGER CAR,STARTING FROM LANE,West,South,25,2013,MERZ,3.7,30.6,20.8,0
Injury Crash,02-04-2022 07:20,Maryland (State),OLD GEORGETOWN RD,N/A,SAME DIRECTION SIDESWIPE,CLEAR,DRY,DAYLIGHT,TRAFFIC SIGNAL,No,POSSIBLE INJURY,NOT DISTRACTED,PASSENGER CAR,MOVING CONSTANT SPEED,North,North,30,2008,TOYT,0,0,0,0
Property Damage Crash,02-04-2022 08:06,Maryland (State),FALLS RD,N/A,STRAIGHT MOVEMENT ANGLE,RAINING,WET,DAYLIGHT,TRAFFIC SIGNAL,No,NO APPARENT INJURY,NOT DISTRACTED,(SPORT) UTILITY VEHICLE,STARTING FROM LANE,West,West,30,2003,TOYOTA,0,0,0,0
Property Damage Crash,02-04-2022 08:29,Maryland (State),ROCKVILLE PIKE,ROCKVILLE,SAME DIRECTION SIDESWIPE,CLEAR,DRY,DAYLIGHT,NO CONTROLS,Unknown,NO APPARENT INJURY,NOT DISTRACTED,PASSENGER CAR,MOVING CONSTANT SPEED,South,South,35,2012,FORD,4.2,32.8,22,0
Property Damage Crash,02-04-2022 08:29,County,GRANITE ROCK RD,N/A,SAME DIRECTION SIDESWIPE,CLEAR,DRY,DAYLIGHT,NO CONTROLS,Yes,NO APPARENT INJURY,DISTRACTED BY OUTSIDE PERSON OBJECT OR EVENT,VAN,SLOWING OR STOPPING,East,East,25,2015,CHEV,8.9,45.8,28.8,0
Injury Crash,02-04-2022 08:45,County,WENDY LA,N/A,OTHER,CLEAR,DRY,DAYLIGHT,NO CONTROLS,Yes,NO APPARENT INJURY,UNKNOWN,PASSENGER CAR,STARTING FROM PARKED,South,South,25,1995,HONDA,0,0,0,0
Injury Crash,02-04-2022 08:45,Maryland (State),PINEY BRANCH RD,N/A,SAME DIR REAR END,CLEAR,DRY,DAYLIGHT,TRAFFIC SIGNAL,Yes,NO APPARENT INJURY,NOT DISTRACTED,TRANSIT BUS,SLOWING OR STOPPING,West,West,35,2002,ORION,3.8,316,28.9,0
Property Damage Crash,02-04-2022 13:15,Maryland (State),FREDERICK RD,N/A,STRAIGHT MOVEMENT ANGLE,RAINING,WET,DARK LIGHTS ON,TRAFFIC SIGNAL,No,NO APPARENT INJURY,NOT DISTRACTED,PASSENGER CAR,MOVING CONSTANT SPEED,North,North,40,2014,JEEP,1.1,25.7,21.3,0
Injury Crash,02-04-2022 13:15,County,BRIARDALE RD,N/A,SAME DIR REAR END,CLEAR,DRY,N/A,N/A,No,POSSIBLE INJURY,NOT DISTRACTED,(SPORT) UTILITY VEHICLE,SLOWING OR STOPPING,West,West,40,2016,KIA,7.8,319,12.6,0
Property Damage Crash,02-04-2022 14:20,County,MUDDY BRANCH RD,GAITHERSBURG,SAME DIR REAR END,CLEAR,DRY,N/A,TRAFFIC SIGNAL,No,NO APPARENT INJURY,NOT DISTRACTED,PASSENGER CAR,STOPPED IN TRAFFIC LANE,South,South,40,2010,TOYOTA,1.7,46.8,14,0
Property Damage Crash,02-04-2022 14:20,Maryland (State),FIRST ST,ROCKVILLE,SAME DIR REAR END,CLEAR,DRY,DAYLIGHT,N/A,Yes,NO APPARENT INJURY,LOOKED BUT DID NOT SEE,PASSENGER CAR,SLOWING OR STOPPING,East,East,40,1998,HONDA,4,122,30.2,0
Injury Crash,02-04-2022 14:52,County,LIVINGSTON ST,N/A,STRAIGHT MOVEMENT ANGLE,RAINING,WET,DARK LIGHTS ON,STOP SIGN,Unknown,NO APPARENT INJURY,NOT DISTRACTED,PASSENGER CAR,ACCELERATING,North,North,25,2002,DODGE,6.4,101,38.3,0.03
Property Damage Crash,02-04-2022 14:52,Maryland (State),MONTGOMERY VILLAGE AVE,GAITHERSBURG,SAME DIR REAR END,CLEAR,DRY,DAYLIGHT,N/A,Yes,NO APPARENT INJURY,UNKNOWN,(SPORT) UTILITY VEHICLE,MOVING CONSTANT SPEED,East,East,35,2013,LEXUS,5.3,143,30.8,0
Property Damage Crash,02-04-2022 15:26,County,ODENDHAL AVE,N/A,SAME DIR REAR END,RAINING,WET,DAYLIGHT,TRAFFIC SIGNAL,Yes,NO APPARENT INJURY,INATTENTIVE OR LOST IN THOUGHT,PASSENGER CAR,SLOWING OR STOPPING,West,West,30,2001,TOYT,1.4,40,25.9,0
Property Damage Crash,02-04-2022 15:26,County,RANDOLPH RD,N/A,SAME DIRECTION SIDESWIPE,CLOUDY,DRY,DAYLIGHT,NO CONTROLS,Yes,NO APPARENT INJURY,NOT DISTRACTED,PASSENGER CAR,NEGOTIATING A CURVE,West,West,35,2001,TOYOTA,2.3,55.7,54.3,0
Injury Crash,02-04-2022 15:36,Maryland (State),BRADLEY LA,CHEVY CHASE #4,ANGLE MEETS RIGHT TURN,CLEAR,DRY,DAYLIGHT,STOP SIGN,Yes,NO APPARENT INJURY,LOOKED BUT DID NOT SEE,PASSENGER CAR,MAKING RIGHT TURN,South,East,25,2015,SUBARU,2.4,33.8,33.1,0
Property Damage Crash,02-04-2022 15:36,Maryland (State),HUNGERFORD DR,ROCKVILLE,SAME DIRECTION SIDESWIPE,CLEAR,DRY,DAYLIGHT,NO CONTROLS,No,NO APPARENT INJURY,NOT DISTRACTED,PASSENGER CAR,MOVING CONSTANT SPEED,South,South,35,2016,LINCOLN,7,305,47.1,0
Property Damage Crash,02-04-2022 16:09,County,PARKLAND DR,N/A,STRAIGHT MOVEMENT ANGLE,CLEAR,DRY,DAYLIGHT,STOP SIGN,No,NO APPARENT INJURY,NOT DISTRACTED,PASSENGER CAR,MOVING CONSTANT SPEED,West,West,35,2009,TOYOTA,0,0,0,0
Property Damage Crash,02-04-2022 16:09,Maryland (State),SANDY SPRING RD,N/A,SAME DIR REAR END,N/A,DRY,DAYLIGHT,TRAFFIC SIGNAL,Yes,NO APPARENT INJURY,NOT DISTRACTED,(SPORT) UTILITY VEHICLE,MOVING CONSTANT SPEED,West,West,50,2009,TOYOTA,2.8,303,30.1,0
Property Damage Crash,02-04-2022 16:15,Municipality,INSPIRATION LA,GAITHERSBURG,UNKNOWN,CLEAR,DRY,DAYLIGHT,NO CONTROLS,Yes,NO APPARENT INJURY,UNKNOWN,,UNKNOWN,Unknown,Unknown,15,0,UNKNOWN,10.4,42,30.5,0
Property Damage Crash,02-04-2022 16:15,County,PARKLAWN DR,N/A,OTHER,CLOUDY,DRY,DAYLIGHT,TRAFFIC SIGNAL,Yes,NO APPARENT INJURY,UNKNOWN,TRANSIT BUS,MAKING LEFT TURN,East,South,35,2013,NEW FLYER,0.9,352,27.2,0
Injury Crash,02-04-2022 17:00,Maryland (State),CLOPPER RD,N/A,SAME DIR REAR END,N/A,DRY,DARK LIGHTS ON,NO CONTROLS,No,POSSIBLE INJURY,NOT DISTRACTED,PASSENGER CAR,STOPPED IN TRAFFIC LANE,South,West,40,2014,NISS,2.3,37.8,37.2,0.03
Property Damage Crash,02-04-2022 17:56,County,CHRISTOPHER AVE,N/A,OPPOSITE DIRECTION SIDESWIPE,CLEAR,DRY,DARK LIGHTS ON,NO CONTROLS,Yes,NO APPARENT INJURY,NOT DISTRACTED,PASSENGER CAR,MOVING CONSTANT SPEED,East,East,15,2001,SATURN,12.8,51.7,50.4,0.02
Property Damage Crash,02-04-2022 18:00,County,MUDDY BRANCH RD,GAITHERSBURG,HEAD ON LEFT TURN,RAINING,WET,DAYLIGHT,STOP SIGN,Yes,NO APPARENT INJURY,NOT DISTRACTED,PASSENGER CAR,ACCELERATING,South,East,45,2010,TOYOTA,2.7,46,29.4,0
Property Damage Crash,02-04-2022 18:00,Maryland (State),NEW HAMPSHIRE AVE,N/A,SAME DIRECTION SIDESWIPE,CLEAR,DRY,DAYLIGHT,TRAFFIC SIGNAL,Unknown,NO APPARENT INJURY,NOT DISTRACTED,SCHOOL BUS,MOVING CONSTANT SPEED,South,South,40,2011,THOMAS,1,42.1,36.5,0
Property Damage Crash,02-04-2022 18:25,Maryland (State),NEW HAMPSHIRE AVE,N/A,SAME DIR REAR END,CLEAR,DRY,DAYLIGHT,TRAFFIC SIGNAL,No,NO APPARENT INJURY,UNKNOWN,PASSENGER CAR,MOVING CONSTANT SPEED,North,North,40,2011,AUDI,5.1,61.7,56.7,0
Property Damage Crash,02-04-2022 18:25,,,,OTHER,N/A,,DAYLIGHT,N/A,Yes,NO APPARENT INJURY,UNKNOWN,PASSENGER CAR,BACKING,East,East,15,2011,TOYOTA,7.1,61.5,57.7,0
Property Damage Crash,02-04-2022 18:42,US (State),COLUMBIA PIKE,N/A,OTHER,CLEAR,DRY,DARK NO LIGHTS,N/A,No,NO APPARENT INJURY,NOT DISTRACTED,POLICE VEHICLE/NON EMERGENCY,MOVING CONSTANT SPEED,North,North,50,2008,FORD,4.4,132,39.4,0
Property Damage Crash,02-04-2022 18:42,County,FATHER HURLEY BLVD,N/A,SINGLE VEHICLE,CLEAR,DRY,DARK LIGHTS ON,N/A,No,NO APPARENT INJURY,NOT DISTRACTED,POLICE VEHICLE/NON EMERGENCY,MOVING CONSTANT SPEED,North,North,35,2011,DODG,10,331,29.2,0
Property Damage Crash,02-04-2022 18:42,US (State),COLESVILLE RD,N/A,SAME DIR REAR END,CLOUDY,WET,DAYLIGHT,N/A,Yes,NO APPARENT INJURY,UNKNOWN,TRANSIT BUS,SLOWING OR STOPPING,South,South,40,2006,NEW FLYER,5.3,285,22.7,0
Property Damage Crash,02-04-2022 18:45,County,SLIGO AVE,N/A,OPPOSITE DIRECTION SIDESWIPE,CLOUDY,DRY,DAYLIGHT,TRAFFIC SIGNAL,No,NO APPARENT INJURY,NOT DISTRACTED,PASSENGER CAR,STOPPED IN TRAFFIC LANE,South,West,25,2015,MAZD,4.7,37.5,22.7,0
Injury Crash,02-04-2022 18:45,County,MIDDLEBROOK RD,N/A,SAME DIR REAR END,CLEAR,DRY,DARK LIGHTS ON,N/A,Yes,POSSIBLE INJURY,UNKNOWN,,MOVING CONSTANT SPEED,South,South,40,0,UNKNOWN,0,0,0,0
Property Damage Crash,02-04-2022 21:54,County,GREENCASTLE RD,N/A,ANGLE MEETS RIGHT TURN,N/A,DRY,DARK LIGHTS ON,STOP SIGN,Yes,NO APPARENT INJURY,LOOKED BUT DID NOT SEE,PASSENGER CAR,MAKING RIGHT TURN,South,South,30,2014,HOND,7.6,35.3,20.1,0
Injury Crash,02-04-2022 21:54,Maryland (State),EAST WEST HWY,N/A,STRAIGHT MOVEMENT ANGLE,CLEAR,DRY,DAYLIGHT,STOP SIGN,No,POSSIBLE INJURY,NOT DISTRACTED,(SPORT) UTILITY VEHICLE,MOVING CONSTANT SPEED,East,East,35,2012,MERCEDEZ,7.7,346,34.7,0
Property Damage Crash,02-04-2022 22:43,County,WOODMONT AVE,N/A,OTHER,CLEAR,DRY,DAYLIGHT,NO CONTROLS,Yes,NO APPARENT INJURY,LOOKED BUT DID NOT SEE,AMBULANCE/NON EMERGENCY,PARKING,South,South,25,2005,FREIGHTLINER,1.2,38.1,20.2,0
Injury Crash,02-04-2022 22:43,Maryland (State),16TH ST,N/A,SAME DIR REAR END,CLEAR,DRY,DAYLIGHT,NO CONTROLS,Yes,POSSIBLE INJURY,INATTENTIVE OR LOST IN THOUGHT,PASSENGER CAR,MOVING CONSTANT SPEED,South,South,35,2016,KIA,0,0,0,0
Property Damage Crash,02-04-2022 22:43,County,OAKVIEW DR,N/A,HEAD ON,CLEAR,DRY,DARK LIGHTS ON,N/A,Yes,NO APPARENT INJURY,UNKNOWN,,MAKING RIGHT TURN,East,East,30,0,UNKNOWN,7.8,169,7.8,0
Property Damage Crash,02-04-2022 22:43,County,GATEWAY CENTER DR,N/A,HEAD ON LEFT TURN,CLEAR,DRY,DUSK,NO CONTROLS,No,NO APPARENT INJURY,NOT DISTRACTED,TRUCK TRACTOR,MOVING CONSTANT SPEED,South,South,30,2000,INTL,1.8,95,24.4,0
Injury Crash,02-04-2022 23:00,Interstate (State),EISENHOWER MEMORIAL HWY,N/A,SAME DIR REAR END,CLOUDY,DRY,DAYLIGHT,N/A,Yes,POSSIBLE INJURY,UNKNOWN,PASSENGER CAR,SLOWING OR STOPPING,North,North,55,2014,NISSAN,6.4,53.7,41.3,0
Property Damage Crash,02-04-2022 23:29,Maryland (State),GEORGIA AVE,N/A,SAME DIRECTION RIGHT TURN,RAINING,WET,DAYLIGHT,TRAFFIC SIGNAL,Yes,NO APPARENT INJURY,UNKNOWN,,MAKING RIGHT TURN,East,North,35,0,UNKNOWN,0,0,0,0
Injury Crash,02-04-2022 23:29,County,WISTERIA DR,N/A,STRAIGHT MOVEMENT ANGLE,N/A,DRY,DAYLIGHT,N/A,No,POSSIBLE INJURY,NOT DISTRACTED,PASSENGER CAR,MOVING CONSTANT SPEED,East,East,25,2014,BMW,0,0,0,0
Property Damage Crash,03-04-2022 06:31,Ramp,RAMP 4 FR RAMP 1 TO SHADY GROVE RD,N/A,SAME DIR REAR END,CLEAR,DRY,DAYLIGHT,YIELD SIGN,Yes,NO APPARENT INJURY,DISTRACTED BY OUTSIDE PERSON OBJECT OR EVENT,(SPORT) UTILITY VEHICLE,SLOWING OR STOPPING,East,East,45,2019,DODGE,10.3,45.9,37.3,0
Injury Crash,03-04-2022 06:31,Maryland (State),GEORGIA AVE,N/A,SAME DIR REAR END,CLEAR,DRY,DAYLIGHT,NO CONTROLS,No,SUSPECTED MINOR INJURY,NOT DISTRACTED,PASSENGER CAR,SLOWING OR STOPPING,South,South,35,1994,NISSAN,0,0,0,0
Property Damage Crash,03-04-2022 07:30,County,CHERRY LAUREL LA,N/A,OTHER,CLEAR,DRY,DARK LIGHTS ON,NO CONTROLS,Yes,NO APPARENT INJURY,UNKNOWN,PASSENGER CAR,PARKING,South,South,15,2005,JEEP,1.9,215,23.8,0
Property Damage Crash,03-04-2022 07:30,Maryland (State),GEORGIA AVE,N/A,SINGLE VEHICLE,SNOW,SNOW,DAYLIGHT,NO CONTROLS,Yes,NO APPARENT INJURY,NOT DISTRACTED,PASSENGER CAR,MOVING CONSTANT SPEED,South,South,40,2013,AUDI,12.6,36.4,25.8,0
Injury Crash,03-04-2022 09:02,Maryland (State),NEW HAMPSHIRE AVE,N/A,SAME DIR REAR END,CLEAR,DRY,DARK -- UNKNOWN LIGHTING,NO CONTROLS,Yes,NO APPARENT INJURY,UNKNOWN,PASSENGER CAR,SLOWING OR STOPPING,North,North,40,2007,CHAVROLET,0,0,0,0
Injury Crash,03-04-2022 10:30,County,MIDCOUNTY HWY,GAITHERSBURG,SAME DIR REAR END,CLOUDY,DRY,DAYLIGHT,N/A,No,NO APPARENT INJURY,NOT DISTRACTED,PASSENGER CAR,STOPPED IN TRAFFIC LANE,South,South,50,2017,KIA,0,0,0,0
Injury Crash,03-04-2022 10:30,US (State),COLUMBIA PIKE,N/A,STRAIGHT MOVEMENT ANGLE,CLEAR,WET,DARK LIGHTS ON,TRAFFIC SIGNAL,No,NO APPARENT INJURY,NOT DISTRACTED,PASSENGER CAR,STARTING FROM LANE,South,West,20,2007,HONDA,1.9,319,27.1,0
Property Damage Crash,03-04-2022 12:03,Maryland (State),FREDERICK RD,N/A,SAME DIRECTION SIDESWIPE,CLEAR,DRY,DAYLIGHT,TRAFFIC SIGNAL,Yes,NO APPARENT INJURY,NOT DISTRACTED,TRANSIT BUS,PASSING,North,North,45,2014,GILL,3.7,39.5,39.6,0
Injury Crash,03-04-2022 12:30,County,CARDIGAN RD,N/A,OTHER,CLEAR,DRY,DAYLIGHT,NO CONTROLS,Yes,NO APPARENT INJURY,UNKNOWN,,MOVING CONSTANT SPEED,West,West,25,0,UNKNOWN,2.4,16,23.6,0
Property Damage Crash,03-04-2022 12:30,County,RIDGE RD,N/A,SAME DIR REAR END,CLEAR,DRY,DARK LIGHTS ON,TRAFFIC SIGNAL,Yes,NO APPARENT INJURY,USING OTHER DEVICE CONTROLS INTEGRAL TO VEHICLE,PASSENGER CAR,MOVING CONSTANT SPEED,North,North,45,1997,HONDA,0,0,0,0
Property Damage Crash,03-04-2022 13:07,County,NORWOOD RD,N/A,SINGLE VEHICLE,CLEAR,DRY,DAYLIGHT,NO CONTROLS,Yes,NO APPARENT INJURY,NOT DISTRACTED,PICKUP TRUCK,MOVING CONSTANT SPEED,South,South,40,2007,NISSAN,6.6,43.3,38.8,0
Property Damage Crash,03-04-2022 13:07,Maryland (State),UNIVERSITY BLVD E,N/A,SAME DIR REAR END,CLEAR,DRY,DARK LIGHTS ON,TRAFFIC SIGNAL,Yes,NO APPARENT INJURY,UNKNOWN,PICKUP TRUCK,SLOWING OR STOPPING,West,West,35,2000,FORD,7.3,38.9,26.8,0
Property Damage Crash,03-04-2022 13:14,County,BEL PRE RD,N/A,SAME DIR REAR END,CLEAR,DRY,DAYLIGHT,NO CONTROLS,Yes,NO APPARENT INJURY,UNKNOWN,PASSENGER CAR,MOVING CONSTANT SPEED,East,East,35,2008,NISSAN,0,0,0,0
Property Damage Crash,03-04-2022 13:14,Maryland (State),CONNECTICUT AVE,N/A,HEAD ON LEFT TURN,CLEAR,DRY,DARK LIGHTS ON,FLASHING TRAFFIC SIGNAL,Yes,NO APPARENT INJURY,UNKNOWN,PASSENGER CAR,MAKING U TURN,North,South,35,2009,HYUN,5.8,114,19.6,0
Property Damage Crash,03-04-2022 13:45,Municipality,RESEARCH CT,N/A,SINGLE VEHICLE,SNOW,ICE,DARK LIGHTS ON,NO CONTROLS,Yes,NO APPARENT INJURY,NOT DISTRACTED,POLICE VEHICLE/EMERGENCY,MAKING LEFT TURN,East,South,25,2014,DODGE,2.4,325,40.4,0
Property Damage Crash,03-04-2022 13:55,County,BRIGGS CHANEY RD,N/A,SINGLE VEHICLE,CLEAR,DRY,DARK LIGHTS ON,NO CONTROLS,Yes,NO APPARENT INJURY,LOOKED BUT DID NOT SEE,POLICE VEHICLE/NON EMERGENCY,MOVING CONSTANT SPEED,South,South,25,2018,FORD,0,0,0,0
Injury Crash,03-04-2022 14:06,County,WINDHAM LA,N/A,STRAIGHT MOVEMENT ANGLE,N/A,DRY,DAYLIGHT,NO CONTROLS,No,POSSIBLE INJURY,NOT DISTRACTED,PASSENGER CAR,MOVING CONSTANT SPEED,East,East,25,2006,AUDI,3.2,38.7,23.5,0
Property Damage Crash,03-04-2022 14:09,County,SHADY GROVE RD,N/A,SAME DIR REAR END,CLEAR,DRY,DAYLIGHT,TRAFFIC SIGNAL,Yes,NO APPARENT INJURY,LOOKED BUT DID NOT SEE,PICKUP TRUCK,MOVING CONSTANT SPEED,South,South,45,2009,GMC,0,0,0,0
Property Damage Crash,03-04-2022 14:09,,,,OTHER,CLEAR,,DAYLIGHT,NO CONTROLS,Yes,NO APPARENT INJURY,LOOKED BUT DID NOT SEE,(SPORT) UTILITY VEHICLE,STARTING FROM PARKED,South,South,5,2012,NISSAN,1,40.5,37,0
Injury Crash,03-04-2022 14:09,County,TUCKERMAN LA,N/A,SAME DIR REAR END,CLEAR,DRY,DAYLIGHT,TRAFFIC SIGNAL,No,NO APPARENT INJURY,NOT DISTRACTED,PASSENGER CAR,MAKING LEFT TURN,South,West,35,2018,TOYOTA,7,36.3,23.7,0
Injury Crash,03-04-2022 14:14,County,MONTGOMERY VILLAGE AVE,N/A,ANGLE MEETS RIGHT TURN,CLEAR,DRY,DAYLIGHT,N/A,No,NO APPARENT INJURY,UNKNOWN,PASSENGER CAR,MOVING CONSTANT SPEED,North,North,30,2008,TOYOTA,2.2,344,38.6,0
Property Damage Crash,03-04-2022 15:03,Maryland (State),GEORGIA AVE,N/A,SAME DIRECTION SIDESWIPE,CLEAR,DRY,DAYLIGHT,N/A,Yes,NO APPARENT INJURY,NOT DISTRACTED,PASSENGER CAR,MAKING RIGHT TURN,East,South,35,2018,TOYOTA,4,110,23,0
Injury Crash,03-04-2022 15:03,,ELLINGTON BLVD.,N/A,SINGLE VEHICLE,RAINING,WET,DARK LIGHTS ON,STOP SIGN,Yes,NO APPARENT INJURY,UNKNOWN,OTHER,ACCELERATING,North,North,25,2012,NISS,0,0,0,0
Property Damage Crash,03-04-2022 15:56,County,FIRST AVE,N/A,HEAD ON LEFT TURN,CLEAR,DRY,DAYLIGHT,STOP SIGN,No,NO APPARENT INJURY,NOT DISTRACTED,PASSENGER CAR,MOVING CONSTANT SPEED,North,North,25,2006,HYUNDAI,4,168,41.1,0
Injury Crash,03-04-2022 15:56,,,,SAME DIR REAR END,CLEAR,,DAYLIGHT,TRAFFIC SIGNAL,Yes,NO APPARENT INJURY,NOT DISTRACTED,PASSENGER CAR,MOVING CONSTANT SPEED,East,East,25,1996,TOYOT,0,0,0,0
Injury Crash,03-04-2022 16:38,Maryland (State),CONNECTICUT AVE,N/A,SAME DIR REND RIGHT TURN,CLEAR,DRY,DAYLIGHT,NO CONTROLS,No,SUSPECTED MINOR INJURY,UNKNOWN,PASSENGER CAR,SLOWING OR STOPPING,South,East,45,2006,MAZDA,0,0,0,0
Property Damage Crash,03-04-2022 16:38,Maryland (State),GEORGIA AVE,N/A,HEAD ON LEFT TURN,N/A,N/A,UNKNOWN,STOP SIGN,Yes,NO APPARENT INJURY,UNKNOWN,PASSENGER CAR,MAKING LEFT TURN,North,East,25,2005,CHEV,0,0,0,0
Property Damage Crash,03-04-2022 17:42,County,OLD COLUMBIA PIKE,N/A,SAME DIRECTION SIDESWIPE,N/A,DRY,DARK LIGHTS ON,NO CONTROLS,No,NO APPARENT INJURY,NOT DISTRACTED,(SPORT) UTILITY VEHICLE,MOVING CONSTANT SPEED,West,West,35,2020,JEEP,3.6,39.2,37.6,0
Property Damage Crash,03-04-2022 17:42,County,FILBERT TERR,N/A,OTHER,N/A,DRY,DUSK,NO CONTROLS,No,NO APPARENT INJURY,NOT DISTRACTED,PASSENGER CAR,PARKED,,,25,2006,HOND,15.6,182,27.6,0
Property Damage Crash,03-04-2022 19:05,,,,SAME DIRECTION SIDESWIPE,CLEAR,,DAYLIGHT,NO CONTROLS,No,NO APPARENT INJURY,NOT DISTRACTED,SCHOOL BUS,PARKED,,,0,2020,THMS,11.1,34.5,24.4,0
Injury Crash,03-04-2022 19:05,Maryland (State),VEIRS MILL RD,N/A,SAME DIRECTION SIDESWIPE,CLEAR,DRY,DAYLIGHT,NO CONTROLS,No,NO APPARENT INJURY,NOT DISTRACTED,PASSENGER CAR,MOVING CONSTANT SPEED,West,West,40,2003,HONDA,9.6,28.6,17,0
Property Damage Crash,03-04-2022 19:16,County,FATHER HURLEY BLVD,N/A,SAME DIR REAR END,CLOUDY,DRY,DAYLIGHT,NO CONTROLS,No,NO APPARENT INJURY,NOT DISTRACTED,SCHOOL BUS,STOPPED IN TRAFFIC LANE,North,North,35,2007,THOMAS,7.2,198,49.6,0
Property Damage Crash,03-04-2022 19:16,Maryland (State),GEORGIA AVE,N/A,SAME DIR REAR END,CLEAR,DRY,DAYLIGHT,NO CONTROLS,No,NO APPARENT INJURY,NOT DISTRACTED,PASSENGER CAR,MOVING CONSTANT SPEED,South,South,35,2014,TOYOTA,3.1,55.4,41.4,0
Property Damage Crash,03-04-2022 19:57,Maryland (State),MONTROSE PKWY,N/A,STRAIGHT MOVEMENT ANGLE,CLEAR,DRY,DAYLIGHT,TRAFFIC SIGNAL,No,NO APPARENT INJURY,NOT DISTRACTED,PASSENGER CAR,MOVING CONSTANT SPEED,West,West,40,1996,HOND,8.9,139,32,0
Property Damage Crash,03-04-2022 19:59,Municipality,JULIAN PL,ROCKVILLE,SAME DIR REND RIGHT TURN,CLEAR,DRY,DAYLIGHT,N/A,Yes,NO APPARENT INJURY,LOOKED BUT DID NOT SEE,"OTHER LIGHT TRUCKS (10,000LBS (4,536KG) OR LESS)",PASSING,East,East,20,2015,MACK,9.7,339,18.8,0
Injury Crash,03-04-2022 19:59,Maryland (State),HUNGERFORD DR,ROCKVILLE,SAME DIR REAR END,CLEAR,DRY,DAYLIGHT,TRAFFIC SIGNAL,No,SUSPECTED MINOR INJURY,NOT DISTRACTED,(SPORT) UTILITY VEHICLE,SLOWING OR STOPPING,North,North,35,2006,DODG,16.1,168,39.6,0