ACRS Report Type,Date and Time,Route Type,Road Name,Municipality,Collision Type,Weather,Surface Condition,Light,Traffic Control,Driver At Fault,Injury Severity,Driver Distracted By,Vehicle Body Type,Vehicle Movement,Vehicle Continuing Dir,Vehicle Going Dir,Speed Limit,Vehicle Year,Vehicle Make,Wind Speed (MPH),TMP10-DK ,Relative Humidity (%),Rain (Inches)
Property Damage Crash,03-04-2022 20:50,Maryland (State),W DIAMOND AVE,N/A,STRAIGHT MOVEMENT ANGLE,CLEAR,DRY,DARK LIGHTS ON,TRAFFIC SIGNAL,Yes,NO APPARENT INJURY,LOOKED BUT DID NOT SEE,PASSENGER CAR,ACCELERATING,East,East,30,2020,BMW,3.7,31.9,16.9,0
Injury Crash,03-04-2022 20:50,Maryland (State),NORBECK RD,N/A,SINGLE VEHICLE,CLEAR,DRY,DAYLIGHT,OTHER,Unknown,NO APPARENT INJURY,LOOKED BUT DID NOT SEE,PASSENGER CAR,SLOWING OR STOPPING,South,South,25,2005,HONDA,0,0,0,0
Property Damage Crash,03-04-2022 22:27,,,,HEAD ON LEFT TURN,CLEAR,,DARK LIGHTS ON,NO CONTROLS,Yes,NO APPARENT INJURY,NOT DISTRACTED,PASSENGER CAR,MAKING LEFT TURN,West,North,15,2016,NISSAN,4,332,28.2,0
Property Damage Crash,03-04-2022 23:49,Maryland (State),FALLS RD,N/A,HEAD ON LEFT TURN,N/A,DRY,DUSK,TRAFFIC SIGNAL,No,NO APPARENT INJURY,NOT DISTRACTED,PASSENGER CAR,MOVING CONSTANT SPEED,South,South,30,1978,JEEP,2,34.8,21.7,0
Property Damage Crash,03-04-2022 23:49,Maryland (State),GEORGIA AVE,N/A,SAME DIR REAR END,UNKNOWN,UNKNOWN,DAYLIGHT,TRAFFIC SIGNAL,No,NO APPARENT INJURY,NOT DISTRACTED,PASSENGER CAR,STOPPED IN TRAFFIC LANE,South,South,35,2018,HONDA,0,0,0,0
Injury Crash,04-04-2022 01:23,Maryland (State),NEW HAMPSHIRE AVE,N/A,ANGLE MEETS LEFT TURN,CLEAR,N/A,DUSK,NO CONTROLS,No,POSSIBLE INJURY,NOT DISTRACTED,PASSENGER CAR,MOVING CONSTANT SPEED,South,South,40,2005,HONDA,0,0,0,0
Injury Crash,04-04-2022 06:35,Maryland (State),NEW HAMPSHIRE AVE,N/A,SINGLE VEHICLE,CLEAR,DRY,DAYLIGHT,NO CONTROLS,No,NO APPARENT INJURY,NOT DISTRACTED,PASSENGER CAR,MOVING CONSTANT SPEED,North,North,45,2019,VOLKSWAGEN,0,0,0,0
Property Damage Crash,04-04-2022 07:41,County,RANDOLPH RD,N/A,OTHER,CLEAR,DRY,DAYLIGHT,NO CONTROLS,Yes,NO APPARENT INJURY,NOT DISTRACTED,PASSENGER CAR,MOVING CONSTANT SPEED,North,North,40,2020,FORD,1.1,37.6,36.7,0
Injury Crash,04-04-2022 07:41,County,SAM EIG HWY,N/A,SAME DIR REAR END,CLEAR,DRY,DAYLIGHT,TRAFFIC SIGNAL,No,SUSPECTED MINOR INJURY,UNKNOWN,PASSENGER CAR,STOPPED IN TRAFFIC LANE,North,North,50,2017,TOYOTA,3.8,84,35,0
Injury Crash,04-04-2022 07:50,Maryland (State),NEW HAMPSHIRE AVE,N/A,SAME DIRECTION LEFT TURN,CLOUDY,DRY,DAYLIGHT,TRAFFIC SIGNAL,No,NO APPARENT INJURY,NOT DISTRACTED,FIRE VEHICLE/EMERGENCY,MAKING LEFT TURN,East,South,40,2018,PIERCE,6.1,41.6,29.8,0
Property Damage Crash,04-04-2022 07:50,Maryland (State),PINEY BRANCH RD,N/A,SAME DIR REAR END,N/A,DRY,DARK LIGHTS ON,TRAFFIC SIGNAL,No,NO APPARENT INJURY,NOT DISTRACTED,PASSENGER CAR,STOPPED IN TRAFFIC LANE,South,South,35,1998,MITS,6.9,60.7,56.4,0
Property Damage Crash,04-04-2022 08:15,,,,SAME DIR REAR END,CLEAR,,DAYLIGHT,N/A,No,NO APPARENT INJURY,NOT DISTRACTED,SCHOOL BUS,PARKED,,,0,2016,THBT,0,0,0,0
Property Damage Crash,04-04-2022 08:15,Municipality,GIRARD ST,GAITHERSBURG,STRAIGHT MOVEMENT ANGLE,CLOUDY,DRY,DAYLIGHT,STOP SIGN,Yes,NO APPARENT INJURY,LOOKED BUT DID NOT SEE,PASSENGER CAR,MAKING LEFT TURN,North,East,25,2009,HONDA,5.3,260,35.8,0
Property Damage Crash,04-04-2022 08:30,County,HICKERSON DR,N/A,OTHER,CLEAR,DRY,DARK LIGHTS ON,NO CONTROLS,Yes,NO APPARENT INJURY,NOT DISTRACTED,PICKUP TRUCK,MAKING RIGHT TURN,West,West,25,2013,FORD,0,0,0,0
Property Damage Crash,04-04-2022 08:30,Maryland (State),ETHAN ALLEN AVE,N/A,SAME DIR REAR END,CLEAR,DRY,DAYLIGHT,TRAFFIC SIGNAL,Yes,NO APPARENT INJURY,INATTENTIVE OR LOST IN THOUGHT,PASSENGER CAR,SLOWING OR STOPPING,East,East,25,2015,TOYOTA,0,0,0,0
Injury Crash,04-04-2022 08:51,County,PALATINE DR,N/A,SAME DIRECTION LEFT TURN,CLOUDY,DRY,DAYLIGHT,N/A,No,POSSIBLE INJURY,NOT DISTRACTED,"CARGO VAN/LIGHT TRUCK 2 AXLES (OVER 10,000LBS (4,536 KG))",MAKING LEFT TURN,South,West,25,2006,CHEV,0,0,0,0
Injury Crash,04-04-2022 08:51,Maryland (State),GEORGIA AVE,N/A,STRAIGHT MOVEMENT ANGLE,CLEAR,DRY,DAYLIGHT,TRAFFIC SIGNAL,Yes,POSSIBLE INJURY,UNKNOWN,PASSENGER CAR,MAKING LEFT TURN,East,South,45,2010,SUBARU,6.9,47.9,42.3,0
Injury Crash,04-04-2022 09:12,Maryland (State),FREDERICK RD,N/A,SAME DIR REAR END,CLEAR,DRY,DAYLIGHT,NO CONTROLS,No,POSSIBLE INJURY,NOT DISTRACTED,(SPORT) UTILITY VEHICLE,STOPPED IN TRAFFIC LANE,North,North,45,2016,DODGE,4.3,99,30.5,0
Property Damage Crash,04-04-2022 09:12,County,LITTLE SENECA PKWY,N/A,SAME DIR BOTH LEFT TURN,CLEAR,DRY,DAYLIGHT,NO CONTROLS,No,NO APPARENT INJURY,UNKNOWN,PICKUP TRUCK,MOVING CONSTANT SPEED,North,North,35,1995,TOYT,10.8,27.6,18.6,0
Injury Crash,04-04-2022 09:30,Interstate (State),CAPITAL BELTWAY,N/A,SAME DIRECTION SIDESWIPE,RAINING,WET,DARK LIGHTS ON,NO CONTROLS,Yes,SUSPECTED MINOR INJURY,NOT DISTRACTED,PASSENGER CAR,MOVING CONSTANT SPEED,North,North,55,2008,SCION,3,42.3,34,0
Injury Crash,04-04-2022 09:30,Maryland (State),MUNCASTER MILL RD,N/A,SINGLE VEHICLE,CLEAR,DRY,DARK LIGHTS ON,NO CONTROLS,Yes,POSSIBLE INJURY,UNKNOWN,PASSENGER CAR,ACCELERATING,North,North,35,2016,HONDA,3.7,177,40.8,0
Property Damage Crash,04-04-2022 10:06,Maryland (State),VEIRS MILL RD,N/A,SAME DIR REAR END,CLEAR,DRY,DAYLIGHT,NO CONTROLS,No,NO APPARENT INJURY,NOT DISTRACTED,PASSENGER CAR,STOPPED IN TRAFFIC LANE,East,East,35,2021,NISSAN,8.1,343,36.1,0
Property Damage Crash,04-04-2022 10:06,Interstate (State),NO NAME,N/A,SAME DIR REAR END,CLEAR,DRY,DAYLIGHT,N/A,No,NO APPARENT INJURY,NOT DISTRACTED,PASSENGER CAR,SLOWING OR STOPPING,West,West,55,2012,TOYO,3.2,42.1,39.8,0
Injury Crash,04-04-2022 12:00,Maryland (State),NORBECK RD,ROCKVILLE,STRAIGHT MOVEMENT ANGLE,CLEAR,DRY,DAYLIGHT,TRAFFIC SIGNAL,Unknown,POSSIBLE INJURY,UNKNOWN,PASSENGER CAR,MOVING CONSTANT SPEED,West,West,50,2018,MAZD,0,0,0,0
Injury Crash,04-04-2022 12:00,Interstate (State),CAPITAL BELTWAY,N/A,SINGLE VEHICLE,CLEAR,DRY,DARK -- UNKNOWN LIGHTING,N/A,Yes,NO APPARENT INJURY,UNKNOWN,"OTHER LIGHT TRUCKS (10,000LBS (4,536KG) OR LESS)",MOVING CONSTANT SPEED,North,North,55,2002,FORD,10.1,45,30.6,0
Injury Crash,04-04-2022 12:40,US (State),GEORGIA AVE,N/A,SAME DIRECTION SIDESWIPE,CLEAR,DRY,DAYLIGHT,TRAFFIC SIGNAL,No,POSSIBLE INJURY,NOT DISTRACTED,PASSENGER CAR,MOVING CONSTANT SPEED,South,South,30,2014,TOYOTA,3.6,60.2,39.1,0
Injury Crash,04-04-2022 12:40,County,MONTROSE RD,ROCKVILLE,HEAD ON LEFT TURN,RAINING,WET,DAYLIGHT,TRAFFIC SIGNAL,Yes,NO APPARENT INJURY,NOT DISTRACTED,PASSENGER CAR,MAKING LEFT TURN,North,East,40,2015,JEEP,5.3,40.5,26.4,0
Injury Crash,04-04-2022 13:20,Maryland (State),WOODFIELD RD,N/A,SAME DIR REAR END,CLEAR,DRY,DAYLIGHT,NO CONTROLS,Yes,NO APPARENT INJURY,SMOKING RELATED,PASSENGER CAR,MOVING CONSTANT SPEED,North,North,45,2004,HONDA,11.7,178,23.8,0
Property Damage Crash,04-04-2022 13:20,Maryland (State),RIDGE RD,N/A,HEAD ON LEFT TURN,CLEAR,DRY,DARK LIGHTS ON,TRAFFIC SIGNAL,Yes,NO APPARENT INJURY,UNKNOWN,PASSENGER CAR,MAKING LEFT TURN,East,South,30,2022,SUBA,0,0,0,0
Injury Crash,04-04-2022 13:32,Maryland (State),GEORGIA AVE,N/A,SAME DIR REAR END,N/A,N/A,DARK LIGHTS ON,NO CONTROLS,No,NO APPARENT INJURY,NOT DISTRACTED,PASSENGER CAR,STOPPED IN TRAFFIC LANE,North,North,35,2007,HONDA,3,242,46.7,0
Property Damage Crash,04-04-2022 13:32,US (State),COLUMBIA PIKE,N/A,OTHER,CLOUDY,DRY,DAYLIGHT,NO CONTROLS,No,NO APPARENT INJURY,NOT DISTRACTED,PASSENGER CAR,MOVING CONSTANT SPEED,North,North,55,2014,VOLKSWAGON,1.9,37.8,36.6,0.02
Injury Crash,04-04-2022 13:39,Maryland (State),GERMANTOWN RD,N/A,SAME DIR REAR END,WINTRY MIX,WET,DAYLIGHT,TRAFFIC SIGNAL,Yes,NO APPARENT INJURY,INATTENTIVE OR LOST IN THOUGHT,PASSENGER CAR,MOVING CONSTANT SPEED,South,South,45,2014,MAZDA,7.8,49.8,36,0
Injury Crash,04-04-2022 13:39,County,RANDOLPH RD,N/A,SAME DIR REAR END,RAINING,WET,DAYLIGHT,TRAFFIC SIGNAL,Yes,NO APPARENT INJURY,UNKNOWN,PASSENGER CAR,ACCELERATING,East,East,40,2005,NISSAN,0,0,0,0
Injury Crash,04-04-2022 14:22,County,RIPPLING BROOK DR,N/A,SAME DIR REAR END,CLEAR,DRY,DAYLIGHT,STOP SIGN,Yes,NO APPARENT INJURY,LOOKED BUT DID NOT SEE,PASSENGER CAR,ACCELERATING,North,North,35,2017,HONDA,7.3,207,18.2,0
Property Damage Crash,04-04-2022 14:22,County,EASTBOURNE DR,N/A,OPPOSITE DIRECTION SIDESWIPE,CLEAR,DRY,DAYLIGHT,N/A,No,NO APPARENT INJURY,NOT DISTRACTED,"MEDIUM/HEAVY TRUCKS 3 AXLES (OVER 10,000LBS (4,536KG))",PARKED,,,10,2003,PIER,3.9,126,-1.7,0
Injury Crash,04-04-2022 14:45,Municipality,WOOTTON PKWY,ROCKVILLE,STRAIGHT MOVEMENT ANGLE,CLEAR,DRY,DAYLIGHT,NO CONTROLS,Yes,NO APPARENT INJURY,NOT DISTRACTED,PASSENGER CAR,MAKING LEFT TURN,South,South,40,2010,HONDA,0,0,0,0
Property Damage Crash,04-04-2022 14:45,Maryland (State),VEIRS MILL RD,N/A,SAME DIRECTION LEFT TURN,N/A,DRY,DARK LIGHTS ON,NO CONTROLS,Yes,NO APPARENT INJURY,LOOKED BUT DID NOT SEE,PASSENGER CAR,CHANGING LANES,East,East,40,2007,HOND,8.7,37.8,32.4,0.02
Fatal Crash,04-04-2022 14:45,Maryland (State),NORBECK RD,N/A,STRAIGHT MOVEMENT ANGLE,WINTRY MIX,DRY,DAYLIGHT,N/A,Unknown,NO APPARENT INJURY,UNKNOWN,PASSENGER CAR,MAKING LEFT TURN,North,East,40,2012,BMW,0,0,0,0
Property Damage Crash,04-04-2022 16:32,Government,BEACH DR,N/A,SINGLE VEHICLE,WINTRY MIX,SLUSH,DAYLIGHT,NO CONTROLS,Yes,NO APPARENT INJURY,NOT DISTRACTED,PASSENGER CAR,SKIDDING,West,South,20,2007,HONDA,7,43.3,24.8,0
Property Damage Crash,04-04-2022 16:45,Maryland (State),FREDERICK RD,N/A,SAME DIR REND RIGHT TURN,CLEAR,DRY,DAYLIGHT,NO CONTROLS,No,NO APPARENT INJURY,NOT DISTRACTED,PASSENGER CAR,MAKING RIGHT TURN,West,South,40,2012,NISSAN,6.5,45,28.6,0
Property Damage Crash,04-04-2022 16:45,County,MACARTHUR BLVD,N/A,SAME DIR REAR END,CLEAR,DRY,DAYLIGHT,STOP SIGN,Yes,NO APPARENT INJURY,NOT DISTRACTED,PASSENGER CAR,SLOWING OR STOPPING,North,North,35,2016,JEEP,0,0,0,0
Injury Crash,04-04-2022 16:45,County,ARCOLA AVE,N/A,SAME DIR REAR END,CLEAR,DRY,DAYLIGHT,YIELD SIGN,No,POSSIBLE INJURY,NOT DISTRACTED,PASSENGER CAR,STOPPED IN TRAFFIC LANE,North,North,30,2012,HOND,6.7,120,37.9,0.03
Property Damage Crash,04-04-2022 16:54,Maryland (State),CLOPPER RD,N/A,SAME DIR REAR END,CLEAR,DRY,DARK LIGHTS ON,N/A,Yes,NO APPARENT INJURY,NOT DISTRACTED,PASSENGER CAR,MOVING CONSTANT SPEED,East,East,40,2012,FORD,0,0,0,0
Property Damage Crash,04-04-2022 16:54,County,BONIFANT ST,N/A,SAME DIR REAR END,CLEAR,DRY,DARK LIGHTS ON,NO CONTROLS,No,NO APPARENT INJURY,NOT DISTRACTED,PASSENGER CAR,STOPPED IN TRAFFIC LANE,North,North,15,2021,NISS,3.2,230,43.5,0
Injury Crash,04-04-2022 17:00,Maryland (State),NEW HAMPSHIRE AVE,TAKOMA PARK,SAME DIRECTION SIDESWIPE,CLEAR,DRY,DARK LIGHTS ON,TRAFFIC SIGNAL,Yes,POSSIBLE INJURY,UNKNOWN,PASSENGER CAR,MOVING CONSTANT SPEED,South,South,35,2012,TOYOTA,3.3,61.6,39.2,0
Property Damage Crash,04-04-2022 17:00,Maryland (State),OLD GEORGETOWN RD,N/A,SAME DIR REAR END,CLEAR,DRY,DAYLIGHT,NO CONTROLS,Yes,NO APPARENT INJURY,UNKNOWN,PASSENGER CAR,MOVING CONSTANT SPEED,South,South,40,2008,HYUNDAI,4.5,45.6,34.6,0
Property Damage Crash,04-04-2022 17:27,Maryland (State),FREDERICK RD,ROCKVILLE,SAME DIRECTION LEFT TURN,RAINING,WET,DAYLIGHT,TRAFFIC SIGNAL,No,NO APPARENT INJURY,NOT DISTRACTED,OTHER BUS,STOPPED IN TRAFFIC LANE,South,South,40,2008,GILLIG,3.9,39.3,37.6,0
Property Damage Crash,04-04-2022 17:27,Maryland (State),S FREDERICK RD,GAITHERSBURG,SAME DIR REAR END,CLEAR,DRY,DARK LIGHTS ON,TRAFFIC SIGNAL,No,NO APPARENT INJURY,NOT DISTRACTED,PASSENGER CAR,SLOWING OR STOPPING,South,South,35,2004,CHEVY,4.1,169,31.9,0
Injury Crash,04-04-2022 17:40,County,SAM EIG HWY,N/A,SAME DIR REAR END,CLEAR,DRY,DAYLIGHT,TRAFFIC SIGNAL,Yes,SUSPECTED MINOR INJURY,LOOKED BUT DID NOT SEE,PASSENGER CAR,CHANGING LANES,North,North,50,2011,HOND,0,0,0,0
Injury Crash,04-04-2022 17:40,Maryland (State),W MONTGOMERY AVE,ROCKVILLE,SAME DIR REAR END,CLOUDY,WET,DAYLIGHT,NO CONTROLS,Yes,POSSIBLE INJURY,NOT DISTRACTED,PASSENGER CAR,MOVING CONSTANT SPEED,East,East,35,2021,TESLA,6,291,28.6,0
Property Damage Crash,04-04-2022 21:02,Maryland (State),GEORGIA AVE,N/A,SAME DIR REAR END,CLEAR,N/A,N/A,N/A,No,NO APPARENT INJURY,NOT DISTRACTED,PASSENGER CAR,STOPPED IN TRAFFIC LANE,North,North,35,2007,TOYT,0,0,0,0
Property Damage Crash,04-04-2022 21:02,County,RANDOLPH RD,N/A,SAME DIRECTION SIDESWIPE,CLEAR,DRY,DAYLIGHT,NO CONTROLS,No,NO APPARENT INJURY,NOT DISTRACTED,PASSENGER CAR,MOVING CONSTANT SPEED,West,West,35,2006,DODGE,2.1,43,25.8,0
Injury Crash,04-04-2022 21:32,County,INTERNATIONAL DR,N/A,SINGLE VEHICLE,CLEAR,DRY,DAYLIGHT,NO CONTROLS,Yes,SUSPECTED MINOR INJURY,UNKNOWN,PASSENGER CAR,MOVING CONSTANT SPEED,East,East,20,2002,HUNDAI,9.5,317,-2,0
Property Damage Crash,04-04-2022 22:00,Interstate (State),EISENHOWER MEMORIAL HWY,N/A,SAME DIR REAR END,CLEAR,DRY,DAYLIGHT,NO CONTROLS,No,NO APPARENT INJURY,NOT DISTRACTED,PASSENGER CAR,SLOWING OR STOPPING,West,West,25,2012,TOYT,2.8,49.7,46,0
Property Damage Crash,04-04-2022 22:00,US (State),COLESVILLE RD,N/A,SINGLE VEHICLE,CLEAR,DRY,DARK LIGHTS ON,NO CONTROLS,Yes,NO APPARENT INJURY,OTHER CELLULAR PHONE RELATED,PASSENGER CAR,MOVING CONSTANT SPEED,West,South,35,2003,VOLKSWAGEN,0,0,0,0
Property Damage Crash,04-04-2022 22:22,Other Public Roadway,MONTROSE PKWY,N/A,SAME DIR REAR END,RAINING,WET,DAYLIGHT,NO CONTROLS,Yes,NO APPARENT INJURY,INATTENTIVE OR LOST IN THOUGHT,OTHER BUS,MOVING CONSTANT SPEED,East,East,40,2013,GILLIG,5.2,192,21.9,0
Property Damage Crash,05-04-2022 00:17,County,ARCOLA AVE,N/A,SAME DIR REAR END,CLEAR,DRY,DAYLIGHT,TRAFFIC SIGNAL,No,NO APPARENT INJURY,NOT DISTRACTED,PASSENGER CAR,STOPPED IN TRAFFIC LANE,West,West,30,2016,HONDA,2.3,43,29.6,0
Property Damage Crash,05-04-2022 00:17,County,DELANCY DR,N/A,OPPOSITE DIRECTION SIDESWIPE,N/A,DRY,DAYLIGHT,N/A,No,NO APPARENT INJURY,NOT DISTRACTED,PASSENGER CAR,STOPPED IN TRAFFIC LANE,South,West,25,2013,SUBARU,4.4,59.2,47.2,0
Injury Crash,05-04-2022 01:18,Maryland (State),FREDERICK RD,N/A,STRAIGHT MOVEMENT ANGLE,CLEAR,DRY,DAYLIGHT,TRAFFIC SIGNAL,No,SUSPECTED MINOR INJURY,NOT DISTRACTED,PASSENGER CAR,MOVING CONSTANT SPEED,South,South,40,2018,MAZDA,9.6,177,57.4,0
Injury Crash,05-04-2022 06:03,County,CONNECTICUT AVE,N/A,SINGLE VEHICLE,CLEAR,DRY,DARK LIGHTS ON,NO CONTROLS,Yes,NO APPARENT INJURY,NOT DISTRACTED,PASSENGER CAR,MAKING RIGHT TURN,East,North,40,2003,FORD,1.1,32.2,27.5,0
Injury Crash,05-04-2022 06:03,Maryland (State),PINEY BRANCH RD,N/A,STRAIGHT MOVEMENT ANGLE,RAINING,WET,DARK LIGHTS ON,STOP SIGN,Yes,POSSIBLE INJURY,LOOKED BUT DID NOT SEE,PASSENGER CAR,MAKING RIGHT TURN,North,East,30,2018,FORD,0,0,0,0
Property Damage Crash,05-04-2022 06:54,Maryland (State),QUINCE ORCHARD RD,N/A,SAME DIR REAR END,SNOW,SNOW,DAYLIGHT,TRAFFIC SIGNAL,Yes,NO APPARENT INJURY,NOT DISTRACTED,PASSENGER CAR,MOVING CONSTANT SPEED,North,North,40,2010,NISSAN,7.3,45.1,23.2,0
Injury Crash,05-04-2022 06:54,Maryland (State),GEORGIA AVE,N/A,SAME DIRECTION SIDESWIPE,RAINING,WET,DARK LIGHTS ON,NO CONTROLS,No,NO APPARENT INJURY,NOT DISTRACTED,PASSENGER CAR,MOVING CONSTANT SPEED,North,North,35,2014,HOND,4.3,208,41.5,0
Property Damage Crash,05-04-2022 07:30,Maryland (State),CONNECTICUT AVE,N/A,SAME DIR REAR END,CLEAR,DRY,DAYLIGHT,TRAFFIC SIGNAL,Yes,NO APPARENT INJURY,UNKNOWN,"CARGO VAN/LIGHT TRUCK 2 AXLES (OVER 10,000LBS (4,536 KG))",STARTING FROM LANE,South,South,45,1989,FRHT,7.2,316,12.6,0
Property Damage Crash,05-04-2022 07:33,Maryland (State),UNIVERSITY BLVD E,N/A,SAME DIRECTION SIDESWIPE,CLEAR,DRY,DARK LIGHTS ON,NO CONTROLS,No,NO APPARENT INJURY,NOT DISTRACTED,PASSENGER CAR,MOVING CONSTANT SPEED,East,East,35,2014,CHEVY,3.1,41.4,39.6,0
Property Damage Crash,05-04-2022 07:33,County,NEWPORT MILL RD,N/A,SAME DIRECTION SIDESWIPE,CLOUDY,DRY,DAYLIGHT,N/A,Yes,NO APPARENT INJURY,NOT DISTRACTED,PICKUP TRUCK,MOVING CONSTANT SPEED,South,South,25,2006,TOYOTA,5.2,4,34.4,0
Property Damage Crash,05-04-2022 08:04,Municipality,ODENDHAL AVE,GAITHERSBURG,SAME DIR REAR END,CLEAR,DRY,DAYLIGHT,NO CONTROLS,No,NO APPARENT INJURY,NOT DISTRACTED,TRANSIT BUS,STOPPED IN TRAFFIC LANE,East,East,35,2017,GILG,4.3,193,43.3,0
Injury Crash,05-04-2022 08:04,Maryland (State),ROCKVILLE PIKE,ROCKVILLE,HEAD ON LEFT TURN,CLEAR,DRY,DARK -- UNKNOWN LIGHTING,NO CONTROLS,No,POSSIBLE INJURY,NOT DISTRACTED,PASSENGER CAR,MOVING CONSTANT SPEED,North,North,40,2008,TOYOTA,4.4,0,32.1,0
Property Damage Crash,05-04-2022 08:04,County,RANDOLPH RD,N/A,SAME DIR BOTH LEFT TURN,CLEAR,DRY,DAYLIGHT,NO CONTROLS,Yes,NO APPARENT INJURY,LOOKED BUT DID NOT SEE,PASSENGER CAR,CHANGING LANES,East,East,35,2012,NISS,1.8,95,24.4,0
Property Damage Crash,05-04-2022 08:04,County,RANDOLPH RD,N/A,OTHER,CLOUDY,DRY,DAYLIGHT,NO CONTROLS,No,NO APPARENT INJURY,NOT DISTRACTED,SCHOOL BUS,STOPPED IN TRAFFIC LANE,West,South,10,2015,FRHT,11.7,44.6,28.8,0
Property Damage Crash,05-04-2022 08:10,US (State),COLUMBIA PIKE,N/A,SAME DIR REAR END,CLEAR,DRY,DAYLIGHT,TRAFFIC SIGNAL,No,NO APPARENT INJURY,NOT DISTRACTED,PASSENGER CAR,STOPPED IN TRAFFIC LANE,South,South,40,2017,MAZDA,7.2,325,33.5,0
Injury Crash,05-04-2022 08:10,Maryland (State),GREAT SENECA HWY,N/A,SAME DIR REAR END,CLOUDY,DRY,DAYLIGHT,TRAFFIC SIGNAL,Yes,NO APPARENT INJURY,LOOKED BUT DID NOT SEE,PASSENGER CAR,MAKING RIGHT TURN,East,North,50,2020,MERCEDES,0,0,0,0
Property Damage Crash,05-04-2022 08:28,County,EAST VILLAGE AVE,N/A,SINGLE VEHICLE,RAINING,WET,DARK LIGHTS ON,NO CONTROLS,Yes,NO APPARENT INJURY,NOT DISTRACTED,PASSENGER CAR,MOVING CONSTANT SPEED,East,East,35,2003,SATURN,8.5,44.9,29.2,0
Property Damage Crash,05-04-2022 08:28,Municipality,GIRARD ST,GAITHERSBURG,SAME DIR REAR END,CLOUDY,DRY,DAYLIGHT,NO CONTROLS,Yes,NO APPARENT INJURY,UNKNOWN,PASSENGER CAR,MOVING CONSTANT SPEED,West,West,25,2009,MERZ,2,40.5,37,0
Property Damage Crash,05-04-2022 08:32,County,GRANDVIEW AVE,N/A,SAME DIR REAR END,RAINING,WET,DUSK,STOP SIGN,No,NO APPARENT INJURY,NOT DISTRACTED,PASSENGER CAR,SLOWING OR STOPPING,South,South,25,2011,KIA,4.4,38,31.4,0
Injury Crash,05-04-2022 08:32,Maryland (State),CARROLL AVE,N/A,OTHER,CLEAR,DRY,DAYLIGHT,TRAFFIC SIGNAL,No,POSSIBLE INJURY,NOT DISTRACTED,PASSENGER CAR,STOPPED IN TRAFFIC LANE,South,South,30,2009,HONDA,0,0,0,0
Property Damage Crash,05-04-2022 09:20,Maryland (State),GEORGIA AVE,N/A,SAME DIR REAR END,CLEAR,DRY,DAYLIGHT,NO CONTROLS,Yes,NO APPARENT INJURY,INATTENTIVE OR LOST IN THOUGHT,PASSENGER CAR,MOVING CONSTANT SPEED,North,North,30,2012,TOYT,0,0,0,0
Property Damage Crash,05-04-2022 09:20,Municipality,ODENDHAL AVE,GAITHERSBURG,SAME DIRECTION SIDESWIPE,CLEAR,DRY,DARK LIGHTS ON,YIELD SIGN,Yes,NO APPARENT INJURY,LOOKED BUT DID NOT SEE,PASSENGER CAR,MAKING RIGHT TURN,West,South,30,2003,TOYT,13.4,184,42.6,0
Property Damage Crash,05-04-2022 10:00,County,SHADY GROVE RD,N/A,OPPOSITE DIRECTION SIDESWIPE,CLEAR,DRY,DAYLIGHT,TRAFFIC SIGNAL,No,NO APPARENT INJURY,NOT DISTRACTED,VAN,MAKING LEFT TURN,South,West,40,2014,DODGE,4.4,43.6,39.3,0
Injury Crash,05-04-2022 10:21,Municipality,ODENDHAL AVE,GAITHERSBURG,STRAIGHT MOVEMENT ANGLE,CLEAR,DRY,DAYLIGHT,STOP SIGN,Yes,NO APPARENT INJURY,OTHER DISTRACTION,PASSENGER CAR,MAKING LEFT TURN,South,South,30,2019,SUBA,8,185,17.7,0
Property Damage Crash,05-04-2022 10:21,,,,SAME DIRECTION SIDESWIPE,CLEAR,,N/A,NO CONTROLS,Yes,NO APPARENT INJURY,UNKNOWN,PASSENGER CAR,PARKING,South,South,0,2013,HYUNDAI,5.8,36,35.6,0.01
Property Damage Crash,05-04-2022 11:30,County,WATERWAY DR,N/A,SINGLE VEHICLE,CLEAR,DRY,DAYLIGHT,N/A,Yes,NO APPARENT INJURY,LOOKED BUT DID NOT SEE,PASSENGER CAR,ACCELERATING,North,North,25,2017,HONDA,5,348,33.6,0.01
Property Damage Crash,05-04-2022 11:30,Municipality,ROLLINS AVE,N/A,UNKNOWN,CLOUDY,WET,DAYLIGHT,TRAFFIC SIGNAL,Unknown,NO APPARENT INJURY,UNKNOWN,PICKUP TRUCK,STOPPED IN TRAFFIC LANE,East,East,30,1998,HONDA,17.3,180,50.4,0
Property Damage Crash,05-04-2022 13:15,,,,OTHER,CLEAR,,DAYLIGHT,NO CONTROLS,Yes,NO APPARENT INJURY,UNKNOWN,PASSENGER CAR,ACCELERATING,Unknown,Unknown,15,2017,AUDI,0,0,0,0
Injury Crash,05-04-2022 13:29,Maryland (State),OLD GEORGETOWN RD,N/A,SAME DIR REAR END,CLOUDY,DRY,DAYLIGHT,TRAFFIC SIGNAL,Yes,NO APPARENT INJURY,ADJUSTING AUDIO AND OR CLIMATE CONTROLS,(SPORT) UTILITY VEHICLE,ACCELERATING,South,South,40,2012,DODGE,1.9,173,40.7,0
Property Damage Crash,05-04-2022 13:29,US (State),COLESVILLE RD,N/A,STRAIGHT MOVEMENT ANGLE,RAINING,WET,DAYLIGHT,TRAFFIC SIGNAL,No,NO APPARENT INJURY,NOT DISTRACTED,PASSENGER CAR,MOVING CONSTANT SPEED,North,North,35,2010,TOYOTA,12.8,308,23.8,0