ACRS Report Type,Date and Time,Route Type,Road Name,Municipality,Collision Type,Weather,Surface Condition,Light,Traffic Control,Driver At Fault,Injury Severity,Driver Distracted By,Vehicle Body Type,Vehicle Movement,Vehicle Continuing Dir,Vehicle Going Dir,Speed Limit,Vehicle Year,Vehicle Make,Wind Speed (MPH),TMP10-DK ,Relative Humidity (%),Rain (Inches)
Injury Crash,05-04-2022 13:29,Municipality,E JEFFERSON ST,ROCKVILLE,ANGLE MEETS LEFT TURN,CLOUDY,WET,DAYLIGHT,N/A,No,POSSIBLE INJURY,NOT DISTRACTED,PASSENGER CAR,STOPPED IN TRAFFIC LANE,North,North,35,2012,FORD,1.2,31.8,24.5,0
Property Damage Crash,05-04-2022 14:15,Interstate (State),EISENHOWER MEMORIAL HWY,N/A,SAME DIRECTION SIDESWIPE,RAINING,WET,DARK LIGHTS ON,NO CONTROLS,Yes,NO APPARENT INJURY,NOT DISTRACTED,PASSENGER CAR,CHANGING LANES,South,South,55,2016,TOYOTA,3,54,23.9,0
Property Damage Crash,05-04-2022 14:15,Maryland (State),UNIVERSITY BLVD W,N/A,SAME DIR REAR END,CLEAR,DRY,DARK LIGHTS ON,FLASHING TRAFFIC SIGNAL,Yes,NO APPARENT INJURY,UNKNOWN,PASSENGER CAR,MOVING CONSTANT SPEED,West,West,35,2020,CHEVY,0,0,0,0
Property Damage Crash,05-04-2022 14:30,,,,SAME DIR REAR END,N/A,,DAYLIGHT,N/A,Yes,NO APPARENT INJURY,NOT DISTRACTED,PASSENGER CAR,MAKING LEFT TURN,South,South,0,2003,CHEVROLET,4.9,132,39.4,0
Injury Crash,05-04-2022 14:30,County,NICHOLSON LA,N/A,SAME DIR REAR END,CLEAR,DRY,DAYLIGHT,TRAFFIC SIGNAL,No,NO APPARENT INJURY,NOT DISTRACTED,PASSENGER CAR,STOPPED IN TRAFFIC LANE,South,West,35,2006,TOYOTA,0,0,0,0
Property Damage Crash,05-04-2022 16:37,Municipality,SEVEN LOCKS RD,ROCKVILLE,OTHER,CLEAR,DRY,DAYLIGHT,NO CONTROLS,Yes,NO APPARENT INJURY,LOOKED BUT DID NOT SEE,PASSENGER CAR,MAKING RIGHT TURN,North,West,35,2005,CHEVY,0,0,0,0
Property Damage Crash,05-04-2022 16:37,,,,SINGLE VEHICLE,CLEAR,,DARK LIGHTS ON,NO CONTROLS,Yes,NO APPARENT INJURY,NOT DISTRACTED,POLICE VEHICLE/NON EMERGENCY,ACCELERATING,North,North,0,2014,DODGE,0,0,0,0
Property Damage Crash,05-04-2022 17:09,County,BRUNSWICK AVE,N/A,OTHER,RAINING,WET,DAYLIGHT,N/A,No,NO APPARENT INJURY,NOT DISTRACTED,POLICE VEHICLE/EMERGENCY,MOVING CONSTANT SPEED,South,South,25,2009,TOYT,1.7,36.1,30,0
Injury Crash,05-04-2022 17:09,Maryland (State),PHILADELPHIA AVE,N/A,STRAIGHT MOVEMENT ANGLE,RAINING,WET,DARK LIGHTS ON,TRAFFIC SIGNAL,No,POSSIBLE INJURY,NOT DISTRACTED,PASSENGER CAR,MOVING CONSTANT SPEED,North,North,25,2013,HONDA,0,0,0,0
Injury Crash,05-04-2022 17:26,County,CHERRY HILL RD,N/A,HEAD ON LEFT TURN,CLEAR,DRY,DAYLIGHT,TRAFFIC SIGNAL,Yes,NO APPARENT INJURY,NOT DISTRACTED,PASSENGER CAR,MAKING LEFT TURN,South,West,40,2005,HOND,4.2,224,42.9,0
Property Damage Crash,05-04-2022 17:26,Government,SOUTH DR,N/A,OTHER,CLEAR,DRY,DAYLIGHT,YIELD SIGN,Yes,NO APPARENT INJURY,NOT DISTRACTED,TRANSIT BUS,ENTERING TRAFFIC LANE,North,East,0,2017,GILLIG,0,0,0,0
Injury Crash,05-04-2022 17:50,County,EMORY LA,N/A,SINGLE VEHICLE,RAINING,WET,DARK LIGHTS ON,NO CONTROLS,Yes,NO APPARENT INJURY,UNKNOWN,PASSENGER CAR,MOVING CONSTANT SPEED,West,West,35,2005,TOYOTA,1.3,29,24,0
Injury Crash,05-04-2022 17:50,Maryland (State),RIVER RD,N/A,STRAIGHT MOVEMENT ANGLE,CLEAR,DRY,DAYLIGHT,TRAFFIC SIGNAL,No,NO APPARENT INJURY,NOT DISTRACTED,PICKUP TRUCK,MOVING CONSTANT SPEED,West,West,45,2001,FORD,0,0,0,0
Property Damage Crash,05-04-2022 19:00,County,BRINK RD,N/A,HEAD ON LEFT TURN,RAINING,WET,DARK LIGHTS ON,TRAFFIC SIGNAL,Yes,NO APPARENT INJURY,LOOKED BUT DID NOT SEE,PASSENGER CAR,MAKING LEFT TURN,West,North,30,2018,VW,0,0,0,0
Property Damage Crash,05-04-2022 19:00,,,,SINGLE VEHICLE,CLOUDY,,DAYLIGHT,NO CONTROLS,Yes,NO APPARENT INJURY,NOT DISTRACTED,PASSENGER CAR,PARKING,Unknown,Unknown,5,2017,CHEVROLET,1.7,26.5,22.5,0
Property Damage Crash,05-04-2022 21:29,,,,OPPOSITE DIRECTION SIDESWIPE,RAINING,,DAYLIGHT,N/A,No,NO APPARENT INJURY,NOT DISTRACTED,PASSENGER CAR,SLOWING OR STOPPING,East,East,15,2006,HOND,3.8,116,26.9,0
Injury Crash,05-04-2022 21:29,,,,OTHER,CLEAR,,DAYLIGHT,NO CONTROLS,Yes,POSSIBLE INJURY,INATTENTIVE OR LOST IN THOUGHT,VAN,BACKING,West,East,10,2004,TOYOTA,0,0,0,0
Property Damage Crash,05-04-2022 21:37,,,,OTHER,CLEAR,,DAYLIGHT,NO CONTROLS,No,NO APPARENT INJURY,NOT DISTRACTED,PASSENGER CAR,BACKING,Unknown,Unknown,10,2015,NISS,1.6,55.3,54.1,0
Property Damage Crash,05-04-2022 23:02,,,,OTHER,CLEAR,,DAYLIGHT,NO CONTROLS,Yes,NO APPARENT INJURY,UNKNOWN,PASSENGER CAR,BACKING,Unknown,North,0,2022,CHEVROLET,2.2,36.1,35.7,0.07
Property Damage Crash,05-04-2022 23:20,Maryland (State),GEORGIA AVE,N/A,SAME DIR REAR END,N/A,ICE,DARK LIGHTS ON,NO CONTROLS,No,NO APPARENT INJURY,NOT DISTRACTED,PICKUP TRUCK,STOPPED IN TRAFFIC LANE,South,South,0,2017,TOYOTA,0,0,0,0
Property Damage Crash,06-04-2022 00:50,County,CLUB HOUSE RD,N/A,HEAD ON LEFT TURN,CLOUDY,WET,DAYLIGHT,NO CONTROLS,Yes,NO APPARENT INJURY,LOOKED BUT DID NOT SEE,PASSENGER CAR,MAKING LEFT TURN,South,West,30,2016,CHRYSLER,3.5,37.7,32.1,0
Property Damage Crash,06-04-2022 01:23,County,RANDOLPH RD,N/A,SAME DIR REAR END,CLEAR,DRY,DAYLIGHT,TRAFFIC SIGNAL,No,NO APPARENT INJURY,NOT DISTRACTED,VAN,MOVING CONSTANT SPEED,West,West,35,2021,TOYOTA,1.5,39.7,23.5,0
Injury Crash,06-04-2022 01:23,Maryland (State),EAST WEST HWY,N/A,HEAD ON,CLEAR,DRY,DARK LIGHTS ON,TRAFFIC SIGNAL,Yes,SUSPECTED MINOR INJURY,INATTENTIVE OR LOST IN THOUGHT,PASSENGER CAR,MOVING CONSTANT SPEED,West,West,30,2018,HYUNDAI,0,0,0,0
Property Damage Crash,06-04-2022 02:38,Maryland (State),SANDY SPRING RD,N/A,STRAIGHT MOVEMENT ANGLE,CLEAR,DRY,DAYLIGHT,N/A,Yes,NO APPARENT INJURY,LOOKED BUT DID NOT SEE,PASSENGER CAR,MAKING LEFT TURN,East,North,55,2002,TOYT,1.4,266,24.9,0
Injury Crash,06-04-2022 04:00,Maryland (State),UNIVERSITY BLVD W,N/A,STRAIGHT MOVEMENT ANGLE,CLEAR,DRY,DARK LIGHTS ON,FLASHING TRAFFIC SIGNAL,Yes,NO APPARENT INJURY,NOT DISTRACTED,PASSENGER CAR,MOVING CONSTANT SPEED,North,North,25,2019,TOYOTA,1.5,39.8,39.9,0
Property Damage Crash,06-04-2022 07:37,Maryland (State),GEORGIA AVE,N/A,SAME DIRECTION SIDESWIPE,CLEAR,DRY,DARK -- UNKNOWN LIGHTING,NO CONTROLS,Yes,NO APPARENT INJURY,UNKNOWN,PASSENGER CAR,MOVING CONSTANT SPEED,North,North,30,2008,MINI COOPER,2,33,24.2,0
Injury Crash,06-04-2022 08:20,Maryland (State),FREDERICK RD,GAITHERSBURG,SAME DIR REAR END,N/A,DRY,DAYLIGHT,NO CONTROLS,No,NO APPARENT INJURY,NOT DISTRACTED,PASSENGER CAR,SLOWING OR STOPPING,North,North,30,1997,JEEP,2.5,44.9,41,0
Injury Crash,06-04-2022 08:25,Maryland (State),EAST WEST HWY,N/A,HEAD ON LEFT TURN,CLEAR,DRY,DARK LIGHTS ON,TRAFFIC SIGNAL,Yes,NO APPARENT INJURY,UNKNOWN,PASSENGER CAR,STARTING FROM LANE,West,West,35,2017,HONDA,7.9,129,37.7,0
Property Damage Crash,06-04-2022 08:25,County,BRIGGS CHANEY RD,N/A,SAME DIR REAR END,RAINING,WET,DAYLIGHT,TRAFFIC SIGNAL,No,NO APPARENT INJURY,NOT DISTRACTED,PASSENGER CAR,STOPPED IN TRAFFIC LANE,East,East,30,2014,TOYOTA,0,0,0,0
Property Damage Crash,06-04-2022 09:15,Maryland (State),MUNCASTER MILL RD,N/A,SAME DIR REAR END,CLEAR,DRY,DAYLIGHT,NO CONTROLS,Yes,NO APPARENT INJURY,DISTRACTED BY OUTSIDE PERSON OBJECT OR EVENT,PASSENGER CAR,MOVING CONSTANT SPEED,East,East,35,2004,FORD,9,205,19.6,0
Property Damage Crash,06-04-2022 09:15,County,DEMOCRACY BLVD,N/A,SAME DIR REAR END,RAINING,WET,DAYLIGHT,TRAFFIC SIGNAL,Yes,NO APPARENT INJURY,UNKNOWN,PASSENGER CAR,SLOWING OR STOPPING,South,West,45,2016,TOYOTA,0,0,0,0
Injury Crash,06-04-2022 09:31,Maryland (State),DAMASCUS RD,N/A,SINGLE VEHICLE,CLOUDY,DRY,DAYLIGHT,N/A,Yes,SUSPECTED MINOR INJURY,NOT DISTRACTED,PICKUP TRUCK,MOVING CONSTANT SPEED,West,West,30,2004,CHEVROLET,2.3,102,30.4,0
Property Damage Crash,06-04-2022 09:53,Maryland (State),S FREDERICK RD,N/A,STRAIGHT MOVEMENT ANGLE,CLOUDY,DRY,N/A,STOP SIGN,Yes,NO APPARENT INJURY,NOT DISTRACTED,PASSENGER CAR,MAKING LEFT TURN,West,West,35,2004,MAZDA,3.6,9,30.9,0
Property Damage Crash,06-04-2022 09:53,Maryland (State),NEW HAMPSHIRE AVE,N/A,SAME DIR REAR END,CLEAR,DRY,DAWN,NO CONTROLS,No,NO APPARENT INJURY,NOT DISTRACTED,PASSENGER CAR,STOPPED IN TRAFFIC LANE,South,South,30,2018,HYUNDAI,7.7,151,34.6,0
Injury Crash,06-04-2022 09:53,County,CONNECTICUT AVE,N/A,OPPOSITE DIRECTION SIDESWIPE,RAINING,WET,DAYLIGHT,N/A,No,SUSPECTED MINOR INJURY,NOT DISTRACTED,PASSENGER CAR,STOPPED IN TRAFFIC LANE,North,North,35,2003,TOYOTA,0,0,0,0
Property Damage Crash,06-04-2022 09:53,County,MUNCASTER RD,N/A,SINGLE VEHICLE,CLEAR,DRY,DAYLIGHT,NO CONTROLS,No,NO APPARENT INJURY,NOT DISTRACTED,PASSENGER CAR,MOVING CONSTANT SPEED,North,North,35,2014,NISS,0,0,0,0
Property Damage Crash,06-04-2022 09:53,County,SHADY GROVE RD,N/A,SAME DIR REAR END,CLEAR,N/A,DARK LIGHTS ON,TRAFFIC SIGNAL,No,NO APPARENT INJURY,NOT DISTRACTED,PASSENGER CAR,SLOWING OR STOPPING,East,South,40,2013,FORD,2.2,59.7,48.2,0
Injury Crash,06-04-2022 10:29,,,,SAME DIR BOTH LEFT TURN,CLEAR,,DAYLIGHT,N/A,Yes,POSSIBLE INJURY,LOOKED BUT DID NOT SEE,PASSENGER CAR,MOVING CONSTANT SPEED,North,North,25,2008,NISS,15.6,194,43,0
Property Damage Crash,06-04-2022 10:29,Maryland (State),WILSON LA,N/A,SAME DIR REAR END,CLEAR,DRY,DAYLIGHT,NO CONTROLS,Yes,NO APPARENT INJURY,UNKNOWN,PASSENGER CAR,MOVING CONSTANT SPEED,West,West,30,2013,TOYOTA,0,0,0,0
Injury Crash,06-04-2022 11:00,,,,SINGLE VEHICLE,RAINING,,DAYLIGHT,N/A,Yes,POSSIBLE INJURY,NOT DISTRACTED,(SPORT) UTILITY VEHICLE,MOVING CONSTANT SPEED,North,North,40,2018,JEEP,0,0,0,0
Property Damage Crash,06-04-2022 11:30,Maryland (State),CONNECTICUT AVE,N/A,OTHER,CLEAR,DRY,DAYLIGHT,TRAFFIC SIGNAL,No,NO APPARENT INJURY,NOT DISTRACTED,PICKUP TRUCK,SLOWING OR STOPPING,North,East,35,1995,DODGE,5.7,39.2,26.6,0
Injury Crash,06-04-2022 11:30,County,MONTGOMERY VILLAGE AVE,N/A,HEAD ON LEFT TURN,CLEAR,DRY,DAWN,TRAFFIC SIGNAL,Yes,SUSPECTED SERIOUS INJURY,LOOKED BUT DID NOT SEE,PASSENGER CAR,MAKING LEFT TURN,North,West,35,2015,NISSAN,5.1,265,19.1,0
Property Damage Crash,06-04-2022 11:42,Maryland (State),GEORGIA AVE,N/A,ANGLE MEETS RIGHT TURN,CLEAR,DRY,DAYLIGHT,TRAFFIC SIGNAL,No,NO APPARENT INJURY,LOOKED BUT DID NOT SEE,"MEDIUM/HEAVY TRUCKS 3 AXLES (OVER 10,000LBS (4,536KG))",ACCELERATING,North,North,50,2017,PETERBILT,5.9,46.1,42.3,0
Property Damage Crash,06-04-2022 14:45,County,SEVEN LOCKS RD,N/A,SINGLE VEHICLE,CLEAR,DRY,N/A,NO CONTROLS,No,NO APPARENT INJURY,NOT DISTRACTED,POLICE VEHICLE/EMERGENCY,SLOWING OR STOPPING,South,South,35,2013,FORD,1.4,102,33.4,0
Injury Crash,06-04-2022 14:45,County,DEMOCRACY BLVD,N/A,STRAIGHT MOVEMENT ANGLE,CLEAR,DRY,DAYLIGHT,TRAFFIC SIGNAL,Yes,NO APPARENT INJURY,LOOKED BUT DID NOT SEE,PASSENGER CAR,STARTING FROM LANE,East,East,35,2007,TOYOTA,2.2,40,17.3,0
Injury Crash,06-04-2022 15:20,Municipality,QUINCE ORCHARD BLVD,GAITHERSBURG,SINGLE VEHICLE,CLEAR,DRY,DAYLIGHT,N/A,No,NO APPARENT INJURY,NOT DISTRACTED,OTHER,MOVING CONSTANT SPEED,West,West,25,2013,JEEP,1.8,264,36.2,0
Injury Crash,06-04-2022 15:20,,EAST WEST HWY,N/A,ANGLE MEETS LEFT TURN,RAINING,WET,DAYLIGHT,STOP SIGN,Unknown,SUSPECTED MINOR INJURY,LOOKED BUT DID NOT SEE,PASSENGER CAR,MOVING CONSTANT SPEED,West,West,30,2005,SUBA,2.9,39,27.1,0
Property Damage Crash,06-04-2022 16:41,County,BRIGGS CHANEY RD,N/A,STRAIGHT MOVEMENT ANGLE,RAINING,WET,DARK LIGHTS ON,TRAFFIC SIGNAL,Yes,NO APPARENT INJURY,LOOKED BUT DID NOT SEE,PASSENGER CAR,MAKING LEFT TURN,South,West,35,2014,HONDA,7.7,171,37.6,0
Property Damage Crash,06-04-2022 16:41,Municipality,PARK AVE,GAITHERSBURG,SINGLE VEHICLE,CLOUDY,DRY,DAYLIGHT,NO CONTROLS,Yes,NO APPARENT INJURY,NOT DISTRACTED,PASSENGER CAR,MOVING CONSTANT SPEED,South,South,25,2005,HYUNDAI,0,0,0,0
Property Damage Crash,06-04-2022 16:47,US (State),COLESVILLE RD,N/A,OPPOSITE DIR BOTH LEFT TURN,RAINING,WET,DAYLIGHT,TRAFFIC SIGNAL,Yes,NO APPARENT INJURY,NOT DISTRACTED,PASSENGER CAR,MAKING LEFT TURN,East,South,35,2017,SUBA,2,153,24,0
Property Damage Crash,06-04-2022 16:47,Municipality,CEDAR AVE,GAITHERSBURG,OTHER,CLEAR,N/A,DAWN,N/A,Yes,NO APPARENT INJURY,INATTENTIVE OR LOST IN THOUGHT,PASSENGER CAR,MOVING CONSTANT SPEED,South,South,25,2002,HONDA,0,0,0,0
Property Damage Crash,06-04-2022 16:47,Maryland (State),NEW HAMPSHIRE AVE,N/A,SAME DIR REAR END,CLEAR,DRY,DARK LIGHTS ON,TRAFFIC SIGNAL,Yes,NO APPARENT INJURY,OTHER DISTRACTION,PASSENGER CAR,MOVING CONSTANT SPEED,South,South,40,2008,VOLKSWAGON,4,40,38.1,0
Injury Crash,06-04-2022 17:20,Maryland (State),PHILADELPHIA AVE,TAKOMA PARK,OTHER,CLEAR,DRY,DARK LIGHTS ON,N/A,Unknown,NO APPARENT INJURY,UNKNOWN,PASSENGER CAR,MOVING CONSTANT SPEED,West,West,25,2003,HONDA,0,0,0,0
Property Damage Crash,06-04-2022 18:05,County,FAIRLAND RD,N/A,OTHER,CLEAR,DRY,DAYLIGHT,FLASHING TRAFFIC SIGNAL,No,NO APPARENT INJURY,NOT DISTRACTED,PASSENGER CAR,MOVING CONSTANT SPEED,West,West,35,2011,HONDA,2.3,39,39,0.01
Injury Crash,06-04-2022 19:46,County,RANDOLPH RD,N/A,SAME DIR REAR END,CLEAR,WET,DAYLIGHT,NO CONTROLS,No,NO APPARENT INJURY,NOT DISTRACTED,PASSENGER CAR,SLOWING OR STOPPING,West,West,35,2017,FORD,0,0,0,0
Property Damage Crash,06-04-2022 19:46,Interstate (State),EISENHOWER MEMORIAL HWY,N/A,SAME DIRECTION SIDESWIPE,CLEAR,DRY,DAYLIGHT,NO CONTROLS,Yes,NO APPARENT INJURY,NOT DISTRACTED,"MEDIUM/HEAVY TRUCKS 3 AXLES (OVER 10,000LBS (4,536KG))",MOVING CONSTANT SPEED,North,North,55,1982,MACK,2.2,36.7,31.8,0
Property Damage Crash,06-04-2022 19:55,Maryland (State),W DIAMOND AVE,GAITHERSBURG,OPPOSITE DIRECTION SIDESWIPE,CLEAR,DRY,DARK LIGHTS ON,STOP SIGN,No,NO APPARENT INJURY,UNKNOWN,PASSENGER CAR,MAKING RIGHT TURN,East,South,35,2007,HONDA,10.1,41.5,30.4,0
Property Damage Crash,06-04-2022 22:20,Maryland (State),GERMANTOWN RD,N/A,STRAIGHT MOVEMENT ANGLE,CLOUDY,WET,DAYLIGHT,TRAFFIC SIGNAL,Yes,NO APPARENT INJURY,UNKNOWN,PASSENGER CAR,MAKING U TURN,South,North,40,2017,CHEV,2.2,241,44.2,0
Property Damage Crash,06-04-2022 22:20,County,STRINGTOWN RD,N/A,STRAIGHT MOVEMENT ANGLE,RAINING,WET,DAWN,STOP SIGN,No,NO APPARENT INJURY,NOT DISTRACTED,PASSENGER CAR,MOVING CONSTANT SPEED,East,East,40,2003,HONDA,0,0,0,0
Property Damage Crash,06-04-2022 22:20,County,MUDDY BRANCH RD,GAITHERSBURG,SINGLE VEHICLE,CLEAR,DRY,DAYLIGHT,NO CONTROLS,Yes,NO APPARENT INJURY,INATTENTIVE OR LOST IN THOUGHT,PASSENGER CAR,MOVING CONSTANT SPEED,North,North,35,2013,NISSAN,0,0,0,0
Property Damage Crash,06-04-2022 22:20,Maryland (State),ROCKVILLE PIKE,N/A,SAME DIRECTION SIDESWIPE,CLEAR,DRY,DAYLIGHT,TRAFFIC SIGNAL,Yes,NO APPARENT INJURY,UNKNOWN,PASSENGER CAR,MOVING CONSTANT SPEED,East,East,35,2001,TOYT,12.3,29.3,17,0
Property Damage Crash,06-04-2022 22:51,Municipality,WOOTTON PKWY,ROCKVILLE,STRAIGHT MOVEMENT ANGLE,CLEAR,DRY,DAYLIGHT,TRAFFIC SIGNAL,Yes,NO APPARENT INJURY,NOT DISTRACTED,PASSENGER CAR,MAKING LEFT TURN,South,West,35,2013,MAZDA,2.4,11,33,0
Injury Crash,07-04-2022 02:32,Maryland (State),BRADLEY BLVD,N/A,OTHER,CLEAR,DRY,DAYLIGHT,PERSON,Yes,NO APPARENT INJURY,UNKNOWN,PASSENGER CAR,MOVING CONSTANT SPEED,South,South,35,1995,HONDA,6.4,43.6,30.6,0
Injury Crash,07-04-2022 02:32,Interstate (State),CAPITAL BELTWAY,N/A,SAME DIR REND LEFT TURN,CLEAR,DRY,DAYLIGHT,NO CONTROLS,Yes,SUSPECTED MINOR INJURY,NOT DISTRACTED,VAN,MOVING CONSTANT SPEED,South,East,55,2000,CHEV,5.4,36,26.5,0
Injury Crash,07-04-2022 06:20,Maryland (State),NEW HAMPSHIRE AVE,N/A,SAME DIRECTION SIDESWIPE,CLEAR,DRY,DUSK,NO CONTROLS,No,SUSPECTED MINOR INJURY,NOT DISTRACTED,PASSENGER CAR,MOVING CONSTANT SPEED,North,North,40,2012,TOYOTA,6,200,31.3,0
Property Damage Crash,07-04-2022 06:20,Maryland (State),EAST WEST HWY,N/A,SAME DIR REAR END,CLEAR,DRY,DAYLIGHT,NO CONTROLS,Yes,NO APPARENT INJURY,NOT DISTRACTED,TRANSIT BUS,CHANGING LANES,West,West,35,2011,NEW FLYER,0,0,0,0
Property Damage Crash,07-04-2022 08:40,Maryland (State),NEW HAMPSHIRE AVE,N/A,SAME DIRECTION SIDESWIPE,CLEAR,DRY,DUSK,N/A,No,NO APPARENT INJURY,NOT DISTRACTED,PASSENGER CAR,MOVING CONSTANT SPEED,South,South,40,2005,TOYOTA,11.2,37,20,0
Property Damage Crash,07-04-2022 08:40,County,WOODMONT AVE,N/A,SAME DIR REAR END,CLEAR,DRY,DAYLIGHT,TRAFFIC SIGNAL,Yes,NO APPARENT INJURY,LOOKED BUT DID NOT SEE,"MEDIUM/HEAVY TRUCKS 3 AXLES (OVER 10,000LBS (4,536KG))",CHANGING LANES,South,South,25,2015,HINO,5.7,180,39.1,0
Property Damage Crash,07-04-2022 09:40,Interstate (State),CAPITAL BELTWAY,N/A,SAME DIR REAR END,CLEAR,DRY,DARK NO LIGHTS,NO CONTROLS,No,NO APPARENT INJURY,NOT DISTRACTED,PASSENGER CAR,STOPPED IN TRAFFIC LANE,East,East,55,2015,VOLKSWAGEN,12.6,307,-1.4,0
Property Damage Crash,07-04-2022 09:40,Maryland (State),UNIVERSITY BLVD W,N/A,STRAIGHT MOVEMENT ANGLE,RAINING,WET,DAYLIGHT,NO CONTROLS,Yes,NO APPARENT INJURY,UNKNOWN,PASSENGER CAR,MAKING LEFT TURN,West,North,25,2006,MERZ,1.2,116,-0.8,0
Property Damage Crash,07-04-2022 12:45,Maryland (State),DARNESTOWN RD,N/A,SINGLE VEHICLE,CLEAR,WET,DAYLIGHT,N/A,Yes,NO APPARENT INJURY,NOT DISTRACTED,PASSENGER CAR,MOVING CONSTANT SPEED,East,East,50,2006,NISS,1.2,21,12.3,0
Property Damage Crash,07-04-2022 12:45,Maryland (State),ROCKVILLE PIKE,N/A,STRAIGHT MOVEMENT ANGLE,CLEAR,DRY,DARK LIGHTS ON,FLASHING TRAFFIC SIGNAL,No,NO APPARENT INJURY,NOT DISTRACTED,PASSENGER CAR,MOVING CONSTANT SPEED,North,North,45,2005,NISSAN,0,0,0,0
Injury Crash,07-04-2022 14:02,Maryland (State),EAST WEST HWY,CHEVY CHASE #4,SAME DIR REAR END,CLOUDY,WET,DAYLIGHT,NO CONTROLS,Yes,POSSIBLE INJURY,UNKNOWN,"MEDIUM/HEAVY TRUCKS 3 AXLES (OVER 10,000LBS (4,536KG))",SLOWING OR STOPPING,West,West,35,2005,INTERNATIONAL,1.6,69,38.3,0
Injury Crash,07-04-2022 14:12,County,MACARTHUR BLVD,N/A,STRAIGHT MOVEMENT ANGLE,CLEAR,DRY,DUSK,NO CONTROLS,No,POSSIBLE INJURY,NOT DISTRACTED,PASSENGER CAR,MOVING CONSTANT SPEED,East,East,30,2005,DODG,0,0,0,0
Injury Crash,07-04-2022 15:45,County,RANDOLPH RD,N/A,SAME DIR REAR END,RAINING,WET,DAYLIGHT,NO CONTROLS,Yes,SUSPECTED MINOR INJURY,NOT DISTRACTED,PASSENGER CAR,SLOWING OR STOPPING,East,East,40,2000,HONDA,5.5,173,42.2,0
Injury Crash,07-04-2022 15:45,Municipality,NELSON ST,ROCKVILLE,OPPOSITE DIRECTION SIDESWIPE,CLEAR,DRY,DAYLIGHT,STOP SIGN,Unknown,NO APPARENT INJURY,UNKNOWN,N/A,ACCELERATING,West,West,35,2014,CHRY,3.2,36.2,24.6,0
Injury Crash,07-04-2022 18:09,Maryland (State),OLD GEORGETOWN RD,N/A,ANGLE MEETS LEFT TURN,CLEAR,DRY,DAYLIGHT,TRAFFIC SIGNAL,No,SUSPECTED MINOR INJURY,NOT DISTRACTED,(SPORT) UTILITY VEHICLE,MOVING CONSTANT SPEED,South,South,35,1997,TOYOTA,11.5,43.5,33.1,0
Injury Crash,07-04-2022 18:09,County,MACARTHUR BLVD,N/A,SAME DIR REAR END,CLEAR,DRY,DAYLIGHT,TRAFFIC SIGNAL,No,POSSIBLE INJURY,NOT DISTRACTED,PASSENGER CAR,MOVING CONSTANT SPEED,North,North,25,1995,JEEP,0,0,0,0
Property Damage Crash,07-04-2022 18:15,Maryland (State),NORBECK RD,ROCKVILLE,SAME DIR REAR END,CLEAR,DRY,DAYLIGHT,TRAFFIC SIGNAL,Yes,NO APPARENT INJURY,LOOKED BUT DID NOT SEE,PASSENGER CAR,SLOWING OR STOPPING,West,West,50,1995,FORD,1.6,210,32,0
Property Damage Crash,07-04-2022 18:47,Maryland (State),CLOPPER RD,N/A,SINGLE VEHICLE,CLEAR,DRY,DARK LIGHTS ON,N/A,Yes,NO APPARENT INJURY,UNKNOWN,"OTHER LIGHT TRUCKS (10,000LBS (4,536KG) OR LESS)",MOVING CONSTANT SPEED,West,West,35,2014,JEEP,7.8,46.7,32.9,0
Injury Crash,07-04-2022 18:47,Maryland (State),LAYHILL RD,N/A,STRAIGHT MOVEMENT ANGLE,RAINING,WET,DAYLIGHT,STOP SIGN,Yes,NO APPARENT INJURY,LOOKED BUT DID NOT SEE,PASSENGER CAR,MAKING LEFT TURN,North,East,40,2013,LEX,2.5,35.7,34.6,0
Property Damage Crash,07-04-2022 18:47,Maryland (State),CONNECTICUT AVE,N/A,SAME DIR REAR END,CLEAR,DRY,DAYLIGHT,TRAFFIC SIGNAL,Yes,NO APPARENT INJURY,NOT DISTRACTED,OTHER,MOVING CONSTANT SPEED,North,North,40,2014,NISS,4,32.9,24.2,0
Property Damage Crash,07-04-2022 19:41,County,WHITE GROUNDS RD,N/A,SINGLE VEHICLE,N/A,DRY,DAYLIGHT,N/A,Yes,NO APPARENT INJURY,OTHER DISTRACTION,(SPORT) UTILITY VEHICLE,MOVING CONSTANT SPEED,North,North,35,2006,JEEP,0,0,0,0
Property Damage Crash,07-04-2022 19:41,County,BRIGGS CHANEY RD,N/A,SAME DIR REAR END,CLEAR,DRY,DARK LIGHTS ON,TRAFFIC SIGNAL,Yes,NO APPARENT INJURY,NOT DISTRACTED,(SPORT) UTILITY VEHICLE,STARTING FROM LANE,West,West,30,2012,FORD,5.1,44.3,23.6,0
Property Damage Crash,07-04-2022 20:00,Maryland (State),NEW HAMPSHIRE AVE,N/A,SAME DIR REAR END,CLOUDY,DRY,DAYLIGHT,TRAFFIC SIGNAL,No,NO APPARENT INJURY,NOT DISTRACTED,(SPORT) UTILITY VEHICLE,SLOWING OR STOPPING,North,North,40,2018,MERCEDES,9.8,40.5,16.8,0