ACRS Report Type,Date and Time,Route Type,Road Name,Municipality,Collision Type,Weather,Surface Condition,Light,Traffic Control,Driver At Fault,Injury Severity,Driver Distracted By,Vehicle Body Type,Vehicle Movement,Vehicle Continuing Dir,Vehicle Going Dir,Speed Limit,Vehicle Year,Vehicle Make,Wind Speed (MPH),TMP10-DK ,Relative Humidity (%),Rain (Inches)
Injury Crash,07-04-2022 20:46,Municipality,WATKINS MILL RD,N/A,SAME DIR REAR END,CLOUDY,WET,DAYLIGHT,TRAFFIC SIGNAL,Yes,NO APPARENT INJURY,NOT DISTRACTED,PASSENGER CAR,SLOWING OR STOPPING,South,West,35,2011,TOYOTA,0,0,0,0
Injury Crash,07-04-2022 20:50,County,SEVEN LOCKS RD,N/A,SAME DIR REAR END,RAINING,WET,DAYLIGHT,NO CONTROLS,No,NO APPARENT INJURY,NOT DISTRACTED,PASSENGER CAR,STOPPED IN TRAFFIC LANE,South,South,30,2010,TOYOTA,2.2,53.3,50.2,0
Property Damage Crash,07-04-2022 20:50,,,,OTHER,CLEAR,,DAYLIGHT,NO CONTROLS,No,NO APPARENT INJURY,NOT DISTRACTED,PASSENGER CAR,PARKED,,,10,2015,HONDA,4.4,2,40.3,0
Property Damage Crash,07-04-2022 21:50,Maryland (State),GEORGIA AVE,N/A,SAME DIRECTION SIDESWIPE,CLEAR,DRY,DARK LIGHTS ON,YIELD SIGN,No,NO APPARENT INJURY,LOOKED BUT DID NOT SEE,PASSENGER CAR,CHANGING LANES,North,North,35,2004,NISSAN,4.2,61.3,38.5,0
Property Damage Crash,07-04-2022 21:50,,,,SINGLE VEHICLE,CLEAR,,DARK NO LIGHTS,N/A,Yes,NO APPARENT INJURY,NOT DISTRACTED,POLICE VEHICLE/NON EMERGENCY,MAKING LEFT TURN,South,West,0,2017,FORD,0,0,0,0
Injury Crash,07-04-2022 22:33,Maryland (State),ROCKVILLE PIKE,N/A,SAME DIR REAR END,CLEAR,DRY,DAYLIGHT,TRAFFIC SIGNAL,No,SUSPECTED MINOR INJURY,NOT DISTRACTED,PASSENGER CAR,SLOWING OR STOPPING,South,South,35,2011,BMW,0,0,0,0
Property Damage Crash,07-04-2022 22:43,Maryland (State),LAYHILL RD,N/A,STRAIGHT MOVEMENT ANGLE,CLEAR,DRY,DARK LIGHTS ON,TRAFFIC SIGNAL,Yes,NO APPARENT INJURY,NOT DISTRACTED,FIRE VEHICLE/EMERGENCY,MOVING CONSTANT SPEED,North,North,35,2015,CHEVY,6.4,150,31.8,0
Property Damage Crash,07-04-2022 22:43,,,,SINGLE VEHICLE,CLEAR,,DAYLIGHT,N/A,No,NO APPARENT INJURY,NOT DISTRACTED,POLICE VEHICLE/NON EMERGENCY,PARKING,Unknown,Unknown,5,2016,HYUNDAI,8.8,189,18.3,0
Property Damage Crash,07-04-2022 23:14,,,,SAME DIRECTION SIDESWIPE,CLEAR,,DAYLIGHT,NO CONTROLS,Yes,NO APPARENT INJURY,NOT DISTRACTED,OTHER,OTHER,North,North,0,2008,VOLVO,4,10,42.7,0.03
Property Damage Crash,07-04-2022 23:14,Municipality,PRESERVE PKWY,ROCKVILLE,SINGLE VEHICLE,RAINING,WET,DAYLIGHT,TRAFFIC SIGNAL,Yes,NO APPARENT INJURY,NOT DISTRACTED,PASSENGER CAR,MOVING CONSTANT SPEED,South,South,15,2006,VOLKSWAGON,0,0,0,0
Injury Crash,07-04-2022 23:50,Maryland (State),EAST WEST HWY,N/A,STRAIGHT MOVEMENT ANGLE,CLEAR,DRY,DAYLIGHT,STOP SIGN,Yes,NO APPARENT INJURY,LOOKED BUT DID NOT SEE,VAN,ACCELERATING,North,North,35,2009,CHEVROLET,4.9,296,33.4,0
Injury Crash,08-04-2022 00:16,Maryland (State),GREAT SENECA HWY,N/A,STRAIGHT MOVEMENT ANGLE,RAINING,WET,DAWN,TRAFFIC SIGNAL,No,NO APPARENT INJURY,NOT DISTRACTED,PICKUP TRUCK,MOVING CONSTANT SPEED,East,East,50,2016,DODGE,2.7,357,31.8,0
Injury Crash,08-04-2022 00:16,Interstate (State),CABIN JOHN PKWY,N/A,SINGLE VEHICLE,CLEAR,WET,DAYLIGHT,NO CONTROLS,Yes,SUSPECTED MINOR INJURY,NOT DISTRACTED,PASSENGER CAR,NEGOTIATING A CURVE,East,East,30,2009,TOYOTA,2.7,185,32.8,0
Injury Crash,08-04-2022 00:27,Maryland (State),FREDERICK RD,N/A,OPPOSITE DIRECTION SIDESWIPE,SNOW,SNOW,DAYLIGHT,N/A,Yes,SUSPECTED MINOR INJURY,NOT DISTRACTED,PASSENGER CAR,MOVING CONSTANT SPEED,South,South,40,2000,NISSAN,6.4,35.2,20.3,0
Injury Crash,08-04-2022 00:40,Maryland (State),WISCONSIN AVE,N/A,OTHER,CLEAR,DRY,DAYLIGHT,TRAFFIC SIGNAL,Yes,NO APPARENT INJURY,LOOKED BUT DID NOT SEE,PASSENGER CAR,MAKING RIGHT TURN,South,East,25,2012,AUDI,4.1,41.9,36.7,0
Property Damage Crash,08-04-2022 00:40,,,,STRAIGHT MOVEMENT ANGLE,CLOUDY,,DAYLIGHT,NO CONTROLS,Yes,NO APPARENT INJURY,NOT DISTRACTED,PASSENGER CAR,STARTING FROM PARKED,Unknown,Unknown,0,2005,TOYOTA,5.2,47.2,46.4,0.07
Property Damage Crash,08-04-2022 04:20,,,,N/A,CLEAR,,DAYLIGHT,N/A,Yes,NO APPARENT INJURY,UNKNOWN,PASSENGER CAR,BACKING,North,North,15,0,HONDA,3.3,38,31.8,0
Injury Crash,08-04-2022 08:00,Maryland (State),EAST WEST HWY,N/A,SAME DIR REAR END,CLEAR,WET,DAYLIGHT,NO CONTROLS,Yes,NO APPARENT INJURY,UNKNOWN,PASSENGER CAR,MOVING CONSTANT SPEED,East,East,30,2013,TESLA,7.6,63.4,57.7,0
Property Damage Crash,08-04-2022 08:00,Maryland (State),FIRST ST,ROCKVILLE,SAME DIR REAR END,CLEAR,DRY,DAYLIGHT,NO CONTROLS,No,NO APPARENT INJURY,NOT DISTRACTED,PASSENGER CAR,STOPPED IN TRAFFIC LANE,East,East,35,2012,VOLV,0,0,0,0
Property Damage Crash,08-04-2022 08:39,Maryland (State),MONTGOMERY AVE,N/A,SAME DIRECTION RIGHT TURN,CLEAR,DRY,DAYLIGHT,NO CONTROLS,No,NO APPARENT INJURY,NOT DISTRACTED,TRANSIT BUS,STARTING FROM LANE,East,East,25,2008,NEW FLYER,3.2,7,39,0.01
Property Damage Crash,08-04-2022 08:39,Maryland (State),WISCONSIN AVE,N/A,SAME DIRECTION SIDESWIPE,CLEAR,DRY,DAYLIGHT,NO CONTROLS,Unknown,NO APPARENT INJURY,UNKNOWN,PASSENGER CAR,UNKNOWN,South,South,25,2016,HONDA,5,193,44.2,0
Property Damage Crash,08-04-2022 11:02,County,HEWITT AVE,N/A,OTHER,CLEAR,DRY,DAYLIGHT,NO CONTROLS,Yes,NO APPARENT INJURY,NOT DISTRACTED,PASSENGER CAR,MAKING RIGHT TURN,West,West,30,2016,DODGE,1.8,46.7,44.6,0
Property Damage Crash,08-04-2022 11:02,Municipality,WOOTTON PKWY,N/A,STRAIGHT MOVEMENT ANGLE,CLEAR,DRY,DAYLIGHT,TRAFFIC SIGNAL,No,NO APPARENT INJURY,NOT DISTRACTED,PASSENGER CAR,MOVING CONSTANT SPEED,East,East,35,2012,CHEV,9,65.1,56.3,0
Injury Crash,08-04-2022 13:07,Maryland (State),UNIVERSITY BLVD W,N/A,HEAD ON LEFT TURN,CLEAR,DRY,DAYLIGHT,NO CONTROLS,Yes,POSSIBLE INJURY,LOOKED BUT DID NOT SEE,PASSENGER CAR,MAKING LEFT TURN,South,West,35,2015,NISSAN,3.7,36.4,26.8,0
Property Damage Crash,08-04-2022 13:07,,,,SINGLE VEHICLE,CLEAR,,DARK LIGHTS ON,NO CONTROLS,Yes,NO APPARENT INJURY,LOOKED BUT DID NOT SEE,PASSENGER CAR,BACKING,East,North,0,2009,HONDA,1.8,23,18.6,0
Property Damage Crash,08-04-2022 13:15,,,,OTHER,CLEAR,,DARK LIGHTS ON,NO CONTROLS,Yes,NO APPARENT INJURY,UNKNOWN,PICKUP TRUCK,BACKING,Unknown,Unknown,15,2012,NISSAN,9.6,310,-2.4,0
Injury Crash,08-04-2022 13:15,County,REDLAND RD,N/A,SINGLE VEHICLE,SNOW,SNOW,DAYLIGHT,NO CONTROLS,Yes,POSSIBLE INJURY,LOOKED BUT DID NOT SEE,PASSENGER CAR,SLOWING OR STOPPING,South,South,35,2001,TOYOTA,3.3,39.9,26.2,0
Injury Crash,08-04-2022 14:10,Maryland (State),UNIVERSITY BLVD W,N/A,STRAIGHT MOVEMENT ANGLE,CLEAR,DRY,DARK LIGHTS ON,NO CONTROLS,No,POSSIBLE INJURY,NOT DISTRACTED,PASSENGER CAR,MOVING CONSTANT SPEED,West,West,35,2016,NISSAN,7.4,61.8,56.6,0
Injury Crash,08-04-2022 14:10,Maryland (State),VEIRS MILL RD,ROCKVILLE,SAME DIR REAR END,CLEAR,WET,DAYLIGHT,NO CONTROLS,No,NO APPARENT INJURY,NOT DISTRACTED,PASSENGER CAR,STOPPED IN TRAFFIC LANE,West,West,35,2012,TOYT,4.9,174,41.7,0
Property Damage Crash,08-04-2022 14:21,Maryland (State),GERMANTOWN RD,N/A,SAME DIR REAR END,CLEAR,DRY,DAYLIGHT,TRAFFIC SIGNAL,Yes,NO APPARENT INJURY,NOT DISTRACTED,PASSENGER CAR,ACCELERATING,East,South,40,2011,TOYOTA,15.2,313,1.9,0
Injury Crash,08-04-2022 14:21,County,CENTERWAY RD,N/A,HEAD ON LEFT TURN,CLOUDY,DRY,DAYLIGHT,NO CONTROLS,Yes,POSSIBLE INJURY,UNKNOWN,PASSENGER CAR,ACCELERATING,West,West,35,2005,MAZDA,8.5,41.9,17.2,0
Injury Crash,08-04-2022 14:21,US (State),COLUMBIA PIKE,N/A,SAME DIR REAR END,CLEAR,DRY,DAYLIGHT,NO CONTROLS,Yes,SUSPECTED MINOR INJURY,OTHER ELECTRONIC DEVICE (NAVIGATIONAL PALM PILOT),PASSENGER CAR,SLOWING OR STOPPING,North,North,50,2014,FORD,4,58.6,42.1,0
Injury Crash,08-04-2022 14:52,Maryland (State),UNIVERSITY BLVD W,N/A,SAME DIR REAR END,CLOUDY,DRY,DAYLIGHT,TRAFFIC SIGNAL,Yes,NO APPARENT INJURY,OTHER CELLULAR PHONE RELATED,(SPORT) UTILITY VEHICLE,MOVING CONSTANT SPEED,East,East,30,2016,NISS,5.5,182,28.6,0
Injury Crash,08-04-2022 14:52,Government,BEACH DR,N/A,SAME DIR REND LEFT TURN,CLEAR,DRY,DAYLIGHT,NO CONTROLS,No,NO APPARENT INJURY,NOT DISTRACTED,PASSENGER CAR,SLOWING OR STOPPING,North,East,25,2002,HONDA,0,0,0,0
Injury Crash,08-04-2022 17:00,Maryland (State),ROCKLEDGE BLVD,N/A,SAME DIR REAR END,CLEAR,DRY,DAYLIGHT,YIELD SIGN,Yes,NO APPARENT INJURY,NOT DISTRACTED,PASSENGER CAR,STARTING FROM LANE,North,South,30,2015,MERCEDES,3.1,217,32.6,0
Injury Crash,08-04-2022 17:00,,,,SINGLE VEHICLE,CLEAR,,DAYLIGHT,NO CONTROLS,Yes,POSSIBLE INJURY,UNKNOWN,PASSENGER CAR,ACCELERATING,West,West,15,2002,ACURA,6,43.7,33.8,0
Injury Crash,08-04-2022 17:00,County,HAWKESBURY LA,N/A,HEAD ON LEFT TURN,CLOUDY,WET,DAWN,TRAFFIC SIGNAL,Yes,POSSIBLE INJURY,INATTENTIVE OR LOST IN THOUGHT,PICKUP TRUCK,MOVING CONSTANT SPEED,West,West,45,2007,CHEVY,7.8,41.3,26.1,0
Property Damage Crash,08-04-2022 17:16,County,PROSPERITY DR,N/A,STRAIGHT MOVEMENT ANGLE,RAINING,WET,DAYLIGHT,STOP SIGN,No,NO APPARENT INJURY,NOT DISTRACTED,PASSENGER CAR,MOVING CONSTANT SPEED,North,North,30,2000,MITS,0,0,0,0
Property Damage Crash,08-04-2022 17:16,Municipality,RESEARCH BLVD,ROCKVILLE,HEAD ON LEFT TURN,CLEAR,DRY,DAYLIGHT,TRAFFIC SIGNAL,No,NO APPARENT INJURY,NOT DISTRACTED,VAN,MOVING CONSTANT SPEED,East,East,30,2016,RAM,8.2,303,39.7,0
Injury Crash,08-04-2022 17:30,Maryland (State),GEORGIA AVE,N/A,SAME DIR REAR END,CLEAR,DRY,DARK LIGHTS ON,TRAFFIC SIGNAL,No,NO APPARENT INJURY,NOT DISTRACTED,PASSENGER CAR,STOPPED IN TRAFFIC LANE,South,South,35,2016,HYUN,11,40.2,26.4,0
Injury Crash,08-04-2022 17:32,Maryland (State),GOLDSBORO RD,N/A,OTHER,CLEAR,DRY,DAYLIGHT,OTHER,No,SUSPECTED MINOR INJURY,NOT DISTRACTED,OTHER,MOVING CONSTANT SPEED,West,West,30,2016,TORO,0,0,0,0
Property Damage Crash,08-04-2022 17:32,,,,OTHER,CLEAR,,DARK LIGHTS ON,NO CONTROLS,Yes,NO APPARENT INJURY,NOT DISTRACTED,PASSENGER CAR,ACCELERATING,West,East,10,2003,MITSUBISHI,10.5,43.9,33.2,0
Injury Crash,08-04-2022 17:37,Maryland (State),MASSACHUSETTS AVE,N/A,SAME DIR REND LEFT TURN,N/A,DRY,DARK LIGHTS ON,NO CONTROLS,Yes,POSSIBLE INJURY,NOT DISTRACTED,PASSENGER CAR,MOVING CONSTANT SPEED,West,West,35,2003,TOYOTA,6.2,40,25.7,0
Property Damage Crash,08-04-2022 17:43,Maryland (State),NEW HAMPSHIRE AVE,TAKOMA PARK,SAME DIRECTION RIGHT TURN,OTHER,DRY,DARK LIGHTS ON,TRAFFIC SIGNAL,No,NO APPARENT INJURY,NOT DISTRACTED,PASSENGER CAR,STOPPED IN TRAFFIC LANE,North,North,0,2007,SATURN,6.8,42.4,37.8,0
Property Damage Crash,08-04-2022 17:43,Maryland (State),NEW HAMPSHIRE AVE,N/A,SAME DIR REAR END,CLOUDY,DRY,DAYLIGHT,TRAFFIC SIGNAL,Yes,NO APPARENT INJURY,INATTENTIVE OR LOST IN THOUGHT,PASSENGER CAR,SLOWING OR STOPPING,South,South,40,2004,CADI,0,0,0,0
Injury Crash,08-04-2022 17:43,County,SENECA MEADOWS PKWY,N/A,SINGLE VEHICLE,CLEAR,DRY,DAYLIGHT,NO CONTROLS,Yes,SUSPECTED SERIOUS INJURY,NOT DISTRACTED,VAN,MOVING CONSTANT SPEED,North,North,30,2004,HONDA,4.5,41.3,29.3,0
Property Damage Crash,08-04-2022 17:43,,,,OTHER,UNKNOWN,,UNKNOWN,NO CONTROLS,Unknown,NO APPARENT INJURY,NOT DISTRACTED,(SPORT) UTILITY VEHICLE,PARKING,Unknown,Unknown,5,2004,TOYOTA,5,61.2,39.3,0
Property Damage Crash,08-04-2022 17:43,County,EASTWOOD AVE,N/A,SAME DIR REAR END,RAINING,WET,DARK LIGHTS ON,YIELD SIGN,Yes,NO APPARENT INJURY,NOT DISTRACTED,PASSENGER CAR,SLOWING OR STOPPING,South,South,15,2010,ACURA,9.2,51.7,36.4,0
Injury Crash,08-04-2022 20:32,Maryland (State),MUNCASTER MILL RD,N/A,HEAD ON LEFT TURN,CLEAR,DRY,DUSK,TRAFFIC SIGNAL,Yes,POSSIBLE INJURY,OTHER DISTRACTION,PASSENGER CAR,MAKING LEFT TURN,South,West,40,2020,TOYOTA,11.3,33.3,23.7,0
Injury Crash,08-04-2022 20:32,Maryland (State),OLD GEORGETOWN RD,N/A,SINGLE VEHICLE,CLOUDY,DRY,DAYLIGHT,PERSON,Yes,NO APPARENT INJURY,LOOKED BUT DID NOT SEE,(SPORT) UTILITY VEHICLE,MAKING RIGHT TURN,South,East,35,2015,TOYOTA,5.4,253,36.9,0
Injury Crash,08-04-2022 21:28,Maryland (State),NEW HAMPSHIRE AVE,N/A,SAME DIR REAR END,CLEAR,DRY,DAYLIGHT,NO CONTROLS,No,NO APPARENT INJURY,NOT DISTRACTED,PASSENGER CAR,STOPPED IN TRAFFIC LANE,North,North,40,2016,KIA,7.4,299,48.1,0.03
Injury Crash,08-04-2022 21:45,County,MONTROSE RD,N/A,SAME DIR REAR END,RAINING,WET,DAYLIGHT,TRAFFIC SIGNAL,Yes,NO APPARENT INJURY,UNKNOWN,OTHER,MOVING CONSTANT SPEED,North,North,25,2005,FRHT,8,176,14.5,0
Injury Crash,08-04-2022 22:40,County,MIDCOUNTY HWY,N/A,STRAIGHT MOVEMENT ANGLE,CLEAR,DRY,DARK LIGHTS ON,TRAFFIC SIGNAL,No,SUSPECTED SERIOUS INJURY,NOT DISTRACTED,PASSENGER CAR,MOVING CONSTANT SPEED,East,South,50,2015,KIA,5.5,40.6,17.5,0
Property Damage Crash,08-04-2022 23:00,Maryland (State),WOODFIELD RD,N/A,SAME DIR REAR END,CLEAR,DRY,DARK NO LIGHTS,NO CONTROLS,Yes,NO APPARENT INJURY,UNKNOWN,PASSENGER CAR,MOVING CONSTANT SPEED,East,East,20,1996,HONDA,0,0,0,0
Property Damage Crash,08-04-2022 23:00,,,,UNKNOWN,CLEAR,,DAYLIGHT,N/A,Yes,NO APPARENT INJURY,UNKNOWN,,UNKNOWN,Unknown,Unknown,5,0,UNKNOWN,3.2,42.6,20.4,0
Injury Crash,08-04-2022 23:27,Maryland (State),VEIRS MILL RD,N/A,SAME DIR REAR END,CLEAR,DRY,DAYLIGHT,NO CONTROLS,Yes,NO APPARENT INJURY,LOOKED BUT DID NOT SEE,,SLOWING OR STOPPING,West,West,35,0,UNKNOWN,4,185,33.1,0
Property Damage Crash,08-04-2022 23:29,County,SPARTAN RD,N/A,SAME DIR REAR END,CLEAR,DRY,DARK LIGHTS ON,TRAFFIC SIGNAL,Yes,NO APPARENT INJURY,LOOKED BUT DID NOT SEE,(SPORT) UTILITY VEHICLE,CHANGING LANES,South,South,25,2015,BUICK,0,0,0,0
Injury Crash,08-04-2022 23:29,Maryland (State),VEIRS MILL RD,N/A,OTHER,CLOUDY,DRY,DUSK,NO CONTROLS,Yes,SUSPECTED MINOR INJURY,UNKNOWN,PASSENGER CAR,UNKNOWN,East,East,35,2013,SUBARU,6.8,43.9,41,0
Property Damage Crash,09-04-2022 01:37,Maryland (State),PINEY BRANCH RD,N/A,STRAIGHT MOVEMENT ANGLE,CLEAR,DRY,DAYLIGHT,N/A,Yes,NO APPARENT INJURY,NOT DISTRACTED,PASSENGER CAR,MAKING RIGHT TURN,South,South,35,2015,HONDA,4.4,55.5,41.6,0
Property Damage Crash,09-04-2022 02:56,County,ROBINDALE DR,N/A,STRAIGHT MOVEMENT ANGLE,CLEAR,DRY,DAYLIGHT,TRAFFIC SIGNAL,No,NO APPARENT INJURY,NOT DISTRACTED,PASSENGER CAR,MOVING CONSTANT SPEED,North,North,45,1990,CHEVY,4.1,61.1,47.6,0
Property Damage Crash,09-04-2022 02:58,County,CANNON RD,N/A,SAME DIR REAR END,CLEAR,DRY,DAYLIGHT,N/A,Yes,NO APPARENT INJURY,UNKNOWN,UNKNOWN,UNKNOWN,East,East,35,0,UNKNOWN,10.8,304,30.8,0
Property Damage Crash,09-04-2022 02:58,County,BOU AVE,N/A,STRAIGHT MOVEMENT ANGLE,CLEAR,DRY,DUSK,STOP SIGN,No,NO APPARENT INJURY,UNKNOWN,PASSENGER CAR,MOVING CONSTANT SPEED,West,West,25,2022,MAZDA,6.6,40.4,26.9,0
Property Damage Crash,09-04-2022 02:58,US (State),GEORGIA AVE,N/A,SAME DIR REAR END,CLEAR,DRY,DARK LIGHTS ON,N/A,Yes,NO APPARENT INJURY,UNKNOWN,,ACCELERATING,North,North,35,0,UNKNOWN,0,0,0,0
Injury Crash,09-04-2022 03:14,Maryland (State),CLOPPER RD,N/A,SAME DIR REAR END,CLEAR,DRY,DAYLIGHT,TRAFFIC SIGNAL,No,POSSIBLE INJURY,NOT DISTRACTED,(SPORT) UTILITY VEHICLE,SLOWING OR STOPPING,South,South,45,2008,SCION,1.4,312,24.2,0
Property Damage Crash,09-04-2022 08:00,Municipality,FRIENDSHIP BLVD,FRIENDSHIP HEIGHTS,OTHER,CLOUDY,DRY,DAYLIGHT,NO CONTROLS,Yes,NO APPARENT INJURY,UNKNOWN,(SPORT) UTILITY VEHICLE,PARKING,West,West,25,2004,TOYOTA,5.3,44.4,26.5,0
Property Damage Crash,09-04-2022 09:10,US (State),COLUMBIA PIKE,N/A,SAME DIR REAR END,CLEAR,DRY,DAYLIGHT,NO CONTROLS,No,NO APPARENT INJURY,NOT DISTRACTED,PASSENGER CAR,STOPPED IN TRAFFIC LANE,North,North,55,2010,TOYOTA,7,46,23.8,0
Injury Crash,09-04-2022 09:10,Maryland (State),WISCONSIN AVE,N/A,STRAIGHT MOVEMENT ANGLE,CLEAR,DRY,DARK LIGHTS ON,TRAFFIC SIGNAL,No,SUSPECTED MINOR INJURY,NOT DISTRACTED,PASSENGER CAR,STOPPED IN TRAFFIC LANE,East,East,25,2015,HONDA,2.2,84,31.3,0
Injury Crash,09-04-2022 09:57,Maryland (State),W MONTGOMERY AVE,ROCKVILLE,SAME DIR REAR END,CLEAR,WET,DARK LIGHTS ON,TRAFFIC SIGNAL,Yes,NO APPARENT INJURY,UNKNOWN,PASSENGER CAR,SLOWING OR STOPPING,East,East,35,2001,TOYT,0,0,0,0
Property Damage Crash,09-04-2022 12:12,,,,OTHER,CLEAR,,DAYLIGHT,NO CONTROLS,Yes,NO APPARENT INJURY,UNKNOWN,PASSENGER CAR,BACKING,Unknown,Unknown,5,2003,JEEP,1.9,2,38.3,0
Property Damage Crash,09-04-2022 12:12,County,FIELDCREST RD,N/A,SAME DIR REAR END,CLEAR,DRY,DAYLIGHT,TRAFFIC SIGNAL,Yes,NO APPARENT INJURY,TALKING OR LISTENING TO CELLULAR PHONE,PASSENGER CAR,MAKING RIGHT TURN,South,East,40,2010,HONDA,8.7,171,4.8,0
Property Damage Crash,09-04-2022 12:21,County,CRYSTAL ROCK DR,N/A,HEAD ON LEFT TURN,RAINING,WET,DAYLIGHT,TRAFFIC SIGNAL,No,NO APPARENT INJURY,LOOKED BUT DID NOT SEE,PASSENGER CAR,MOVING CONSTANT SPEED,North,North,35,2004,HOND,0,0,0,0
Property Damage Crash,09-04-2022 12:21,Maryland (State),GEORGIA AVE,N/A,SAME DIR REAR END,RAINING,WET,DAYLIGHT,NO CONTROLS,Yes,NO APPARENT INJURY,NOT DISTRACTED,PASSENGER CAR,MOVING CONSTANT SPEED,South,South,30,2021,HOND,4.3,148,44.4,0
Injury Crash,09-04-2022 12:21,Maryland (State),WOODFIELD RD,N/A,SAME DIR REAR END,RAINING,WET,DAYLIGHT,NO CONTROLS,No,POSSIBLE INJURY,NOT DISTRACTED,(SPORT) UTILITY VEHICLE,STOPPED IN TRAFFIC LANE,East,South,40,2013,JEEP,11.9,321,13.2,0
Injury Crash,09-04-2022 14:45,Maryland (State),FALLS RD,N/A,SAME DIR REAR END,CLEAR,DRY,DAYLIGHT,NO CONTROLS,No,NO APPARENT INJURY,NOT DISTRACTED,PASSENGER CAR,SLOWING OR STOPPING,North,North,30,2000,FORD,0,0,0,0
Injury Crash,09-04-2022 14:45,Maryland (State),CONNECTICUT AVE,N/A,SAME DIR REAR END,CLEAR,DRY,N/A,TRAFFIC SIGNAL,No,SUSPECTED MINOR INJURY,NOT DISTRACTED,PASSENGER CAR,SLOWING OR STOPPING,North,North,35,2004,NISSAN,2.6,96,29.6,0
Property Damage Crash,09-04-2022 14:55,County,FOREST GLEN RD,N/A,SAME DIR REAR END,CLEAR,DRY,DAYLIGHT,NO CONTROLS,No,NO APPARENT INJURY,NOT DISTRACTED,PASSENGER CAR,SLOWING OR STOPPING,East,East,30,2012,BUICK,3.5,101,26.1,0
Injury Crash,09-04-2022 15:15,Municipality,CONGRESSIONAL LA,ROCKVILLE,STRAIGHT MOVEMENT ANGLE,RAINING,WET,DAYLIGHT,STOP SIGN,Yes,SUSPECTED MINOR INJURY,LOOKED BUT DID NOT SEE,PASSENGER CAR,ENTERING TRAFFIC LANE,South,South,5,2016,SUBARU,5.6,185,43.4,0
Injury Crash,09-04-2022 15:45,Maryland (State),DARNESTOWN RD,N/A,SAME DIR REAR END,CLEAR,N/A,DAYLIGHT,N/A,No,NO APPARENT INJURY,NOT DISTRACTED,PASSENGER CAR,SLOWING OR STOPPING,West,West,40,2016,FORD,0,0,0,0
Injury Crash,09-04-2022 16:27,Maryland (State),MONTGOMERY VILLAGE AVE,GAITHERSBURG,HEAD ON LEFT TURN,CLEAR,DRY,DARK LIGHTS ON,TRAFFIC SIGNAL,Unknown,POSSIBLE INJURY,NOT DISTRACTED,PICKUP TRUCK,MOVING CONSTANT SPEED,North,North,35,2006,FORD,0,0,0,0
Property Damage Crash,09-04-2022 16:27,Maryland (State),GEORGIA AVE,N/A,SAME DIR REAR END,N/A,DRY,DARK LIGHTS ON,NO CONTROLS,No,NO APPARENT INJURY,UNKNOWN,PASSENGER CAR,MOVING CONSTANT SPEED,South,South,35,2000,UNK,5.6,135,40.3,0
Injury Crash,09-04-2022 17:38,US (State),COLUMBIA PIKE,N/A,SAME DIR REAR END,CLOUDY,DRY,DAYLIGHT,TRAFFIC SIGNAL,No,NO APPARENT INJURY,NOT DISTRACTED,PICKUP TRUCK,STOPPED IN TRAFFIC LANE,South,South,55,2016,CHEVY,13,304,-0.4,0
Injury Crash,09-04-2022 17:38,Maryland (State),UNIVERSITY BLVD E,N/A,SAME DIR REAR END,CLEAR,DRY,DAYLIGHT,NO CONTROLS,Yes,SUSPECTED SERIOUS INJURY,UNKNOWN,PASSENGER CAR,MOVING CONSTANT SPEED,East,East,35,2013,TOYOTA,0,0,0,0
Injury Crash,09-04-2022 17:38,Maryland (State),NEW HAMPSHIRE AVE,N/A,STRAIGHT MOVEMENT ANGLE,CLEAR,DRY,DAYLIGHT,STOP SIGN,Yes,NO APPARENT INJURY,LOOKED BUT DID NOT SEE,VAN,MAKING LEFT TURN,North,East,40,2004,DODGE,11.6,35.4,20,0
Property Damage Crash,09-04-2022 18:00,,ROCKVILLE PIKE,N/A,STRAIGHT MOVEMENT ANGLE,CLEAR,DRY,DAYLIGHT,TRAFFIC SIGNAL,Yes,NO APPARENT INJURY,LOOKED BUT DID NOT SEE,PASSENGER CAR,MOVING CONSTANT SPEED,South,South,45,2018,HONDA,5.7,45.6,33.4,0
Property Damage Crash,09-04-2022 19:48,Maryland (State),NORBECK RD,N/A,SAME DIR REAR END,CLEAR,DRY,DARK LIGHTS ON,NO CONTROLS,No,NO APPARENT INJURY,NOT DISTRACTED,PASSENGER CAR,SLOWING OR STOPPING,East,East,45,2010,NISSAN,0,0,0,0
Property Damage Crash,09-04-2022 19:48,Maryland (State),FREDERICK RD,N/A,HEAD ON LEFT TURN,N/A,DRY,N/A,TRAFFIC SIGNAL,Yes,NO APPARENT INJURY,NOT DISTRACTED,PASSENGER CAR,MAKING LEFT TURN,East,South,45,2012,HYUNDAI,3.7,39.9,37.8,0
Injury Crash,09-04-2022 19:48,County,REDLAND RD,N/A,SAME DIR REAR END,CLEAR,DRY,DAYLIGHT,TRAFFIC SIGNAL,No,SUSPECTED MINOR INJURY,UNKNOWN,PASSENGER CAR,STOPPED IN TRAFFIC LANE,North,South,30,2013,TOYOTA,5.3,27,51.4,0.27
Property Damage Crash,09-04-2022 19:56,County,BELLS MILL RD,N/A,OTHER,N/A,DRY,DAYLIGHT,N/A,Yes,NO APPARENT INJURY,UNKNOWN,"OTHER LIGHT TRUCKS (10,000LBS (4,536KG) OR LESS)",OTHER,East,East,25,2017,MACK,4.6,40.9,16.6,0
Property Damage Crash,09-04-2022 20:25,Maryland (State),FREDERICK RD,N/A,HEAD ON LEFT TURN,CLEAR,DRY,DAYLIGHT,N/A,No,NO APPARENT INJURY,NOT DISTRACTED,PASSENGER CAR,MOVING CONSTANT SPEED,North,North,45,2010,TOYT,0,0,0,0