ACRS Report Type,Date and Time,Route Type,Road Name,Municipality,Collision Type,Weather,Surface Condition,Light,Traffic Control,Driver At Fault,Injury Severity,Driver Distracted By,Vehicle Body Type,Vehicle Movement,Vehicle Continuing Dir,Vehicle Going Dir,Speed Limit,Vehicle Year,Vehicle Make,Wind Speed (MPH),TMP10-DK ,Relative Humidity (%),Rain (Inches)
Property Damage Crash,09-04-2022 20:25,Municipality,VICTORY FARM DR,GAITHERSBURG,OTHER,CLEAR,DRY,DAYLIGHT,NO CONTROLS,Yes,NO APPARENT INJURY,TALKING OR LISTENING TO CELLULAR PHONE,PASSENGER CAR,SLOWING OR STOPPING,West,West,25,2006,NISS,8,42.1,28.9,0
Injury Crash,09-04-2022 20:30,Maryland (State),GEORGIA AVE,N/A,SAME DIR REAR END,CLOUDY,SLUSH,DAYLIGHT,TRAFFIC SIGNAL,No,SUSPECTED MINOR INJURY,NOT DISTRACTED,OTHER,MOVING CONSTANT SPEED,North,North,45,2002,NISSAN,9.7,168,30.3,0
Property Damage Crash,09-04-2022 20:30,Maryland (State),DARNESTOWN RD,GAITHERSBURG,SAME DIR REAR END,CLEAR,DRY,DAYLIGHT,TRAFFIC SIGNAL,Yes,NO APPARENT INJURY,NOT DISTRACTED,PASSENGER CAR,SLOWING OR STOPPING,East,East,35,2009,BUIC,0,0,0,0
Property Damage Crash,09-04-2022 20:35,Municipality,QUINCE ORCHARD BLVD,GAITHERSBURG,STRAIGHT MOVEMENT ANGLE,CLOUDY,DRY,DAYLIGHT,STOP SIGN,Yes,NO APPARENT INJURY,LOOKED BUT DID NOT SEE,PASSENGER CAR,MAKING LEFT TURN,East,South,25,2006,CHEVROLET,0,0,0,0
Property Damage Crash,09-04-2022 21:05,Maryland (State),DARNESTOWN RD,N/A,SAME DIR REAR END,CLEAR,DRY,DAYLIGHT,TRAFFIC SIGNAL,No,NO APPARENT INJURY,NOT DISTRACTED,(SPORT) UTILITY VEHICLE,SLOWING OR STOPPING,East,East,40,2012,FORD,0,0,0,0
Injury Crash,09-04-2022 21:05,County,RANDOLPH RD,N/A,STRAIGHT MOVEMENT ANGLE,CLEAR,DRY,DAYLIGHT,NO CONTROLS,Yes,NO APPARENT INJURY,OTHER DISTRACTION,,ACCELERATING,East,South,25,0,UNKNOWN,3.3,36.3,20.2,0
Injury Crash,09-04-2022 22:40,County,SEVEN LOCKS RD,N/A,SAME DIR REAR END,CLEAR,DRY,DAYLIGHT,NO CONTROLS,No,POSSIBLE INJURY,NOT DISTRACTED,PASSENGER CAR,SLOWING OR STOPPING,North,North,35,2009,TOYT,0,0,0,0
Property Damage Crash,09-04-2022 22:40,Maryland (State),SPENCERVILLE RD,N/A,SINGLE VEHICLE,RAINING,WET,DUSK,NO CONTROLS,Yes,NO APPARENT INJURY,NOT DISTRACTED,PASSENGER CAR,MOVING CONSTANT SPEED,West,West,35,2006,BUIC,1.4,71,31.8,0
Property Damage Crash,09-04-2022 23:48,,,,SAME DIRECTION SIDESWIPE,CLOUDY,,DAYLIGHT,NO CONTROLS,No,NO APPARENT INJURY,NOT DISTRACTED,SCHOOL BUS,PARKED,,,10,2019,FRIEGHTLINER,0,0,0,0
Injury Crash,09-04-2022 23:48,Maryland (State),VEIRS MILL RD,ROCKVILLE,OTHER,CLEAR,DRY,DAYLIGHT,TRAFFIC SIGNAL,Yes,NO APPARENT INJURY,NOT DISTRACTED,POLICE VEHICLE/NON EMERGENCY,SLOWING OR STOPPING,West,West,35,2017,FORD,7.8,176,9.5,0
Injury Crash,10-04-2022 01:10,Government,BEACH DR,N/A,OTHER,CLEAR,DRY,DAYLIGHT,N/A,Yes,NO APPARENT INJURY,NOT DISTRACTED,PASSENGER CAR,ACCELERATING,North,North,25,0,HONDA,4.4,286,30.7,0
Injury Crash,10-04-2022 01:10,County,RANDOLPH RD,N/A,STRAIGHT MOVEMENT ANGLE,CLEAR,DRY,DAYLIGHT,STOP SIGN,Yes,NO APPARENT INJURY,LOOKED BUT DID NOT SEE,VAN,ACCELERATING,South,South,35,2002,FORD,0,0,0,0
Injury Crash,10-04-2022 05:30,County,NORA DR,N/A,SINGLE VEHICLE,CLEAR,DRY,DUSK,NO CONTROLS,Yes,POSSIBLE INJURY,UNKNOWN,PASSENGER CAR,MOVING CONSTANT SPEED,East,East,25,2018,NISSAN,1.1,233,30.6,0
Property Damage Crash,10-04-2022 06:30,Maryland (State),GEORGIA AVE,N/A,OTHER,CLEAR,DRY,DAYLIGHT,TRAFFIC SIGNAL,No,NO APPARENT INJURY,NOT DISTRACTED,PASSENGER CAR,STARTING FROM LANE,North,North,30,2014,MERZ,6.7,43.2,29.7,0
Property Damage Crash,10-04-2022 06:38,Maryland (State),CONNECTICUT AVE,N/A,HEAD ON LEFT TURN,CLEAR,DRY,DAWN,TRAFFIC SIGNAL,Yes,NO APPARENT INJURY,OTHER ELECTRONIC DEVICE (NAVIGATIONAL PALM PILOT),PASSENGER CAR,MAKING LEFT TURN,East,South,35,2016,TOYTOTA,0,0,0,0
Property Damage Crash,10-04-2022 06:38,County,OLD COLUMBIA PIKE,N/A,SAME DIR REAR END,CLEAR,DRY,DAYLIGHT,NO CONTROLS,No,NO APPARENT INJURY,NOT DISTRACTED,VAN,SLOWING OR STOPPING,South,South,30,2016,KIA,2.2,53.3,44,0
Injury Crash,10-04-2022 07:01,County,TRAVILAH RD,N/A,SINGLE VEHICLE,CLEAR,DRY,DARK LIGHTS ON,NO CONTROLS,Yes,SUSPECTED MINOR INJURY,NOT DISTRACTED,PASSENGER CAR,MOVING CONSTANT SPEED,West,West,35,2019,LEXS,8.1,334,13,0
Injury Crash,10-04-2022 07:10,County,RANDOLPH RD,N/A,STRAIGHT MOVEMENT ANGLE,CLEAR,DRY,DAYLIGHT,TRAFFIC SIGNAL,No,POSSIBLE INJURY,NOT DISTRACTED,VAN,MOVING CONSTANT SPEED,East,East,35,2010,HONDA,3.6,7,39,0
Property Damage Crash,10-04-2022 07:50,US (State),COLESVILLE RD,N/A,SAME DIRECTION SIDESWIPE,CLEAR,DRY,DAYLIGHT,NO CONTROLS,No,NO APPARENT INJURY,NOT DISTRACTED,TRANSIT BUS,STOPPED IN TRAFFIC LANE,North,North,35,2006,METRO,0,0,0,0
Injury Crash,10-04-2022 08:41,County,RANDOLPH RD,N/A,STRAIGHT MOVEMENT ANGLE,CLEAR,DRY,DAYLIGHT,TRAFFIC SIGNAL,No,SUSPECTED MINOR INJURY,NOT DISTRACTED,PASSENGER CAR,MOVING CONSTANT SPEED,West,West,40,2011,TOYOTA,9.2,358,34.1,0.13
Property Damage Crash,10-04-2022 08:41,,,,OTHER,N/A,,DARK LIGHTS ON,NO CONTROLS,Yes,NO APPARENT INJURY,NOT DISTRACTED,"OTHER LIGHT TRUCKS (10,000LBS (4,536KG) OR LESS)",PARKING,Unknown,Unknown,0,1998,TOYOTA,8.8,44.1,24.6,0
Injury Crash,10-04-2022 09:05,Maryland (State),OLD HUNDRED RD,N/A,STRAIGHT MOVEMENT ANGLE,CLEAR,DRY,DAYLIGHT,N/A,No,NO APPARENT INJURY,NOT DISTRACTED,"OTHER LIGHT TRUCKS (10,000LBS (4,536KG) OR LESS)",MOVING CONSTANT SPEED,West,West,30,2005,INTERNATIONAL,0,0,0,0
Property Damage Crash,10-04-2022 09:05,County,DALE DR,N/A,SAME DIRECTION SIDESWIPE,CLEAR,DRY,DAYLIGHT,PERSON,Yes,NO APPARENT INJURY,UNKNOWN,PASSENGER CAR,MOVING CONSTANT SPEED,West,West,30,2004,TOYOTA,7.4,143,31.8,0
Injury Crash,10-04-2022 10:44,Maryland (State),NEW HAMPSHIRE AVE,N/A,SAME DIR REAR END,CLEAR,DRY,DAYLIGHT,TRAFFIC SIGNAL,Yes,POSSIBLE INJURY,NOT DISTRACTED,PASSENGER CAR,MOVING CONSTANT SPEED,North,North,45,2003,FORD,2.7,48.3,10.9,0
Property Damage Crash,10-04-2022 10:44,County,RAILROAD ST,N/A,SINGLE VEHICLE,CLEAR,DRY,DAYLIGHT,TRAFFIC SIGNAL,Yes,NO APPARENT INJURY,UNKNOWN,SCHOOL BUS,MAKING RIGHT TURN,North,North,25,2016,THOMAS,8.5,175,4,0
Injury Crash,10-04-2022 10:45,Municipality,CEDAR SPRING ST,GAITHERSBURG,OTHER,SNOW,SNOW,DAYLIGHT,STOP SIGN,No,POSSIBLE INJURY,NOT DISTRACTED,PASSENGER CAR,STOPPED IN TRAFFIC LANE,East,North,25,2007,LEXUS,9.4,39.5,29.1,0
Injury Crash,10-04-2022 10:45,Municipality,FIRSTFIELD RD,N/A,SAME DIR REND RIGHT TURN,CLEAR,WET,DAYLIGHT,TRAFFIC SIGNAL,No,POSSIBLE INJURY,NOT DISTRACTED,PASSENGER CAR,SLOWING OR STOPPING,South,East,35,2010,TOYOTA,13.5,40.4,29.4,0
Property Damage Crash,10-04-2022 12:40,US (State),COLESVILLE RD,N/A,STRAIGHT MOVEMENT ANGLE,CLEAR,DRY,DAYLIGHT,TRAFFIC SIGNAL,Yes,NO APPARENT INJURY,NOT DISTRACTED,(SPORT) UTILITY VEHICLE,SLOWING OR STOPPING,North,North,35,2013,LINCOLN,8,328,13.4,0
Property Damage Crash,10-04-2022 12:40,Maryland (State),VEIRS MILL RD,N/A,OTHER,CLEAR,DRY,DAYLIGHT,YIELD SIGN,No,NO APPARENT INJURY,NOT DISTRACTED,PASSENGER CAR,ACCELERATING,North,North,40,2007,HONDA,0,0,0,0
Property Damage Crash,10-04-2022 12:55,,,,OTHER,CLEAR,,N/A,NO CONTROLS,Yes,NO APPARENT INJURY,NOT DISTRACTED,POLICE VEHICLE/NON EMERGENCY,BACKING,North,North,25,2016,FORD,5.6,31.3,17,0
Injury Crash,10-04-2022 13:10,County,DARNESTOWN RD,ROCKVILLE,STRAIGHT MOVEMENT ANGLE,RAINING,WET,DAYLIGHT,STOP SIGN,Yes,NO APPARENT INJURY,UNKNOWN,PASSENGER CAR,MAKING LEFT TURN,East,North,0,2018,VOLV,0,0,0,0
Property Damage Crash,10-04-2022 13:47,Maryland (State),DARNESTOWN RD,N/A,HEAD ON LEFT TURN,CLEAR,DRY,DAYLIGHT,TRAFFIC SIGNAL,No,NO APPARENT INJURY,NOT DISTRACTED,PASSENGER CAR,MOVING CONSTANT SPEED,North,North,30,2006,VOLK,6.9,45.3,41.6,0
Property Damage Crash,10-04-2022 14:10,County,STEDWICK RD,N/A,HEAD ON LEFT TURN,SNOW,WET,DAYLIGHT,TRAFFIC SIGNAL,No,NO APPARENT INJURY,NOT DISTRACTED,PICKUP TRUCK,MOVING CONSTANT SPEED,West,West,35,2014,TOYT,10,293,-0.5,0
Injury Crash,10-04-2022 14:10,Interstate (State),EISENHOWER MEMORIAL HWY,N/A,SAME DIR REAR END,CLEAR,DRY,DAYLIGHT,NO CONTROLS,No,NO APPARENT INJURY,NOT DISTRACTED,PASSENGER CAR,STOPPED IN TRAFFIC LANE,North,North,55,2006,HYUNDAI,5,339,18,0
Property Damage Crash,10-04-2022 14:35,Maryland (State),ROCKVILLE PIKE,N/A,ANGLE MEETS RIGHT TURN,CLEAR,DRY,DAYLIGHT,TRAFFIC SIGNAL,Yes,NO APPARENT INJURY,LOOKED BUT DID NOT SEE,PASSENGER CAR,MAKING RIGHT TURN,North,North,35,2014,VOLK,4.2,205,31.7,0
Property Damage Crash,10-04-2022 14:35,Maryland (State),NEW HAMPSHIRE AVE,N/A,SAME DIR REAR END,CLEAR,DRY,DAYLIGHT,NO CONTROLS,Yes,NO APPARENT INJURY,UNKNOWN,PASSENGER CAR,SLOWING OR STOPPING,South,South,40,2000,CHEVROLET,2.4,42.3,39.2,0
Property Damage Crash,10-04-2022 15:30,County,BETHESDA AVE,N/A,OTHER,N/A,DRY,DARK LIGHTS ON,NO CONTROLS,Yes,NO APPARENT INJURY,UNKNOWN,PASSENGER CAR,PARKING,West,West,25,2016,MAZDA,6.3,343,34.6,0.09
Property Damage Crash,10-04-2022 15:30,County,WELLER RD,N/A,SAME DIR REAR END,CLEAR,DRY,DARK LIGHTS ON,NO CONTROLS,Yes,NO APPARENT INJURY,UNKNOWN,(SPORT) UTILITY VEHICLE,ACCELERATING,West,West,35,2016,HYUNDAI,0,0,0,0
Injury Crash,10-04-2022 15:40,Maryland (State),UNIVERSITY BLVD E,N/A,SAME DIR REAR END,CLEAR,WET,DARK LIGHTS ON,TRAFFIC SIGNAL,No,NO APPARENT INJURY,NOT DISTRACTED,PASSENGER CAR,STOPPED IN TRAFFIC LANE,East,East,40,2015,TOYOTA,1.5,182,44.4,0
Property Damage Crash,10-04-2022 15:40,County,SNOUFFERS SCHOOL RD,N/A,SAME DIR REAR END,CLOUDY,DRY,DAYLIGHT,TRAFFIC SIGNAL,No,NO APPARENT INJURY,NOT DISTRACTED,PICKUP TRUCK,SLOWING OR STOPPING,North,North,35,2014,NISS,8.1,307,40.3,0
Property Damage Crash,10-04-2022 15:41,Maryland (State),NEW HAMPSHIRE AVE,N/A,SAME DIRECTION SIDESWIPE,CLEAR,DRY,DARK LIGHTS ON,NO CONTROLS,Yes,NO APPARENT INJURY,NOT DISTRACTED,PASSENGER CAR,MOVING CONSTANT SPEED,North,North,45,2006,TOYOTA,4.9,39.4,27.1,0
Property Damage Crash,10-04-2022 15:41,Maryland (State),RIVER RD,N/A,ANGLE MEETS LEFT HEAD ON,CLOUDY,DRY,DAYLIGHT,NO CONTROLS,No,NO APPARENT INJURY,NOT DISTRACTED,PASSENGER CAR,MOVING CONSTANT SPEED,East,East,35,2016,TOYOTA,3.9,36.2,33.4,0
Property Damage Crash,10-04-2022 16:06,County,CONNECTICUT AVE,N/A,HEAD ON LEFT TURN,CLEAR,DRY,DAYLIGHT,TRAFFIC SIGNAL,Unknown,NO APPARENT INJURY,NOT DISTRACTED,PASSENGER CAR,MOVING CONSTANT SPEED,North,North,35,2007,NISS,2.6,228,48.7,0
Property Damage Crash,10-04-2022 16:06,County,MIDDLEBROOK RD,N/A,SAME DIR REAR END,N/A,WET,DAYLIGHT,TRAFFIC SIGNAL,Yes,NO APPARENT INJURY,OTHER DISTRACTION,PASSENGER CAR,SLOWING OR STOPPING,East,East,40,2017,HONDA,,,,
Injury Crash,10-04-2022 17:37,Maryland (State),RIVER RD,N/A,HEAD ON LEFT TURN,CLEAR,DRY,DAYLIGHT,TRAFFIC SIGNAL,No,SUSPECTED SERIOUS INJURY,NOT DISTRACTED,PASSENGER CAR,MAKING LEFT TURN,North,East,35,2015,KIA,7.2,353,34.1,0.07
Injury Crash,10-04-2022 17:37,County,CALVERTON BLVD,N/A,STRAIGHT MOVEMENT ANGLE,CLEAR,DRY,DAYLIGHT,STOP SIGN,Yes,SUSPECTED MINOR INJURY,LOOKED BUT DID NOT SEE,PASSENGER CAR,STARTING FROM LANE,West,West,35,2013,HYUNDAI,8.7,43.2,31.6,0
Injury Crash,10-04-2022 17:40,Maryland (State),STRATHMORE AVE,GARRETT PARK,SAME DIR REAR END,CLEAR,DRY,DAYLIGHT,NO CONTROLS,No,NO APPARENT INJURY,NOT DISTRACTED,(SPORT) UTILITY VEHICLE,STOPPED IN TRAFFIC LANE,East,East,35,2003,LEXUS,4.7,38.6,25.7,0
Property Damage Crash,10-04-2022 17:40,,,,SAME DIRECTION SIDESWIPE,CLEAR,,DAYLIGHT,NO CONTROLS,No,NO APPARENT INJURY,NOT DISTRACTED,PASSENGER CAR,SLOWING OR STOPPING,North,West,15,2013,TOYOTA,7.5,36.3,31.4,0
Property Damage Crash,10-04-2022 18:07,County,CHILDS ST,N/A,OTHER,CLEAR,DRY,DARK LIGHTS ON,NO CONTROLS,Yes,NO APPARENT INJURY,UNKNOWN,PICKUP TRUCK,MOVING CONSTANT SPEED,North,North,30,2006,CHEVY,0,0,0,0
Property Damage Crash,10-04-2022 18:07,Maryland (State),OLNEY LAYTONSVILLE RD,N/A,SAME DIR REAR END,CLEAR,DRY,DAYLIGHT,TRAFFIC SIGNAL,No,NO APPARENT INJURY,NOT DISTRACTED,(SPORT) UTILITY VEHICLE,STOPPED IN TRAFFIC LANE,East,East,50,2011,HOND,0,0,0,0
Property Damage Crash,10-04-2022 18:07,Maryland (State),16TH ST,N/A,OTHER,RAINING,WET,DAYLIGHT,TRAFFIC SIGNAL,No,NO APPARENT INJURY,NOT DISTRACTED,PASSENGER CAR,STOPPED IN TRAFFIC LANE,North,South,35,1998,HONDA,7.8,52,28.2,0
Property Damage Crash,10-04-2022 18:25,Maryland (State),DAMASCUS RD,N/A,SINGLE VEHICLE,RAINING,WET,DAYLIGHT,NO CONTROLS,Yes,NO APPARENT INJURY,NOT DISTRACTED,PASSENGER CAR,MOVING CONSTANT SPEED,South,South,40,2005,TOYOTA,2.5,50,19.6,0
Property Damage Crash,10-04-2022 18:25,County,OLNEY MILL RD,N/A,SAME DIR REAR END,CLEAR,DRY,DARK LIGHTS ON,NO CONTROLS,Yes,NO APPARENT INJURY,NOT DISTRACTED,PASSENGER CAR,MOVING CONSTANT SPEED,West,West,25,2014,HONDA,0,0,0,0
Property Damage Crash,10-04-2022 18:25,Maryland (State),FREDERICK RD,GAITHERSBURG,STRAIGHT MOVEMENT ANGLE,N/A,DRY,DUSK,NO CONTROLS,Yes,NO APPARENT INJURY,NOT DISTRACTED,PASSENGER CAR,STARTING FROM LANE,South,West,35,2016,HOND,2,74,33.6,0
Property Damage Crash,10-04-2022 18:32,Maryland (State),ROCKVILLE PIKE,N/A,SAME DIR REAR END,CLEAR,DRY,DAYLIGHT,NO CONTROLS,Yes,NO APPARENT INJURY,OTHER CELLULAR PHONE RELATED,PASSENGER CAR,SLOWING OR STOPPING,South,South,40,2009,SMART,9.8,310,20.7,0
Property Damage Crash,10-04-2022 19:10,County,BETHESDA AVE,N/A,ANGLE MEETS LEFT TURN,CLEAR,DRY,DAYLIGHT,NO CONTROLS,No,NO APPARENT INJURY,NOT DISTRACTED,PASSENGER CAR,ACCELERATING,West,West,25,2018,TESLA,1.9,63,41.8,0
Property Damage Crash,10-04-2022 19:10,County,NORWOOD RD,N/A,SAME DIR REAR END,CLEAR,N/A,DAYLIGHT,PERSON,Yes,NO APPARENT INJURY,LOOKED BUT DID NOT SEE,PASSENGER CAR,SLOWING OR STOPPING,East,East,35,2010,TOYOTA,8,42.3,37.6,0
Injury Crash,10-04-2022 19:20,County,RANDOLPH RD,N/A,SAME DIRECTION SIDESWIPE,CLEAR,DRY,DAYLIGHT,NO CONTROLS,No,POSSIBLE INJURY,NOT DISTRACTED,(SPORT) UTILITY VEHICLE,MOVING CONSTANT SPEED,West,West,35,2014,HONDA,0,0,0,0
Property Damage Crash,10-04-2022 19:20,Maryland (State),FREDERICK RD,GAITHERSBURG,SAME DIRECTION SIDESWIPE,CLEAR,DRY,DAYLIGHT,TRAFFIC SIGNAL,No,NO APPARENT INJURY,NOT DISTRACTED,SCHOOL BUS,STOPPED IN TRAFFIC LANE,West,South,35,2022,FREIGHT,0,0,0,0
Injury Crash,10-04-2022 20:17,County,PARKLAND DR,N/A,STRAIGHT MOVEMENT ANGLE,CLEAR,DRY,DAYLIGHT,STOP SIGN,No,SUSPECTED MINOR INJURY,NOT DISTRACTED,(SPORT) UTILITY VEHICLE,MOVING CONSTANT SPEED,South,South,25,2008,TOYT,0,0,0,0
Property Damage Crash,10-04-2022 21:54,Maryland (State),CONNECTICUT AVE,N/A,SAME DIR REAR END,CLEAR,DRY,DAYLIGHT,TRAFFIC SIGNAL,No,NO APPARENT INJURY,NOT DISTRACTED,PASSENGER CAR,SLOWING OR STOPPING,North,North,35,2012,HYUNDAI,3,53.8,39,0
Property Damage Crash,10-04-2022 21:54,County,SHADY GROVE RD,N/A,SAME DIR REAR END,N/A,DRY,DAYLIGHT,TRAFFIC SIGNAL,No,NO APPARENT INJURY,NOT DISTRACTED,(SPORT) UTILITY VEHICLE,STOPPED IN TRAFFIC LANE,West,West,35,2013,NISSAN,3.7,36.6,25,0
Property Damage Crash,10-04-2022 22:20,County,WILDCAT RD,N/A,SINGLE VEHICLE,CLEAR,DRY,DARK NO LIGHTS,NO CONTROLS,Yes,NO APPARENT INJURY,NOT DISTRACTED,PASSENGER CAR,MOVING CONSTANT SPEED,North,North,25,2015,DODGE,14.1,187,42.6,0
Injury Crash,10-04-2022 22:20,County,GREENTREE RD,N/A,OTHER,CLEAR,DRY,DARK LIGHTS ON,NO CONTROLS,Yes,SUSPECTED MINOR INJURY,INATTENTIVE OR LOST IN THOUGHT,PASSENGER CAR,MOVING CONSTANT SPEED,West,West,25,2015,TOYOTA,0,0,0,0
Injury Crash,10-04-2022 23:30,Maryland (State),GEORGIA AVE,N/A,STRAIGHT MOVEMENT ANGLE,CLEAR,DRY,DAWN,STOP SIGN,No,POSSIBLE INJURY,NOT DISTRACTED,PASSENGER CAR,MOVING CONSTANT SPEED,North,North,45,2010,TOYOTA,0,0,0,0
Property Damage Crash,10-04-2022 23:36,County,WHITTIER BLVD,N/A,OPPOSITE DIRECTION SIDESWIPE,CLEAR,WET,DAYLIGHT,NO CONTROLS,Yes,NO APPARENT INJURY,OTHER DISTRACTION,(SPORT) UTILITY VEHICLE,MAKING RIGHT TURN,North,North,30,2011,DODGE,2.3,162,32,0
Property Damage Crash,11-04-2022 05:16,Interstate (State),CAPITAL BELTWAY,N/A,SAME DIR REAR END,CLOUDY,DRY,DAYLIGHT,NO CONTROLS,Yes,NO APPARENT INJURY,UNKNOWN,PASSENGER CAR,SLOWING OR STOPPING,East,East,55,2016,TOYOTA,1.7,5,38.7,0.01
Property Damage Crash,11-04-2022 05:16,Maryland (State),MONTGOMERY VILLAGE AVE,N/A,SAME DIR REAR END,N/A,DRY,DAYLIGHT,TRAFFIC SIGNAL,Yes,NO APPARENT INJURY,UNKNOWN,PASSENGER CAR,SLOWING OR STOPPING,West,West,30,1994,TOYOTA,1.9,29.3,22.7,0
Injury Crash,11-04-2022 05:34,County,POWDER MILL RD,N/A,STRAIGHT MOVEMENT ANGLE,CLEAR,DRY,DAYLIGHT,N/A,No,NO APPARENT INJURY,NOT DISTRACTED,PASSENGER CAR,MOVING CONSTANT SPEED,West,West,35,2003,BMW,0,0,0,0
Injury Crash,11-04-2022 05:34,Maryland (State),NEW HAMPSHIRE AVE,TAKOMA PARK,SAME DIR REAR END,CLEAR,DRY,DAYLIGHT,TRAFFIC SIGNAL,Yes,POSSIBLE INJURY,NOT DISTRACTED,PASSENGER CAR,SLOWING OR STOPPING,South,South,35,2012,DODGE,4.2,41.7,40.7,0
Injury Crash,11-04-2022 07:15,County,TAMARACK RD,N/A,HEAD ON,CLEAR,DRY,DAYLIGHT,NO CONTROLS,Yes,NO APPARENT INJURY,BY OTHER OCCUPANTS,PASSENGER CAR,MOVING CONSTANT SPEED,South,South,25,2002,HOND,4.2,35.7,24.7,0
Property Damage Crash,11-04-2022 07:15,Maryland (State),VEIRS MILL RD,N/A,SAME DIR REAR END,CLEAR,DRY,DAYLIGHT,TRAFFIC SIGNAL,No,NO APPARENT INJURY,NOT DISTRACTED,PASSENGER CAR,SLOWING OR STOPPING,West,West,40,2018,MAZDA,5.7,41.5,29.7,0
Property Damage Crash,11-04-2022 08:40,Maryland (State),GEORGIA AVE,N/A,SAME DIR REAR END,N/A,DRY,DAYLIGHT,TRAFFIC SIGNAL,No,NO APPARENT INJURY,NOT DISTRACTED,PASSENGER CAR,SLOWING OR STOPPING,North,North,30,2011,NISSAN,3.3,2,39,0
Property Damage Crash,11-04-2022 08:40,Maryland (State),EAST WEST HWY,N/A,SAME DIRECTION SIDESWIPE,CLEAR,DRY,DAYLIGHT,TRAFFIC SIGNAL,No,NO APPARENT INJURY,NOT DISTRACTED,PASSENGER CAR,MOVING CONSTANT SPEED,East,East,35,2002,HONDA,10.3,28.7,17.1,0
Property Damage Crash,11-04-2022 10:03,County,KEMP MILL RD,N/A,SAME DIR REAR END,CLEAR,DRY,DAYLIGHT,NO CONTROLS,No,NO APPARENT INJURY,NOT DISTRACTED,(SPORT) UTILITY VEHICLE,SLOWING OR STOPPING,South,South,25,2007,FORD,0,0,0,0
Property Damage Crash,11-04-2022 10:03,Maryland (State),OLD GEORGETOWN RD,N/A,SAME DIR REAR END,RAINING,WET,DARK LIGHTS ON,TRAFFIC SIGNAL,Yes,NO APPARENT INJURY,NOT DISTRACTED,PASSENGER CAR,SLOWING OR STOPPING,North,North,40,2004,HONDA,0,0,0,0
Injury Crash,11-04-2022 10:38,Maryland (State),KNOWLES AVE,N/A,STRAIGHT MOVEMENT ANGLE,CLEAR,DRY,DAYLIGHT,NO CONTROLS,No,NO APPARENT INJURY,NOT DISTRACTED,PASSENGER CAR,MOVING CONSTANT SPEED,West,West,30,2016,KIA,13,65.7,56.8,0
Injury Crash,11-04-2022 10:38,Maryland (State),GEORGIA AVE,N/A,STRAIGHT MOVEMENT ANGLE,CLOUDY,DRY,DAYLIGHT,STOP SIGN,No,NO APPARENT INJURY,NOT DISTRACTED,PASSENGER CAR,MOVING CONSTANT SPEED,South,South,45,2017,HYUNDAI,2.4,36.4,35.9,0.01
Property Damage Crash,11-04-2022 11:51,US (State),COLUMBIA PIKE,N/A,SAME DIR REAR END,CLEAR,DRY,DAYLIGHT,NO CONTROLS,Unknown,NO APPARENT INJURY,NOT DISTRACTED,PASSENGER CAR,MOVING CONSTANT SPEED,North,North,50,2005,TOYOTA,7.3,130,33.3,0
Property Damage Crash,11-04-2022 12:18,,,,SAME DIRECTION RIGHT TURN,RAINING,,DARK LIGHTS ON,NO CONTROLS,Yes,NO APPARENT INJURY,UNKNOWN,PASSENGER CAR,MAKING RIGHT TURN,East,North,10,2015,KIA,0,0,0,0
Injury Crash,11-04-2022 12:18,County,WISTERIA DR,N/A,STRAIGHT MOVEMENT ANGLE,CLOUDY,DRY,DUSK,STOP SIGN,Yes,NO APPARENT INJURY,LOOKED BUT DID NOT SEE,PASSENGER CAR,MAKING LEFT TURN,South,South,30,2017,HONDA,8.4,37.1,17,0
Injury Crash,11-04-2022 12:18,County,SHADY GROVE RD,N/A,SAME DIR REAR END,RAINING,WET,DARK LIGHTS ON,TRAFFIC SIGNAL,Yes,NO APPARENT INJURY,UNKNOWN,PASSENGER CAR,MOVING CONSTANT SPEED,North,North,40,2020,CHEVROLET,5.6,357,28.2,0
Injury Crash,11-04-2022 12:18,US (State),COLESVILLE RD,N/A,HEAD ON LEFT TURN,CLEAR,DRY,DAYLIGHT,TRAFFIC SIGNAL,Yes,POSSIBLE INJURY,NOT DISTRACTED,PASSENGER CAR,MAKING LEFT TURN,East,South,30,2012,NISSAN,4.5,193,19.4,0
Property Damage Crash,11-04-2022 13:14,Maryland (State),WISCONSIN AVE,N/A,SAME DIR REAR END,CLEAR,DRY,DARK LIGHTS ON,NO CONTROLS,No,NO APPARENT INJURY,NOT DISTRACTED,PASSENGER CAR,SLOWING OR STOPPING,South,South,35,2014,TOYOTA,14.5,183,53,0
Property Damage Crash,11-04-2022 13:14,Maryland (State),GEORGIA AVE,N/A,SAME DIRECTION SIDESWIPE,CLEAR,DRY,N/A,TRAFFIC SIGNAL,No,NO APPARENT INJURY,NOT DISTRACTED,"CARGO VAN/LIGHT TRUCK 2 AXLES (OVER 10,000LBS (4,536 KG))",STOPPED IN TRAFFIC LANE,North,North,45,2020,INTL TK,0,0,0,0
Injury Crash,11-04-2022 13:30,Municipality,MARYLAND AVE,ROCKVILLE,STRAIGHT MOVEMENT ANGLE,RAINING,WET,DARK LIGHTS ON,TRAFFIC SIGNAL,Yes,SUSPECTED MINOR INJURY,UNKNOWN,PASSENGER CAR,MAKING LEFT TURN,North,East,30,2012,HONDA,3.5,31.3,27.9,0