ACRS Report Type,Date and Time,Route Type,Road Name,Municipality,Collision Type,Weather,Surface Condition,Light,Traffic Control,Driver At Fault,Injury Severity,Driver Distracted By,Vehicle Body Type,Vehicle Movement,Vehicle Continuing Dir,Vehicle Going Dir,Speed Limit,Vehicle Year,Vehicle Make,Wind Speed (MPH),TMP10-DK ,Relative Humidity (%),Rain (Inches)
Property Damage Crash,11-04-2022 13:30,Maryland (State),NEW HAMPSHIRE AVE,N/A,STRAIGHT MOVEMENT ANGLE,CLEAR,DRY,DAYLIGHT,TRAFFIC SIGNAL,No,NO APPARENT INJURY,NOT DISTRACTED,(SPORT) UTILITY VEHICLE,ACCELERATING,South,West,45,2019,HONDA,7.8,39.3,15.7,0
Property Damage Crash,11-04-2022 13:40,Maryland (State),DARNESTOWN RD,N/A,SAME DIR REAR END,CLEAR,DRY,DUSK,TRAFFIC SIGNAL,No,NO APPARENT INJURY,UNKNOWN,PASSENGER CAR,STOPPED IN TRAFFIC LANE,West,West,50,2022,HONDA,0,0,0,0
Property Damage Crash,11-04-2022 14:15,County,MUDDY BRANCH RD,GAITHERSBURG,STRAIGHT MOVEMENT ANGLE,CLEAR,DRY,DARK LIGHTS ON,TRAFFIC SIGNAL,Yes,NO APPARENT INJURY,NOT DISTRACTED,PASSENGER CAR,MOVING CONSTANT SPEED,East,East,40,2007,TOYOTA,1.9,35.5,32.8,0
Property Damage Crash,11-04-2022 14:17,Maryland (State),FREDERICK RD,N/A,SAME DIR REAR END,CLEAR,DRY,DAYLIGHT,N/A,Yes,NO APPARENT INJURY,UNKNOWN,PASSENGER CAR,CHANGING LANES,North,North,40,2009,TOYOTA,0,0,0,0
Property Damage Crash,11-04-2022 14:17,Maryland (State),LAYTONSVILLE RD,LAYTONSVILLE,OPPOSITE DIRECTION SIDESWIPE,CLEAR,DRY,DARK LIGHTS ON,NO CONTROLS,No,NO APPARENT INJURY,NOT DISTRACTED,(SPORT) UTILITY VEHICLE,MOVING CONSTANT SPEED,East,East,30,2018,AUDI,2.1,49.2,45.6,0
Property Damage Crash,11-04-2022 15:10,US (State),COLESVILLE RD,N/A,SAME DIRECTION SIDESWIPE,CLEAR,DRY,DAYLIGHT,N/A,Yes,NO APPARENT INJURY,UNKNOWN,,MOVING CONSTANT SPEED,North,North,35,0,UNKNOWN,3.9,33.3,20.3,0
Injury Crash,11-04-2022 15:10,Maryland (State),RIVER RD,N/A,STRAIGHT MOVEMENT ANGLE,CLEAR,DRY,DAYLIGHT,TRAFFIC SIGNAL,Yes,NO APPARENT INJURY,INATTENTIVE OR LOST IN THOUGHT,(SPORT) UTILITY VEHICLE,MAKING U TURN,East,West,30,2019,NISSAN,2.3,36.9,24.2,0
Property Damage Crash,11-04-2022 15:54,County,BONIFANT RD,N/A,SAME DIR REND LEFT TURN,CLEAR,DRY,DARK -- UNKNOWN LIGHTING,NO CONTROLS,No,NO APPARENT INJURY,NOT DISTRACTED,PASSENGER CAR,STOPPED IN TRAFFIC LANE,North,East,35,2006,CHEVROLET,0,0,0,0
Property Damage Crash,11-04-2022 16:15,County,ARLINGTON RD,N/A,SAME DIRECTION SIDESWIPE,CLEAR,DRY,DAYLIGHT,TRAFFIC SIGNAL,Yes,NO APPARENT INJURY,NOT DISTRACTED,STATION WAGON,CHANGING LANES,North,North,30,2002,SUBA,2.4,34.7,24.1,0
Property Damage Crash,11-04-2022 16:55,Maryland (State),OLD COLUMBIA PIKE,N/A,HEAD ON LEFT TURN,CLEAR,DRY,DARK LIGHTS ON,TRAFFIC SIGNAL,No,NO APPARENT INJURY,NOT DISTRACTED,PASSENGER CAR,MOVING CONSTANT SPEED,South,South,35,2012,NISSAN,7.4,306,39.5,0.4
Injury Crash,11-04-2022 17:13,County,RANDOLPH RD,N/A,STRAIGHT MOVEMENT ANGLE,CLEAR,DRY,DARK LIGHTS ON,TRAFFIC SIGNAL,Yes,SUSPECTED MINOR INJURY,LOOKED BUT DID NOT SEE,PASSENGER CAR,ACCELERATING,West,West,35,2016,VOLKS,2.8,197,40.4,0
Injury Crash,11-04-2022 17:13,County,CENTURY BLVD,N/A,ANGLE MEETS LEFT HEAD ON,SNOW,SNOW,DAYLIGHT,STOP SIGN,Unknown,SUSPECTED MINOR INJURY,DISTRACTED BY OUTSIDE PERSON OBJECT OR EVENT,(SPORT) UTILITY VEHICLE,MOVING CONSTANT SPEED,East,East,25,2017,CHEVY,0,0,0,0
Injury Crash,11-04-2022 17:15,Maryland (State),S FREDERICK RD,N/A,SAME DIR REAR END,N/A,DRY,DARK LIGHTS ON,N/A,No,NO APPARENT INJURY,NOT DISTRACTED,PASSENGER CAR,STOPPED IN TRAFFIC LANE,South,South,45,2019,HONDA,8.4,199,24.3,0
Property Damage Crash,11-04-2022 17:15,,,,STRAIGHT MOVEMENT ANGLE,CLEAR,,DARK LIGHTS ON,OTHER,No,NO APPARENT INJURY,NOT DISTRACTED,PASSENGER CAR,MOVING CONSTANT SPEED,Unknown,Unknown,0,2015,HONDA,3.3,56.6,53.5,0
Property Damage Crash,11-04-2022 17:39,County,GREENWOOD AVE,N/A,SAME DIRECTION SIDESWIPE,CLEAR,DRY,DAYLIGHT,STOP SIGN,Yes,NO APPARENT INJURY,NOT DISTRACTED,TRANSIT BUS,SLOWING OR STOPPING,East,East,25,2018,FORD,0,0,0,0
Property Damage Crash,11-04-2022 17:39,Maryland (State),NEW HAMPSHIRE AVE,N/A,SAME DIRECTION SIDESWIPE,CLEAR,DRY,DAYLIGHT,N/A,Yes,NO APPARENT INJURY,UNKNOWN,OTHER BUS,CHANGING LANES,South,South,40,2006,NCI,6.4,304,36.8,0
Injury Crash,11-04-2022 17:44,Maryland (State),ROCKVILLE PIKE,ROCKVILLE,STRAIGHT MOVEMENT ANGLE,CLEAR,WET,DAYLIGHT,NO CONTROLS,No,POSSIBLE INJURY,NOT DISTRACTED,PASSENGER CAR,MOVING CONSTANT SPEED,South,South,40,2003,TOYT,1.1,80,29,0
Property Damage Crash,11-04-2022 17:44,Maryland (State),HUNGERFORD DR,N/A,STRAIGHT MOVEMENT ANGLE,CLEAR,DRY,DAYLIGHT,NO CONTROLS,Yes,NO APPARENT INJURY,NOT DISTRACTED,(SPORT) UTILITY VEHICLE,MAKING LEFT TURN,North,East,40,2018,HONDA,3.1,123,26.3,0
Property Damage Crash,11-04-2022 18:38,Maryland (State),GERMANTOWN RD,N/A,SAME DIR REAR END,RAINING,WET,DAYLIGHT,TRAFFIC SIGNAL,No,NO APPARENT INJURY,NOT DISTRACTED,PASSENGER CAR,STOPPED IN TRAFFIC LANE,North,North,40,2008,HYUN,2.3,214,25.2,0
Injury Crash,11-04-2022 18:38,Maryland (State),GREAT SENECA HWY,N/A,SAME DIR REAR END,CLEAR,DRY,DAYLIGHT,NO CONTROLS,No,POSSIBLE INJURY,NOT DISTRACTED,PASSENGER CAR,SLOWING OR STOPPING,South,South,50,2015,ACURA,8.4,136,28.9,0
Injury Crash,11-04-2022 18:59,County,LOCKWOOD DR,N/A,SAME DIRECTION SIDESWIPE,CLEAR,DRY,DAYLIGHT,TRAFFIC SIGNAL,Yes,POSSIBLE INJURY,LOOKED BUT DID NOT SEE,PASSENGER CAR,CHANGING LANES,South,West,25,2016,HYUNDAI,0,0,0,0
Property Damage Crash,11-04-2022 18:59,County,NAPIER ST,N/A,OTHER,N/A,DRY,DARK NO LIGHTS,NO CONTROLS,Yes,NO APPARENT INJURY,NOT DISTRACTED,PASSENGER CAR,BACKING,North,North,25,2003,BMW,5.5,138,30.6,0
Injury Crash,11-04-2022 19:04,County,RANDOLPH RD,N/A,SAME DIR REAR END,CLEAR,SLUSH,DAYLIGHT,TRAFFIC SIGNAL,Yes,NO APPARENT INJURY,NOT DISTRACTED,PASSENGER CAR,SLOWING OR STOPPING,East,East,40,1995,ACURA,6.1,37.1,33.2,0
Property Damage Crash,11-04-2022 19:04,Maryland (State),GEORGIA AVE,N/A,STRAIGHT MOVEMENT ANGLE,CLEAR,DRY,DARK LIGHTS ON,N/A,No,NO APPARENT INJURY,NOT DISTRACTED,PASSENGER CAR,MOVING CONSTANT SPEED,North,North,40,2010,HONDA,0,0,0,0
Property Damage Crash,11-04-2022 19:04,Maryland (State),OLD GEORGETOWN RD,N/A,SAME DIR REND RIGHT TURN,CLEAR,DRY,DARK LIGHTS ON,FLASHING TRAFFIC SIGNAL,Yes,NO APPARENT INJURY,NOT DISTRACTED,PASSENGER CAR,MOVING CONSTANT SPEED,North,North,40,2011,MITSUBISHI,1,43,19.2,0
Injury Crash,11-04-2022 19:21,Maryland (State),WOODFIELD RD,N/A,SAME DIR REAR END,CLEAR,DRY,DAYLIGHT,NO CONTROLS,Yes,SUSPECTED MINOR INJURY,NOT DISTRACTED,PASSENGER CAR,MOVING CONSTANT SPEED,North,North,35,2010,FORD,5.1,42.4,41.5,0
Injury Crash,11-04-2022 19:21,Maryland (State),GEORGIA AVE,N/A,SAME DIR REAR END,CLEAR,DRY,DARK LIGHTS ON,NO CONTROLS,Yes,SUSPECTED MINOR INJURY,NOT DISTRACTED,PASSENGER CAR,SLOWING OR STOPPING,North,North,35,2002,LEXUS,5.2,38.3,23.8,0
Property Damage Crash,11-04-2022 19:34,,,,OTHER,CLEAR,,DAYLIGHT,NO CONTROLS,Yes,NO APPARENT INJURY,NOT DISTRACTED,PASSENGER CAR,BACKING,South,North,5,2006,TOY,5.6,341,35.4,0
Injury Crash,11-04-2022 19:34,County,CASHELL RD,N/A,SAME DIR REAR END,CLEAR,DRY,DAYLIGHT,NO CONTROLS,No,SUSPECTED MINOR INJURY,NOT DISTRACTED,POLICE VEHICLE/NON EMERGENCY,MOVING CONSTANT SPEED,South,South,35,2003,FORD,0,0,0,0
Injury Crash,11-04-2022 19:36,Maryland (State),GEORGIA AVE,N/A,STRAIGHT MOVEMENT ANGLE,CLEAR,DRY,DAYLIGHT,TRAFFIC SIGNAL,No,SUSPECTED MINOR INJURY,NOT DISTRACTED,PASSENGER CAR,MAKING LEFT TURN,West,West,50,2010,TOYT,4.9,183,30.1,0
Injury Crash,11-04-2022 19:36,Maryland (State),16TH ST,N/A,SINGLE VEHICLE,RAINING,WET,DARK LIGHTS ON,NO CONTROLS,Yes,SUSPECTED MINOR INJURY,INATTENTIVE OR LOST IN THOUGHT,PASSENGER CAR,MOVING CONSTANT SPEED,South,South,35,2013,LINC,5.2,38.4,26.4,0
Property Damage Crash,11-04-2022 20:08,Maryland (State),ROCKVILLE PIKE,ROCKVILLE,SINGLE VEHICLE,N/A,DRY,DARK LIGHTS ON,N/A,Yes,NO APPARENT INJURY,OTHER ELECTRONIC DEVICE (NAVIGATIONAL PALM PILOT),PASSENGER CAR,MOVING CONSTANT SPEED,North,North,45,2004,SATURN,2,38.3,32.3,0
Injury Crash,11-04-2022 20:20,Municipality,WEST SIDE DR,N/A,SAME DIR REAR END,RAINING,WET,DAYLIGHT,TRAFFIC SIGNAL,Yes,NO APPARENT INJURY,UNKNOWN,PASSENGER CAR,STARTING FROM LANE,West,North,30,2015,CHEVROLET,0,0,0,0
Injury Crash,11-04-2022 20:20,Municipality,QUINCE ORCHARD BLVD,GAITHERSBURG,SAME DIR REAR END,CLEAR,DRY,DAYLIGHT,NO CONTROLS,Yes,POSSIBLE INJURY,UNKNOWN,PASSENGER CAR,MOVING CONSTANT SPEED,East,East,30,2012,TOYOTA,0,0,0,0
Injury Crash,11-04-2022 20:40,US (State),COLUMBIA PIKE,N/A,SAME DIR REAR END,CLEAR,DRY,DAYLIGHT,NO CONTROLS,No,NO APPARENT INJURY,NOT DISTRACTED,PASSENGER CAR,STOPPED IN TRAFFIC LANE,South,South,40,2018,FORD,1.3,164,15.9,0
Property Damage Crash,11-04-2022 20:40,,,,STRAIGHT MOVEMENT ANGLE,CLEAR,,DAYLIGHT,NO CONTROLS,Yes,NO APPARENT INJURY,UNKNOWN,PASSENGER CAR,ACCELERATING,West,West,5,2018,JEEP,6.8,4,31.6,0
Property Damage Crash,11-04-2022 20:50,Maryland (State),ROCKVILLE PIKE,ROCKVILLE,STRAIGHT MOVEMENT ANGLE,CLEAR,DRY,DAYLIGHT,NO CONTROLS,No,NO APPARENT INJURY,NOT DISTRACTED,"OTHER LIGHT TRUCKS (10,000LBS (4,536KG) OR LESS)",MOVING CONSTANT SPEED,North,North,40,2015,ISU,0,0,0,0
Property Damage Crash,11-04-2022 20:50,County,NAHANT ST,N/A,SAME DIRECTION SIDESWIPE,CLOUDY,DRY,DAYLIGHT,NO CONTROLS,No,NO APPARENT INJURY,NOT DISTRACTED,SCHOOL BUS,MOVING CONSTANT SPEED,South,South,20,2022,THOMAS,15.8,174,47.3,0
Injury Crash,11-04-2022 21:15,County,TECH RD,N/A,STRAIGHT MOVEMENT ANGLE,CLEAR,DRY,DAYLIGHT,STOP SIGN,Yes,NO APPARENT INJURY,UNKNOWN,PASSENGER CAR,ACCELERATING,South,South,35,2006,DODG,8.8,338,15,0
Injury Crash,11-04-2022 21:15,County,LIVINGSTON ST,N/A,HEAD ON,CLEAR,DRY,DAYLIGHT,NO CONTROLS,Yes,SUSPECTED MINOR INJURY,NOT DISTRACTED,(SPORT) UTILITY VEHICLE,MOVING CONSTANT SPEED,West,West,25,2000,JEEP,7.8,127,30.2,0
Property Damage Crash,11-04-2022 21:25,Maryland (State),WOODFIELD RD,N/A,SAME DIRECTION SIDESWIPE,CLEAR,DRY,DAYLIGHT,NO CONTROLS,Yes,NO APPARENT INJURY,UNKNOWN,VAN,CHANGING LANES,South,South,35,2000,DODGE,2.3,100,30.8,0
Property Damage Crash,11-04-2022 21:45,Maryland (State),OLD GEORGETOWN RD,N/A,SAME DIR REAR END,RAINING,WET,DAYLIGHT,NO CONTROLS,Yes,NO APPARENT INJURY,UNKNOWN,PASSENGER CAR,SLOWING OR STOPPING,South,South,35,2022,TOYOTA,1.3,53.3,41.5,0
Property Damage Crash,11-04-2022 21:45,,CHERRY BEND TERRACE,N/A,SINGLE VEHICLE,CLEAR,DRY,DAYLIGHT,N/A,Yes,NO APPARENT INJURY,LOOKED BUT DID NOT SEE,PASSENGER CAR,MOVING CONSTANT SPEED,South,South,15,2012,BUICK,0,0,0,0
Property Damage Crash,11-04-2022 22:24,Maryland (State),CLOPPER RD,N/A,SAME DIR REAR END,CLEAR,DRY,DAYLIGHT,NO CONTROLS,Yes,NO APPARENT INJURY,OTHER DISTRACTION,PASSENGER CAR,MOVING CONSTANT SPEED,East,East,45,2015,HYUNDAI,9.7,122,32.8,0
Property Damage Crash,11-04-2022 22:24,County,DEMOCRACY BLVD,N/A,SAME DIRECTION LEFT TURN,CLEAR,DRY,DUSK,TRAFFIC SIGNAL,No,NO APPARENT INJURY,NOT DISTRACTED,PICKUP TRUCK,STARTING FROM LANE,North,East,40,2019,CHEVY,0,0,0,0
Property Damage Crash,12-04-2022 00:03,County,OLD COLUMBIA PIKE,N/A,OTHER,CLEAR,DRY,DAYLIGHT,N/A,No,NO APPARENT INJURY,NOT DISTRACTED,SCHOOL BUS,PARKED,,,0,2013,FORD,0,0,0,0
Property Damage Crash,12-04-2022 02:29,Interstate (State),EISENHOWER MEMORIAL HWY,N/A,SAME DIR REAR END,CLEAR,DRY,DARK LIGHTS ON,NO CONTROLS,Yes,NO APPARENT INJURY,UNKNOWN,PASSENGER CAR,MOVING CONSTANT SPEED,North,North,55,1999,TOYT,8.4,119,37.8,0
Property Damage Crash,12-04-2022 02:29,County,RIDGE RD,N/A,SAME DIR REAR END,RAINING,WET,DAYLIGHT,TRAFFIC SIGNAL,No,NO APPARENT INJURY,NOT DISTRACTED,PICKUP TRUCK,STOPPED IN TRAFFIC LANE,North,North,40,2022,FORD,2.4,45.2,39.4,0
Property Damage Crash,12-04-2022 02:41,Municipality,S SUMMIT AVE,N/A,SAME DIR REAR END,CLEAR,DRY,DAYLIGHT,NO CONTROLS,Yes,NO APPARENT INJURY,LOOKED BUT DID NOT SEE,SCHOOL BUS,BACKING,North,South,30,2010,THOM,5.4,148,32.5,0
Property Damage Crash,12-04-2022 03:39,US (State),COLUMBIA PIKE,N/A,SAME DIR REAR END,CLEAR,DRY,DAYLIGHT,TRAFFIC SIGNAL,No,NO APPARENT INJURY,NOT DISTRACTED,PASSENGER CAR,STARTING FROM LANE,South,South,50,2009,FORD,0,0,0,0
Property Damage Crash,12-04-2022 03:39,Maryland (State),GREAT SENECA HWY,N/A,SAME DIR REAR END,CLEAR,DRY,DAYLIGHT,TRAFFIC SIGNAL,No,NO APPARENT INJURY,NOT DISTRACTED,(SPORT) UTILITY VEHICLE,STOPPED IN TRAFFIC LANE,North,North,50,2002,HOND,0,0,0,0
Injury Crash,12-04-2022 07:30,Maryland (State),GEORGIA AVE,N/A,SAME DIR REAR END,RAINING,WET,DAYLIGHT,TRAFFIC SIGNAL,Yes,NO APPARENT INJURY,UNKNOWN,PASSENGER CAR,SLOWING OR STOPPING,South,South,35,2021,HYUNDAI,8.9,348,23.1,0
Property Damage Crash,12-04-2022 09:12,Maryland (State),ROCKVILLE PIKE,N/A,OTHER,CLOUDY,DRY,DAYLIGHT,NO CONTROLS,No,NO APPARENT INJURY,NOT DISTRACTED,PASSENGER CAR,MOVING CONSTANT SPEED,North,North,35,2012,VOLKSWAGON,13.4,41.7,30.4,0
Property Damage Crash,12-04-2022 09:12,Maryland (State),DARNESTOWN RD,GAITHERSBURG,SAME DIR REAR END,SNOW,SNOW,DAYLIGHT,TRAFFIC SIGNAL,Yes,NO APPARENT INJURY,NOT DISTRACTED,PASSENGER CAR,SLOWING OR STOPPING,East,South,40,2008,CHEV,0,0,0,0
Property Damage Crash,12-04-2022 11:16,,,,OTHER,CLEAR,,DARK LIGHTS ON,NO CONTROLS,Yes,NO APPARENT INJURY,NOT DISTRACTED,PASSENGER CAR,MOVING CONSTANT SPEED,East,East,10,2015,CHEVROLET,5.5,37.8,25.8,0
Property Damage Crash,12-04-2022 12:56,Municipality,FIRSTFIELD RD,N/A,HEAD ON LEFT TURN,CLEAR,DRY,DAYLIGHT,STOP SIGN,Yes,NO APPARENT INJURY,LOOKED BUT DID NOT SEE,PASSENGER CAR,MAKING LEFT TURN,West,North,25,2014,NISSAN,0,0,0,0
Injury Crash,12-04-2022 12:56,County,CRABBS BRANCH WAY,N/A,SINGLE VEHICLE,CLEAR,DRY,DAYLIGHT,TRAFFIC SIGNAL,Yes,NO APPARENT INJURY,LOOKED BUT DID NOT SEE,(SPORT) UTILITY VEHICLE,MAKING RIGHT TURN,East,North,30,2009,HONDA,11.5,40.7,19.5,0
Property Damage Crash,12-04-2022 12:56,Maryland (State),HUNGERFORD DR,N/A,SAME DIR REAR END,CLEAR,DRY,DAYLIGHT,TRAFFIC SIGNAL,No,NO APPARENT INJURY,NOT DISTRACTED,POLICE VEHICLE/EMERGENCY,SLOWING OR STOPPING,South,South,40,2000,NISS,2.6,41.3,41.2,0
Property Damage Crash,12-04-2022 13:11,County,FERNWOOD RD,N/A,SAME DIR REAR END,CLEAR,DRY,DAYLIGHT,NO CONTROLS,No,NO APPARENT INJURY,NOT DISTRACTED,(SPORT) UTILITY VEHICLE,SLOWING OR STOPPING,North,North,35,2019,LEXS,3.6,266,-1.1,0
Injury Crash,12-04-2022 13:11,County,GLEN RD,N/A,STRAIGHT MOVEMENT ANGLE,CLEAR,DRY,DARK NO LIGHTS,N/A,No,NO APPARENT INJURY,NOT DISTRACTED,PASSENGER CAR,MOVING CONSTANT SPEED,East,East,30,2011,CHEV,3.2,358,51.8,0
Injury Crash,12-04-2022 15:00,Maryland (State),FREDERICK RD,GAITHERSBURG,OTHER,RAINING,WET,DAYLIGHT,N/A,No,POSSIBLE INJURY,NOT DISTRACTED,PASSENGER CAR,STOPPED IN TRAFFIC LANE,South,South,35,2006,NISSAN,1.7,45,33,0
Property Damage Crash,12-04-2022 15:00,County,MIDCOUNTY HWY,N/A,SAME DIR REAR END,RAINING,WET,DARK NO LIGHTS,NO CONTROLS,No,NO APPARENT INJURY,NOT DISTRACTED,PASSENGER CAR,STOPPED IN TRAFFIC LANE,South,South,50,2013,HONDA,0,0,0,0
Property Damage Crash,12-04-2022 16:05,Municipality,NELSON ST,N/A,ANGLE MEETS LEFT TURN,CLEAR,DRY,DAYLIGHT,TRAFFIC SIGNAL,No,NO APPARENT INJURY,NOT DISTRACTED,PASSENGER CAR,STARTING FROM LANE,West,West,30,2011,HYUN,5.3,312,12.6,0
Injury Crash,12-04-2022 16:05,Municipality,PICCARD DR,ROCKVILLE,STRAIGHT MOVEMENT ANGLE,CLEAR,DRY,DAWN,TRAFFIC SIGNAL,Yes,NO APPARENT INJURY,NOT DISTRACTED,VAN,STARTING FROM LANE,South,East,25,2003,TOYT,8.8,309,30.7,0
Injury Crash,12-04-2022 16:25,Interstate (State),EISENHOWER MEMORIAL HWY,N/A,SAME DIR REAR END,CLEAR,DRY,DARK NO LIGHTS,NO CONTROLS,Yes,NO APPARENT INJURY,NOT DISTRACTED,PASSENGER CAR,SLOWING OR STOPPING,North,North,55,2014,TOYOTA,5.5,36.8,22.7,0
Injury Crash,12-04-2022 17:00,County,WATERS LANDING DR,N/A,HEAD ON LEFT TURN,CLEAR,DRY,DARK LIGHTS ON,TRAFFIC SIGNAL,No,SUSPECTED MINOR INJURY,NOT DISTRACTED,PASSENGER CAR,ACCELERATING,West,West,40,2016,KIA,5,155,31.9,0
Property Damage Crash,12-04-2022 17:00,County,FATHER HURLEY BLVD,N/A,STRAIGHT MOVEMENT ANGLE,CLEAR,DRY,DARK LIGHTS ON,TRAFFIC SIGNAL,Yes,NO APPARENT INJURY,NOT DISTRACTED,PASSENGER CAR,MAKING LEFT TURN,East,East,35,2005,MERZ BENZ,16,32.7,22.4,0
Property Damage Crash,12-04-2022 17:00,,,,OPPOSITE DIRECTION SIDESWIPE,CLEAR,,DAWN,NO CONTROLS,Yes,NO APPARENT INJURY,UNKNOWN,(SPORT) UTILITY VEHICLE,BACKING,Unknown,Unknown,10,2005,FORD,7,180,18.5,0
Property Damage Crash,12-04-2022 17:00,,,,SAME DIR REAR END,N/A,,DAYLIGHT,N/A,No,NO APPARENT INJURY,NOT DISTRACTED,SCHOOL BUS,STOPPED IN TRAFFIC LANE,North,North,0,2015,FRHT,15.4,325,7.9,0
Injury Crash,12-04-2022 17:11,Maryland (State),EAST WEST HWY,N/A,SAME DIR REAR END,CLEAR,DRY,DAYLIGHT,NO CONTROLS,No,NO APPARENT INJURY,NOT DISTRACTED,"OTHER LIGHT TRUCKS (10,000LBS (4,536KG) OR LESS)",STOPPED IN TRAFFIC LANE,East,East,35,2005,TOYOTA,8.4,174,6.7,0
Injury Crash,12-04-2022 17:11,County,RIDGE RD,N/A,STRAIGHT MOVEMENT ANGLE,CLEAR,DRY,DAYLIGHT,TRAFFIC SIGNAL,Yes,NO APPARENT INJURY,NOT DISTRACTED,VAN,MOVING CONSTANT SPEED,North,North,45,2008,HONDA,6.7,48.6,38.6,0
Injury Crash,12-04-2022 17:11,,,,SINGLE VEHICLE,CLEAR,,DARK LIGHTS ON,NO CONTROLS,Yes,SUSPECTED MINOR INJURY,UNKNOWN,POLICE VEHICLE/NON EMERGENCY,MOVING CONSTANT SPEED,South,South,15,2001,LINCOLN,1.3,35.2,26.9,0
Injury Crash,12-04-2022 17:43,County,GOSHEN RD,N/A,SAME DIR REAR END,CLEAR,DRY,DAYLIGHT,NO CONTROLS,Yes,SUSPECTED MINOR INJURY,LOOKED BUT DID NOT SEE,PASSENGER CAR,SLOWING OR STOPPING,North,North,35,1998,TOYOTA,7,46,36.7,0
Injury Crash,12-04-2022 17:43,County,BOU AVE,N/A,HEAD ON LEFT TURN,CLEAR,DRY,DAYLIGHT,N/A,Yes,POSSIBLE INJURY,LOOKED BUT DID NOT SEE,(SPORT) UTILITY VEHICLE,MAKING LEFT TURN,East,South,35,2015,GMC,4,189,33.6,0
Property Damage Crash,12-04-2022 17:43,County,BOWIE MILL RD,N/A,SAME DIR REAR END,CLOUDY,WET,DAYLIGHT,NO CONTROLS,Yes,NO APPARENT INJURY,LOOKED BUT DID NOT SEE,PASSENGER CAR,MOVING CONSTANT SPEED,West,West,40,1996,HONDA,10.1,303,31.7,0
Property Damage Crash,12-04-2022 17:43,Maryland (State),MONTGOMERY VILLAGE AVE,GAITHERSBURG,OTHER,CLEAR,DRY,DAYLIGHT,N/A,No,NO APPARENT INJURY,NOT DISTRACTED,PASSENGER CAR,MOVING CONSTANT SPEED,West,West,35,2001,TOYOTA,7.1,128,29.8,0
Injury Crash,12-04-2022 18:24,County,NORWOOD RD,N/A,STRAIGHT MOVEMENT ANGLE,CLEAR,DRY,DAYLIGHT,TRAFFIC SIGNAL,Yes,POSSIBLE INJURY,UNKNOWN,PASSENGER CAR,MAKING LEFT TURN,South,West,40,2012,TOYOTA,2.5,190,42.2,0
Property Damage Crash,12-04-2022 18:24,County,CRABBS BRANCH WAY,N/A,OTHER,CLEAR,DRY,DAYLIGHT,NO CONTROLS,Yes,NO APPARENT INJURY,UNKNOWN,PASSENGER CAR,MOVING CONSTANT SPEED,South,South,35,0,0,0,0,0,0
Property Damage Crash,12-04-2022 19:04,Maryland (State),GEORGIA AVE,N/A,SAME DIR REAR END,CLEAR,DRY,DAYLIGHT,TRAFFIC SIGNAL,Yes,NO APPARENT INJURY,UNKNOWN,VAN,MOVING CONSTANT SPEED,South,South,35,1997,GMC,4.5,155,22.6,0
Injury Crash,12-04-2022 19:04,County,LOST KNIFE RD,N/A,OTHER,RAINING,WET,DARK LIGHTS ON,TRAFFIC SIGNAL,Yes,NO APPARENT INJURY,UNKNOWN,PASSENGER CAR,ACCELERATING,North,North,5,2017,MAZDA,0,0,0,0
Injury Crash,12-04-2022 19:11,County,RIDGECREST PL,N/A,HEAD ON,CLEAR,DRY,DAYLIGHT,NO CONTROLS,Yes,SUSPECTED MINOR INJURY,UNKNOWN,PASSENGER CAR,STARTING FROM PARKED,Unknown,Unknown,30,2008,SCION,0,0,0,0
Injury Crash,12-04-2022 20:56,County,KEMP MILL RD,N/A,HEAD ON,CLOUDY,DRY,DAYLIGHT,NO CONTROLS,No,SUSPECTED MINOR INJURY,NOT DISTRACTED,PASSENGER CAR,MOVING CONSTANT SPEED,North,North,35,2005,TOYOTA,10.8,45,33.8,0
Property Damage Crash,12-04-2022 20:56,County,ADELPHI RD,N/A,OTHER,N/A,DRY,DARK LIGHTS ON,TRAFFIC SIGNAL,Yes,NO APPARENT INJURY,UNKNOWN,VAN,MAKING RIGHT TURN,North,West,30,2015,CHEV,0,0,0,0
Property Damage Crash,12-04-2022 20:56,Interstate (State),CAPITAL BELTWAY,N/A,SAME DIR REAR END,CLEAR,DRY,DARK LIGHTS ON,NO CONTROLS,No,NO APPARENT INJURY,NOT DISTRACTED,PASSENGER CAR,SLOWING OR STOPPING,West,West,55,2018,LEXS,0.9,38.7,37.4,0
Property Damage Crash,12-04-2022 22:30,Maryland (State),GREAT SENECA HWY,N/A,SAME DIR REAR END,CLEAR,N/A,DAYLIGHT,NO CONTROLS,No,NO APPARENT INJURY,NOT DISTRACTED,PASSENGER CAR,SLOWING OR STOPPING,North,North,45,2015,CHRY,0,0,0,0
Property Damage Crash,12-04-2022 22:42,Maryland (State),GERMANTOWN RD,N/A,STRAIGHT MOVEMENT ANGLE,CLEAR,DRY,DAYLIGHT,TRAFFIC SIGNAL,No,NO APPARENT INJURY,NOT DISTRACTED,PASSENGER CAR,STOPPED IN TRAFFIC LANE,North,East,35,2006,NISSAN,0,0,0,0