ACRS Report Type,Date and Time,Route Type,Road Name,Municipality,Collision Type,Weather,Surface Condition,Light,Traffic Control,Driver At Fault,Injury Severity,Driver Distracted By,Vehicle Body Type,Vehicle Movement,Vehicle Continuing Dir,Vehicle Going Dir,Speed Limit,Vehicle Year,Vehicle Make,Wind Speed (MPH),TMP10-DK ,Relative Humidity (%),Rain (Inches)
Property Damage Crash,12-04-2022 22:42,Maryland (State),CLOPPER RD,GAITHERSBURG,SAME DIR REAR END,CLEAR,DRY,DAYLIGHT,TRAFFIC SIGNAL,No,NO APPARENT INJURY,NOT DISTRACTED,PASSENGER CAR,SLOWING OR STOPPING,West,West,35,2013,HYUNDAI,12.2,184,54.2,0
Property Damage Crash,01-05-2022 11:16,County,RANDOLPH RD,N/A,STRAIGHT MOVEMENT ANGLE,CLEAR,DRY,DARK LIGHTS ON,STOP SIGN,No,NO APPARENT INJURY,NOT DISTRACTED,PASSENGER CAR,MOVING CONSTANT SPEED,West,West,35,2007,TOYOTA,5.2,147,32,0
Injury Crash,01-05-2022 11:16,County,RANDOLPH RD,N/A,STRAIGHT MOVEMENT ANGLE,CLEAR,DRY,DAYLIGHT,TRAFFIC SIGNAL,Yes,SUSPECTED MINOR INJURY,LOOKED BUT DID NOT SEE,PASSENGER CAR,MAKING LEFT TURN,North,East,40,2017,TOYOT,2.9,35.2,23.6,0
Injury Crash,01-05-2022 11:24,County,MONTROSE RD,ROCKVILLE,ANGLE MEETS LEFT TURN,CLEAR,DRY,DAYLIGHT,TRAFFIC SIGNAL,Yes,SUSPECTED MINOR INJURY,LOOKED BUT DID NOT SEE,VAN,MAKING LEFT TURN,North,West,40,2015,HONDA,4.1,43.4,28,0
Property Damage Crash,01-05-2022 11:24,Municipality,SEVEN LOCKS RD,ROCKVILLE,SAME DIR REAR END,RAINING,WET,DAYLIGHT,N/A,Yes,NO APPARENT INJURY,UNKNOWN,UNKNOWN,N/A,North,North,30,0,UNKNOWN,0,0,0,0
Injury Crash,01-05-2022 13:44,Maryland (State),GREAT SENECA HWY,N/A,STRAIGHT MOVEMENT ANGLE,CLEAR,DRY,DARK NO LIGHTS,NO CONTROLS,No,POSSIBLE INJURY,NOT DISTRACTED,AMBULANCE/EMERGENCY,MOVING CONSTANT SPEED,North,North,50,2014,DODGE,2,34.8,24.6,0
Injury Crash,01-05-2022 14:37,County,GLEN RD,N/A,SINGLE VEHICLE,FOGGY,WET,DARK NO LIGHTS,NO CONTROLS,Yes,NO APPARENT INJURY,NOT DISTRACTED,(SPORT) UTILITY VEHICLE,OTHER,West,West,30,2020,LANDROVER,4.2,32.9,17.3,0
Injury Crash,01-05-2022 14:37,County,RANDOLPH RD,N/A,STRAIGHT MOVEMENT ANGLE,N/A,DRY,DAYLIGHT,TRAFFIC SIGNAL,No,POSSIBLE INJURY,UNKNOWN,PASSENGER CAR,MOVING CONSTANT SPEED,West,West,40,2014,HYUN,2.2,19,30.9,0
Injury Crash,01-05-2022 15:00,Maryland (State),EAST WEST HWY,N/A,OTHER,CLEAR,DRY,DAYLIGHT,NO CONTROLS,Yes,NO APPARENT INJURY,LOOKED BUT DID NOT SEE,PASSENGER CAR,MAKING RIGHT TURN,West,South,5,2013,LEXUS,0,0,0,0
Property Damage Crash,01-05-2022 15:00,Interstate (State),CAPITAL BELTWAY,N/A,N/A,N/A,DRY,DAYLIGHT,N/A,Yes,NO APPARENT INJURY,UNKNOWN,"OTHER LIGHT TRUCKS (10,000LBS (4,536KG) OR LESS)",MOVING CONSTANT SPEED,West,West,55,2015,UNKNOWN,1.6,42,20,0
Injury Crash,01-05-2022 15:36,Maryland (State),WHITES FERRY RD,N/A,STRAIGHT MOVEMENT ANGLE,RAINING,WET,DAYLIGHT,STOP SIGN,No,NO APPARENT INJURY,NOT DISTRACTED,PASSENGER CAR,MOVING CONSTANT SPEED,East,East,30,2008,MERCEDES,4.3,129,32,0
Injury Crash,01-05-2022 15:36,County,LOST KNIFE RD,N/A,SAME DIR REAR END,CLEAR,DRY,DAYLIGHT,YIELD SIGN,Yes,NO APPARENT INJURY,UNKNOWN,PASSENGER CAR,SLOWING OR STOPPING,East,North,30,2004,PONTIAC,0,0,0,0
Property Damage Crash,01-05-2022 18:50,Maryland (State),UNIVERSITY BLVD E,N/A,SAME DIRECTION SIDESWIPE,CLEAR,DRY,DARK LIGHTS ON,TRAFFIC SIGNAL,Yes,NO APPARENT INJURY,LOOKED BUT DID NOT SEE,PASSENGER CAR,ACCELERATING,West,West,40,2008,PONT,8.9,50.9,27.8,0
Property Damage Crash,01-05-2022 18:50,Maryland (State),GEORGIA AVE,N/A,SAME DIR REAR END,CLEAR,DRY,DAYLIGHT,TRAFFIC SIGNAL,Yes,NO APPARENT INJURY,NOT DISTRACTED,PASSENGER CAR,STARTING FROM LANE,West,West,25,2005,CHRYSLER,4.1,337,18.3,0
Property Damage Crash,01-05-2022 18:50,Maryland (State),GOLDSBORO RD,N/A,STRAIGHT MOVEMENT ANGLE,RAINING,WET,DAYLIGHT,N/A,No,NO APPARENT INJURY,NOT DISTRACTED,PASSENGER CAR,MOVING CONSTANT SPEED,West,West,35,2005,NISS,6.4,346,34.9,0.09
Property Damage Crash,01-05-2022 21:48,,,,OTHER,SNOW,,DAYLIGHT,NO CONTROLS,Unknown,NO APPARENT INJURY,NOT DISTRACTED,PASSENGER CAR,PARKED,,,25,2010,TOYOTA,0,0,0,0
Property Damage Crash,01-05-2022 21:48,Maryland (State),OLD GEORGETOWN RD,N/A,STRAIGHT MOVEMENT ANGLE,SNOW,WET,DARK LIGHTS ON,FLASHING TRAFFIC SIGNAL,Yes,NO APPARENT INJURY,LOOKED BUT DID NOT SEE,PASSENGER CAR,MOVING CONSTANT SPEED,West,West,35,2017,MAZD,0,0,0,0
Property Damage Crash,02-05-2022 03:10,Interstate (State),CAPITAL BELTWAY,N/A,SAME DIRECTION LEFT TURN,CLEAR,DRY,DAYLIGHT,NO CONTROLS,Yes,NO APPARENT INJURY,LOOKED BUT DID NOT SEE,PICKUP TRUCK,MOVING CONSTANT SPEED,West,West,55,0,NISSAN,3.1,53.1,46,0.03
Property Damage Crash,02-05-2022 04:16,Maryland (State),CONNECTICUT AVE,N/A,SAME DIR REAR END,CLEAR,DRY,DARK LIGHTS ON,NO CONTROLS,Yes,NO APPARENT INJURY,LOOKED BUT DID NOT SEE,PASSENGER CAR,MAKING RIGHT TURN,North,West,35,2013,TOYT,2.8,70,-2.4,0
Property Damage Crash,02-05-2022 04:16,County,RANDOLPH RD,N/A,HEAD ON LEFT TURN,CLEAR,DRY,DARK LIGHTS ON,TRAFFIC SIGNAL,No,NO APPARENT INJURY,NOT DISTRACTED,"OTHER LIGHT TRUCKS (10,000LBS (4,536KG) OR LESS)",MAKING LEFT TURN,East,South,35,2012,HYUNDAI,5.9,135,28.9,0
Property Damage Crash,02-05-2022 07:20,Maryland (State),QUINCE ORCHARD RD,N/A,SAME DIR REAR END,N/A,DRY,DUSK,NO CONTROLS,Yes,NO APPARENT INJURY,UNKNOWN,(SPORT) UTILITY VEHICLE,MOVING CONSTANT SPEED,South,South,35,2007,FORD,7.4,319,36.4,0
Injury Crash,02-05-2022 07:45,Maryland (State),GREAT SENECA HWY,N/A,SAME DIR REAR END,CLEAR,DRY,DAYLIGHT,TRAFFIC SIGNAL,No,POSSIBLE INJURY,NOT DISTRACTED,PASSENGER CAR,STARTING FROM LANE,South,South,50,2008,GMC,5.6,279,29.2,0
Property Damage Crash,02-05-2022 07:45,Municipality,TWINBROOK PKWY,N/A,OTHER,CLEAR,DRY,DAYLIGHT,TRAFFIC SIGNAL,Yes,NO APPARENT INJURY,LOOKED BUT DID NOT SEE,PASSENGER CAR,MOVING CONSTANT SPEED,West,West,25,2004,TOYT,0,0,0,0
Injury Crash,02-05-2022 08:30,County,RANDOLPH RD,N/A,SAME DIRECTION LEFT TURN,CLEAR,DRY,DAYLIGHT,N/A,Yes,POSSIBLE INJURY,LOOKED BUT DID NOT SEE,PASSENGER CAR,MAKING LEFT TURN,South,West,35,2005,ACUR,2.3,35.6,33.3,0
Injury Crash,02-05-2022 08:30,US (State),COLESVILLE RD,N/A,SINGLE VEHICLE,CLEAR,DRY,DARK LIGHTS ON,TRAFFIC SIGNAL,No,NO APPARENT INJURY,NOT DISTRACTED,PASSENGER CAR,MOVING CONSTANT SPEED,South,South,40,1999,TOYOTA,0,0,0,0
Property Damage Crash,02-05-2022 08:39,County,BRIGGS CHANEY RD,N/A,OTHER,N/A,DRY,DARK LIGHTS ON,TRAFFIC SIGNAL,Yes,NO APPARENT INJURY,LOOKED BUT DID NOT SEE,PASSENGER CAR,MAKING LEFT TURN,East,North,35,2006,TOYOTA,0,0,0,0
Property Damage Crash,02-05-2022 09:00,Maryland (State),HUNGERFORD DR,ROCKVILLE,UNKNOWN,CLEAR,UNKNOWN,DAYLIGHT,TRAFFIC SIGNAL,Yes,NO APPARENT INJURY,UNKNOWN,PASSENGER CAR,UNKNOWN,South,South,35,2001,LEXUS,1.5,60.3,53.3,0
Injury Crash,02-05-2022 09:00,US (State),COLUMBIA PIKE,N/A,SAME DIR REAR END,CLEAR,DRY,DAYLIGHT,TRAFFIC SIGNAL,Yes,NO APPARENT INJURY,LOOKED BUT DID NOT SEE,PASSENGER CAR,STARTING FROM LANE,North,North,55,2015,KIA,2.1,287,38.9,0
Property Damage Crash,02-05-2022 09:04,Maryland (State),ROCKVILLE PIKE,N/A,HEAD ON LEFT TURN,CLEAR,DRY,DARK LIGHTS ON,TRAFFIC SIGNAL,No,NO APPARENT INJURY,NOT DISTRACTED,PASSENGER CAR,MOVING CONSTANT SPEED,South,South,40,2019,TOYOTA,10.3,324,21.3,0
Injury Crash,02-05-2022 09:04,County,CEDAR LA,N/A,HEAD ON LEFT TURN,RAINING,WET,DAYLIGHT,NO CONTROLS,Yes,NO APPARENT INJURY,LOOKED BUT DID NOT SEE,PASSENGER CAR,MAKING LEFT TURN,North,East,30,2014,TESLA,11.6,164,43.3,0
Property Damage Crash,02-05-2022 10:17,County,QUEBEC ST,N/A,SAME DIR REAR END,CLEAR,DRY,DAYLIGHT,NO CONTROLS,Yes,NO APPARENT INJURY,UNKNOWN,PASSENGER CAR,PASSING,West,West,25,2012,TOYT,0,0,0,0
Property Damage Crash,02-05-2022 10:17,Maryland (State),GEORGIA AVE,N/A,SAME DIR REAR END,CLOUDY,DRY,DAYLIGHT,TRAFFIC SIGNAL,No,NO APPARENT INJURY,NOT DISTRACTED,(SPORT) UTILITY VEHICLE,STOPPED IN TRAFFIC LANE,South,South,30,2019,GMC,0,0,0,0
Property Damage Crash,02-05-2022 11:20,Municipality,SEVEN LOCKS RD,ROCKVILLE,SAME DIR REAR END,CLEAR,WET,DAYLIGHT,STOP SIGN,No,NO APPARENT INJURY,NOT DISTRACTED,PASSENGER CAR,STOPPED IN TRAFFIC LANE,East,East,25,2016,DODGE,2.5,268,21.2,0
Injury Crash,02-05-2022 11:20,Maryland (State),VEIRS MILL RD,N/A,SAME DIR REAR END,CLEAR,DRY,DAYLIGHT,NO CONTROLS,Yes,NO APPARENT INJURY,LOOKED BUT DID NOT SEE,PASSENGER CAR,ACCELERATING,East,East,40,2002,TOYOTA,13.4,314,21.1,0
Property Damage Crash,02-05-2022 12:15,,,,OTHER,CLEAR,,DARK LIGHTS ON,NO CONTROLS,Yes,NO APPARENT INJURY,OTHER CELLULAR PHONE RELATED,PASSENGER CAR,BACKING,North,West,25,2013,HYUNDAI,11,181,22.8,0
Injury Crash,02-05-2022 12:15,County,SECOND AVE,N/A,STRAIGHT MOVEMENT ANGLE,CLEAR,DRY,DAYLIGHT,STOP SIGN,No,POSSIBLE INJURY,NOT DISTRACTED,POLICE VEHICLE/EMERGENCY,MOVING CONSTANT SPEED,North,North,25,2010,TOYT,10.4,48.4,47.6,0.04
Property Damage Crash,02-05-2022 15:30,Maryland (State),ROCKVILLE PIKE,N/A,SAME DIR REAR END,CLEAR,DRY,DARK LIGHTS ON,TRAFFIC SIGNAL,Yes,NO APPARENT INJURY,UNKNOWN,PASSENGER CAR,SLOWING OR STOPPING,South,South,40,2018,TOYT,2.3,98,39.5,0
Property Damage Crash,02-05-2022 15:30,Maryland (State),PINEY BRANCH RD,N/A,SAME DIRECTION SIDESWIPE,CLEAR,DRY,DAYLIGHT,N/A,No,NO APPARENT INJURY,NOT DISTRACTED,PASSENGER CAR,MOVING CONSTANT SPEED,South,South,40,2013,HONDA,4,196,48,0
Injury Crash,02-05-2022 15:30,Maryland (State),GREAT SENECA HWY,N/A,STRAIGHT MOVEMENT ANGLE,RAINING,ICE,DAYLIGHT,TRAFFIC SIGNAL,Yes,NO APPARENT INJURY,LOOKED BUT DID NOT SEE,PASSENGER CAR,MOVING CONSTANT SPEED,South,South,55,2007,FORD,0,0,0,0
Injury Crash,02-05-2022 15:30,Maryland (State),FALLS RD,N/A,SAME DIR REAR END,CLEAR,DRY,DAYLIGHT,NO CONTROLS,No,NO APPARENT INJURY,NOT DISTRACTED,PICKUP TRUCK,STOPPED IN TRAFFIC LANE,South,South,25,1998,CHEVY,3.6,20,25.8,0
Property Damage Crash,02-05-2022 16:35,Maryland (State),BUCKLODGE RD,N/A,SINGLE VEHICLE,CLEAR,DRY,DAYLIGHT,NO CONTROLS,No,NO APPARENT INJURY,NOT DISTRACTED,POLICE VEHICLE/NON EMERGENCY,MOVING CONSTANT SPEED,East,East,35,2006,CHEVY,0,0,0,0
Injury Crash,02-05-2022 16:35,Maryland (State),UNIVERSITY BLVD E,TAKOMA PARK,OTHER,CLEAR,DRY,DAYLIGHT,NO CONTROLS,Yes,SUSPECTED MINOR INJURY,LOOKED BUT DID NOT SEE,PASSENGER CAR,MOVING CONSTANT SPEED,South,South,35,2004,CHEV,5.5,194,42.8,0
Injury Crash,02-05-2022 16:50,Other Public Roadway,CALVERTON BLVD,N/A,ANGLE MEETS RIGHT TURN,CLEAR,DRY,DAYLIGHT,TRAFFIC SIGNAL,Yes,POSSIBLE INJURY,LOOKED BUT DID NOT SEE,PASSENGER CAR,RIGHT TURN ON RED,East,East,30,2007,NISSAN,0,0,0,0
Property Damage Crash,02-05-2022 16:50,Maryland (State),W DIAMOND AVE,GAITHERSBURG,SAME DIR REAR END,CLEAR,DRY,DAYLIGHT,NO CONTROLS,Yes,NO APPARENT INJURY,UNKNOWN,PASSENGER CAR,MOVING CONSTANT SPEED,West,West,35,2013,BUICK,0,0,0,0
Injury Crash,02-05-2022 17:15,County,REDLAND RD,N/A,SAME DIR REND LEFT TURN,CLEAR,DRY,DAYLIGHT,NO CONTROLS,Yes,NO APPARENT INJURY,OTHER DISTRACTION,PASSENGER CAR,MOVING CONSTANT SPEED,North,North,35,2009,ACUR,6,170,12.4,0
Property Damage Crash,02-05-2022 17:15,Maryland (State),HUNGERFORD DR,ROCKVILLE,SAME DIR REAR END,CLEAR,DRY,DAYLIGHT,TRAFFIC SIGNAL,Unknown,NO APPARENT INJURY,UNKNOWN,(SPORT) UTILITY VEHICLE,SLOWING OR STOPPING,North,North,40,2014,JEEP,1.1,41.6,37.4,0
Property Damage Crash,02-05-2022 18:31,Municipality,RIO BLVD,N/A,OTHER,CLEAR,DRY,DAYLIGHT,NO CONTROLS,Yes,NO APPARENT INJURY,NOT DISTRACTED,PASSENGER CAR,PARKED,,,15,2020,LEXUS,0,0,0,0
Injury Crash,02-05-2022 19:44,US (State),COLUMBIA PIKE,N/A,HEAD ON LEFT TURN,CLEAR,DRY,DARK NO LIGHTS,TRAFFIC SIGNAL,Yes,NO APPARENT INJURY,LOOKED BUT DID NOT SEE,VAN,MAKING LEFT TURN,North,North,55,2012,FORD,6.4,278,16.9,0
Injury Crash,02-05-2022 19:44,Maryland (State),WOODFIELD RD,N/A,STRAIGHT MOVEMENT ANGLE,RAINING,WET,DARK LIGHTS ON,TRAFFIC SIGNAL,No,SUSPECTED MINOR INJURY,NOT DISTRACTED,PASSENGER CAR,MOVING CONSTANT SPEED,East,South,45,1999,MAZD,0,0,0,0
Property Damage Crash,02-05-2022 20:00,Maryland (State),GREAT SENECA HWY,N/A,SAME DIR REAR END,CLEAR,DRY,DAYLIGHT,NO CONTROLS,No,NO APPARENT INJURY,NOT DISTRACTED,PICKUP TRUCK,SLOWING OR STOPPING,North,North,50,2018,CHEVY,1.8,41.5,41.5,0
Property Damage Crash,02-05-2022 20:00,Maryland (State),ETHAN ALLEN AVE,TAKOMA PARK,STRAIGHT MOVEMENT ANGLE,CLEAR,DRY,DAYLIGHT,STOP SIGN,No,NO APPARENT INJURY,NOT DISTRACTED,PASSENGER CAR,MOVING CONSTANT SPEED,West,West,25,2004,HONDA,4.2,140,32.1,0
Property Damage Crash,02-05-2022 21:20,Municipality,WOOTTON PKWY,ROCKVILLE,SAME DIR REAR END,CLOUDY,WET,DAYLIGHT,TRAFFIC SIGNAL,Yes,NO APPARENT INJURY,LOOKED BUT DID NOT SEE,PASSENGER CAR,MOVING CONSTANT SPEED,East,East,35,2002,TOYOTA,5.6,39.1,15.7,0
Injury Crash,02-05-2022 22:00,County,BEL PRE RD,N/A,ANGLE MEETS LEFT TURN,CLEAR,DRY,DARK LIGHTS ON,STOP SIGN,Yes,NO APPARENT INJURY,LOOKED BUT DID NOT SEE,PICKUP TRUCK,MAKING LEFT TURN,West,North,25,1996,DODGE,7,39.2,27.1,0
Property Damage Crash,02-05-2022 22:13,County,BOILING BROOK PKWY,N/A,SAME DIRECTION SIDESWIPE,CLEAR,DRY,DAYLIGHT,NO CONTROLS,No,NO APPARENT INJURY,NOT DISTRACTED,PASSENGER CAR,MOVING CONSTANT SPEED,East,East,30,2006,LEXU,1.9,27.4,24.4,0
Property Damage Crash,02-05-2022 22:19,County,MUDDY BRANCH RD,N/A,STRAIGHT MOVEMENT ANGLE,CLEAR,DRY,DARK LIGHTS ON,STOP SIGN,No,NO APPARENT INJURY,UNKNOWN,PASSENGER CAR,MOVING CONSTANT SPEED,South,South,25,2020,TOYT,0,0,0,0
Property Damage Crash,02-05-2022 22:19,County,HINES RD,N/A,STRAIGHT MOVEMENT ANGLE,CLEAR,DRY,DAYLIGHT,STOP SIGN,No,NO APPARENT INJURY,NOT DISTRACTED,PICKUP TRUCK,MOVING CONSTANT SPEED,West,West,35,2006,CHEVROLET,6,42.1,29.1,0
Property Damage Crash,02-05-2022 22:30,Municipality,TRUCK ST,N/A,SINGLE VEHICLE,CLEAR,DRY,DARK LIGHTS ON,N/A,Yes,NO APPARENT INJURY,NOT DISTRACTED,FIRE VEHICLE/NON EMERGENCY,BACKING,South,South,10,2009,SPAR,9.9,191,35.1,0
Property Damage Crash,02-05-2022 22:30,Maryland (State),NORBECK RD,N/A,SAME DIR REAR END,RAINING,WET,DARK LIGHTS ON,NO CONTROLS,No,NO APPARENT INJURY,NOT DISTRACTED,POLICE VEHICLE/EMERGENCY,STOPPED IN TRAFFIC LANE,East,East,40,2017,CHEVROLET,8.7,192,40.7,0
Injury Crash,02-05-2022 23:26,Maryland (State),FREDERICK RD,GAITHERSBURG,HEAD ON LEFT TURN,RAINING,WET,DAYLIGHT,TRAFFIC SIGNAL,Unknown,POSSIBLE INJURY,NOT DISTRACTED,PASSENGER CAR,MOVING CONSTANT SPEED,South,South,30,2016,HYUNDAI,12.9,308,30.7,0
Property Damage Crash,03-05-2022 03:00,Maryland (State),OLD COLUMBIA PIKE,N/A,SAME DIR REAR END,CLEAR,DRY,DARK LIGHTS ON,TRAFFIC SIGNAL,No,NO APPARENT INJURY,NOT DISTRACTED,PASSENGER CAR,ACCELERATING,East,East,15,2004,BMW,3.9,46.7,42,0
Injury Crash,03-05-2022 10:06,Maryland (State),FREDERICK RD,GAITHERSBURG,SAME DIR REAR END,CLEAR,DRY,DAYLIGHT,TRAFFIC SIGNAL,No,POSSIBLE INJURY,NOT DISTRACTED,PASSENGER CAR,STOPPED IN TRAFFIC LANE,North,North,30,2016,LINCOLN,8.7,177,25.4,0
Injury Crash,03-05-2022 10:06,Maryland (State),HUNGERFORD DR,ROCKVILLE,SAME DIR REAR END,CLOUDY,N/A,DAYLIGHT,NO CONTROLS,No,SUSPECTED MINOR INJURY,NOT DISTRACTED,PASSENGER CAR,SLOWING OR STOPPING,North,North,35,2014,HOND,1.3,31.7,23.3,0
Injury Crash,03-05-2022 10:26,Maryland (State),GEORGIA AVE,N/A,SAME DIR REAR END,CLEAR,DRY,DAYLIGHT,NO CONTROLS,Yes,NO APPARENT INJURY,OTHER DISTRACTION,PASSENGER CAR,MOVING CONSTANT SPEED,South,South,35,2007,TOYOTA,0,0,0,0
Injury Crash,03-05-2022 10:26,Maryland (State),NEW HAMPSHIRE AVE,N/A,SAME DIRECTION SIDESWIPE,CLEAR,DRY,DAYLIGHT,NO CONTROLS,Yes,NO APPARENT INJURY,LOOKED BUT DID NOT SEE,PASSENGER CAR,CHANGING LANES,North,North,40,2004,SATURN,1.9,175,34.5,0
Property Damage Crash,03-05-2022 13:39,County,WAYNE AVE,N/A,STRAIGHT MOVEMENT ANGLE,RAINING,WET,DAYLIGHT,TRAFFIC SIGNAL,Yes,NO APPARENT INJURY,LOOKED BUT DID NOT SEE,PASSENGER CAR,MAKING LEFT TURN,West,North,25,2019,NISSAN,14.6,182,39,0
Injury Crash,03-05-2022 13:39,County,WINDHAM LA,N/A,STRAIGHT MOVEMENT ANGLE,N/A,WET,DAYLIGHT,STOP SIGN,Unknown,NO APPARENT INJURY,UNKNOWN,PICKUP TRUCK,ACCELERATING,North,North,30,2006,HONDA,5.4,152,32.4,0
Property Damage Crash,03-05-2022 14:00,Municipality,VANDEGRIFT AVE,ROCKVILLE,SAME DIRECTION SIDESWIPE,FOGGY,WET,DAYLIGHT,N/A,No,NO APPARENT INJURY,NOT DISTRACTED,"MEDIUM/HEAVY TRUCKS 3 AXLES (OVER 10,000LBS (4,536KG))",STOPPED IN TRAFFIC LANE,West,West,25,2015,MACK,0,0,0,0
Property Damage Crash,03-05-2022 14:00,Maryland (State),CLOPPER RD,N/A,SAME DIRECTION SIDESWIPE,RAINING,WET,N/A,TRAFFIC SIGNAL,Yes,NO APPARENT INJURY,NOT DISTRACTED,PASSENGER CAR,UNKNOWN,West,West,30,2016,PORS,0,0,0,0
Property Damage Crash,03-05-2022 14:39,Maryland (State),VEIRS MILL RD,N/A,SAME DIRECTION SIDESWIPE,CLEAR,DRY,DAYLIGHT,NO CONTROLS,No,NO APPARENT INJURY,NOT DISTRACTED,PASSENGER CAR,MOVING CONSTANT SPEED,East,East,35,2015,HONDA,3,286,39.3,0.01
Property Damage Crash,03-05-2022 14:39,Maryland (State),GERMANTOWN RD,N/A,HEAD ON LEFT TURN,CLEAR,DRY,DARK LIGHTS ON,TRAFFIC SIGNAL,No,NO APPARENT INJURY,NOT DISTRACTED,PICKUP TRUCK,STOPPED IN TRAFFIC LANE,South,South,30,2014,DODGE,0,0,0,0
Property Damage Crash,03-05-2022 15:50,Maryland (State),RIVER RD,N/A,SAME DIR REAR END,CLEAR,DRY,DAYLIGHT,N/A,No,NO APPARENT INJURY,NOT DISTRACTED,PICKUP TRUCK,MOVING CONSTANT SPEED,East,East,35,2006,FORD,0,0,0,0
Injury Crash,03-05-2022 15:50,County,WEST OLD BALTIMORE RD,N/A,SAME DIR REAR END,CLEAR,DRY,DAYLIGHT,STOP SIGN,No,NO APPARENT INJURY,NOT DISTRACTED,PASSENGER CAR,STOPPED IN TRAFFIC LANE,East,East,30,2005,HOND,3.2,114,42.6,0
Property Damage Crash,03-05-2022 16:05,Maryland (State),CONNECTICUT AVE,CHEVY CHASE #3,SAME DIRECTION SIDESWIPE,RAINING,WET,DAYLIGHT,NO CONTROLS,No,NO APPARENT INJURY,NOT DISTRACTED,TRANSIT BUS,SLOWING OR STOPPING,North,North,35,2008,TBU,15.7,191,53.8,0
Injury Crash,03-05-2022 16:05,Municipality,SCOTT DR,ROCKVILLE,OPPOSITE DIRECTION SIDESWIPE,CLOUDY,DRY,DAYLIGHT,STOP SIGN,Yes,NO APPARENT INJURY,UNKNOWN,(SPORT) UTILITY VEHICLE,MOVING CONSTANT SPEED,South,South,25,2013,JEEP,0,0,0,0
Property Damage Crash,03-05-2022 16:05,Maryland (State),FREDERICK RD,N/A,OTHER,RAINING,WET,DAYLIGHT,TRAFFIC SIGNAL,No,NO APPARENT INJURY,NOT DISTRACTED,PASSENGER CAR,STOPPED IN TRAFFIC LANE,South,West,25,2017,SUBARU,1.2,57,52.1,0.04
Property Damage Crash,03-05-2022 16:38,Maryland (State),FALLS RD,N/A,SAME DIR REAR END,CLEAR,DRY,DAYLIGHT,NO CONTROLS,Yes,NO APPARENT INJURY,NOT DISTRACTED,PASSENGER CAR,BACKING,South,South,35,1997,BUICK,0,0,0,0
Property Damage Crash,03-05-2022 16:38,,,,SINGLE VEHICLE,CLEAR,,DAYLIGHT,STOP SIGN,Yes,NO APPARENT INJURY,LOOKED BUT DID NOT SEE,POLICE VEHICLE/NON EMERGENCY,MAKING LEFT TURN,South,South,10,2015,FORD,0,0,0,0
Injury Crash,03-05-2022 16:38,Interstate (State),CABIN JOHN PKWY,N/A,SINGLE VEHICLE,CLOUDY,WET,DAYLIGHT,NO CONTROLS,Yes,NO APPARENT INJURY,NOT DISTRACTED,PASSENGER CAR,MOVING CONSTANT SPEED,South,South,45,2003,JEEP,5.7,38.5,17.1,0
Property Damage Crash,03-05-2022 16:50,,,,OTHER,CLEAR,,DAYLIGHT,N/A,Yes,NO APPARENT INJURY,UNKNOWN,PASSENGER CAR,BACKING,South,South,15,2010,TOYOTA,4.7,348,27.6,0
Injury Crash,03-05-2022 16:50,County,BARNESVILLE RD,N/A,HEAD ON LEFT TURN,CLEAR,DRY,DAYLIGHT,NO CONTROLS,Yes,SUSPECTED SERIOUS INJURY,INATTENTIVE OR LOST IN THOUGHT,MOTORCYCLE,MOVING CONSTANT SPEED,East,East,30,2017,YAMAHA,6,266,20.8,0
Property Damage Crash,03-05-2022 16:54,Maryland (State),NEW HAMPSHIRE AVE,N/A,OTHER,CLEAR,DRY,DAYLIGHT,N/A,No,NO APPARENT INJURY,NOT DISTRACTED,TRANSIT BUS,SLOWING OR STOPPING,East,East,25,2016,WMATA,10.6,323,15.9,0
Property Damage Crash,03-05-2022 17:08,Maryland (State),GEORGIA AVE,N/A,SAME DIRECTION RIGHT TURN,CLEAR,DRY,DAYLIGHT,TRAFFIC SIGNAL,Yes,NO APPARENT INJURY,NOT DISTRACTED,FIRE VEHICLE/EMERGENCY,ACCELERATING,South,South,35,2004,SPARTAN,0,0,0,0
Property Damage Crash,03-05-2022 17:08,Maryland (State),GEORGIA AVE,N/A,SAME DIR REAR END,CLEAR,DRY,DAYLIGHT,NO CONTROLS,Yes,NO APPARENT INJURY,NOT DISTRACTED,PASSENGER CAR,OTHER,South,South,35,2013,KIA,0,0,0,0
Injury Crash,03-05-2022 18:15,Maryland (State),DARNESTOWN RD,N/A,SINGLE VEHICLE,BLOWING SNOW,ICE,DARK NO LIGHTS,NO CONTROLS,Yes,POSSIBLE INJURY,NOT DISTRACTED,PASSENGER CAR,NEGOTIATING A CURVE,West,West,40,2007,TOYT,10.3,318,39.8,0
Property Damage Crash,03-05-2022 18:15,Maryland (State),GEORGIA AVE,N/A,ANGLE MEETS LEFT TURN,CLEAR,DRY,DAYLIGHT,N/A,No,NO APPARENT INJURY,NOT DISTRACTED,PASSENGER CAR,STOPPED IN TRAFFIC LANE,North,West,10,2017,TOYT,6.9,116,23.6,0
Injury Crash,03-05-2022 18:15,County,SHADY GROVE RD,N/A,OTHER,RAINING,WET,DAYLIGHT,TRAFFIC SIGNAL,No,POSSIBLE INJURY,NOT DISTRACTED,PASSENGER CAR,MAKING LEFT TURN,North,North,15,2017,PORSCHE,0,0,0,0