ACRS Report Type,Date and Time,Route Type,Road Name,Municipality,Collision Type,Weather,Surface Condition,Light,Traffic Control,Driver At Fault,Injury Severity,Driver Distracted By,Vehicle Body Type,Vehicle Movement,Vehicle Continuing Dir,Vehicle Going Dir,Speed Limit,Vehicle Year,Vehicle Make,Wind Speed (MPH),TMP10-DK ,Relative Humidity (%),Rain (Inches)
Property Damage Crash,03-05-2022 18:30,County,SHADY GROVE RD,N/A,OTHER,CLEAR,DRY,DAYLIGHT,TRAFFIC SIGNAL,Yes,NO APPARENT INJURY,NOT DISTRACTED,,BACKING,North,East,45,0,UNKNOWN,7.8,294,43,0
Injury Crash,03-05-2022 18:30,Maryland (State),GEORGIA AVE,N/A,ANGLE MEETS LEFT HEAD ON,CLEAR,DRY,DAYLIGHT,STOP SIGN,No,POSSIBLE INJURY,NOT DISTRACTED,PASSENGER CAR,MOVING CONSTANT SPEED,North,North,35,2007,TOYOTA,6.4,180,0.4,0
Property Damage Crash,03-05-2022 18:30,,,,OTHER,CLEAR,,DAYLIGHT,NO CONTROLS,Yes,NO APPARENT INJURY,NOT DISTRACTED,PASSENGER CAR,ACCELERATING,West,West,5,2005,HONDA,4.3,40,26,0
Property Damage Crash,03-05-2022 18:36,Maryland (State),CONNECTICUT AVE,N/A,SAME DIR REAR END,CLEAR,DRY,DAYLIGHT,NO CONTROLS,No,NO APPARENT INJURY,NOT DISTRACTED,PASSENGER CAR,STOPPED IN TRAFFIC LANE,South,South,35,2013,HYUNDAI,0,0,0,0
Property Damage Crash,03-05-2022 19:01,County,FERRARA DR,N/A,OTHER,N/A,N/A,DARK LIGHTS ON,STOP SIGN,Yes,NO APPARENT INJURY,OTHER DISTRACTION,PASSENGER CAR,LEAVING TRAFFIC LANE,West,South,25,2013,MERCEDES,4.4,346,37.8,0.01
Property Damage Crash,03-05-2022 19:01,Maryland (State),CARROLL AVE,N/A,SAME DIRECTION SIDESWIPE,RAINING,WET,DAYLIGHT,NO CONTROLS,Yes,NO APPARENT INJURY,LOOKED BUT DID NOT SEE,PASSENGER CAR,STARTING FROM PARKED,North,North,30,2014,TOYOTA,7.7,33.9,19,0
Property Damage Crash,03-05-2022 19:01,Municipality,WOOTTON PKWY,N/A,SAME DIR REAR END,CLEAR,DRY,DAYLIGHT,TRAFFIC SIGNAL,No,NO APPARENT INJURY,NOT DISTRACTED,PASSENGER CAR,MOVING CONSTANT SPEED,East,East,35,2016,LANDROVER,2.3,244,55.4,0.04
Property Damage Crash,03-05-2022 19:41,Municipality,GIRARD ST,GAITHERSBURG,OTHER,N/A,DRY,DUSK,NO CONTROLS,No,NO APPARENT INJURY,NOT DISTRACTED,PASSENGER CAR,STOPPED IN TRAFFIC LANE,West,North,25,2014,MAZD,8.6,325,19.5,0
Injury Crash,03-05-2022 19:41,Maryland (State),GEORGIA AVE,N/A,HEAD ON,RAINING,WET,DUSK,NO CONTROLS,No,SUSPECTED SERIOUS INJURY,NOT DISTRACTED,PASSENGER CAR,STOPPED IN TRAFFIC LANE,East,South,40,2000,HONDA,1.6,27,41,0
Injury Crash,03-05-2022 19:51,County,RANDOLPH RD,N/A,STRAIGHT MOVEMENT ANGLE,CLEAR,DRY,DAYLIGHT,TRAFFIC SIGNAL,Yes,NO APPARENT INJURY,OTHER CELLULAR PHONE RELATED,PICKUP TRUCK,MOVING CONSTANT SPEED,East,East,35,1997,DODG,1.6,83,28.1,0
Property Damage Crash,03-05-2022 19:51,Maryland (State),NEW HAMPSHIRE AVE,N/A,OTHER,CLEAR,DRY,DARK LIGHTS ON,TRAFFIC SIGNAL,Yes,NO APPARENT INJURY,NOT DISTRACTED,OTHER,MOVING CONSTANT SPEED,North,North,35,2005,INTL,2.5,142,22.3,0
Property Damage Crash,04-05-2022 00:18,Government,BEACH DR,N/A,SINGLE VEHICLE,RAINING,WET,DARK NO LIGHTS,NO CONTROLS,Yes,NO APPARENT INJURY,NOT DISTRACTED,PASSENGER CAR,MOVING CONSTANT SPEED,South,South,25,2010,HOND,9.2,195,27.8,0
Property Damage Crash,04-05-2022 05:19,County,OLD COLUMBIA PIKE,N/A,SINGLE VEHICLE,RAINING,WET,DAYLIGHT,NO CONTROLS,Yes,NO APPARENT INJURY,INATTENTIVE OR LOST IN THOUGHT,SCHOOL BUS,ACCELERATING,North,North,45,2009,THOMAS,0,0,0,0
Property Damage Crash,04-05-2022 05:19,,,,UNKNOWN,CLOUDY,,UNKNOWN,N/A,Yes,NO APPARENT INJURY,UNKNOWN,,UNKNOWN,Unknown,Unknown,0,0,UNKNOWN,12.7,179,33.2,0
Property Damage Crash,04-05-2022 08:28,County,ASPEN HILL RD,N/A,OTHER,CLEAR,DRY,DUSK,NO CONTROLS,Yes,NO APPARENT INJURY,UNKNOWN,PICKUP TRUCK,MAKING LEFT TURN,East,South,30,2000,FORD,3.2,38.8,25.2,0
Property Damage Crash,04-05-2022 08:28,Municipality,NELSON ST,ROCKVILLE,STRAIGHT MOVEMENT ANGLE,RAINING,WET,DAYLIGHT,TRAFFIC SIGNAL,Unknown,NO APPARENT INJURY,UNKNOWN,PASSENGER CAR,STARTING FROM LANE,South,South,25,2001,SATURN,0,0,0,0
Property Damage Crash,04-05-2022 08:40,,,,SINGLE VEHICLE,CLEAR,,DAYLIGHT,NO CONTROLS,Yes,NO APPARENT INJURY,LOOKED BUT DID NOT SEE,VAN,BACKING,Unknown,Unknown,0,2018,CHEVY,6.2,62.3,58,0
Property Damage Crash,04-05-2022 08:54,Maryland (State),COLESVILLE RD,N/A,SAME DIRECTION SIDESWIPE,CLEAR,DRY,DAYLIGHT,TRAFFIC SIGNAL,Unknown,NO APPARENT INJURY,UNKNOWN,PASSENGER CAR,MAKING RIGHT TURN,South,East,25,2009,HONDA,0,0,0,0
Property Damage Crash,04-05-2022 08:54,County,PARKLAND DR,N/A,SAME DIR REAR END,FOGGY,WET,DARK LIGHTS ON,NO CONTROLS,Yes,NO APPARENT INJURY,NOT DISTRACTED,PASSENGER CAR,MOVING CONSTANT SPEED,North,North,35,2004,HONDA,0,0,0,0
Property Damage Crash,04-05-2022 10:45,County,SNOUFFERS SCHOOL RD,N/A,STRAIGHT MOVEMENT ANGLE,CLEAR,DRY,DAYLIGHT,STOP SIGN,No,NO APPARENT INJURY,UNKNOWN,PASSENGER CAR,SKIDDING,South,South,40,1991,HOND,0,0,0,0
Property Damage Crash,04-05-2022 10:45,,,,OTHER,CLEAR,,DAYLIGHT,NO CONTROLS,No,NO APPARENT INJURY,NOT DISTRACTED,PASSENGER CAR,PARKED,,,0,2008,HONDA,4.8,39.7,37.2,0
Property Damage Crash,04-05-2022 11:00,Municipality,N SUMMIT AVE,GAITHERSBURG,STRAIGHT MOVEMENT ANGLE,SNOW,WET,DAYLIGHT,NO CONTROLS,No,NO APPARENT INJURY,NOT DISTRACTED,PASSENGER CAR,MOVING CONSTANT SPEED,South,South,25,2008,NISS,3.2,42.1,38.7,0
Injury Crash,04-05-2022 11:00,Maryland (State),WOODFIELD RD,N/A,SAME DIR REAR END,RAINING,WET,DAYLIGHT,NO CONTROLS,No,NO APPARENT INJURY,NOT DISTRACTED,PASSENGER CAR,SLOWING OR STOPPING,North,North,40,2004,VOLK,1.2,222,30.9,0
Injury Crash,04-05-2022 11:07,Maryland (State),OLNEY SANDY SPRING RD,N/A,HEAD ON LEFT TURN,CLEAR,DRY,DAYLIGHT,FLASHING TRAFFIC SIGNAL,No,POSSIBLE INJURY,NOT DISTRACTED,PASSENGER CAR,MOVING CONSTANT SPEED,East,East,30,2012,TOYOTA,0,0,0,0
Property Damage Crash,04-05-2022 11:07,County,WISTERIA DR,N/A,OTHER,CLEAR,DRY,DARK LIGHTS ON,N/A,Yes,NO APPARENT INJURY,NOT DISTRACTED,VAN,MOVING CONSTANT SPEED,West,West,30,2008,NISS,3.2,32.6,19.8,0
Property Damage Crash,04-05-2022 11:10,County,TWINBROOK PKWY,N/A,OTHER,CLEAR,WET,DARK NO LIGHTS,N/A,Yes,NO APPARENT INJURY,NOT DISTRACTED,TRANSIT BUS,MOVING CONSTANT SPEED,South,South,40,2011,FORD,0,0,0,0
Property Damage Crash,04-05-2022 11:10,Maryland (State),GEORGIA AVE,N/A,SAME DIR REAR END,CLEAR,DRY,DARK LIGHTS ON,FLASHING TRAFFIC SIGNAL,Yes,NO APPARENT INJURY,NOT DISTRACTED,PASSENGER CAR,SLOWING OR STOPPING,West,North,35,2020,TOYOTA,5.8,272,21.5,0
Property Damage Crash,04-05-2022 11:20,Interstate (State),CAPITAL BELTWAY,N/A,SAME DIRECTION SIDESWIPE,CLEAR,DRY,DAYLIGHT,N/A,No,NO APPARENT INJURY,NOT DISTRACTED,PASSENGER CAR,MOVING CONSTANT SPEED,West,West,55,2007,DODG,0,0,0,0
Property Damage Crash,04-05-2022 11:20,Maryland (State),EAST WEST HWY,N/A,ANGLE MEETS LEFT HEAD ON,CLEAR,DRY,DAYLIGHT,STOP SIGN,No,NO APPARENT INJURY,NOT DISTRACTED,PASSENGER CAR,NEGOTIATING A CURVE,West,West,35,2015,HONDA,3.1,130,55.7,0.09
Property Damage Crash,04-05-2022 11:27,County,E WAYNE AVE,N/A,HEAD ON,CLEAR,DRY,DAYLIGHT,TRAFFIC SIGNAL,Unknown,NO APPARENT INJURY,NOT DISTRACTED,PASSENGER CAR,ACCELERATING,West,West,25,2008,HOND,1.4,91,28.4,0
Property Damage Crash,04-05-2022 11:27,County,SNOUFFERS SCHOOL RD,N/A,SAME DIR REAR END,CLEAR,DRY,DARK NO LIGHTS,NO CONTROLS,No,NO APPARENT INJURY,NOT DISTRACTED,PASSENGER CAR,STOPPED IN TRAFFIC LANE,South,South,35,2011,BMW,0,0,0,0
Property Damage Crash,04-05-2022 11:55,Maryland (State),NEW HAMPSHIRE AVE,N/A,SAME DIR REAR END,CLEAR,DRY,DAYLIGHT,TRAFFIC SIGNAL,No,NO APPARENT INJURY,UNKNOWN,PASSENGER CAR,SLOWING OR STOPPING,South,South,40,2001,VOLSWAGEN,3.9,259,50,0
Injury Crash,04-05-2022 12:27,County,SHADY GROVE RD,N/A,HEAD ON LEFT TURN,CLEAR,DRY,DAYLIGHT,TRAFFIC SIGNAL,No,SUSPECTED MINOR INJURY,LOOKED BUT DID NOT SEE,PASSENGER CAR,MAKING LEFT TURN,South,South,40,2021,HYUNDAI,0,0,0,0
Property Damage Crash,04-05-2022 12:27,Maryland (State),RIDGE RD,N/A,SINGLE VEHICLE,CLOUDY,WET,DARK LIGHTS ON,NO CONTROLS,No,NO APPARENT INJURY,NOT DISTRACTED,(SPORT) UTILITY VEHICLE,MOVING CONSTANT SPEED,North,North,40,2015,BMW,0,0,0,0
Injury Crash,04-05-2022 13:01,County,CHERRY HILL RD,N/A,STRAIGHT MOVEMENT ANGLE,CLEAR,N/A,DARK LIGHTS ON,FLASHING TRAFFIC SIGNAL,Yes,SUSPECTED MINOR INJURY,NOT DISTRACTED,PASSENGER CAR,MOVING CONSTANT SPEED,North,North,40,2019,NISSAN,3.4,39.2,24.7,0
Injury Crash,04-05-2022 13:04,Maryland (State),FREDERICK RD,N/A,HEAD ON LEFT TURN,RAINING,WET,DARK LIGHTS ON,TRAFFIC SIGNAL,Yes,NO APPARENT INJURY,NOT DISTRACTED,(SPORT) UTILITY VEHICLE,MAKING LEFT TURN,North,East,45,2005,LEXUS,3.3,38.3,19.6,0
Property Damage Crash,04-05-2022 13:04,County,DAUPHINE ST,N/A,OTHER,N/A,DRY,DAYLIGHT,N/A,Yes,NO APPARENT INJURY,NOT DISTRACTED,SCHOOL BUS,MAKING LEFT TURN,North,East,25,2016,THOMAS,7,274,25.2,0
Injury Crash,04-05-2022 13:16,US (State),COLESVILLE RD,N/A,SAME DIR REAR END,CLEAR,DRY,DARK LIGHTS ON,TRAFFIC SIGNAL,Yes,NO APPARENT INJURY,NOT DISTRACTED,PASSENGER CAR,STARTING FROM LANE,South,South,35,2015,LEXUS,5.1,36.5,23.6,0
Property Damage Crash,04-05-2022 13:16,US (State),COLESVILLE RD,N/A,STRAIGHT MOVEMENT ANGLE,N/A,DRY,DARK LIGHTS ON,NO CONTROLS,Yes,NO APPARENT INJURY,LOOKED BUT DID NOT SEE,PASSENGER CAR,MAKING LEFT TURN,South,East,35,2009,HYUN,2.5,41.1,40.7,0
Property Damage Crash,04-05-2022 14:20,Municipality,WATKINS MILL RD,N/A,HEAD ON,RAINING,WET,DAYLIGHT,NO CONTROLS,No,NO APPARENT INJURY,NOT DISTRACTED,PASSENGER CAR,SLOWING OR STOPPING,West,West,15,2006,TOYOTA,3.6,39.1,27.1,0
Injury Crash,04-05-2022 14:48,County,BAUER DR,N/A,STRAIGHT MOVEMENT ANGLE,CLEAR,DRY,DARK LIGHTS ON,TRAFFIC SIGNAL,Yes,NO APPARENT INJURY,LOOKED BUT DID NOT SEE,PASSENGER CAR,MAKING LEFT TURN,North,East,35,2007,ACURA,0,0,0,0
Property Damage Crash,04-05-2022 14:48,,,,OTHER,CLEAR,,DAYLIGHT,NO CONTROLS,Yes,NO APPARENT INJURY,UNKNOWN,PASSENGER CAR,BACKING,North,West,0,2007,TOYT,7.5,170,38.2,0
Injury Crash,04-05-2022 15:08,Government,BEACH DR,N/A,HEAD ON,RAINING,WET,DAYLIGHT,NO CONTROLS,No,NO APPARENT INJURY,NOT DISTRACTED,(SPORT) UTILITY VEHICLE,MOVING CONSTANT SPEED,North,North,25,2007,TOYOTA,9.4,296,29.8,0
Property Damage Crash,04-05-2022 15:08,County,NICHOLSON LA,N/A,ANGLE MEETS LEFT HEAD ON,CLEAR,DRY,DAYLIGHT,NO CONTROLS,No,NO APPARENT INJURY,NOT DISTRACTED,PASSENGER CAR,MOVING CONSTANT SPEED,West,West,30,2017,TOYOTA,5.9,283,29.1,0
Property Damage Crash,04-05-2022 15:19,Maryland (State),GEORGIA AVE,N/A,ANGLE MEETS RIGHT TURN,CLEAR,DRY,DAYLIGHT,NO CONTROLS,No,NO APPARENT INJURY,NOT DISTRACTED,PASSENGER CAR,MOVING CONSTANT SPEED,South,South,35,2000,NISSAN,0,0,0,0
Property Damage Crash,04-05-2022 15:19,Maryland (State),VEIRS MILL RD,ROCKVILLE,SAME DIR REAR END,CLEAR,DRY,DAYLIGHT,NO CONTROLS,No,NO APPARENT INJURY,NOT DISTRACTED,PASSENGER CAR,ACCELERATING,East,East,40,2014,NISSAN,0,0,0,0
Property Damage Crash,04-05-2022 15:30,Municipality,WATKINS MILL RD,GAITHERSBURG,ANGLE MEETS RIGHT TURN,RAINING,WET,DARK LIGHTS ON,STOP SIGN,No,NO APPARENT INJURY,NOT DISTRACTED,PASSENGER CAR,MOVING CONSTANT SPEED,North,North,35,2014,HONDA,0,0,0,0
Injury Crash,04-05-2022 15:30,Municipality,BUREAU DR,N/A,STRAIGHT MOVEMENT ANGLE,CLEAR,DRY,DAYLIGHT,NO CONTROLS,No,SUSPECTED MINOR INJURY,NOT DISTRACTED,PASSENGER CAR,MOVING CONSTANT SPEED,South,South,25,2009,TOYOTA,0,0,0,0
Property Damage Crash,04-05-2022 15:40,Maryland (State),VEIRS MILL RD,N/A,SAME DIRECTION SIDESWIPE,CLOUDY,DRY,DAYLIGHT,N/A,No,NO APPARENT INJURY,NOT DISTRACTED,TRANSIT BUS,SLOWING OR STOPPING,West,West,35,2006,NEW FLYER,3.2,29,26.4,0
Property Damage Crash,04-05-2022 15:40,County,CLARKSBURG RD,N/A,OTHER,CLEAR,DRY,DARK NO LIGHTS,NO CONTROLS,Yes,NO APPARENT INJURY,NOT DISTRACTED,PASSENGER CAR,MOVING CONSTANT SPEED,North,North,40,2004,FORD,3.3,42.1,25,0
Property Damage Crash,04-05-2022 16:13,Maryland (State),GREAT SENECA HWY,N/A,SAME DIRECTION SIDESWIPE,CLEAR,DRY,DARK LIGHTS ON,TRAFFIC SIGNAL,No,NO APPARENT INJURY,NOT DISTRACTED,PASSENGER CAR,STOPPED IN TRAFFIC LANE,West,West,45,2002,HONDA,4.4,44.5,25.2,0
Property Damage Crash,04-05-2022 16:13,Maryland (State),NEW HAMPSHIRE AVE,N/A,SAME DIR REAR END,CLEAR,DRY,DAYLIGHT,N/A,No,NO APPARENT INJURY,NOT DISTRACTED,PASSENGER CAR,SLOWING OR STOPPING,North,North,40,2006,NISSAN,8,176,11.1,0
Property Damage Crash,04-05-2022 16:29,Maryland (State),16TH ST,N/A,STRAIGHT MOVEMENT ANGLE,RAINING,WET,DAYLIGHT,YIELD SIGN,No,NO APPARENT INJURY,NOT DISTRACTED,"CARGO VAN/LIGHT TRUCK 2 AXLES (OVER 10,000LBS (4,536 KG))",MOVING CONSTANT SPEED,North,North,35,2014,FREIGHTLINER,8.5,39.9,26.1,0
Injury Crash,04-05-2022 16:29,Maryland (State),UNIVERSITY BLVD W,KENSINGTON,HEAD ON LEFT TURN,CLEAR,DRY,DAYLIGHT,NO CONTROLS,No,NO APPARENT INJURY,NOT DISTRACTED,VAN,MOVING CONSTANT SPEED,West,West,35,2006,TOYOTA,3.4,175,17.1,0
Property Damage Crash,04-05-2022 16:30,Maryland (State),SANDY SPRING RD,N/A,OTHER,CLEAR,DRY,DAYLIGHT,TRAFFIC SIGNAL,Yes,NO APPARENT INJURY,NOT DISTRACTED,PASSENGER CAR,MAKING U TURN,West,East,45,2012,DODGE,0,0,0,0
Property Damage Crash,04-05-2022 16:30,Municipality,W MIDDLE LA,ROCKVILLE,OPPOSITE DIRECTION SIDESWIPE,RAINING,WET,DARK LIGHTS ON,TRAFFIC SIGNAL,No,NO APPARENT INJURY,NOT DISTRACTED,PASSENGER CAR,ACCELERATING,East,East,30,2005,TOYOTA,0,0,0,0
Injury Crash,04-05-2022 16:49,Maryland (State),FREDERICK RD,N/A,OTHER,CLEAR,DRY,DAYLIGHT,NO CONTROLS,No,NO APPARENT INJURY,NOT DISTRACTED,(SPORT) UTILITY VEHICLE,SLOWING OR STOPPING,South,South,40,2003,LEXUS,0,0,0,0
Property Damage Crash,04-05-2022 16:49,County,INWOOD AVE,N/A,OTHER,CLEAR,DRY,DARK LIGHTS ON,N/A,Yes,NO APPARENT INJURY,NOT DISTRACTED,PASSENGER CAR,MOVING CONSTANT SPEED,North,North,25,2012,HYUNDAI,6.8,182,39.5,0
Property Damage Crash,04-05-2022 18:00,,,,SAME DIRECTION SIDESWIPE,CLEAR,,DARK LIGHTS ON,NO CONTROLS,Yes,NO APPARENT INJURY,LOOKED BUT DID NOT SEE,VAN,ACCELERATING,North,North,10,2004,FORD,4.3,358,25.4,0
Injury Crash,04-05-2022 18:00,County,ASPEN HILL RD,N/A,SAME DIR REAR END,CLEAR,DRY,DAYLIGHT,NO CONTROLS,Yes,NO APPARENT INJURY,INATTENTIVE OR LOST IN THOUGHT,PASSENGER CAR,SLOWING OR STOPPING,South,South,30,2007,TOYOTA,0,0,0,0
Injury Crash,04-05-2022 18:00,Maryland (State),UNIVERSITY BLVD E,N/A,STRAIGHT MOVEMENT ANGLE,CLOUDY,DRY,DAYLIGHT,NO CONTROLS,Yes,POSSIBLE INJURY,UNKNOWN,PASSENGER CAR,MAKING LEFT TURN,South,West,25,2007,HONDA,0,0,0,0
Injury Crash,04-05-2022 18:00,County,ZION RD,N/A,STRAIGHT MOVEMENT ANGLE,CLEAR,DRY,DAYLIGHT,STOP SIGN,No,POSSIBLE INJURY,NOT DISTRACTED,PASSENGER CAR,MOVING CONSTANT SPEED,South,South,40,2014,BUICK,0,0,0,0
Property Damage Crash,04-05-2022 18:10,County,SCHAEFFER RD,N/A,HEAD ON LEFT TURN,CLEAR,DRY,DAYLIGHT,NO CONTROLS,No,NO APPARENT INJURY,NOT DISTRACTED,PASSENGER CAR,MOVING CONSTANT SPEED,West,West,35,1994,TOYT,8.8,285,30.2,0
Injury Crash,04-05-2022 18:10,,,,OTHER,CLEAR,,DAYLIGHT,N/A,Yes,NO APPARENT INJURY,LOOKED BUT DID NOT SEE,PASSENGER CAR,BACKING,North,North,15,2015,FORD,0,0,0,0
Property Damage Crash,04-05-2022 19:20,Maryland (State),NEW HAMPSHIRE AVE,N/A,SAME DIR REAR END,RAINING,WET,DAYLIGHT,N/A,No,NO APPARENT INJURY,NOT DISTRACTED,PASSENGER CAR,SLOWING OR STOPPING,North,North,35,2013,MERZ,14.3,180,27.2,0
Injury Crash,04-05-2022 19:20,County,BEL PRE RD,N/A,SAME DIR REAR END,RAINING,WET,DAYLIGHT,YIELD SIGN,No,POSSIBLE INJURY,NOT DISTRACTED,PASSENGER CAR,STOPPED IN TRAFFIC LANE,South,East,25,2014,TOYOTA,1.5,27.5,23.5,0
Property Damage Crash,04-05-2022 19:20,,,,SAME DIRECTION SIDESWIPE,CLEAR,,DARK -- UNKNOWN LIGHTING,NO CONTROLS,Unknown,NO APPARENT INJURY,NOT DISTRACTED,TRANSIT BUS,STARTING FROM PARKED,West,West,10,2011,TBU,2.6,37.5,37.2,0.05
Property Damage Crash,04-05-2022 19:27,,,,STRAIGHT MOVEMENT ANGLE,N/A,,DAYLIGHT,N/A,No,NO APPARENT INJURY,NOT DISTRACTED,PASSENGER CAR,MOVING CONSTANT SPEED,Unknown,Unknown,15,2016,HONDA,4.7,356,42.7,0
Property Damage Crash,04-05-2022 19:27,Maryland (State),EAST WEST HWY,N/A,SAME DIRECTION RIGHT TURN,CLEAR,DRY,DARK LIGHTS ON,NO CONTROLS,No,NO APPARENT INJURY,NOT DISTRACTED,PICKUP TRUCK,MOVING CONSTANT SPEED,East,East,35,2005,NISSAN,0,0,0,0
Injury Crash,04-05-2022 20:08,Maryland (State),NEW HAMPSHIRE AVE,N/A,STRAIGHT MOVEMENT ANGLE,CLEAR,DRY,DAYLIGHT,NO CONTROLS,No,SUSPECTED MINOR INJURY,UNKNOWN,PASSENGER CAR,MOVING CONSTANT SPEED,North,North,45,2018,ACUR,7.7,45.4,29.6,0
Property Damage Crash,04-05-2022 20:08,Maryland (State),SANDY SPRING RD,N/A,SINGLE VEHICLE,CLEAR,DRY,DARK NO LIGHTS,NO CONTROLS,Yes,NO APPARENT INJURY,LOOKED BUT DID NOT SEE,TRANSIT BUS,MAKING RIGHT TURN,North,West,35,2006,NEW FLYER,3.3,40.1,39.7,0
Injury Crash,04-05-2022 20:18,Maryland (State),NEW HAMPSHIRE AVE,N/A,HEAD ON LEFT TURN,CLEAR,DRY,DAYLIGHT,TRAFFIC SIGNAL,Yes,POSSIBLE INJURY,LOOKED BUT DID NOT SEE,PICKUP TRUCK,MOVING CONSTANT SPEED,South,South,45,2017,DODGE,1.1,294,25.5,0
Property Damage Crash,04-05-2022 21:42,,,,OTHER,CLEAR,,DARK LIGHTS ON,NO CONTROLS,No,NO APPARENT INJURY,NOT DISTRACTED,(SPORT) UTILITY VEHICLE,PARKED,,,15,2017,TOYT,7,149,22.3,0
Injury Crash,05-05-2022 00:00,US (State),COLUMBIA PIKE,N/A,SAME DIR REAR END,CLEAR,DRY,DAYLIGHT,TRAFFIC SIGNAL,No,POSSIBLE INJURY,NOT DISTRACTED,PASSENGER CAR,SLOWING OR STOPPING,South,South,40,2011,TOYOTA,3.3,204,31.2,0
Property Damage Crash,05-05-2022 00:00,County,WATKINS MILL RD,N/A,SAME DIR REAR END,CLEAR,DRY,DAYLIGHT,YIELD SIGN,No,NO APPARENT INJURY,NOT DISTRACTED,PICKUP TRUCK,STOPPED IN TRAFFIC LANE,South,South,30,2018,CHEV,6.3,194,39.8,0
Property Damage Crash,05-05-2022 00:00,Maryland (State),NORBECK RD,ROCKVILLE,SAME DIR REAR END,N/A,DRY,DAYLIGHT,N/A,No,NO APPARENT INJURY,NOT DISTRACTED,VAN,N/A,West,West,50,2020,CHRYSLER,0,0,0,0
Injury Crash,05-05-2022 00:00,Maryland (State),GEORGIA AVE,N/A,SAME DIR REAR END,CLEAR,DRY,DAYLIGHT,TRAFFIC SIGNAL,No,NO APPARENT INJURY,NOT DISTRACTED,PASSENGER CAR,STOPPED IN TRAFFIC LANE,South,South,50,2012,ACURA,4.1,39.2,37.1,0
Injury Crash,05-05-2022 05:00,Maryland (State),WISCONSIN AVE,DRUMMOND,SAME DIR REAR END,CLEAR,DRY,DAYLIGHT,NO CONTROLS,No,NO APPARENT INJURY,NOT DISTRACTED,PASSENGER CAR,SLOWING OR STOPPING,South,South,35,2011,HYUNDAI,2.2,60,28.1,0
Property Damage Crash,05-05-2022 05:40,,,,SINGLE VEHICLE,CLEAR,,DAYLIGHT,NO CONTROLS,Yes,NO APPARENT INJURY,OTHER DISTRACTION,FARM VEHICLE,SLOWING OR STOPPING,West,West,0,2003,NEW HOLLAND,13.1,181,2.8,0
Property Damage Crash,05-05-2022 05:40,Municipality,WOOTTON PKWY,N/A,SAME DIR REAR END,N/A,DRY,DAYLIGHT,NO CONTROLS,Yes,NO APPARENT INJURY,UNKNOWN,(SPORT) UTILITY VEHICLE,PASSING,East,East,30,2014,HONDA,16.9,196,29.5,0
Property Damage Crash,05-05-2022 07:59,County,CHERRY HILL RD,N/A,SAME DIR REAR END,N/A,DRY,DAYLIGHT,NO CONTROLS,Yes,NO APPARENT INJURY,NOT DISTRACTED,PASSENGER CAR,MOVING CONSTANT SPEED,East,East,40,2003,MAZDA,3,110,31.2,0
Property Damage Crash,05-05-2022 07:59,County,LONGMEAD CROSSING DR,N/A,SAME DIRECTION SIDESWIPE,CLEAR,DRY,DAYLIGHT,NO CONTROLS,Yes,NO APPARENT INJURY,NOT DISTRACTED,PASSENGER CAR,MOVING CONSTANT SPEED,East,East,35,1998,MITSUBISHI,7.7,45.6,30.7,0
Property Damage Crash,05-05-2022 08:17,Maryland (State),GEORGIA AVE,N/A,SAME DIRECTION SIDESWIPE,CLEAR,DRY,DARK LIGHTS ON,TRAFFIC SIGNAL,No,NO APPARENT INJURY,NOT DISTRACTED,TRANSIT BUS,ACCELERATING,North,North,30,2009,NEW FLYER,0,0,0,0
Property Damage Crash,05-05-2022 08:17,County,FAULKNER PL,N/A,SAME DIRECTION RIGHT TURN,CLEAR,DRY,DAYLIGHT,NO CONTROLS,Yes,NO APPARENT INJURY,NOT DISTRACTED,AMBULANCE/EMERGENCY,MAKING RIGHT TURN,South,East,25,2016,FRHT,8.5,353,33.6,0.04
Property Damage Crash,05-05-2022 09:24,Maryland (State),RIDGE RD,N/A,SAME DIR REAR END,RAINING,WET,DARK NO LIGHTS,TRAFFIC SIGNAL,No,NO APPARENT INJURY,NOT DISTRACTED,PASSENGER CAR,STOPPED IN TRAFFIC LANE,South,South,45,2014,HONDA,15.8,319,1.7,0
Property Damage Crash,05-05-2022 10:23,Municipality,TEACHERS WAY,N/A,OPPOSITE DIRECTION SIDESWIPE,CLEAR,DRY,DARK LIGHTS ON,STOP SIGN,No,NO APPARENT INJURY,UNKNOWN,PASSENGER CAR,MAKING RIGHT TURN,West,West,25,2001,NISSAN,0,0,0,0
Property Damage Crash,05-05-2022 10:23,County,REDLAND RD,N/A,SAME DIRECTION LEFT TURN,N/A,DRY,DARK LIGHTS ON,NO CONTROLS,No,NO APPARENT INJURY,NOT DISTRACTED,PASSENGER CAR,MOVING CONSTANT SPEED,South,South,35,2011,TOYT,0,0,0,0
Injury Crash,05-05-2022 11:49,County,STEWART LA,N/A,STRAIGHT MOVEMENT ANGLE,CLEAR,N/A,DAYLIGHT,N/A,No,NO APPARENT INJURY,NOT DISTRACTED,TRANSIT BUS,MOVING CONSTANT SPEED,East,East,35,2013,NEW FLYER,2.3,20,18.3,0