ACRS Report Type,Date and Time,Route Type,Road Name,Municipality,Collision Type,Weather,Surface Condition,Light,Traffic Control,Driver At Fault,Injury Severity,Driver Distracted By,Vehicle Body Type,Vehicle Movement,Vehicle Continuing Dir,Vehicle Going Dir,Speed Limit,Vehicle Year,Vehicle Make,Wind Speed (MPH),TMP10-DK ,Relative Humidity (%),Rain (Inches)
Injury Crash,05-05-2022 11:49,Maryland (State),CONNECTICUT AVE,CHEVY CHASE VIEW,SAME DIR REAR END,CLEAR,DRY,DAYLIGHT,NO CONTROLS,No,NO APPARENT INJURY,NOT DISTRACTED,PASSENGER CAR,SLOWING OR STOPPING,North,North,35,2005,TOYT,1.1,37.7,36.9,0
Injury Crash,05-05-2022 12:50,Maryland (State),FREDERICK RD,GAITHERSBURG,STRAIGHT MOVEMENT ANGLE,CLEAR,DRY,DAYLIGHT,NO CONTROLS,No,POSSIBLE INJURY,NOT DISTRACTED,PASSENGER CAR,MOVING CONSTANT SPEED,South,South,30,2018,HONDA,2.5,40.1,39.7,0.05
Injury Crash,05-05-2022 12:50,,,,N/A,CLEAR,,DARK LIGHTS ON,NO CONTROLS,Yes,NO APPARENT INJURY,NOT DISTRACTED,PASSENGER CAR,BACKING,Unknown,Unknown,0,1995,HONDA,12.9,33.1,22,0
Injury Crash,05-05-2022 13:16,County,AMHERST AVE,N/A,SAME DIRECTION SIDESWIPE,N/A,DRY,DARK LIGHTS ON,NO CONTROLS,Yes,SUSPECTED MINOR INJURY,UNKNOWN,PASSENGER CAR,MOVING CONSTANT SPEED,South,South,25,2001,CHEVROLET,2.2,44.3,39.3,0
Property Damage Crash,05-05-2022 13:16,Municipality,ENGLEFIELD DR,GAITHERSBURG,SINGLE VEHICLE,WINTRY MIX,ICE,DARK LIGHTS ON,N/A,No,NO APPARENT INJURY,NOT DISTRACTED,PICKUP TRUCK,MOVING CONSTANT SPEED,North,North,25,2004,CHEVY,0,0,0,0
Injury Crash,05-05-2022 13:45,Maryland (State),UNIVERSITY BLVD W,N/A,SAME DIR REND LEFT TURN,SLEET,WET,DAYLIGHT,TRAFFIC SIGNAL,No,POSSIBLE INJURY,NOT DISTRACTED,OTHER,STOPPED IN TRAFFIC LANE,South,West,35,2017,CHEVY,0,0,0,0
Property Damage Crash,05-05-2022 13:45,Maryland (State),ROCKVILLE PIKE,N/A,SAME DIR REAR END,CLEAR,DRY,DARK LIGHTS ON,TRAFFIC SIGNAL,No,NO APPARENT INJURY,NOT DISTRACTED,PASSENGER CAR,SLOWING OR STOPPING,South,South,40,2014,JEEP,1.8,101,24.7,0
Injury Crash,05-05-2022 14:00,Maryland (State),FREDERICK RD,N/A,STRAIGHT MOVEMENT ANGLE,FOGGY,WET,DAYLIGHT,STOP SIGN,Yes,POSSIBLE INJURY,LOOKED BUT DID NOT SEE,PASSENGER CAR,MAKING LEFT TURN,South,East,30,2015,HONDA,2.4,121,32.9,0
Property Damage Crash,05-05-2022 14:00,County,ROTHBURY DR,N/A,SINGLE VEHICLE,CLEAR,DRY,DARK -- UNKNOWN LIGHTING,NO CONTROLS,Yes,NO APPARENT INJURY,NOT DISTRACTED,PASSENGER CAR,MOVING CONSTANT SPEED,South,South,30,2004,MNNI,6.5,62.1,38.4,0
Injury Crash,05-05-2022 14:30,Maryland (State),NORBECK RD,N/A,SAME DIR REAR END,CLEAR,DRY,DAYLIGHT,N/A,Yes,NO APPARENT INJURY,OTHER DISTRACTION,PASSENGER CAR,SLOWING OR STOPPING,West,West,40,2010,GMC,2.4,327,34.9,0
Injury Crash,05-05-2022 14:30,Municipality,RUSSELL AVE,GAITHERSBURG,STRAIGHT MOVEMENT ANGLE,CLEAR,DRY,DAYLIGHT,STOP SIGN,No,SUSPECTED MINOR INJURY,NOT DISTRACTED,PASSENGER CAR,MAKING LEFT TURN,North,East,25,2003,TOYOTA,5.3,43.2,30.3,0
Property Damage Crash,05-05-2022 14:35,,,,OTHER,N/A,,DARK NO LIGHTS,NO CONTROLS,Yes,NO APPARENT INJURY,NOT DISTRACTED,PASSENGER CAR,STARTING FROM PARKED,East,East,0,2001,BUICK,0,0,0,0
Property Damage Crash,05-05-2022 14:35,Maryland (State),RIVER RD,N/A,SAME DIRECTION SIDESWIPE,WINTRY MIX,WET,DAYLIGHT,N/A,Yes,NO APPARENT INJURY,UNKNOWN,UNKNOWN,ENTERING TRAFFIC LANE,East,North,45,0,UNKNOWN,4,359,30.9,0
Property Damage Crash,05-05-2022 15:11,Maryland (State),16TH ST,N/A,HEAD ON LEFT TURN,CLEAR,DRY,DARK LIGHTS ON,TRAFFIC SIGNAL,Yes,NO APPARENT INJURY,NOT DISTRACTED,VAN,MAKING LEFT TURN,North,West,35,2006,DODGE,4,201,49.7,0
Property Damage Crash,05-05-2022 15:11,Maryland (State),CONNECTICUT AVE,CHEVY CHASE #4,SAME DIR REAR END,CLEAR,DRY,DAYLIGHT,NO CONTROLS,No,NO APPARENT INJURY,NOT DISTRACTED,PASSENGER CAR,STOPPED IN TRAFFIC LANE,North,East,35,2018,JEEP,4.4,7,31.1,0
Property Damage Crash,05-05-2022 15:11,Maryland (State),GEORGIA AVE,N/A,SAME DIRECTION SIDESWIPE,CLEAR,DRY,DAYLIGHT,TRAFFIC SIGNAL,No,NO APPARENT INJURY,NOT DISTRACTED,PICKUP TRUCK,MOVING CONSTANT SPEED,North,North,35,2003,FORD,2,84,23.3,0
Property Damage Crash,05-05-2022 15:46,Maryland (State),FREDERICK RD,N/A,SAME DIRECTION SIDESWIPE,CLOUDY,DRY,DAYLIGHT,N/A,No,NO APPARENT INJURY,NOT DISTRACTED,TRANSIT BUS,MOVING CONSTANT SPEED,North,North,35,2017,GILLIG,0,0,0,0
Injury Crash,05-05-2022 15:46,Maryland (State),GREAT SENECA HWY,GAITHERSBURG,SAME DIR REAR END,CLEAR,DRY,DAYLIGHT,N/A,No,POSSIBLE INJURY,NOT DISTRACTED,PASSENGER CAR,STOPPED IN TRAFFIC LANE,South,South,50,2000,TOYOTA,0,0,0,0
Property Damage Crash,05-05-2022 15:53,Maryland (State),UNIVERSITY BLVD W,N/A,HEAD ON LEFT TURN,N/A,DRY,DARK LIGHTS ON,TRAFFIC SIGNAL,Yes,NO APPARENT INJURY,LOOKED BUT DID NOT SEE,PASSENGER CAR,MAKING LEFT TURN,North,East,35,2002,VOLV,0,0,0,0
Property Damage Crash,05-05-2022 15:53,Maryland (State),OLD COLUMBIA PIKE,N/A,SAME DIR REAR END,N/A,DRY,DAYLIGHT,TRAFFIC SIGNAL,No,NO APPARENT INJURY,NOT DISTRACTED,PASSENGER CAR,SLOWING OR STOPPING,South,South,35,2015,HYUNDAI,3.7,18,30.4,0
Property Damage Crash,05-05-2022 16:20,Maryland (State),FREDERICK RD,N/A,HEAD ON LEFT TURN,CLEAR,DRY,DAYLIGHT,TRAFFIC SIGNAL,Yes,NO APPARENT INJURY,NOT DISTRACTED,(SPORT) UTILITY VEHICLE,MAKING LEFT TURN,West,North,40,2010,JEEP,4.7,135,25.6,0
Injury Crash,05-05-2022 16:21,County,SHADY GROVE RD,N/A,HEAD ON LEFT TURN,CLOUDY,DRY,DAYLIGHT,TRAFFIC SIGNAL,Yes,POSSIBLE INJURY,LOOKED BUT DID NOT SEE,PASSENGER CAR,MAKING U TURN,East,West,30,2015,ACCU,0,0,0,0
Injury Crash,05-05-2022 17:45,County,MONTGOMERY VILLAGE AVE,N/A,HEAD ON LEFT TURN,CLEAR,DRY,DAYLIGHT,TRAFFIC SIGNAL,No,POSSIBLE INJURY,NOT DISTRACTED,PASSENGER CAR,MOVING CONSTANT SPEED,South,South,35,2004,ACUR,1.7,30.6,23.4,0
Property Damage Crash,05-05-2022 17:45,County,CEDAR LA,N/A,SAME DIRECTION LEFT TURN,CLEAR,DRY,DAYLIGHT,TRAFFIC SIGNAL,No,NO APPARENT INJURY,NOT DISTRACTED,PASSENGER CAR,MAKING LEFT TURN,South,West,30,2013,TOYOTA,1,100,25.6,0
Property Damage Crash,05-05-2022 17:45,County,OBSERVATION DR,N/A,HEAD ON LEFT TURN,CLOUDY,WET,DARK LIGHTS ON,TRAFFIC SIGNAL,Yes,NO APPARENT INJURY,UNKNOWN,PASSENGER CAR,UNKNOWN,North,North,40,2014,FORD,2.5,34,43,0
Property Damage Crash,05-05-2022 17:45,US (State),COLUMBIA PIKE,N/A,SAME DIR REAR END,CLEAR,DRY,DAWN,N/A,Yes,NO APPARENT INJURY,LOOKED BUT DID NOT SEE,(SPORT) UTILITY VEHICLE,MOVING CONSTANT SPEED,North,North,35,2014,CHEVROLET,0,0,0,0
Injury Crash,05-05-2022 19:21,Maryland (State),NEW HAMPSHIRE AVE,N/A,SAME DIR REAR END,RAINING,WET,DARK LIGHTS ON,TRAFFIC SIGNAL,No,NO APPARENT INJURY,NOT DISTRACTED,(SPORT) UTILITY VEHICLE,STOPPED IN TRAFFIC LANE,North,North,40,2008,GMC,6.8,310,22.8,0
Property Damage Crash,05-05-2022 19:21,County,E RANDOLPH RD,N/A,SAME DIR REAR END,CLEAR,DRY,DAYLIGHT,N/A,No,NO APPARENT INJURY,NOT DISTRACTED,PASSENGER CAR,SLOWING OR STOPPING,West,West,55,2017,SMRT,5.7,48.3,46.1,0
Property Damage Crash,05-05-2022 21:54,Maryland (State),SPENCERVILLE RD,N/A,SAME DIR REAR END,N/A,DRY,DAYLIGHT,NO CONTROLS,Yes,NO APPARENT INJURY,LOOKED BUT DID NOT SEE,PASSENGER CAR,MOVING CONSTANT SPEED,West,West,35,2016,TOYT,5.5,150,41.9,0
Property Damage Crash,06-05-2022 00:22,County,BOWIE MILL RD,N/A,STRAIGHT MOVEMENT ANGLE,CLEAR,DRY,DARK LIGHTS ON,STOP SIGN,No,NO APPARENT INJURY,NOT DISTRACTED,PASSENGER CAR,SLOWING OR STOPPING,South,South,30,2006,HOND,3.2,7,29.6,0
Injury Crash,06-05-2022 00:41,Maryland (State),FREDERICK RD,N/A,SAME DIR REAR END,CLEAR,DRY,DAYLIGHT,NO CONTROLS,Yes,NO APPARENT INJURY,INATTENTIVE OR LOST IN THOUGHT,VAN,ACCELERATING,North,North,30,2018,FORD,4.6,78,31.2,0
Property Damage Crash,06-05-2022 00:41,,,,OTHER,CLEAR,,DAYLIGHT,N/A,No,NO APPARENT INJURY,NOT DISTRACTED,PASSENGER CAR,PARKED,,,15,2017,HYUNDAI,2.9,32.8,23.1,0
Property Damage Crash,06-05-2022 02:30,County,BLUHILL RD,N/A,OPPOSITE DIRECTION SIDESWIPE,CLEAR,DRY,DARK LIGHTS ON,N/A,Yes,NO APPARENT INJURY,UNKNOWN,PASSENGER CAR,UNKNOWN,North,North,25,2015,CHEVY,0,0,0,0
Injury Crash,06-05-2022 02:30,Maryland (State),FREDERICK RD,N/A,SAME DIR REAR END,N/A,OTHER,DARK LIGHTS ON,TRAFFIC SIGNAL,No,NO APPARENT INJURY,NOT DISTRACTED,PICKUP TRUCK,STOPPED IN TRAFFIC LANE,North,North,30,2012,TOYT,6.3,225,22.2,0
Property Damage Crash,06-05-2022 10:20,County,STRINGTOWN RD,N/A,SINGLE VEHICLE,CLEAR,DRY,DARK LIGHTS ON,NO CONTROLS,Yes,NO APPARENT INJURY,UNKNOWN,PASSENGER CAR,ACCELERATING,South,South,30,2022,DODGE,10.2,177,30.9,0
Property Damage Crash,06-05-2022 11:00,,,,OTHER,CLEAR,,DAYLIGHT,N/A,Yes,NO APPARENT INJURY,NOT DISTRACTED,PASSENGER CAR,BACKING,North,North,0,2019,NISSAN,0,0,0,0
Property Damage Crash,06-05-2022 11:00,,,,OTHER,CLEAR,,DARK LIGHTS ON,NO CONTROLS,Yes,NO APPARENT INJURY,LOOKED BUT DID NOT SEE,PASSENGER CAR,BACKING,North,South,15,2010,HONDA,3,255,45.1,0
Property Damage Crash,06-05-2022 11:00,County,SHADY GROVE RD,N/A,SAME DIRECTION SIDESWIPE,RAINING,WET,DARK -- UNKNOWN LIGHTING,N/A,Yes,NO APPARENT INJURY,NOT DISTRACTED,PASSENGER CAR,MOVING CONSTANT SPEED,West,West,45,2009,CHEVY,8.9,172,21.9,0
Property Damage Crash,06-05-2022 11:19,Maryland (State),PLYERS MILL RD,N/A,SAME DIR REAR END,CLEAR,DRY,DAYLIGHT,TRAFFIC SIGNAL,No,NO APPARENT INJURY,NOT DISTRACTED,PASSENGER CAR,SLOWING OR STOPPING,West,West,25,2002,SUBARU,3.1,41.2,29.8,0
Property Damage Crash,06-05-2022 11:19,Maryland (State),GEORGIA AVE,N/A,SAME DIRECTION SIDESWIPE,CLEAR,DRY,DARK LIGHTS ON,TRAFFIC SIGNAL,Yes,NO APPARENT INJURY,NOT DISTRACTED,PASSENGER CAR,SLOWING OR STOPPING,South,South,45,2010,HONDA,12.1,199,1.6,0
Injury Crash,06-05-2022 11:30,County,BETHPAGE LA,N/A,OTHER,CLOUDY,DRY,DAYLIGHT,NO CONTROLS,Yes,POSSIBLE INJURY,BY OTHER OCCUPANTS,PASSENGER CAR,MOVING CONSTANT SPEED,North,North,25,2001,LEXUS,9.2,334,25.8,0
Injury Crash,06-05-2022 12:27,Maryland (State),HUNGERFORD DR,ROCKVILLE,STRAIGHT MOVEMENT ANGLE,RAINING,WET,DAYLIGHT,NO CONTROLS,No,POSSIBLE INJURY,NOT DISTRACTED,PASSENGER CAR,MOVING CONSTANT SPEED,South,South,40,2006,HOND,1.4,209,27.4,0
Injury Crash,06-05-2022 12:27,County,NICHOLSON LA,N/A,STRAIGHT MOVEMENT ANGLE,CLOUDY,DRY,DAYLIGHT,N/A,No,POSSIBLE INJURY,UNKNOWN,PASSENGER CAR,MOVING CONSTANT SPEED,East,East,30,2017,TOYOTA,0,0,0,0
Injury Crash,06-05-2022 12:27,Interstate (State),NO NAME,N/A,SAME DIR REAR END,CLEAR,DRY,DAYLIGHT,OTHER,No,SUSPECTED MINOR INJURY,NOT DISTRACTED,PASSENGER CAR,SKIDDING,West,West,35,2010,TOYOTA,2.9,59.4,46,0
Property Damage Crash,06-05-2022 12:27,,,,OPPOSITE DIRECTION SIDESWIPE,SNOW,,DAYLIGHT,NO CONTROLS,Unknown,NO APPARENT INJURY,NOT DISTRACTED,VAN,MOVING CONSTANT SPEED,Unknown,Unknown,5,2005,CHEVROLET,0,0,0,0
Property Damage Crash,06-05-2022 13:51,Municipality,WOOTTON PKWY,ROCKVILLE,SAME DIR REAR END,CLEAR,DRY,DAYLIGHT,TRAFFIC SIGNAL,No,NO APPARENT INJURY,NOT DISTRACTED,PASSENGER CAR,MOVING CONSTANT SPEED,East,East,40,2004,CHEV,11,299,22,0
Property Damage Crash,06-05-2022 14:39,Maryland (State),FREDERICK RD,N/A,SINGLE VEHICLE,CLEAR,DRY,DARK LIGHTS ON,NO CONTROLS,Yes,NO APPARENT INJURY,UNKNOWN,PASSENGER CAR,MOVING CONSTANT SPEED,South,South,40,2003,HONDA,1.6,203,18.9,0
Property Damage Crash,06-05-2022 15:24,County,BEL PRE RD,N/A,OPPOSITE DIR BOTH LEFT TURN,CLOUDY,N/A,DAYLIGHT,STOP SIGN,No,NO APPARENT INJURY,NOT DISTRACTED,PASSENGER CAR,MAKING LEFT TURN,North,North,25,2019,TOYOTA,4.8,47.2,44.7,0.01
Property Damage Crash,06-05-2022 15:44,County,GERMANTOWN RD,N/A,OTHER,CLEAR,DRY,DARK LIGHTS ON,NO CONTROLS,No,NO APPARENT INJURY,NOT DISTRACTED,PASSENGER CAR,MOVING CONSTANT SPEED,South,South,40,2012,TOYOTA,2.2,43.3,42.5,0
Property Damage Crash,06-05-2022 15:44,Maryland (State),HUNGERFORD DR,ROCKVILLE,OTHER,CLEAR,DRY,DAYLIGHT,TRAFFIC SIGNAL,No,NO APPARENT INJURY,NOT DISTRACTED,"OTHER LIGHT TRUCKS (10,000LBS (4,536KG) OR LESS)",MOVING CONSTANT SPEED,North,North,45,2005,CHEV,0,0,0,0
Injury Crash,06-05-2022 16:45,County,CLUB HOUSE RD,N/A,STRAIGHT MOVEMENT ANGLE,CLEAR,DRY,DAYLIGHT,TRAFFIC SIGNAL,No,NO APPARENT INJURY,NOT DISTRACTED,PICKUP TRUCK,MOVING CONSTANT SPEED,West,West,35,2015,RAM,2.9,37.5,20.6,0
Injury Crash,06-05-2022 16:45,Maryland (State),FREDERICK RD,N/A,HEAD ON,CLEAR,DRY,DAYLIGHT,NO CONTROLS,No,SUSPECTED MINOR INJURY,NOT DISTRACTED,PASSENGER CAR,MOVING CONSTANT SPEED,North,North,40,2017,MAZDA,1,35.2,21.8,0
Injury Crash,06-05-2022 18:50,Maryland (State),ROCKVILLE PIKE,N/A,SAME DIR REAR END,CLEAR,DRY,DARK NO LIGHTS,NO CONTROLS,Yes,NO APPARENT INJURY,OTHER ELECTRONIC DEVICE (NAVIGATIONAL PALM PILOT),VAN,MOVING CONSTANT SPEED,North,North,35,2012,CHEV,1.1,79,23.7,0
Property Damage Crash,06-05-2022 18:50,,,,OTHER,CLOUDY,,DAYLIGHT,NO CONTROLS,Yes,NO APPARENT INJURY,NOT DISTRACTED,PASSENGER CAR,PARKING,Unknown,Unknown,15,2016,LEXUS,0,0,0,0
Injury Crash,06-05-2022 19:33,County,SHADY GROVE RD,N/A,HEAD ON LEFT TURN,CLEAR,DRY,DARK LIGHTS ON,TRAFFIC SIGNAL,Yes,POSSIBLE INJURY,LOOKED BUT DID NOT SEE,(SPORT) UTILITY VEHICLE,MAKING LEFT TURN,East,South,40,2008,LEXUS,0,0,0,0
Property Damage Crash,06-05-2022 23:36,Maryland (State),OLD GEORGETOWN RD,N/A,STRAIGHT MOVEMENT ANGLE,RAINING,WET,DAYLIGHT,TRAFFIC SIGNAL,No,NO APPARENT INJURY,NOT DISTRACTED,PASSENGER CAR,MOVING CONSTANT SPEED,North,North,35,2004,HONDA,0,0,0,0
Property Damage Crash,07-05-2022 02:23,Maryland (State),PINEY BRANCH RD,N/A,SAME DIR REAR END,CLEAR,N/A,DARK LIGHTS ON,NO CONTROLS,No,NO APPARENT INJURY,NOT DISTRACTED,PASSENGER CAR,NEGOTIATING A CURVE,North,North,30,2017,TOYOTA,9,301,30.6,0
Property Damage Crash,07-05-2022 07:15,Maryland (State),METRO ACCESS RD,N/A,SAME DIRECTION SIDESWIPE,CLOUDY,DRY,DARK LIGHTS ON,NO CONTROLS,Yes,NO APPARENT INJURY,LOOKED BUT DID NOT SEE,TRANSIT BUS,CHANGING LANES,South,South,40,2017,GILLIG,0,0,0,0
Injury Crash,07-05-2022 07:15,Maryland (State),MIDCOUNTY HWY,N/A,STRAIGHT MOVEMENT ANGLE,CLEAR,DRY,DAYLIGHT,TRAFFIC SIGNAL,No,NO APPARENT INJURY,NOT DISTRACTED,FIRE VEHICLE/EMERGENCY,SLOWING OR STOPPING,South,South,40,2007,PIERCE,8.8,28.1,17.2,0
Property Damage Crash,07-05-2022 07:23,Municipality,BRIGHT MEADOW DR,GAITHERSBURG,SAME DIRECTION SIDESWIPE,RAINING,WET,DAYLIGHT,NO CONTROLS,Yes,NO APPARENT INJURY,NOT DISTRACTED,(SPORT) UTILITY VEHICLE,STOPPED IN TRAFFIC LANE,South,South,25,2017,MERZ,7.8,40.2,26.7,0
Injury Crash,07-05-2022 08:15,Maryland (State),GEORGIA AVE,N/A,STRAIGHT MOVEMENT ANGLE,CLOUDY,DRY,DAYLIGHT,NO CONTROLS,Yes,NO APPARENT INJURY,LOOKED BUT DID NOT SEE,PASSENGER CAR,MAKING LEFT TURN,West,West,45,2004,TOYOTA,4.8,313,27.8,0
Property Damage Crash,07-05-2022 08:15,Maryland (State),EAST WEST HWY,N/A,SAME DIRECTION SIDESWIPE,CLEAR,WET,DARK LIGHTS ON,N/A,No,NO APPARENT INJURY,UNKNOWN,,MOVING CONSTANT SPEED,East,East,35,0,UNKNOWN,,,,
Property Damage Crash,07-05-2022 09:02,Maryland (State),NEW HAMPSHIRE AVE,N/A,SAME DIR REAR END,RAINING,WET,DAYLIGHT,FLASHING TRAFFIC SIGNAL,No,NO APPARENT INJURY,NOT DISTRACTED,PASSENGER CAR,SLOWING OR STOPPING,South,South,40,2011,BMW,20.8,189,51.4,0
Property Damage Crash,07-05-2022 09:50,County,NORBECK RD,N/A,SAME DIRECTION SIDESWIPE,CLEAR,DRY,DAYLIGHT,NO CONTROLS,No,NO APPARENT INJURY,NOT DISTRACTED,PASSENGER CAR,CHANGING LANES,West,West,45,2019,JAGUAR,3.2,44.9,42.1,0
Property Damage Crash,07-05-2022 09:50,US (State),COLUMBIA PIKE,N/A,OTHER,CLEAR,DRY,DARK LIGHTS ON,TRAFFIC SIGNAL,Yes,NO APPARENT INJURY,NOT DISTRACTED,PASSENGER CAR,MAKING LEFT TURN,South,South,40,1998,TOYOTA,1.7,42.5,38.2,0
Property Damage Crash,07-05-2022 10:00,Maryland (State),UNIVERSITY BLVD E,N/A,SAME DIRECTION SIDESWIPE,CLEAR,DRY,DAYLIGHT,NO CONTROLS,Yes,NO APPARENT INJURY,UNKNOWN,PASSENGER CAR,MOVING CONSTANT SPEED,East,East,40,2000,HONDA,1.5,35.8,34.4,0
Injury Crash,07-05-2022 11:00,,OLD MACDONALD RD,N/A,OTHER,CLEAR,DRY,DARK LIGHTS ON,NO CONTROLS,Yes,SUSPECTED MINOR INJURY,UNKNOWN,PASSENGER CAR,MOVING CONSTANT SPEED,South,South,25,2001,TOYT,4.7,48,23.4,0
Injury Crash,07-05-2022 11:44,County,REDLAND RD,N/A,HEAD ON LEFT TURN,RAINING,WET,DARK LIGHTS ON,STOP SIGN,No,NO APPARENT INJURY,NOT DISTRACTED,PASSENGER CAR,MOVING CONSTANT SPEED,East,East,35,2004,HYUNDAI,4.4,60.3,47.1,0
Property Damage Crash,07-05-2022 11:51,,,,STRAIGHT MOVEMENT ANGLE,RAINING,,DARK LIGHTS ON,NO CONTROLS,No,NO APPARENT INJURY,NOT DISTRACTED,PASSENGER CAR,MOVING CONSTANT SPEED,South,South,10,2009,NISS,3.6,228,32.5,0
Injury Crash,07-05-2022 11:51,Maryland (State),CLOPPER RD,GAITHERSBURG,SAME DIR REAR END,RAINING,WET,DAYLIGHT,TRAFFIC SIGNAL,No,SUSPECTED MINOR INJURY,NOT DISTRACTED,PASSENGER CAR,SLOWING OR STOPPING,West,West,35,2006,HONDA,0,0,0,0
Property Damage Crash,07-05-2022 12:08,County,REEDIE DR,N/A,HEAD ON,CLEAR,DRY,DAYLIGHT,NO CONTROLS,Yes,NO APPARENT INJURY,UNKNOWN,,MOVING CONSTANT SPEED,West,West,25,0,UNKNOWN,0,0,0,0
Injury Crash,07-05-2022 12:08,,,,SAME DIR REAR END,CLEAR,,DAYLIGHT,NO CONTROLS,Yes,NO APPARENT INJURY,UNKNOWN,PASSENGER CAR,ACCELERATING,North,North,15,2014,HONDA,1.6,38,37,0
Injury Crash,07-05-2022 12:13,County,EMORY CHURCH RD,N/A,STRAIGHT MOVEMENT ANGLE,CLEAR,DRY,DAYLIGHT,TRAFFIC SIGNAL,No,NO APPARENT INJURY,NOT DISTRACTED,PASSENGER CAR,MAKING LEFT TURN,West,North,40,2019,HONDA,1,38.5,38.4,0
Property Damage Crash,07-05-2022 12:58,County,STALEYBRIDGE RD,N/A,OPPOSITE DIRECTION SIDESWIPE,CLEAR,DRY,DAYLIGHT,NO CONTROLS,No,NO APPARENT INJURY,NOT DISTRACTED,SCHOOL BUS,MOVING CONSTANT SPEED,West,West,25,2016,THOMAS,0,0,0,0
Property Damage Crash,07-05-2022 12:58,Maryland (State),ROCKVILLE PIKE,N/A,SAME DIR REAR END,OTHER,WET,DARK LIGHTS ON,TRAFFIC SIGNAL,No,NO APPARENT INJURY,NOT DISTRACTED,PASSENGER CAR,SLOWING OR STOPPING,North,North,35,2013,NISSAN,5.2,57.1,41.8,0
Injury Crash,07-05-2022 13:21,Maryland (State),RIVER RD,N/A,SAME DIR REAR END,CLEAR,DRY,DAYLIGHT,TRAFFIC SIGNAL,Yes,NO APPARENT INJURY,NOT DISTRACTED,"CARGO VAN/LIGHT TRUCK 2 AXLES (OVER 10,000LBS (4,536 KG))",SLOWING OR STOPPING,West,West,45,2013,CHEVY,2.4,336,29.9,0
Injury Crash,07-05-2022 13:29,Maryland (State),FLOWER AVE,TAKOMA PARK,HEAD ON LEFT TURN,CLOUDY,WET,DAYLIGHT,NO CONTROLS,Yes,NO APPARENT INJURY,LOOKED BUT DID NOT SEE,PASSENGER CAR,MAKING LEFT TURN,North,North,5,2003,TOYT,0,0,0,0
Property Damage Crash,07-05-2022 13:29,County,SHADY GROVE RD,N/A,SAME DIR REAR END,CLOUDY,DRY,DAYLIGHT,TRAFFIC SIGNAL,Yes,NO APPARENT INJURY,NOT DISTRACTED,PASSENGER CAR,SKIDDING,North,North,40,2002,OLDSMOBILE,5.1,252,35,0
Injury Crash,07-05-2022 13:30,Maryland (State),FREDERICK RD,N/A,SAME DIR REAR END,CLEAR,DRY,DAYLIGHT,NO CONTROLS,Yes,NO APPARENT INJURY,NOT DISTRACTED,PASSENGER CAR,MOVING CONSTANT SPEED,North,North,40,2000,DODGE,6.5,300,13.1,0
Property Damage Crash,07-05-2022 13:30,County,WEST OLD BALTIMORE RD,N/A,SINGLE VEHICLE,CLEAR,DRY,DARK LIGHTS ON,N/A,Yes,NO APPARENT INJURY,NOT DISTRACTED,PASSENGER CAR,MOVING CONSTANT SPEED,West,West,35,2012,JEEP,0,0,0,0
Injury Crash,07-05-2022 15:29,US (State),COLESVILLE RD,N/A,STRAIGHT MOVEMENT ANGLE,CLEAR,DRY,DAYLIGHT,TRAFFIC SIGNAL,Yes,NO APPARENT INJURY,NOT DISTRACTED,STATION WAGON,SLOWING OR STOPPING,North,North,35,2011,CRANE,4.6,356,17.6,0
Property Damage Crash,07-05-2022 15:29,Maryland (State),NEW HAMPSHIRE AVE,N/A,SAME DIR REAR END,CLEAR,DRY,DAYLIGHT,NO CONTROLS,Unknown,NO APPARENT INJURY,UNKNOWN,PASSENGER CAR,MOVING CONSTANT SPEED,South,South,40,2014,TOYOTA,6.6,232,43.2,0
Property Damage Crash,07-05-2022 15:53,Interstate (State),EISENHOWER MEMORIAL HWY,N/A,SAME DIR REAR END,CLEAR,DRY,DAYLIGHT,N/A,No,NO APPARENT INJURY,NOT DISTRACTED,PASSENGER CAR,STOPPED IN TRAFFIC LANE,North,North,55,2016,HONDA,2.4,252,43.9,0
Injury Crash,07-05-2022 15:53,Maryland (State),ROCKVILLE PIKE,ROCKVILLE,SAME DIR REAR END,CLEAR,DRY,DAYLIGHT,TRAFFIC SIGNAL,No,NO APPARENT INJURY,NOT DISTRACTED,(SPORT) UTILITY VEHICLE,MAKING LEFT TURN,West,West,40,2007,ACURA,8,145,42.4,0
Injury Crash,07-05-2022 16:30,County,SHADY GROVE RD,ROCKVILLE,HEAD ON LEFT TURN,CLEAR,DRY,DARK LIGHTS ON,TRAFFIC SIGNAL,No,POSSIBLE INJURY,NOT DISTRACTED,PASSENGER CAR,MOVING CONSTANT SPEED,North,North,40,2011,LEXUS,0,0,0,0
Injury Crash,07-05-2022 16:30,Maryland (State),INTERCOUNTY CONNECTOR,N/A,HEAD ON LEFT TURN,CLEAR,DRY,DAYLIGHT,TRAFFIC SIGNAL,No,NO APPARENT INJURY,NOT DISTRACTED,PASSENGER CAR,ACCELERATING,East,South,45,2013,HUMMER,2.6,122,33.6,0
Injury Crash,07-05-2022 17:00,Maryland (State),NEW HAMPSHIRE AVE,N/A,HEAD ON LEFT TURN,CLEAR,DRY,DAYLIGHT,TRAFFIC SIGNAL,Yes,NO APPARENT INJURY,NOT DISTRACTED,PASSENGER CAR,MAKING LEFT TURN,South,West,35,2010,HONDA,2.4,18,33,0