ACRS Report Type,Date and Time,Route Type,Road Name,Municipality,Collision Type,Weather,Surface Condition,Light,Traffic Control,Driver At Fault,Injury Severity,Driver Distracted By,Vehicle Body Type,Vehicle Movement,Vehicle Continuing Dir,Vehicle Going Dir,Speed Limit,Vehicle Year,Vehicle Make,Wind Speed (MPH),TMP10-DK ,Relative Humidity (%),Rain (Inches)
Injury Crash,07-05-2022 17:00,County,SHADY GROVE RD,ROCKVILLE,SAME DIR REAR END,CLEAR,DRY,DARK NO LIGHTS,TRAFFIC SIGNAL,No,NO APPARENT INJURY,NOT DISTRACTED,PASSENGER CAR,STOPPED IN TRAFFIC LANE,South,South,35,2015,HONDA,1.5,187,23.9,0
Injury Crash,07-05-2022 17:14,Maryland (State),HUNGERFORD DR,ROCKVILLE,STRAIGHT MOVEMENT ANGLE,CLOUDY,DRY,DAYLIGHT,TRAFFIC SIGNAL,No,POSSIBLE INJURY,NOT DISTRACTED,TRANSIT BUS,MOVING CONSTANT SPEED,East,East,25,2013,NEW FLYER,4.2,0,34,0.09
Injury Crash,07-05-2022 17:14,Maryland (State),OLNEY SANDY SPRING RD,N/A,STRAIGHT MOVEMENT ANGLE,CLOUDY,DRY,DAYLIGHT,NO CONTROLS,No,POSSIBLE INJURY,NOT DISTRACTED,(SPORT) UTILITY VEHICLE,MOVING CONSTANT SPEED,East,East,30,2015,SUBARU,2.9,45.8,37.8,0
Injury Crash,07-05-2022 17:46,Maryland (State),DARNESTOWN RD,N/A,STRAIGHT MOVEMENT ANGLE,CLOUDY,DRY,DAYLIGHT,STOP SIGN,Yes,POSSIBLE INJURY,LOOKED BUT DID NOT SEE,PASSENGER CAR,MAKING LEFT TURN,West,North,40,2019,TOYOTA,7.4,128,35.4,0.01
Injury Crash,07-05-2022 17:46,County,SEVEN LOCKS RD,N/A,SAME DIRECTION RIGHT TURN,CLEAR,DRY,DAWN,TRAFFIC SIGNAL,Yes,NO APPARENT INJURY,UNKNOWN,PASSENGER CAR,MAKING RIGHT TURN,West,West,35,2008,TOYT,1,344,29.4,0
Injury Crash,07-05-2022 18:34,Maryland (State),FREDERICK RD,GAITHERSBURG,ANGLE MEETS RIGHT TURN,CLEAR,DRY,DAYLIGHT,TRAFFIC SIGNAL,Yes,POSSIBLE INJURY,UNKNOWN,PASSENGER CAR,MOVING CONSTANT SPEED,South,South,40,2018,TOYT,14,179,40.6,0
Property Damage Crash,07-05-2022 19:00,Interstate (State),CAPITAL BELTWAY,N/A,SINGLE VEHICLE,RAINING,WET,DARK LIGHTS ON,NO CONTROLS,Yes,NO APPARENT INJURY,NOT DISTRACTED,PASSENGER CAR,MOVING CONSTANT SPEED,West,West,55,2008,HONDA,6.2,340,40.6,0
Fatal Crash,07-05-2022 19:00,Maryland (State),UNIVERSITY BLVD E,N/A,OTHER,CLEAR,WET,DARK LIGHTS ON,NO CONTROLS,Unknown,NO APPARENT INJURY,NOT DISTRACTED,"CARGO VAN/LIGHT TRUCK 2 AXLES (OVER 10,000LBS (4,536 KG))",MOVING CONSTANT SPEED,East,East,30,2016,FORD,2.9,25,29.1,0
Injury Crash,07-05-2022 19:45,Maryland (State),OLNEY SANDY SPRING RD,N/A,STRAIGHT MOVEMENT ANGLE,RAINING,WET,DAYLIGHT,TRAFFIC SIGNAL,No,SUSPECTED MINOR INJURY,NOT DISTRACTED,PASSENGER CAR,MOVING CONSTANT SPEED,East,East,30,2017,KIA,11.3,321,17.4,0
Property Damage Crash,07-05-2022 19:45,Municipality,RUSSELL AVE,GAITHERSBURG,HEAD ON LEFT TURN,CLEAR,DRY,DAYLIGHT,TRAFFIC SIGNAL,Yes,NO APPARENT INJURY,NOT DISTRACTED,PASSENGER CAR,MAKING LEFT TURN,North,East,15,2015,BUICK,0,0,0,0
Injury Crash,07-05-2022 23:55,County,E GUDE DR,N/A,SAME DIR REAR END,CLEAR,DRY,DAYLIGHT,TRAFFIC SIGNAL,Yes,NO APPARENT INJURY,OTHER DISTRACTION,PASSENGER CAR,MAKING RIGHT TURN,North,West,40,2011,GMC,0,0,0,0
Property Damage Crash,08-05-2022 03:36,,,,OTHER,CLEAR,,DAYLIGHT,N/A,Yes,NO APPARENT INJURY,UNKNOWN,(SPORT) UTILITY VEHICLE,BACKING,South,South,5,2015,LEXUS,9,42.9,30,0
Injury Crash,08-05-2022 03:59,US (State),COLESVILLE RD,N/A,STRAIGHT MOVEMENT ANGLE,CLEAR,DRY,DAYLIGHT,NO CONTROLS,Yes,POSSIBLE INJURY,LOOKED BUT DID NOT SEE,PASSENGER CAR,MAKING LEFT TURN,East,East,45,2016,KIA,8.2,185,30.2,0
Property Damage Crash,08-05-2022 03:59,Maryland (State),DAMASCUS RD,N/A,SINGLE VEHICLE,RAINING,WATER(STANDING/MOVING),DARK NO LIGHTS,NO CONTROLS,Yes,NO APPARENT INJURY,NOT DISTRACTED,(SPORT) UTILITY VEHICLE,MOVING CONSTANT SPEED,East,East,50,2015,NISSAN,3.9,41.1,39.3,0
Injury Crash,08-05-2022 06:45,Maryland (State),OLD GEORGETOWN RD,N/A,SAME DIRECTION LEFT TURN,RAINING,WET,DAYLIGHT,TRAFFIC SIGNAL,Yes,NO APPARENT INJURY,UNKNOWN,PASSENGER CAR,ACCELERATING,East,East,40,2013,AUDI,6.4,42.4,24.1,0
Injury Crash,08-05-2022 06:45,County,CRABBS BRANCH WAY,N/A,SAME DIR REAR END,N/A,DRY,DAYLIGHT,N/A,No,NO APPARENT INJURY,NOT DISTRACTED,PASSENGER CAR,SLOWING OR STOPPING,South,South,35,2007,KIA,7.1,307,43.4,0
Injury Crash,08-05-2022 08:00,US (State),COLESVILLE RD,N/A,SAME DIR REAR END,CLOUDY,DRY,DAYLIGHT,TRAFFIC SIGNAL,Yes,NO APPARENT INJURY,UNKNOWN,(SPORT) UTILITY VEHICLE,SLOWING OR STOPPING,South,South,35,2013,HONDA,0,0,0,0
Injury Crash,08-05-2022 08:00,,,,OTHER,CLEAR,,DAYLIGHT,TRAFFIC SIGNAL,No,NO APPARENT INJURY,NOT DISTRACTED,STATION WAGON,STOPPED IN TRAFFIC LANE,Unknown,West,10,2004,HOND,5.9,51.2,38.5,0
Property Damage Crash,08-05-2022 08:23,Maryland (State),GEORGIA AVE,N/A,SAME DIR REAR END,CLEAR,DRY,DARK LIGHTS ON,TRAFFIC SIGNAL,No,NO APPARENT INJURY,NOT DISTRACTED,PASSENGER CAR,SLOWING OR STOPPING,North,North,30,1998,NISS,11.4,336,-3.9,0
Injury Crash,08-05-2022 08:23,Municipality,RUSSELL AVE,GAITHERSBURG,HEAD ON LEFT TURN,CLEAR,DRY,DAYLIGHT,TRAFFIC SIGNAL,Yes,NO APPARENT INJURY,NOT DISTRACTED,PASSENGER CAR,MAKING LEFT TURN,East,South,30,2008,HYUNDAI,0,0,0,0
Injury Crash,08-05-2022 08:40,,,,SINGLE VEHICLE,CLEAR,,DAWN,N/A,Yes,POSSIBLE INJURY,INATTENTIVE OR LOST IN THOUGHT,STATION WAGON,MOVING CONSTANT SPEED,South,South,25,2020,SUBARU,1,40.3,36.6,0
Injury Crash,08-05-2022 08:40,Maryland (State),GEORGIA AVE,N/A,HEAD ON LEFT TURN,CLOUDY,DRY,DAYLIGHT,NO CONTROLS,No,NO APPARENT INJURY,NOT DISTRACTED,(SPORT) UTILITY VEHICLE,SLOWING OR STOPPING,North,North,35,2009,SUBARU,6.8,149,43.2,0
Injury Crash,08-05-2022 09:30,County,E RANDOLPH RD,N/A,HEAD ON LEFT TURN,CLEAR,DRY,DAYLIGHT,OTHER,Yes,NO APPARENT INJURY,LOOKED BUT DID NOT SEE,PASSENGER CAR,ACCELERATING,South,West,45,2016,HONDA,3.8,280,38.7,0
Property Damage Crash,08-05-2022 09:30,County,WESTLAKE DR,N/A,SAME DIRECTION SIDESWIPE,CLEAR,DRY,DAYLIGHT,N/A,Yes,NO APPARENT INJURY,LOOKED BUT DID NOT SEE,PASSENGER CAR,MAKING LEFT TURN,South,South,30,2002,BUICK,5.6,342,22.8,0
Property Damage Crash,08-05-2022 09:42,,,,OTHER,CLEAR,,DAYLIGHT,NO CONTROLS,Yes,NO APPARENT INJURY,UNKNOWN,,BACKING,East,East,0,0,UNKNOWN,17.1,182,52,0
Property Damage Crash,08-05-2022 11:00,Maryland (State),OLNEY SANDY SPRING RD,N/A,SAME DIR REAR END,CLEAR,DRY,DAYLIGHT,TRAFFIC SIGNAL,Yes,NO APPARENT INJURY,LOOKED BUT DID NOT SEE,PASSENGER CAR,MOVING CONSTANT SPEED,West,West,30,2004,CHEV,8.8,110,37.2,0.05
Property Damage Crash,08-05-2022 11:00,County,CLARKSBURG RD,N/A,SAME DIR REAR END,CLEAR,ICE,DARK NO LIGHTS,NO CONTROLS,Yes,NO APPARENT INJURY,NOT DISTRACTED,PASSENGER CAR,SLOWING OR STOPPING,South,South,35,2008,TOYT,0,0,0,0
Property Damage Crash,08-05-2022 11:30,,,,OTHER,CLEAR,,DAYLIGHT,NO CONTROLS,No,NO APPARENT INJURY,NOT DISTRACTED,PASSENGER CAR,PARKED,,,5,2020,CHEVY,0,0,0,0
Property Damage Crash,08-05-2022 11:30,County,TECH RD,N/A,SAME DIR REAR END,CLEAR,DRY,DUSK,NO CONTROLS,Yes,NO APPARENT INJURY,LOOKED BUT DID NOT SEE,PASSENGER CAR,MOVING CONSTANT SPEED,North,North,50,2009,TOY,0,0,0,0
Property Damage Crash,08-05-2022 11:50,County,AMHERST AVE,N/A,SAME DIR REAR END,CLEAR,DRY,DAYLIGHT,STOP SIGN,Yes,NO APPARENT INJURY,UNKNOWN,PASSENGER CAR,SLOWING OR STOPPING,East,North,25,2017,HONDA,1.8,88,32.4,0
Injury Crash,08-05-2022 11:50,County,BEL PRE RD,N/A,SAME DIR REAR END,CLEAR,DRY,DARK LIGHTS ON,NO CONTROLS,No,POSSIBLE INJURY,NOT DISTRACTED,PASSENGER CAR,SLOWING OR STOPPING,East,East,35,2016,CHEVY,7.2,44.6,15.2,0
Property Damage Crash,08-05-2022 11:50,Maryland (State),NEW HAMPSHIRE AVE,N/A,SAME DIR REAR END,RAINING,WET,DAYLIGHT,TRAFFIC SIGNAL,No,NO APPARENT INJURY,NOT DISTRACTED,PASSENGER CAR,STOPPED IN TRAFFIC LANE,South,South,40,2003,HONDA,4.5,161,22.2,0
Injury Crash,08-05-2022 11:50,County,OLD GEORGETOWN RD,N/A,SINGLE VEHICLE,CLEAR,DRY,DARK LIGHTS ON,STOP SIGN,Yes,POSSIBLE INJURY,LOOKED BUT DID NOT SEE,PASSENGER CAR,MAKING LEFT TURN,North,East,30,2021,CADILAC,0,0,0,0
Injury Crash,08-05-2022 12:16,Maryland (State),ROCKVILLE PIKE,N/A,SAME DIR REAR END,CLEAR,DRY,DAYLIGHT,TRAFFIC SIGNAL,No,SUSPECTED MINOR INJURY,NOT DISTRACTED,PASSENGER CAR,SLOWING OR STOPPING,South,South,40,2019,CADI,1.3,48,19.5,0
Injury Crash,08-05-2022 12:16,County,EDNOR RD,N/A,SINGLE VEHICLE,CLOUDY,SNOW,DAYLIGHT,N/A,Yes,SUSPECTED MINOR INJURY,NOT DISTRACTED,PASSENGER CAR,MOVING CONSTANT SPEED,East,East,35,2009,HONDA,9.2,192,41.1,0
Property Damage Crash,08-05-2022 12:19,Maryland (State),WISCONSIN AVE,FRIENDSHIP HEIGHTS,SAME DIRECTION SIDESWIPE,CLEAR,DRY,DAYLIGHT,TRAFFIC SIGNAL,Yes,NO APPARENT INJURY,NOT DISTRACTED,PICKUP TRUCK,MOVING CONSTANT SPEED,South,South,30,2015,RAM,3.3,77,51.6,0.22
Property Damage Crash,08-05-2022 12:19,Maryland (State),ROCKVILLE PIKE,N/A,SAME DIRECTION SIDESWIPE,CLEAR,DRY,DAYLIGHT,TRAFFIC SIGNAL,Yes,NO APPARENT INJURY,UNKNOWN,PASSENGER CAR,CHANGING LANES,North,North,25,2023,HYUNAI,5.3,307,12.6,0
Injury Crash,08-05-2022 13:45,County,RANDOLPH RD,N/A,STRAIGHT MOVEMENT ANGLE,CLEAR,DRY,DARK LIGHTS ON,FLASHING TRAFFIC SIGNAL,Yes,SUSPECTED SERIOUS INJURY,UNKNOWN,(SPORT) UTILITY VEHICLE,SLOWING OR STOPPING,North,North,35,2014,TOYOTA,1.1,40.2,39.6,0
Injury Crash,08-05-2022 14:00,Maryland (State),HUNGERFORD DR,ROCKVILLE,SAME DIR REAR END,RAINING,WET,DAYLIGHT,TRAFFIC SIGNAL,No,POSSIBLE INJURY,NOT DISTRACTED,PASSENGER CAR,SLOWING OR STOPPING,South,South,35,2006,TOYOTA,2.5,36.5,23.1,0
Injury Crash,08-05-2022 15:48,Maryland (State),GEORGIA AVE,N/A,SAME DIR REAR END,CLEAR,DRY,DAYLIGHT,NO CONTROLS,Yes,SUSPECTED MINOR INJURY,LOOKED BUT DID NOT SEE,PASSENGER CAR,SLOWING OR STOPPING,South,South,40,2002,TOYT,3.6,150,25,0
Property Damage Crash,08-05-2022 16:35,County,OMEGA DR,N/A,STRAIGHT MOVEMENT ANGLE,N/A,DRY,DARK LIGHTS ON,TRAFFIC SIGNAL,No,NO APPARENT INJURY,NOT DISTRACTED,PASSENGER CAR,MOVING CONSTANT SPEED,North,North,45,2008,BMW,2.8,32,17.1,0
Property Damage Crash,08-05-2022 16:35,Maryland (State),MONTGOMERY VILLAGE AVE,N/A,SAME DIR REAR END,CLOUDY,DRY,DAYLIGHT,NO CONTROLS,Yes,NO APPARENT INJURY,NOT DISTRACTED,PASSENGER CAR,SLOWING OR STOPPING,North,North,35,2000,BMW,4.6,48.3,45.6,0
Property Damage Crash,08-05-2022 17:19,,,,OTHER,RAINING,,DAYLIGHT,N/A,Yes,NO APPARENT INJURY,UNKNOWN,UNKNOWN,BACKING,Unknown,Unknown,10,2007,HONDA,12.8,191,42.2,0
Property Damage Crash,08-05-2022 17:19,Maryland (State),KEY WEST AVE,N/A,STRAIGHT MOVEMENT ANGLE,CLEAR,N/A,DARK LIGHTS ON,FLASHING TRAFFIC SIGNAL,No,NO APPARENT INJURY,NOT DISTRACTED,VAN,MOVING CONSTANT SPEED,South,South,45,2005,HONDA,5.6,35.8,33.4,0
Injury Crash,08-05-2022 18:14,Maryland (State),GEORGIA AVE,N/A,SINGLE VEHICLE,CLOUDY,DRY,DAYLIGHT,NO CONTROLS,Yes,SUSPECTED MINOR INJURY,UNKNOWN,PASSENGER CAR,MOVING CONSTANT SPEED,North,North,50,2015,KIA,7.4,44.6,25,0
Property Damage Crash,08-05-2022 18:14,Maryland (State),E JEFFERSON ST,ROCKVILLE,OTHER,OTHER,DRY,DAYLIGHT,TRAFFIC SIGNAL,Yes,NO APPARENT INJURY,UNKNOWN,PASSENGER CAR,MAKING LEFT TURN,South,South,30,2012,FREIGHT,3.3,35.8,24.5,0
Injury Crash,08-05-2022 19:10,County,MONTROSE RD,N/A,SAME DIR REAR END,RAINING,WET,DAYLIGHT,TRAFFIC SIGNAL,Yes,NO APPARENT INJURY,NOT DISTRACTED,PASSENGER CAR,SLOWING OR STOPPING,East,East,35,2021,VOLKSWAGON,9.6,184,20.4,0
Property Damage Crash,08-05-2022 19:10,US (State),COLESVILLE RD,N/A,SAME DIRECTION RIGHT TURN,CLEAR,DRY,DAYLIGHT,N/A,Yes,NO APPARENT INJURY,NOT DISTRACTED,PASSENGER CAR,MOVING CONSTANT SPEED,North,North,35,2012,VOLKSWAGON,0,0,0,0
Property Damage Crash,08-05-2022 19:25,Maryland (State),MONTGOMERY VILLAGE AVE,N/A,SAME DIR REAR END,CLEAR,DRY,DAYLIGHT,TRAFFIC SIGNAL,No,NO APPARENT INJURY,NOT DISTRACTED,PASSENGER CAR,STOPPED IN TRAFFIC LANE,East,East,35,2018,HONDA,0,0,0,0
Property Damage Crash,08-05-2022 19:25,Maryland (State),FREDERICK RD,ROCKVILLE,STRAIGHT MOVEMENT ANGLE,CLEAR,DRY,DAYLIGHT,TRAFFIC SIGNAL,Yes,NO APPARENT INJURY,LOOKED BUT DID NOT SEE,PASSENGER CAR,MOVING CONSTANT SPEED,South,South,40,2009,HOND,1.3,38.8,37.3,0
Injury Crash,08-05-2022 19:48,Maryland (State),FREDERICK RD,ROCKVILLE,STRAIGHT MOVEMENT ANGLE,CLEAR,DRY,DAYLIGHT,TRAFFIC SIGNAL,No,SUSPECTED MINOR INJURY,NOT DISTRACTED,PASSENGER CAR,STARTING FROM LANE,East,East,30,2016,AUDI,0,0,0,0
Injury Crash,08-05-2022 19:48,Maryland (State),SPENCERVILLE RD,N/A,STRAIGHT MOVEMENT ANGLE,CLEAR,DRY,N/A,NO CONTROLS,Yes,POSSIBLE INJURY,LOOKED BUT DID NOT SEE,PICKUP TRUCK,MAKING LEFT TURN,East,South,30,2022,CHEVORLET,0,0,0,0
Injury Crash,08-05-2022 19:49,US (State),COLESVILLE RD,N/A,STRAIGHT MOVEMENT ANGLE,CLEAR,DRY,DAYLIGHT,TRAFFIC SIGNAL,No,SUSPECTED MINOR INJURY,NOT DISTRACTED,PASSENGER CAR,MOVING CONSTANT SPEED,East,East,35,2011,FORD,2.6,39.3,39.3,0.01
Injury Crash,08-05-2022 20:00,Maryland (State),WOODFIELD RD,N/A,SAME DIR REAR END,FOGGY,DRY,DARK LIGHTS ON,NO CONTROLS,Yes,POSSIBLE INJURY,NOT DISTRACTED,PASSENGER CAR,MOVING CONSTANT SPEED,South,South,35,2012,VOLKSWAGEN,4.5,63.9,56.8,0
Property Damage Crash,08-05-2022 20:23,County,BATTLERIDGE WAY,N/A,SAME DIR REAR END,RAINING,WET,DARK -- UNKNOWN LIGHTING,NO CONTROLS,Yes,NO APPARENT INJURY,LOOKED BUT DID NOT SEE,PASSENGER CAR,PARKING,East,East,15,2007,HONDA,5.4,36.1,35.5,0
Property Damage Crash,08-05-2022 20:23,US (State),COLESVILLE RD,N/A,SAME DIRECTION RIGHT TURN,CLEAR,DRY,DAYLIGHT,TRAFFIC SIGNAL,No,NO APPARENT INJURY,NOT DISTRACTED,TRANSIT BUS,SLOWING OR STOPPING,North,North,35,2008,BUS,2.7,196,33.5,0
Injury Crash,08-05-2022 22:20,Other Public Roadway,UNIVERSITY BLVD E SERV RD,N/A,SAME DIRECTION SIDESWIPE,CLOUDY,DRY,DAYLIGHT,N/A,No,NO APPARENT INJURY,NOT DISTRACTED,PASSENGER CAR,MOVING CONSTANT SPEED,East,East,30,2005,PORS,0,0,0,0
Property Damage Crash,08-05-2022 22:20,County,AIRPARK RD,N/A,HEAD ON,CLOUDY,WET,DAYLIGHT,NO CONTROLS,No,NO APPARENT INJURY,NOT DISTRACTED,VAN,MOVING CONSTANT SPEED,South,South,50,2016,NISSAN,6.2,41.8,25.2,0
Property Damage Crash,08-05-2022 22:39,US (State),COLESVILLE RD,N/A,SAME DIRECTION RIGHT TURN,CLEAR,DRY,DAYLIGHT,N/A,No,NO APPARENT INJURY,NOT DISTRACTED,PASSENGER CAR,MOVING CONSTANT SPEED,South,South,40,2006,FORD,7.2,200,41.3,0
Injury Crash,09-05-2022 00:30,County,MONTROSE RD,N/A,HEAD ON LEFT TURN,CLEAR,DRY,DAYLIGHT,TRAFFIC SIGNAL,No,POSSIBLE INJURY,NOT DISTRACTED,PASSENGER CAR,MOVING CONSTANT SPEED,West,West,40,2019,HONDA,7,198,26,0
Property Damage Crash,09-05-2022 00:30,Maryland (State),NEW HAMPSHIRE AVE,N/A,SAME DIRECTION RIGHT TURN,CLEAR,DRY,DAYLIGHT,TRAFFIC SIGNAL,No,NO APPARENT INJURY,NOT DISTRACTED,PASSENGER CAR,MOVING CONSTANT SPEED,West,South,40,2005,ACUR,0,0,0,0
Property Damage Crash,09-05-2022 00:53,Maryland (State),UNIVERSITY BLVD E,N/A,SAME DIR REAR END,CLEAR,DRY,DAYLIGHT,NO CONTROLS,No,NO APPARENT INJURY,NOT DISTRACTED,PASSENGER CAR,SLOWING OR STOPPING,West,West,40,2007,TOYT,4.1,52.9,48.4,0
Injury Crash,09-05-2022 00:53,Municipality,CHESTNUT ST,GAITHERSBURG,SAME DIR REAR END,CLEAR,DRY,DAYLIGHT,RAILWAY CROSSING DEVICE,No,NO APPARENT INJURY,NOT DISTRACTED,PASSENGER CAR,STOPPED IN TRAFFIC LANE,North,North,25,2002,MAZD,0,0,0,0
Injury Crash,09-05-2022 00:55,,,,OTHER,CLOUDY,,DAYLIGHT,N/A,Yes,NO APPARENT INJURY,UNKNOWN,"MEDIUM/HEAVY TRUCKS 3 AXLES (OVER 10,000LBS (4,536KG))",BACKING,Unknown,Unknown,0,2015,HINO,0,0,0,0
Property Damage Crash,09-05-2022 02:45,Maryland (State),NEW HAMPSHIRE AVE,N/A,SAME DIR REAR END,SNOW,SNOW,DARK LIGHTS ON,TRAFFIC SIGNAL,No,NO APPARENT INJURY,NOT DISTRACTED,PASSENGER CAR,STOPPED IN TRAFFIC LANE,North,North,40,2013,HONDA,12,38.9,28.1,0
Property Damage Crash,09-05-2022 05:03,Maryland (State),WOODFIELD RD,N/A,STRAIGHT MOVEMENT ANGLE,CLEAR,DRY,DARK LIGHTS ON,N/A,Yes,NO APPARENT INJURY,UNKNOWN,PASSENGER CAR,MOVING CONSTANT SPEED,South,South,35,2015,TOYT,6.1,37.2,24,0
Property Damage Crash,09-05-2022 07:55,,,,OTHER,CLEAR,,DAYLIGHT,PERSON,Yes,NO APPARENT INJURY,LOOKED BUT DID NOT SEE,FIRE VEHICLE/EMERGENCY,BACKING,West,West,0,2000,EMON,0,0,0,0
Injury Crash,09-05-2022 07:55,Maryland (State),BROOKVILLE RD,N/A,SAME DIR REAR END,CLEAR,DRY,DAYLIGHT,STOP SIGN,Yes,NO APPARENT INJURY,UNKNOWN,PASSENGER CAR,MOVING CONSTANT SPEED,East,North,25,2019,TOYOTA,1.7,130,26.4,0
Property Damage Crash,09-05-2022 09:39,County,FRIENDSHIP BLVD,N/A,OTHER,CLEAR,DRY,DAYLIGHT,NO CONTROLS,Yes,NO APPARENT INJURY,LOOKED BUT DID NOT SEE,PASSENGER CAR,STARTING FROM PARKED,South,South,15,2006,DODGE,4.9,3,41.8,0
Property Damage Crash,09-05-2022 09:45,County,HAYDEN DR,N/A,SAME DIRECTION SIDESWIPE,CLEAR,DRY,DAYLIGHT,N/A,Yes,NO APPARENT INJURY,NOT DISTRACTED,SCHOOL BUS,MOVING CONSTANT SPEED,East,East,25,2014,THOM,6,172,41,0
Injury Crash,09-05-2022 09:45,County,MIDLAND RD,N/A,STRAIGHT MOVEMENT ANGLE,WINTRY MIX,WET,DAYLIGHT,TRAFFIC SIGNAL,No,POSSIBLE INJURY,NOT DISTRACTED,PASSENGER CAR,MAKING LEFT TURN,North,East,25,2006,HONDA,3,270,-1.9,0
Property Damage Crash,09-05-2022 12:15,County,RANDOLPH RD,N/A,OTHER,FOGGY,WET,DAYLIGHT,NO CONTROLS,Yes,NO APPARENT INJURY,NOT DISTRACTED,PASSENGER CAR,MOVING CONSTANT SPEED,West,West,35,1997,JAGUAR,0,0,0,0
Injury Crash,09-05-2022 12:39,Maryland (State),CLOPPER RD,GAITHERSBURG,HEAD ON LEFT TURN,CLEAR,DRY,DAYLIGHT,NO CONTROLS,No,POSSIBLE INJURY,NOT DISTRACTED,(SPORT) UTILITY VEHICLE,SLOWING OR STOPPING,East,East,35,2015,TOYOTA,4.7,177,39,0
Property Damage Crash,09-05-2022 12:39,County,SHADY GROVE RD,N/A,SAME DIR BOTH LEFT TURN,CLEAR,DRY,DAYLIGHT,TRAFFIC SIGNAL,Yes,NO APPARENT INJURY,NOT DISTRACTED,PASSENGER CAR,MAKING LEFT TURN,North,East,40,2009,ACUR,2.8,39.3,24.5,0
Property Damage Crash,09-05-2022 13:21,Municipality,EVELYN DR,N/A,SAME DIR REAR END,CLEAR,DRY,DAYLIGHT,N/A,Yes,NO APPARENT INJURY,UNKNOWN,PASSENGER CAR,SLOWING OR STOPPING,South,South,25,2015,JEEP,7.1,177,29.8,0
Property Damage Crash,09-05-2022 13:21,County,SHADY GROVE RD,N/A,SAME DIR REAR END,CLEAR,DRY,DAYLIGHT,TRAFFIC SIGNAL,No,NO APPARENT INJURY,NOT DISTRACTED,PASSENGER CAR,STOPPED IN TRAFFIC LANE,South,South,35,2021,ACURA,7,48.6,14.8,0
Injury Crash,09-05-2022 16:02,Maryland (State),MUNCASTER MILL RD,N/A,HEAD ON,CLEAR,WET,DARK LIGHTS ON,TRAFFIC SIGNAL,No,SUSPECTED MINOR INJURY,NOT DISTRACTED,PASSENGER CAR,MOVING CONSTANT SPEED,East,East,40,2012,NISSAN,10.4,37.2,31.2,0
Property Damage Crash,09-05-2022 16:30,Maryland (State),BRADLEY LA,N/A,HEAD ON LEFT TURN,CLEAR,DRY,DAYLIGHT,TRAFFIC SIGNAL,Yes,NO APPARENT INJURY,NOT DISTRACTED,PASSENGER CAR,MAKING LEFT TURN,North,East,25,2014,FORD,3.8,190,43.8,0
Property Damage Crash,09-05-2022 16:30,Municipality,MAPLE AVE,TAKOMA PARK,SAME DIRECTION LEFT TURN,CLEAR,DRY,DAYLIGHT,NO CONTROLS,No,NO APPARENT INJURY,NOT DISTRACTED,PASSENGER CAR,MOVING CONSTANT SPEED,East,East,25,2010,TOYT,1.6,120,23.5,0
Property Damage Crash,09-05-2022 18:00,,,,OPPOSITE DIRECTION SIDESWIPE,CLEAR,,DARK -- UNKNOWN LIGHTING,NO CONTROLS,No,NO APPARENT INJURY,UNKNOWN,PASSENGER CAR,BACKING,West,West,10,2011,HONDA,0,0,0,0
Property Damage Crash,09-05-2022 18:38,County,GOODHILL RD,N/A,OTHER,CLEAR,DRY,DAYLIGHT,NO CONTROLS,Yes,NO APPARENT INJURY,NOT DISTRACTED,SCHOOL BUS,STARTING FROM LANE,West,West,25,2016,THOMPSON,3.6,37.7,24.9,0
Property Damage Crash,09-05-2022 19:53,County,RANDOLPH RD,N/A,STRAIGHT MOVEMENT ANGLE,CLEAR,DRY,DARK LIGHTS ON,TRAFFIC SIGNAL,Yes,NO APPARENT INJURY,LOOKED BUT DID NOT SEE,PASSENGER CAR,MAKING LEFT TURN,North,East,40,2008,NISSAN,1.8,42.1,34.4,0
Property Damage Crash,09-05-2022 19:53,County,CALVERTON BLVD,N/A,SAME DIR REAR END,CLEAR,DRY,DAYLIGHT,NO CONTROLS,No,NO APPARENT INJURY,NOT DISTRACTED,PASSENGER CAR,STOPPED IN TRAFFIC LANE,South,South,35,2012,HONDA,3.1,127,53,0.01
Property Damage Crash,09-05-2022 19:54,,,,UNKNOWN,CLEAR,,DAYLIGHT,NO CONTROLS,Yes,NO APPARENT INJURY,LOOKED BUT DID NOT SEE,PASSENGER CAR,ACCELERATING,North,North,0,1999,DODG,2.4,316,26.1,0
Property Damage Crash,09-05-2022 19:54,Maryland (State),ROCKVILLE PIKE,N/A,ANGLE MEETS LEFT TURN,CLEAR,OTHER,DAYLIGHT,NO CONTROLS,No,NO APPARENT INJURY,NOT DISTRACTED,PICKUP TRUCK,N/A,North,North,45,2003,GMC,8.2,170,36.4,0
Injury Crash,09-05-2022 20:33,,,,OTHER,CLOUDY,,DAYLIGHT,N/A,Yes,NO APPARENT INJURY,UNKNOWN,PASSENGER CAR,STARTING FROM PARKED,North,North,5,2017,JEEP,5.6,307,19.4,0
Property Damage Crash,09-05-2022 22:00,Maryland (State),OLD GEORGETOWN RD,N/A,OTHER,CLEAR,DRY,DAYLIGHT,NO CONTROLS,Yes,NO APPARENT INJURY,LOOKED BUT DID NOT SEE,PASSENGER CAR,CHANGING LANES,North,North,40,2009,TOYT,2.4,133,34.3,0
Injury Crash,09-05-2022 22:00,Maryland (State),CONNECTICUT AVE,N/A,SAME DIR REAR END,CLOUDY,DRY,DAYLIGHT,TRAFFIC SIGNAL,No,SUSPECTED MINOR INJURY,NOT DISTRACTED,PASSENGER CAR,SLOWING OR STOPPING,South,South,35,2009,LINCOLN,6.6,42.8,23.6,0