ACRS Report Type,Date and Time,Route Type,Road Name,Municipality,Collision Type,Weather,Surface Condition,Light,Traffic Control,Driver At Fault,Injury Severity,Driver Distracted By,Vehicle Body Type,Vehicle Movement,Vehicle Continuing Dir,Vehicle Going Dir,Speed Limit,Vehicle Year,Vehicle Make,Wind Speed (MPH),TMP10-DK ,Relative Humidity (%),Rain (Inches)
Property Damage Crash,09-05-2022 22:00,County,SNOUFFERS SCHOOL RD,N/A,SINGLE VEHICLE,RAINING,WET,DARK LIGHTS ON,N/A,Yes,NO APPARENT INJURY,NOT DISTRACTED,POLICE VEHICLE/EMERGENCY,MOVING CONSTANT SPEED,West,West,45,2018,FORD,5.8,38.5,27,0
Injury Crash,09-05-2022 22:00,County,MUDDY BRANCH RD,N/A,SAME DIR REAR END,RAINING,WET,DAYLIGHT,NO CONTROLS,No,POSSIBLE INJURY,NOT DISTRACTED,(SPORT) UTILITY VEHICLE,OTHER,South,South,40,2011,HOND,0,0,0,0
Injury Crash,09-05-2022 22:23,Maryland (State),QUINCE ORCHARD RD,GAITHERSBURG,SAME DIR REAR END,CLOUDY,DRY,DAYLIGHT,NO CONTROLS,No,POSSIBLE INJURY,NOT DISTRACTED,PICKUP TRUCK,SLOWING OR STOPPING,South,South,40,2015,CHEV,4.9,47.5,35.2,0
Injury Crash,09-05-2022 22:23,Maryland (State),EAST WEST HWY,N/A,OTHER,RAINING,WET,DAYLIGHT,N/A,No,SUSPECTED MINOR INJURY,NOT DISTRACTED,PASSENGER CAR,MOVING CONSTANT SPEED,West,West,35,2016,VOLK,0,0,0,0
Property Damage Crash,09-05-2022 23:14,Maryland (State),COLESVILLE RD,N/A,OTHER,N/A,N/A,DAYLIGHT,N/A,Yes,NO APPARENT INJURY,LOOKED BUT DID NOT SEE,TRANSIT BUS,SLOWING OR STOPPING,West,West,10,2011,NEW FLYER,10.2,47.9,42.5,0
Injury Crash,09-05-2022 23:16,Municipality,TOWER OAKS BLVD,N/A,HEAD ON LEFT TURN,CLEAR,DRY,DAYLIGHT,TRAFFIC SIGNAL,No,NO APPARENT INJURY,NOT DISTRACTED,PASSENGER CAR,MOVING CONSTANT SPEED,South,South,35,2001,HONDA,5.3,209,53.7,0
Property Damage Crash,10-05-2022 00:04,County,SNOUFFERS SCHOOL RD,N/A,SAME DIR REAR END,RAINING,WET,DAYLIGHT,TRAFFIC SIGNAL,Yes,NO APPARENT INJURY,LOOKED BUT DID NOT SEE,PASSENGER CAR,SLOWING OR STOPPING,South,South,35,2004,HONDA,12.8,318,33.5,0
Injury Crash,10-05-2022 00:04,Maryland (State),16TH ST,N/A,SAME DIR REAR END,CLEAR,DRY,DAYLIGHT,TRAFFIC SIGNAL,Yes,POSSIBLE INJURY,NOT DISTRACTED,PASSENGER CAR,MOVING CONSTANT SPEED,North,North,35,2014,FORD,10.8,27.9,17.8,0
Property Damage Crash,10-05-2022 03:30,County,CRABBS BRANCH WAY,N/A,SINGLE VEHICLE,CLEAR,DRY,DAYLIGHT,NO CONTROLS,Yes,NO APPARENT INJURY,OTHER DISTRACTION,PASSENGER CAR,MOVING CONSTANT SPEED,South,South,35,2020,TOYT,0,0,0,0
Property Damage Crash,10-05-2022 05:19,,,,SAME DIRECTION SIDESWIPE,CLEAR,,DARK LIGHTS ON,NO CONTROLS,No,NO APPARENT INJURY,NOT DISTRACTED,PASSENGER CAR,PARKED,,,15,2013,TOYOTA,9.7,312,32.5,0
Property Damage Crash,10-05-2022 05:19,Maryland (State),NEW HAMPSHIRE AVE,N/A,SAME DIR REAR END,CLOUDY,DRY,DAYLIGHT,TRAFFIC SIGNAL,No,NO APPARENT INJURY,NOT DISTRACTED,PASSENGER CAR,STOPPED IN TRAFFIC LANE,South,South,35,2003,NISSAN,0,0,0,0
Injury Crash,10-05-2022 05:25,County,BRIGGS CHANEY RD,N/A,STRAIGHT MOVEMENT ANGLE,RAINING,WET,DARK LIGHTS ON,NO CONTROLS,No,POSSIBLE INJURY,NOT DISTRACTED,PASSENGER CAR,MOVING CONSTANT SPEED,West,West,35,2015,HONDA,0,0,0,0
Property Damage Crash,10-05-2022 05:25,Maryland (State),PINEY BRANCH RD,N/A,OTHER,CLEAR,DRY,DARK LIGHTS ON,TRAFFIC SIGNAL,Yes,NO APPARENT INJURY,NOT DISTRACTED,PASSENGER CAR,STARTING FROM PARKED,North,North,30,2003,HOND,14,30.1,17.2,0
Injury Crash,10-05-2022 06:31,Maryland (State),FREDERICK RD,N/A,SAME DIR REAR END,RAINING,WET,DARK LIGHTS ON,TRAFFIC SIGNAL,Yes,NO APPARENT INJURY,UNKNOWN,PICKUP TRUCK,SLOWING OR STOPPING,North,North,35,2013,NISS,0,0,0,0
Injury Crash,10-05-2022 06:47,Maryland (State),MONTGOMERY VILLAGE AVE,N/A,STRAIGHT MOVEMENT ANGLE,CLEAR,DRY,DARK LIGHTS ON,FLASHING TRAFFIC SIGNAL,Yes,POSSIBLE INJURY,NO DRIVER PRESENT,(SPORT) UTILITY VEHICLE,MOVING CONSTANT SPEED,East,East,35,2005,NISSAN,2.9,35.3,30.9,0
Injury Crash,10-05-2022 06:47,Maryland (State),OLD HUNDRED RD,N/A,SINGLE VEHICLE,RAINING,WET,DAYLIGHT,NO CONTROLS,No,SUSPECTED MINOR INJURY,NOT DISTRACTED,VAN,MOVING CONSTANT SPEED,South,South,30,2017,TOYOTA,3,40.6,16.4,0
Property Damage Crash,10-05-2022 07:00,Maryland (State),MONTGOMERY VILLAGE AVE,GAITHERSBURG,SAME DIR REAR END,CLEAR,DRY,DARK LIGHTS ON,TRAFFIC SIGNAL,Yes,NO APPARENT INJURY,NOT DISTRACTED,PASSENGER CAR,CHANGING LANES,North,North,35,2011,TOYOTA,5,356,35.5,0.04
Property Damage Crash,10-05-2022 07:18,Ramp,RAMP 4 FR IS 270 NB TO RIDGE RD EB,N/A,SAME DIR REAR END,CLEAR,DRY,DAYLIGHT,YIELD SIGN,No,NO APPARENT INJURY,NOT DISTRACTED,PICKUP TRUCK,SLOWING OR STOPPING,North,North,45,2018,CHEVROLET,2.5,39.9,25.4,0
Property Damage Crash,10-05-2022 07:44,US (State),COLESVILLE RD,N/A,STRAIGHT MOVEMENT ANGLE,CLEAR,DRY,DAYLIGHT,NO CONTROLS,Unknown,NO APPARENT INJURY,UNKNOWN,PASSENGER CAR,MOVING CONSTANT SPEED,South,West,40,2000,CHEVROLET,1.6,41,16.6,0
Injury Crash,10-05-2022 07:44,Maryland (State),ROCKVILLE PIKE,N/A,SAME DIR REAR END,CLEAR,DRY,DARK LIGHTS ON,TRAFFIC SIGNAL,No,NO APPARENT INJURY,UNKNOWN,PASSENGER CAR,STOPPED IN TRAFFIC LANE,North,North,35,2015,MAZD,2.9,39.6,25.9,0
Injury Crash,10-05-2022 07:52,Maryland (State),RIVER RD,N/A,SAME DIR REAR END,CLEAR,DRY,DAYLIGHT,TRAFFIC SIGNAL,Yes,SUSPECTED SERIOUS INJURY,NOT DISTRACTED,MOTORCYCLE,SLOWING OR STOPPING,West,West,45,2008,KAWASAKI,5.9,209,23.2,0
Property Damage Crash,10-05-2022 07:52,Municipality,N WASHINGTON ST,ROCKVILLE,SAME DIRECTION RIGHT TURN,CLEAR,DRY,DAYLIGHT,NO CONTROLS,Unknown,NO APPARENT INJURY,NOT DISTRACTED,OTHER,MOVING CONSTANT SPEED,North,North,25,2007,FORD,1.6,30,25.7,0
Property Damage Crash,10-05-2022 08:30,Municipality,YALE PL,ROCKVILLE,SAME DIR REAR END,CLEAR,DRY,DAYLIGHT,NO CONTROLS,No,NO APPARENT INJURY,NOT DISTRACTED,SCHOOL BUS,PARKED,,,25,2007,THOMAS,0,0,0,0
Property Damage Crash,10-05-2022 08:30,County,WAYNE AVE,N/A,SAME DIRECTION LEFT TURN,CLEAR,DRY,UNKNOWN,UNKNOWN,Unknown,NO APPARENT INJURY,UNKNOWN,PASSENGER CAR,CHANGING LANES,Unknown,Unknown,30,2005,TOYOTA,7.7,183,44.8,0
Injury Crash,10-05-2022 08:40,Maryland (State),EAST WEST HWY,N/A,HEAD ON LEFT TURN,CLEAR,DRY,DARK LIGHTS ON,TRAFFIC SIGNAL,No,NO APPARENT INJURY,NOT DISTRACTED,PASSENGER CAR,MOVING CONSTANT SPEED,South,South,35,2022,HONDA,10.1,27.7,18.7,0
Injury Crash,10-05-2022 08:40,County,TRAVILAH RD,N/A,HEAD ON LEFT TURN,RAINING,WET,DUSK,NO CONTROLS,Yes,SUSPECTED MINOR INJURY,NOT DISTRACTED,PASSENGER CAR,MAKING LEFT TURN,South,South,30,1999,TOYT,7.1,34.4,19.1,0
Injury Crash,10-05-2022 10:00,Maryland (State),VEIRS MILL RD,N/A,SAME DIR REAR END,CLOUDY,DRY,DAYLIGHT,NO CONTROLS,No,POSSIBLE INJURY,NOT DISTRACTED,PASSENGER CAR,STOPPED IN TRAFFIC LANE,West,West,40,2007,TOYT,0,0,0,0
Injury Crash,10-05-2022 10:00,Maryland (State),ROCKVILLE PIKE,N/A,STRAIGHT MOVEMENT ANGLE,SNOW,WET,DARK LIGHTS ON,TRAFFIC SIGNAL,Yes,POSSIBLE INJURY,NOT DISTRACTED,(SPORT) UTILITY VEHICLE,MAKING LEFT TURN,West,North,35,2016,TOYOTA,0,0,0,0
Injury Crash,10-05-2022 10:00,Maryland (State),E JEFFERSON ST,ROCKVILLE,SAME DIR REAR END,CLEAR,WET,DAYLIGHT,TRAFFIC SIGNAL,Yes,NO APPARENT INJURY,NOT DISTRACTED,PICKUP TRUCK,SLOWING OR STOPPING,East,East,30,2015,CHEVY,14.9,178,36.9,0
Property Damage Crash,10-05-2022 10:15,Maryland (State),CONNECTICUT AVE,N/A,SAME DIRECTION RIGHT TURN,CLEAR,DRY,DUSK,TRAFFIC SIGNAL,Yes,NO APPARENT INJURY,LOOKED BUT DID NOT SEE,PASSENGER CAR,MAKING RIGHT TURN,South,North,35,2002,NISS,0,0,0,0
Property Damage Crash,10-05-2022 10:15,,,,SINGLE VEHICLE,CLEAR,,DAWN,OTHER,Yes,NO APPARENT INJURY,LOOKED BUT DID NOT SEE,TRUCK TRACTOR,MAKING LEFT TURN,South,West,0,2017,INTERNATIONAL,5.6,60.8,40.6,0
Property Damage Crash,10-05-2022 10:15,Maryland (State),OLNEY SANDY SPRING RD,N/A,HEAD ON LEFT TURN,CLOUDY,DRY,DAYLIGHT,TRAFFIC SIGNAL,No,NO APPARENT INJURY,NOT DISTRACTED,PASSENGER CAR,MOVING CONSTANT SPEED,East,East,30,2002,TOYOTA,7.7,292,27,0
Property Damage Crash,10-05-2022 10:55,US (State),COLUMBIA PIKE,N/A,STRAIGHT MOVEMENT ANGLE,RAINING,WET,DAYLIGHT,OTHER,Yes,NO APPARENT INJURY,UNKNOWN,PASSENGER CAR,ACCELERATING,South,South,35,2013,AUFI,6.7,58.7,45.7,0
Property Damage Crash,10-05-2022 10:55,US (State),COLUMBIA PIKE,N/A,SAME DIR REAR END,N/A,N/A,DARK LIGHTS ON,TRAFFIC SIGNAL,No,NO APPARENT INJURY,NOT DISTRACTED,PASSENGER CAR,MOVING CONSTANT SPEED,South,South,50,2006,KIA,8.4,330,19.6,0
Injury Crash,10-05-2022 11:01,County,PARKLAWN DR,N/A,STRAIGHT MOVEMENT ANGLE,RAINING,WET,DARK -- UNKNOWN LIGHTING,NO CONTROLS,Yes,SUSPECTED MINOR INJURY,LOOKED BUT DID NOT SEE,PASSENGER CAR,MAKING LEFT TURN,South,West,35,2010,HONDA,0,0,0,0
Injury Crash,10-05-2022 11:01,Maryland (State),W MONTGOMERY AVE,N/A,SAME DIR REAR END,CLEAR,DRY,DAYLIGHT,NO CONTROLS,No,NO APPARENT INJURY,NOT DISTRACTED,PASSENGER CAR,STARTING FROM LANE,West,West,45,2009,MINI,0,0,0,0
Injury Crash,10-05-2022 11:15,,,,SINGLE VEHICLE,N/A,,DARK LIGHTS ON,N/A,Yes,SUSPECTED MINOR INJURY,UNKNOWN,PASSENGER CAR,ACCELERATING,South,South,15,2020,HONDA,0,0,0,0
Property Damage Crash,10-05-2022 11:15,County,WAYNE AVE,N/A,STRAIGHT MOVEMENT ANGLE,CLEAR,DRY,DARK LIGHTS ON,TRAFFIC SIGNAL,Yes,NO APPARENT INJURY,NOT DISTRACTED,PASSENGER CAR,MAKING LEFT TURN,East,East,25,2015,HYUNDIA,3.4,44,26.3,0
Injury Crash,10-05-2022 12:27,County,FATHER HURLEY BLVD,N/A,HEAD ON,RAINING,WET,DAYLIGHT,TRAFFIC SIGNAL,No,NO APPARENT INJURY,NOT DISTRACTED,PASSENGER CAR,STOPPED IN TRAFFIC LANE,South,South,45,2018,MERCEDES,0,0,0,0
Property Damage Crash,10-05-2022 12:27,Maryland (State),WISCONSIN AVE,N/A,ANGLE MEETS LEFT TURN,CLEAR,DRY,DUSK,TRAFFIC SIGNAL,Yes,NO APPARENT INJURY,NOT DISTRACTED,PASSENGER CAR,MOVING CONSTANT SPEED,South,South,25,2005,DODGE,0,0,0,0
Injury Crash,10-05-2022 13:03,Maryland (State),GEORGIA AVE,N/A,STRAIGHT MOVEMENT ANGLE,CLEAR,DRY,DAYLIGHT,TRAFFIC SIGNAL,No,NO APPARENT INJURY,NOT DISTRACTED,PASSENGER CAR,MOVING CONSTANT SPEED,North,North,35,2002,NISSA,0,0,0,0
Property Damage Crash,10-05-2022 13:03,Maryland (State),VEIRS MILL RD,ROCKVILLE,STRAIGHT MOVEMENT ANGLE,CLEAR,DRY,DAYLIGHT,NO CONTROLS,No,NO APPARENT INJURY,NOT DISTRACTED,PASSENGER CAR,MOVING CONSTANT SPEED,East,East,25,1998,TOYT,8.1,291,32.6,0
Injury Crash,10-05-2022 13:35,Maryland (State),WISCONSIN AVE,N/A,STRAIGHT MOVEMENT ANGLE,CLEAR,DRY,DAYLIGHT,TRAFFIC SIGNAL,No,POSSIBLE INJURY,NOT DISTRACTED,PASSENGER CAR,MOVING CONSTANT SPEED,West,West,35,2012,DODGE,1.3,264,46.4,0
Property Damage Crash,10-05-2022 13:35,County,SHADY GROVE RD,N/A,SAME DIRECTION RIGHT TURN,RAINING,WET,DAYLIGHT,NO CONTROLS,Yes,NO APPARENT INJURY,UNKNOWN,PASSENGER CAR,CHANGING LANES,South,South,45,2015,HONDA,2.9,359,49.6,0
Property Damage Crash,10-05-2022 13:44,US (State),COLUMBIA PIKE,N/A,SAME DIR REAR END,CLEAR,DRY,DARK LIGHTS ON,TRAFFIC SIGNAL,No,NO APPARENT INJURY,NOT DISTRACTED,PASSENGER CAR,SLOWING OR STOPPING,North,North,55,2016,CHEV,0,0,0,0
Property Damage Crash,10-05-2022 13:44,County,HARBOUR TOWN DR,N/A,SINGLE VEHICLE,CLEAR,DRY,DARK LIGHTS ON,NO CONTROLS,Yes,NO APPARENT INJURY,NOT DISTRACTED,PASSENGER CAR,MOVING CONSTANT SPEED,East,East,25,2019,HONDA,6,150,29.1,0
Injury Crash,10-05-2022 13:47,,,,STRAIGHT MOVEMENT ANGLE,CLEAR,,DAYLIGHT,N/A,Yes,NO APPARENT INJURY,NOT DISTRACTED,PASSENGER CAR,MOVING CONSTANT SPEED,Unknown,Unknown,15,2005,LNDR,0,0,0,0
Property Damage Crash,10-05-2022 13:47,County,SHADY GROVE RD,N/A,SAME DIR REAR END,CLEAR,DRY,DAYLIGHT,TRAFFIC SIGNAL,Yes,NO APPARENT INJURY,LOOKED BUT DID NOT SEE,PASSENGER CAR,STARTING FROM LANE,South,South,40,2003,VOLK,0,0,0,0
Injury Crash,10-05-2022 14:50,Maryland (State),OLD GEORGETOWN RD,N/A,SAME DIR REAR END,RAINING,WET,DAYLIGHT,TRAFFIC SIGNAL,No,NO APPARENT INJURY,NOT DISTRACTED,PASSENGER CAR,SLOWING OR STOPPING,North,North,35,2014,TOYOTA,3.1,32.2,27.7,0
Property Damage Crash,10-05-2022 14:50,County,BURNING TREE RD,N/A,STRAIGHT MOVEMENT ANGLE,RAINING,WET,DAYLIGHT,STOP SIGN,Yes,NO APPARENT INJURY,LOOKED BUT DID NOT SEE,PASSENGER CAR,MAKING LEFT TURN,West,North,35,2015,TOYT,3.4,35,13.5,0
Property Damage Crash,10-05-2022 14:53,County,MATENY RD,N/A,STRAIGHT MOVEMENT ANGLE,RAINING,WET,DAYLIGHT,STOP SIGN,No,NO APPARENT INJURY,NOT DISTRACTED,PASSENGER CAR,MOVING CONSTANT SPEED,East,East,30,2012,NISSAN,5.7,44.9,29.1,0
Property Damage Crash,10-05-2022 14:53,Maryland (State),NEW HAMPSHIRE AVE,N/A,SAME DIR REAR END,CLEAR,DRY,DAYLIGHT,NO CONTROLS,No,NO APPARENT INJURY,NOT DISTRACTED,PASSENGER CAR,MOVING CONSTANT SPEED,North,North,40,2007,TOYT,1.2,69,30.3,0
Injury Crash,10-05-2022 15:00,County,SNOUFFERS SCHOOL RD,N/A,SINGLE VEHICLE,RAINING,WET,DARK LIGHTS ON,NO CONTROLS,Yes,POSSIBLE INJURY,NOT DISTRACTED,"CARGO VAN/LIGHT TRUCK 2 AXLES (OVER 10,000LBS (4,536 KG))",MOVING CONSTANT SPEED,South,South,40,2007,FREIGHT,9.7,308,32.9,0
Property Damage Crash,10-05-2022 15:00,Maryland (State),WILSON LA,N/A,STRAIGHT MOVEMENT ANGLE,CLEAR,DRY,DAYLIGHT,STOP SIGN,Yes,NO APPARENT INJURY,UNKNOWN,PASSENGER CAR,ACCELERATING,South,South,30,2009,VOLKS,2.9,38.9,33.6,0.02
Property Damage Crash,10-05-2022 15:44,Maryland (State),GEORGIA AVE,N/A,STRAIGHT MOVEMENT ANGLE,CLEAR,DRY,DAYLIGHT,NO CONTROLS,No,NO APPARENT INJURY,NOT DISTRACTED,VAN,MOVING CONSTANT SPEED,North,North,35,2012,FORD,5.1,22,15.7,0
Fatal Crash,10-05-2022 15:45,County,RANDOLPH RD,N/A,HEAD ON LEFT TURN,CLEAR,DRY,DAYLIGHT,OTHER,No,SUSPECTED SERIOUS INJURY,UNKNOWN,PASSENGER CAR,MOVING CONSTANT SPEED,West,West,45,2017,HONDA,5.6,206,32.6,0
Injury Crash,10-05-2022 15:45,,,,ANGLE MEETS LEFT HEAD ON,CLEAR,,DARK NO LIGHTS,NO CONTROLS,No,SUSPECTED MINOR INJURY,NOT DISTRACTED,(SPORT) UTILITY VEHICLE,STARTING FROM PARKED,South,West,5,2004,FORD,2.9,41,36.2,0
Injury Crash,10-05-2022 17:26,Maryland (State),VEIRS MILL RD,N/A,SAME DIR REAR END,CLEAR,DRY,DAYLIGHT,N/A,No,NO APPARENT INJURY,NOT DISTRACTED,PASSENGER CAR,SLOWING OR STOPPING,North,North,40,2019,FORD,15.6,32.2,18.5,0
Injury Crash,10-05-2022 17:26,Maryland (State),CLOPPER RD,N/A,SINGLE VEHICLE,RAINING,WET,DARK LIGHTS ON,N/A,Yes,SUSPECTED MINOR INJURY,UNKNOWN,PICKUP TRUCK,MOVING CONSTANT SPEED,West,West,35,2005,FORD,3.2,300,11.9,0
Property Damage Crash,10-05-2022 17:45,Maryland (State),UNIVERSITY BLVD E,N/A,SAME DIR REAR END,RAINING,WET,DARK LIGHTS ON,N/A,Unknown,NO APPARENT INJURY,NOT DISTRACTED,FIRE VEHICLE/EMERGENCY,MOVING CONSTANT SPEED,East,East,35,2014,DODGE,1.6,46.6,41.2,0
Property Damage Crash,10-05-2022 17:45,Maryland (State),W MONTGOMERY AVE,ROCKVILLE,SAME DIRECTION RIGHT TURN,CLEAR,DRY,DAYLIGHT,NO CONTROLS,Yes,NO APPARENT INJURY,UNKNOWN,PASSENGER CAR,CHANGING LANES,West,West,30,1998,FORD,0,0,0,0
Property Damage Crash,10-05-2022 19:32,,,,SAME DIR REAR END,CLEAR,,DAYLIGHT,NO CONTROLS,Yes,NO APPARENT INJURY,UNKNOWN,(SPORT) UTILITY VEHICLE,MOVING CONSTANT SPEED,West,North,35,2012,JEEP,0,0,0,0
Property Damage Crash,11-05-2022 00:01,Maryland (State),GEORGIA AVE,N/A,SAME DIR REAR END,CLEAR,DRY,DARK NO LIGHTS,UNKNOWN,Yes,NO APPARENT INJURY,NOT DISTRACTED,PASSENGER CAR,MOVING CONSTANT SPEED,North,North,25,2016,HONDA,5.8,318,-3.6,0
Property Damage Crash,11-05-2022 00:01,County,GRANDVIEW AVE,N/A,OTHER,CLEAR,DRY,DARK LIGHTS ON,NO CONTROLS,No,NO APPARENT INJURY,NOT DISTRACTED,PASSENGER CAR,PARKED,,,25,2014,JEEP,6.2,44,34.9,0
Property Damage Crash,11-05-2022 01:30,Maryland (State),WISCONSIN AVE,N/A,STRAIGHT MOVEMENT ANGLE,CLOUDY,WET,DAYLIGHT,NO CONTROLS,Yes,NO APPARENT INJURY,LOOKED BUT DID NOT SEE,PASSENGER CAR,STARTING FROM LANE,North,East,35,2015,FORD,0,0,0,0
Injury Crash,11-05-2022 02:20,County,SEVEN LOCKS RD,N/A,HEAD ON LEFT TURN,CLEAR,DRY,DAYLIGHT,TRAFFIC SIGNAL,No,SUSPECTED MINOR INJURY,NOT DISTRACTED,PASSENGER CAR,MOVING CONSTANT SPEED,South,South,35,2014,SUBARU,8.4,182,19.3,0
Property Damage Crash,11-05-2022 02:20,Maryland (State),RIVER RD,N/A,OTHER,CLEAR,DRY,DAYLIGHT,TRAFFIC SIGNAL,No,NO APPARENT INJURY,NOT DISTRACTED,"CARGO VAN/LIGHT TRUCK 2 AXLES (OVER 10,000LBS (4,536 KG))",MOVING CONSTANT SPEED,East,East,35,2010,FORD,10.6,324,21,0
Property Damage Crash,11-05-2022 02:30,Maryland (State),WISCONSIN AVE,N/A,SAME DIR REAR END,CLOUDY,WET,DAYLIGHT,NO CONTROLS,No,NO APPARENT INJURY,NOT DISTRACTED,PASSENGER CAR,SLOWING OR STOPPING,North,North,35,2011,NISSAN,,,,
Property Damage Crash,11-05-2022 02:59,,,,OTHER,CLEAR,,DAYLIGHT,NO CONTROLS,Yes,NO APPARENT INJURY,UNKNOWN,"OTHER LIGHT TRUCKS (10,000LBS (4,536KG) OR LESS)",MOVING CONSTANT SPEED,South,South,0,2018,DODGE,1.7,89,42.7,0
Injury Crash,11-05-2022 03:09,Maryland (State),ROCKVILLE PIKE,N/A,SAME DIR REAR END,CLEAR,DRY,DARK LIGHTS ON,NO CONTROLS,No,NO APPARENT INJURY,NOT DISTRACTED,PASSENGER CAR,SLOWING OR STOPPING,North,North,45,2016,BMW,2.2,354,29.9,0
Injury Crash,11-05-2022 04:56,Maryland (State),GREAT SENECA HWY,N/A,SAME DIR REAR END,CLOUDY,DRY,DAYLIGHT,NO CONTROLS,Yes,NO APPARENT INJURY,NOT DISTRACTED,PASSENGER CAR,STARTING FROM LANE,South,South,45,2011,HYUNDAI,5.7,38.9,27.5,0
Property Damage Crash,11-05-2022 05:00,County,BEL PRE RD,N/A,OTHER,CLEAR,DRY,DAYLIGHT,NO CONTROLS,Yes,NO APPARENT INJURY,NOT DISTRACTED,PASSENGER CAR,MAKING LEFT TURN,North,East,35,2002,FORD,0,0,0,0
Injury Crash,11-05-2022 09:05,County,LOCKWOOD DR,N/A,STRAIGHT MOVEMENT ANGLE,CLEAR,DRY,DAYLIGHT,STOP SIGN,No,POSSIBLE INJURY,NOT DISTRACTED,(SPORT) UTILITY VEHICLE,MOVING CONSTANT SPEED,North,North,35,2015,HOND,7,333,16.6,0
Property Damage Crash,11-05-2022 09:52,Maryland (State),W JEFFERSON ST,ROCKVILLE,SAME DIR REAR END,CLEAR,DRY,DAYLIGHT,TRAFFIC SIGNAL,Yes,NO APPARENT INJURY,NOT DISTRACTED,POLICE VEHICLE/NON EMERGENCY,STARTING FROM LANE,East,East,30,2014,DODGE,9,282,35.5,0
Injury Crash,11-05-2022 10:00,Maryland (State),RIVER RD,N/A,HEAD ON LEFT TURN,CLEAR,DRY,DAYLIGHT,TRAFFIC SIGNAL,Yes,NO APPARENT INJURY,LOOKED BUT DID NOT SEE,PASSENGER CAR,MOVING CONSTANT SPEED,East,East,35,2002,CHEVROLET,4.5,249,36,0
Property Damage Crash,11-05-2022 10:06,US (State),COLESVILLE RD,N/A,SAME DIR REAR END,CLEAR,DRY,DAYLIGHT,NO CONTROLS,No,NO APPARENT INJURY,NOT DISTRACTED,TRANSIT BUS,STARTING FROM LANE,North,North,35,2020,NOVB,0,0,0,0
Property Damage Crash,11-05-2022 10:06,Maryland (State),NEW HAMPSHIRE AVE,N/A,SAME DIR REAR END,CLEAR,DRY,DAYLIGHT,N/A,Yes,NO APPARENT INJURY,UNKNOWN,PASSENGER CAR,UNKNOWN,North,North,40,2006,FORD,0,0,0,0
Injury Crash,11-05-2022 10:23,Maryland (State),GERMANTOWN RD,N/A,SAME DIR REAR END,CLEAR,DRY,DAYLIGHT,TRAFFIC SIGNAL,Yes,SUSPECTED MINOR INJURY,UNKNOWN,PASSENGER CAR,MOVING CONSTANT SPEED,South,South,40,2014,HONDA,6.8,340,23,0
Property Damage Crash,11-05-2022 10:23,County,BROADBIRCH DR,N/A,SAME DIR REAR END,CLOUDY,WET,DARK LIGHTS ON,TRAFFIC SIGNAL,No,NO APPARENT INJURY,NOT DISTRACTED,PASSENGER CAR,STOPPED IN TRAFFIC LANE,East,East,40,2010,FORD,10.8,148,37.2,0
Property Damage Crash,11-05-2022 11:00,County,GLEN MILL RD,N/A,SINGLE VEHICLE,CLEAR,DRY,DARK LIGHTS ON,STOP SIGN,Yes,NO APPARENT INJURY,NOT DISTRACTED,PASSENGER CAR,MOVING CONSTANT SPEED,North,North,35,2013,ACURA,0,0,0,0
Property Damage Crash,11-05-2022 11:00,Maryland (State),UNIVERSITY BLVD E,N/A,UNKNOWN,CLEAR,ICE,DARK LIGHTS ON,STOP SIGN,Unknown,NO APPARENT INJURY,UNKNOWN,PASSENGER CAR,UNKNOWN,West,Unknown,40,2013,TOYT,6.3,289,14.5,0
Property Damage Crash,11-05-2022 12:30,,,,OTHER,CLEAR,,N/A,STOP SIGN,No,NO APPARENT INJURY,NOT DISTRACTED,PASSENGER CAR,STOPPED IN TRAFFIC LANE,North,West,15,2016,TOYOTA,0,0,0,0
Injury Crash,11-05-2022 12:30,Maryland (State),GERMANTOWN RD,N/A,SINGLE VEHICLE,RAINING,WET,DAYLIGHT,NO CONTROLS,Yes,SUSPECTED SERIOUS INJURY,NOT DISTRACTED,PASSENGER CAR,PASSING,South,South,40,2015,HONDA,4.6,272,22.2,0
Property Damage Crash,11-05-2022 15:00,,,,OTHER,CLEAR,,DAYLIGHT,NO CONTROLS,Yes,NO APPARENT INJURY,LOOKED BUT DID NOT SEE,PASSENGER CAR,PARKING,Unknown,Unknown,5,2002,CHEVROLET,3,208,38.6,0
Injury Crash,11-05-2022 15:00,Maryland (State),OLNEY LAYTONSVILLE RD,N/A,STRAIGHT MOVEMENT ANGLE,CLEAR,DRY,DAYLIGHT,STOP SIGN,No,POSSIBLE INJURY,NOT DISTRACTED,(SPORT) UTILITY VEHICLE,MOVING CONSTANT SPEED,East,East,30,2013,TOYOTA,0,0,0,0
Property Damage Crash,11-05-2022 15:51,Maryland (State),GEORGIA AVE,N/A,SAME DIRECTION SIDESWIPE,CLEAR,DRY,DAYLIGHT,TRAFFIC SIGNAL,Yes,NO APPARENT INJURY,LOOKED BUT DID NOT SEE,PASSENGER CAR,CHANGING LANES,North,North,35,2011,TOYOTA,4.2,48,31.1,0