ACRS Report Type,Date and Time,Route Type,Road Name,Municipality,Collision Type,Weather,Surface Condition,Light,Traffic Control,Driver At Fault,Injury Severity,Driver Distracted By,Vehicle Body Type,Vehicle Movement,Vehicle Continuing Dir,Vehicle Going Dir,Speed Limit,Vehicle Year,Vehicle Make,Wind Speed (MPH),TMP10-DK ,Relative Humidity (%),Rain (Inches)
Injury Crash,11-05-2022 16:10,Maryland (State),FREDERICK RD,ROCKVILLE,SAME DIRECTION SIDESWIPE,CLOUDY,DRY,DAYLIGHT,TRAFFIC SIGNAL,Yes,NO APPARENT INJURY,NOT DISTRACTED,PASSENGER CAR,CHANGING LANES,South,South,40,2017,VOLKSWAGEN,10.1,148,52.6,0.01
Property Damage Crash,11-05-2022 16:22,US (State),COLESVILLE RD,N/A,STRAIGHT MOVEMENT ANGLE,CLEAR,DRY,DAYLIGHT,NO CONTROLS,Yes,NO APPARENT INJURY,LOOKED BUT DID NOT SEE,PASSENGER CAR,MOVING CONSTANT SPEED,East,East,40,2012,DODGE,1.5,24,20.3,0
Property Damage Crash,11-05-2022 16:22,Municipality,W EDMONSTON DR,N/A,STRAIGHT MOVEMENT ANGLE,CLEAR,DRY,DAYLIGHT,NO CONTROLS,No,NO APPARENT INJURY,NOT DISTRACTED,PICKUP TRUCK,MOVING CONSTANT SPEED,East,East,25,2017,FORD,0,0,0,0
Property Damage Crash,11-05-2022 19:17,Maryland (State),DAMASCUS RD,N/A,SAME DIR REAR END,RAINING,WET,DAYLIGHT,STOP SIGN,Unknown,NO APPARENT INJURY,UNKNOWN,PASSENGER CAR,ACCELERATING,East,North,30,2006,HOND,11.9,50.2,49.2,0.05
Property Damage Crash,11-05-2022 19:30,County,CENTERWAY RD,N/A,SAME DIR REAR END,CLOUDY,DRY,DAYLIGHT,TRAFFIC SIGNAL,No,NO APPARENT INJURY,NOT DISTRACTED,VAN,STOPPED IN TRAFFIC LANE,North,North,35,2012,DODG,1.5,355,21.3,0
Injury Crash,11-05-2022 19:30,Maryland (State),FALLS RD,N/A,STRAIGHT MOVEMENT ANGLE,CLEAR,DRY,DAYLIGHT,TRAFFIC SIGNAL,No,NO APPARENT INJURY,NOT DISTRACTED,PASSENGER CAR,MAKING LEFT TURN,West,North,35,2006,TOYOTA,0,0,0,0
Injury Crash,11-05-2022 19:35,Maryland (State),GEORGIA AVE,N/A,SAME DIRECTION RIGHT TURN,CLEAR,DRY,DARK LIGHTS ON,TRAFFIC SIGNAL,Yes,NO APPARENT INJURY,UNKNOWN,,MOVING CONSTANT SPEED,North,North,35,0,UNKNOWN,0,0,0,0
Property Damage Crash,11-05-2022 19:35,Interstate (State),CABIN JOHN PKWY,N/A,SAME DIRECTION SIDESWIPE,OTHER,ICE,DARK NO LIGHTS,NO CONTROLS,Yes,NO APPARENT INJURY,NOT DISTRACTED,PASSENGER CAR,NEGOTIATING A CURVE,East,South,35,2015,HONDA,2.5,39.2,29.6,0
Injury Crash,11-05-2022 21:15,County,REDLAND RD,N/A,STRAIGHT MOVEMENT ANGLE,CLOUDY,DRY,DAYLIGHT,NO CONTROLS,Yes,NO APPARENT INJURY,NOT DISTRACTED,PASSENGER CAR,MAKING LEFT TURN,North,East,30,2008,TOYT,1.7,48.5,38.9,0
Property Damage Crash,11-05-2022 21:15,,,,SAME DIR REAR END,N/A,,DAYLIGHT,STOP SIGN,Yes,NO APPARENT INJURY,NOT DISTRACTED,PASSENGER CAR,BACKING,Unknown,Unknown,15,2006,TOYT,13.5,316,-1.3,0
Property Damage Crash,11-05-2022 21:15,Maryland (State),GEORGIA AVE,N/A,SAME DIR REAR END,CLEAR,DRY,DAYLIGHT,TRAFFIC SIGNAL,Yes,NO APPARENT INJURY,INATTENTIVE OR LOST IN THOUGHT,"MEDIUM/HEAVY TRUCKS 3 AXLES (OVER 10,000LBS (4,536KG))",SLOWING OR STOPPING,South,South,45,2012,ISUZU,9.9,118,33.8,0
Property Damage Crash,11-05-2022 21:32,Maryland (State),OLD HUNDRED RD,N/A,SINGLE VEHICLE,CLEAR,DRY,DARK NO LIGHTS,NO CONTROLS,No,NO APPARENT INJURY,NOT DISTRACTED,PASSENGER CAR,SLOWING OR STOPPING,North,North,40,2014,HYUNDAI,4.6,35.9,23.8,0
Injury Crash,11-05-2022 21:32,US (State),COLUMBIA PIKE,N/A,HEAD ON LEFT TURN,N/A,DRY,DAYLIGHT,TRAFFIC SIGNAL,Yes,SUSPECTED MINOR INJURY,LOOKED BUT DID NOT SEE,PASSENGER CAR,MAKING LEFT TURN,East,South,50,2008,HONDA,0,0,0,0
Property Damage Crash,11-05-2022 22:02,Maryland (State),EAST WEST HWY,N/A,HEAD ON LEFT TURN,CLEAR,DRY,DAYLIGHT,TRAFFIC SIGNAL,Yes,NO APPARENT INJURY,NOT DISTRACTED,PASSENGER CAR,MAKING LEFT TURN,West,North,35,2019,FORD,1.5,96,28.5,0
Injury Crash,11-05-2022 22:02,County,SHADY GROVE RD,N/A,STRAIGHT MOVEMENT ANGLE,CLEAR,DRY,DAYLIGHT,TRAFFIC SIGNAL,No,POSSIBLE INJURY,NOT DISTRACTED,(SPORT) UTILITY VEHICLE,STARTING FROM LANE,North,North,45,2002,CADILAC,0,0,0,0
Injury Crash,11-05-2022 22:12,County,SHADY GROVE RD,N/A,SAME DIR REAR END,CLEAR,DRY,DAYLIGHT,TRAFFIC SIGNAL,Yes,NO APPARENT INJURY,UNKNOWN,PASSENGER CAR,MOVING CONSTANT SPEED,North,North,40,2013,HONDA,13.4,41.6,18.3,0
Property Damage Crash,11-05-2022 22:40,,,,OTHER,CLOUDY,,DAYLIGHT,NO CONTROLS,Yes,NO APPARENT INJURY,UNKNOWN,PASSENGER CAR,PARKING,East,East,10,2007,CADALLIC,1.7,58,28.3,0
Property Damage Crash,12-05-2022 00:58,,,,OTHER,CLEAR,,DAYLIGHT,NO CONTROLS,Yes,NO APPARENT INJURY,NOT DISTRACTED,POLICE VEHICLE/NON EMERGENCY,PARKING,Unknown,Unknown,0,2014,DODGE,7.1,347,38.2,0
Injury Crash,12-05-2022 01:35,County,GOSHEN RD,GAITHERSBURG,SAME DIR REAR END,RAINING,WET,DAYLIGHT,TRAFFIC SIGNAL,No,NO APPARENT INJURY,NOT DISTRACTED,PASSENGER CAR,SLOWING OR STOPPING,North,North,35,2017,TOYT,12.2,286,33.4,0
Property Damage Crash,12-05-2022 03:46,Maryland (State),FREDERICK RD,N/A,STRAIGHT MOVEMENT ANGLE,CLEAR,DRY,DAYLIGHT,TRAFFIC SIGNAL,No,NO APPARENT INJURY,NOT DISTRACTED,(SPORT) UTILITY VEHICLE,STOPPED IN TRAFFIC LANE,East,East,25,2000,FORD,4.3,59,41.8,0
Property Damage Crash,12-05-2022 03:46,Maryland (State),CONNECTICUT AVE,N/A,HEAD ON LEFT TURN,CLEAR,DRY,DAYLIGHT,TRAFFIC SIGNAL,No,NO APPARENT INJURY,NOT DISTRACTED,PASSENGER CAR,MOVING CONSTANT SPEED,North,North,35,2018,NISSAN,5.3,48.3,22.8,0
Property Damage Crash,12-05-2022 07:21,Maryland (State),GEORGIA AVE,N/A,SAME DIR REAR END,CLEAR,DRY,DAYLIGHT,TRAFFIC SIGNAL,No,NO APPARENT INJURY,NOT DISTRACTED,PASSENGER CAR,STOPPED IN TRAFFIC LANE,South,South,0,2011,SUBARU,9.8,37.8,27,0
Injury Crash,12-05-2022 07:21,County,ASPEN HILL RD,N/A,SAME DIR REAR END,RAINING,WET,DAYLIGHT,NO CONTROLS,No,NO APPARENT INJURY,NOT DISTRACTED,PASSENGER CAR,STOPPED IN TRAFFIC LANE,South,South,35,2019,TOYOTA,5.5,308,18,0
Injury Crash,12-05-2022 07:30,County,SLIGO AVE,N/A,STRAIGHT MOVEMENT ANGLE,RAINING,WET,DAYLIGHT,NO CONTROLS,No,POSSIBLE INJURY,NOT DISTRACTED,PASSENGER CAR,MOVING CONSTANT SPEED,East,East,15,2010,FORD,2.6,29.8,23.4,0
Property Damage Crash,12-05-2022 07:30,County,FALLS RD,N/A,SAME DIR REAR END,CLOUDY,WET,DAYLIGHT,NO CONTROLS,Yes,NO APPARENT INJURY,UNKNOWN,(SPORT) UTILITY VEHICLE,SLOWING OR STOPPING,South,South,35,2018,TOYOTA,0,0,0,0
Property Damage Crash,12-05-2022 07:45,Maryland (State),PINEY BRANCH RD,N/A,SAME DIR REAR END,CLEAR,DRY,DAYLIGHT,TRAFFIC SIGNAL,No,NO APPARENT INJURY,NOT DISTRACTED,PASSENGER CAR,SLOWING OR STOPPING,North,North,30,2007,TOYOTA,0,0,0,0
Property Damage Crash,12-05-2022 07:45,Maryland (State),PINEY BRANCH RD,N/A,SAME DIR REAR END,CLOUDY,N/A,DAYLIGHT,NO CONTROLS,No,NO APPARENT INJURY,NOT DISTRACTED,PASSENGER CAR,MAKING LEFT TURN,West,North,35,2018,TOYOTA,0,0,0,0
Property Damage Crash,12-05-2022 08:03,Interstate (State),EISENHOWER MEMORIAL HWY,N/A,SAME DIRECTION RIGHT TURN,CLEAR,DRY,DAYLIGHT,NO CONTROLS,Yes,NO APPARENT INJURY,UNKNOWN,,CHANGING LANES,South,South,55,0,UNKNOWN,10.3,191,22.8,0
Injury Crash,12-05-2022 08:03,County,MONTROSE RD,N/A,SINGLE VEHICLE,CLEAR,DRY,DAYLIGHT,NO CONTROLS,Yes,POSSIBLE INJURY,UNKNOWN,PASSENGER CAR,MOVING CONSTANT SPEED,North,North,35,2010,JAGUAR,0,0,0,0
Injury Crash,12-05-2022 08:13,Maryland (State),SANDY SPRING RD,N/A,SAME DIR REAR END,CLEAR,DRY,DARK LIGHTS ON,TRAFFIC SIGNAL,Yes,NO APPARENT INJURY,NOT DISTRACTED,PASSENGER CAR,ACCELERATING,West,West,35,2004,HONDA,7.3,332,30,0
Property Damage Crash,12-05-2022 08:13,Maryland (State),CLARKSBURG RD,N/A,SINGLE VEHICLE,CLEAR,DRY,DARK NO LIGHTS,N/A,Yes,NO APPARENT INJURY,OTHER DISTRACTION,PASSENGER CAR,MOVING CONSTANT SPEED,South,South,40,2021,TOYOTA,2.1,39.9,38,0
Property Damage Crash,12-05-2022 08:13,Maryland (State),FREDERICK RD,N/A,SAME DIR REAR END,CLEAR,DRY,DAYLIGHT,NO CONTROLS,Yes,NO APPARENT INJURY,LOOKED BUT DID NOT SEE,PASSENGER CAR,MOVING CONSTANT SPEED,North,North,40,2005,NISS,0,0,0,0
Injury Crash,12-05-2022 08:20,Ramp,RAMP 7 FR MD 121 WB TO IS 270 SB,N/A,SAME DIR REAR END,CLEAR,DRY,DAWN,N/A,No,POSSIBLE INJURY,NOT DISTRACTED,PASSENGER CAR,MOVING CONSTANT SPEED,South,East,35,2011,TOYOTA,8.3,323,29.4,0
Property Damage Crash,12-05-2022 08:20,Maryland (State),W MONTGOMERY AVE,ROCKVILLE,HEAD ON LEFT TURN,CLEAR,DRY,DARK LIGHTS ON,TRAFFIC SIGNAL,No,NO APPARENT INJURY,UNKNOWN,PASSENGER CAR,MOVING CONSTANT SPEED,Unknown,North,40,2015,TOYOTA,3.1,250,31.9,0
Injury Crash,12-05-2022 08:20,Maryland (State),NEW HAMPSHIRE AVE,N/A,OTHER,CLOUDY,WET,DAYLIGHT,NO CONTROLS,No,NO APPARENT INJURY,NOT DISTRACTED,PASSENGER CAR,MOVING CONSTANT SPEED,South,South,40,2013,JEEP,2.6,29.5,23.5,0
Property Damage Crash,12-05-2022 09:25,Maryland (State),WISCONSIN AVE,N/A,STRAIGHT MOVEMENT ANGLE,CLOUDY,DRY,DAYLIGHT,STOP SIGN,No,NO APPARENT INJURY,NOT DISTRACTED,PASSENGER CAR,MOVING CONSTANT SPEED,South,South,35,2015,AUDI,8,193,18.3,0
Property Damage Crash,12-05-2022 09:25,County,TUCKERMAN LA,N/A,OTHER,CLEAR,DRY,DAYLIGHT,NO CONTROLS,No,NO APPARENT INJURY,NOT DISTRACTED,PICKUP TRUCK,SLOWING OR STOPPING,West,West,40,2016,CHEVROLET,7.6,43.6,30.5,0
Property Damage Crash,12-05-2022 09:53,County,QUEBEC ST,N/A,OPPOSITE DIRECTION SIDESWIPE,CLEAR,DRY,DARK LIGHTS ON,NO CONTROLS,Yes,NO APPARENT INJURY,NOT DISTRACTED,PASSENGER CAR,SLOWING OR STOPPING,South,East,25,2000,HONDA,0,0,0,0
Injury Crash,12-05-2022 09:53,County,KENNEBEC AVE,N/A,OTHER,CLEAR,DRY,DAWN,STOP SIGN,Yes,NO APPARENT INJURY,UNKNOWN,PICKUP TRUCK,ACCELERATING,South,East,30,1993,GMC,3,299,19.1,0
Property Damage Crash,12-05-2022 10:35,Municipality,FORTUNE TERR,ROCKVILLE,ANGLE MEETS LEFT TURN,CLEAR,DRY,DAYLIGHT,STOP SIGN,No,NO APPARENT INJURY,NOT DISTRACTED,TRANSIT BUS,STOPPED IN TRAFFIC LANE,West,West,30,2013,GILL,2.8,100,30.7,0.01
Injury Crash,12-05-2022 11:31,Maryland (State),GEORGIA AVE,N/A,SAME DIR REAR END,CLEAR,DRY,DARK LIGHTS ON,TRAFFIC SIGNAL,No,NO APPARENT INJURY,NOT DISTRACTED,POLICE VEHICLE/EMERGENCY,STOPPED IN TRAFFIC LANE,South,South,35,2015,TOYT,5.2,41.2,17.5,0
Property Damage Crash,12-05-2022 11:31,Maryland (State),DICKERSON RD,N/A,HEAD ON,CLOUDY,DRY,DAYLIGHT,N/A,Yes,NO APPARENT INJURY,INATTENTIVE OR LOST IN THOUGHT,"OTHER LIGHT TRUCKS (10,000LBS (4,536KG) OR LESS)",MOVING CONSTANT SPEED,West,West,35,2014,TOYOTA,5.6,45.5,20,0
Injury Crash,12-05-2022 12:25,Maryland (State),QUINCE ORCHARD RD,GAITHERSBURG,SAME DIR REAR END,CLEAR,DRY,DAYLIGHT,TRAFFIC SIGNAL,Yes,NO APPARENT INJURY,UNKNOWN,PASSENGER CAR,MOVING CONSTANT SPEED,North,North,35,2007,DODGE,0,0,0,0
Property Damage Crash,12-05-2022 12:25,County,ARCOLA AVE,N/A,SAME DIRECTION SIDESWIPE,N/A,DRY,DAYLIGHT,NO CONTROLS,Yes,NO APPARENT INJURY,OTHER DISTRACTION,(SPORT) UTILITY VEHICLE,MOVING CONSTANT SPEED,East,East,30,2013,TOYOTA,9.4,177,54.8,0
Property Damage Crash,12-05-2022 12:54,Maryland (State),VEIRS MILL RD,N/A,SAME DIR REAR END,CLEAR,DRY,DAYLIGHT,YIELD SIGN,No,NO APPARENT INJURY,NOT DISTRACTED,PASSENGER CAR,SLOWING OR STOPPING,Unknown,Unknown,30,2011,TOYOTA,4.5,318,11.5,0
Injury Crash,12-05-2022 12:54,Maryland (State),VEIRS MILL RD,ROCKVILLE,SAME DIR REAR END,CLEAR,DRY,DAYLIGHT,TRAFFIC SIGNAL,No,NO APPARENT INJURY,NOT DISTRACTED,PASSENGER CAR,STOPPED IN TRAFFIC LANE,East,East,45,2014,CADILLAC,6.7,54.9,43,0
Injury Crash,12-05-2022 14:50,Maryland (State),OLD GEORGETOWN RD,N/A,SAME DIR REAR END,RAINING,WET,DAYLIGHT,N/A,No,NO APPARENT INJURY,NOT DISTRACTED,(SPORT) UTILITY VEHICLE,SLOWING OR STOPPING,South,South,35,2009,HONDA,3.8,55.5,55,0
Property Damage Crash,12-05-2022 14:50,Maryland (State),GEORGIA AVE,N/A,SAME DIR REAR END,CLEAR,DRY,DAYLIGHT,TRAFFIC SIGNAL,No,NO APPARENT INJURY,NOT DISTRACTED,PASSENGER CAR,SLOWING OR STOPPING,North,North,35,2015,TOYOTA,0,0,0,0
Injury Crash,12-05-2022 15:00,Maryland (State),COLESVILLE RD,N/A,SAME DIR REND RIGHT TURN,CLEAR,DRY,DARK LIGHTS ON,TRAFFIC SIGNAL,Yes,NO APPARENT INJURY,LOOKED BUT DID NOT SEE,PASSENGER CAR,SLOWING OR STOPPING,North,North,35,2009,VOLKSWAGON,6.6,46.9,23.4,0
Property Damage Crash,12-05-2022 15:00,,,,OPPOSITE DIRECTION SIDESWIPE,CLEAR,,DAYLIGHT,NO CONTROLS,Yes,NO APPARENT INJURY,NOT DISTRACTED,PASSENGER CAR,MOVING CONSTANT SPEED,South,South,15,2001,TOYT,9.3,328,29.2,0
Injury Crash,12-05-2022 15:04,County,RANDOLPH RD,N/A,STRAIGHT MOVEMENT ANGLE,CLOUDY,DRY,DAYLIGHT,TRAFFIC SIGNAL,Yes,NO APPARENT INJURY,UNKNOWN,PASSENGER CAR,MAKING LEFT TURN,North,North,45,2017,TOYT,0,0,0,0
Property Damage Crash,12-05-2022 15:04,County,RANDOLPH RD,N/A,SAME DIR REAR END,CLEAR,DRY,DAYLIGHT,NO CONTROLS,No,NO APPARENT INJURY,NOT DISTRACTED,PASSENGER CAR,STOPPED IN TRAFFIC LANE,East,East,35,2007,HOND,0,0,0,0
Property Damage Crash,12-05-2022 15:04,Municipality,FIRSTFIELD RD,N/A,SAME DIR REAR END,CLEAR,DRY,DARK LIGHTS ON,TRAFFIC SIGNAL,No,NO APPARENT INJURY,NOT DISTRACTED,PASSENGER CAR,STOPPED IN TRAFFIC LANE,North,North,35,2016,TOYOTA,5.8,34.9,17,0
Property Damage Crash,12-05-2022 15:05,County,PEPPER RIDGE WAY,N/A,SAME DIR REAR END,CLEAR,DRY,DAYLIGHT,NO CONTROLS,Yes,NO APPARENT INJURY,NOT DISTRACTED,PASSENGER CAR,MOVING CONSTANT SPEED,East,East,35,2003,HONDA,3.3,351,34,0
Injury Crash,12-05-2022 15:05,Maryland (State),NEW HAMPSHIRE AVE,N/A,SAME DIR REAR END,CLEAR,DRY,DARK LIGHTS ON,TRAFFIC SIGNAL,Yes,POSSIBLE INJURY,UNKNOWN,PASSENGER CAR,SLOWING OR STOPPING,North,North,45,2001,TOYT,0,0,0,0
Property Damage Crash,12-05-2022 15:24,Maryland (State),GEORGIA AVE,N/A,STRAIGHT MOVEMENT ANGLE,CLEAR,DRY,DAYLIGHT,NO CONTROLS,No,NO APPARENT INJURY,NOT DISTRACTED,(SPORT) UTILITY VEHICLE,STOPPED IN TRAFFIC LANE,North,East,0,2014,KIA,8.4,36,32.6,0
Property Damage Crash,12-05-2022 16:31,Maryland (State),VEIRS MILL RD,N/A,SAME DIR REAR END,CLEAR,DRY,DARK NO LIGHTS,TRAFFIC SIGNAL,Yes,NO APPARENT INJURY,NOT DISTRACTED,PASSENGER CAR,MOVING CONSTANT SPEED,West,West,35,2009,SUBARU,1.4,346,45,0
Injury Crash,12-05-2022 16:31,US (State),COLESVILLE RD,N/A,STRAIGHT MOVEMENT ANGLE,CLEAR,DRY,DARK LIGHTS ON,TRAFFIC SIGNAL,Yes,POSSIBLE INJURY,NOT DISTRACTED,PASSENGER CAR,MAKING LEFT TURN,East,North,35,2012,VOLKSWAGEN,4.5,210,44.8,0
Injury Crash,12-05-2022 17:07,Maryland (State),GEORGIA AVE,N/A,STRAIGHT MOVEMENT ANGLE,CLEAR,DRY,DAYLIGHT,TRAFFIC SIGNAL,Yes,NO APPARENT INJURY,INATTENTIVE OR LOST IN THOUGHT,PASSENGER CAR,ACCELERATING,West,West,30,2014,CHEVROLET,13.5,185,54.2,0
Injury Crash,12-05-2022 17:07,Municipality,ROLLINS AVE,N/A,SAME DIRECTION LEFT TURN,RAINING,WET,DAYLIGHT,N/A,Yes,NO APPARENT INJURY,LOOKED BUT DID NOT SEE,PASSENGER CAR,STARTING FROM PARKED,West,West,25,2004,HOND,6.2,334,26.6,0
Property Damage Crash,12-05-2022 18:43,Maryland (State),UNIVERSITY BLVD E,N/A,SAME DIR REAR END,CLEAR,DRY,DARK LIGHTS ON,TRAFFIC SIGNAL,No,NO APPARENT INJURY,NOT DISTRACTED,PASSENGER CAR,STOPPED IN TRAFFIC LANE,East,East,40,2010,ACURA,0.8,35,30.9,0
Property Damage Crash,12-05-2022 18:43,County,NOTLEY RD,N/A,SAME DIR REAR END,RAINING,WET,DAYLIGHT,TRAFFIC SIGNAL,Yes,NO APPARENT INJURY,UNKNOWN,PASSENGER CAR,SLOWING OR STOPPING,North,North,30,2011,HONDA,0,0,0,0
Property Damage Crash,12-05-2022 18:53,Maryland (State),DARNESTOWN RD,N/A,SAME DIRECTION RIGHT TURN,CLEAR,DRY,DAYLIGHT,N/A,No,NO APPARENT INJURY,NOT DISTRACTED,VAN,MOVING CONSTANT SPEED,East,East,40,1998,FORD,9,41.2,28.8,0
Property Damage Crash,12-05-2022 19:41,,,,SINGLE VEHICLE,N/A,,DAYLIGHT,N/A,Yes,NO APPARENT INJURY,UNKNOWN,AMBULANCE/NON EMERGENCY,BACKING,North,North,15,2016,FRHT,0,0,0,0
Property Damage Crash,12-05-2022 19:41,County,TUCKERMAN LA,N/A,OPPOSITE DIRECTION SIDESWIPE,SNOW,SNOW,DARK LIGHTS ON,TRAFFIC SIGNAL,No,NO APPARENT INJURY,NOT DISTRACTED,OTHER,STOPPED IN TRAFFIC LANE,Unknown,Unknown,30,2010,FORD,0,0,0,0
Property Damage Crash,12-05-2022 19:47,,,,OTHER,CLEAR,,DAYLIGHT,N/A,No,NO APPARENT INJURY,NOT DISTRACTED,PASSENGER CAR,STOPPED IN TRAFFIC LANE,East,East,0,2021,HONDA,0,0,0,0
Property Damage Crash,12-05-2022 19:47,Maryland (State),MONTGOMERY AVE,N/A,SAME DIRECTION RIGHT TURN,CLEAR,DRY,DAYLIGHT,NO CONTROLS,No,NO APPARENT INJURY,NOT DISTRACTED,PASSENGER CAR,MOVING CONSTANT SPEED,East,East,30,2007,TOYT,0,0,0,0
Property Damage Crash,12-05-2022 19:57,County,LINDENWOOD DR,N/A,SAME DIRECTION LEFT TURN,CLEAR,DRY,DAYLIGHT,NO CONTROLS,Yes,NO APPARENT INJURY,LOOKED BUT DID NOT SEE,PASSENGER CAR,MAKING LEFT TURN,East,South,25,2018,ACUR,1.8,50.7,46.1,0
Property Damage Crash,12-05-2022 19:57,US (State),COLUMBIA PIKE,N/A,STRAIGHT MOVEMENT ANGLE,CLEAR,DRY,DAYLIGHT,TRAFFIC SIGNAL,Unknown,NO APPARENT INJURY,UNKNOWN,(SPORT) UTILITY VEHICLE,MOVING CONSTANT SPEED,North,North,45,2003,FORD,3.5,310,26.7,0
Property Damage Crash,12-05-2022 21:00,Maryland (State),E JEFFERSON ST,ROCKVILLE,STRAIGHT MOVEMENT ANGLE,RAINING,WET,DARK LIGHTS ON,TRAFFIC SIGNAL,No,NO APPARENT INJURY,NOT DISTRACTED,PASSENGER CAR,ACCELERATING,South,South,30,2015,TOYOTA,5.9,334,22.5,0
Injury Crash,12-05-2022 21:00,County,QUEEN ELIZABETH DR,N/A,STRAIGHT MOVEMENT ANGLE,CLEAR,DRY,DAYLIGHT,STOP SIGN,Yes,SUSPECTED MINOR INJURY,LOOKED BUT DID NOT SEE,PASSENGER CAR,MOVING CONSTANT SPEED,East,East,30,2011,TOTOTA,3.3,122,31.1,0
Property Damage Crash,01-06-2022 11:00,,,,STRAIGHT MOVEMENT ANGLE,N/A,,N/A,N/A,No,NO APPARENT INJURY,NOT DISTRACTED,PASSENGER CAR,MOVING CONSTANT SPEED,North,East,5,2015,MINI COOPER,3,160,44.8,0
Property Damage Crash,01-06-2022 11:00,Maryland (State),VEIRS MILL RD,N/A,SAME DIR REAR END,CLEAR,DRY,DAYLIGHT,NO CONTROLS,No,NO APPARENT INJURY,NOT DISTRACTED,PASSENGER CAR,STOPPED IN TRAFFIC LANE,East,East,35,2017,HONDA,2.8,66,35,0.04
Property Damage Crash,01-06-2022 11:16,County,SEVEN LOCKS RD,N/A,HEAD ON LEFT TURN,CLEAR,DRY,DAYLIGHT,TRAFFIC SIGNAL,Yes,NO APPARENT INJURY,LOOKED BUT DID NOT SEE,PASSENGER CAR,MAKING LEFT TURN,West,North,35,2018,HYUN,0,0,0,0
Property Damage Crash,01-06-2022 11:16,County,FENTON ST,N/A,STRAIGHT MOVEMENT ANGLE,CLEAR,DRY,DARK LIGHTS ON,FLASHING TRAFFIC SIGNAL,Yes,NO APPARENT INJURY,OTHER ELECTRONIC DEVICE (NAVIGATIONAL PALM PILOT),PASSENGER CAR,MOVING CONSTANT SPEED,West,West,30,2016,TOYOTA,0,0,0,0
Property Damage Crash,01-06-2022 12:15,County,FENTON ST,N/A,STRAIGHT MOVEMENT ANGLE,RAINING,WET,DARK LIGHTS ON,FLASHING TRAFFIC SIGNAL,Unknown,NO APPARENT INJURY,UNKNOWN,PASSENGER CAR,UNKNOWN,South,Unknown,30,2008,DODGE,6.3,159,34.1,0
Property Damage Crash,01-06-2022 12:15,Maryland (State),DARNESTOWN RD,N/A,STRAIGHT MOVEMENT ANGLE,CLEAR,DRY,DAYLIGHT,N/A,No,NO APPARENT INJURY,NOT DISTRACTED,PASSENGER CAR,SLOWING OR STOPPING,East,East,30,2008,LEXU,0,0,0,0
Property Damage Crash,01-06-2022 14:54,Maryland (State),ROCKVILLE PIKE,N/A,SAME DIRECTION SIDESWIPE,CLEAR,DRY,DARK LIGHTS ON,TRAFFIC SIGNAL,No,NO APPARENT INJURY,NOT DISTRACTED,PASSENGER CAR,MOVING CONSTANT SPEED,South,South,35,2012,TOYOTA,3.6,357,29.9,0.01
Property Damage Crash,01-06-2022 14:54,Maryland (State),FREDERICK RD,GAITHERSBURG,STRAIGHT MOVEMENT ANGLE,CLEAR,DRY,DAYLIGHT,TRAFFIC SIGNAL,No,NO APPARENT INJURY,NOT DISTRACTED,PASSENGER CAR,MAKING LEFT TURN,South,West,30,2017,GMC,4.1,319,29.8,0
Property Damage Crash,01-06-2022 14:54,Municipality,NEW HAMPSHIRE AVE SERV RD,TAKOMA PARK,SAME DIRECTION SIDESWIPE,CLEAR,DRY,DARK LIGHTS ON,NO CONTROLS,No,NO APPARENT INJURY,NOT DISTRACTED,POLICE VEHICLE/EMERGENCY,PARKED,,,0,2014,FORD,3.1,320,52.1,0.01
Injury Crash,01-06-2022 14:54,US (State),COLUMBIA PIKE,N/A,ANGLE MEETS LEFT HEAD ON,CLEAR,DRY,DAWN,TRAFFIC SIGNAL,Yes,NO APPARENT INJURY,NOT DISTRACTED,(SPORT) UTILITY VEHICLE,MAKING LEFT TURN,East,South,40,2016,MERCEDES,0,0,0,0
Injury Crash,01-06-2022 15:21,Maryland (State),RIVER RD,N/A,ANGLE MEETS LEFT TURN,CLEAR,DRY,DAYLIGHT,TRAFFIC SIGNAL,No,NO APPARENT INJURY,NOT DISTRACTED,PASSENGER CAR,STOPPED IN TRAFFIC LANE,East,East,35,2017,TOYT,3.6,255,42.4,0
Property Damage Crash,01-06-2022 15:21,Maryland (State),DARNESTOWN RD,N/A,SAME DIR REAR END,RAINING,WET,DAYLIGHT,TRAFFIC SIGNAL,Yes,NO APPARENT INJURY,NOT DISTRACTED,PICKUP TRUCK,SLOWING OR STOPPING,East,East,35,2008,CHEVROLET,2.9,187,52,0.01
Property Damage Crash,01-06-2022 15:22,Maryland (State),UNIVERSITY BLVD W,N/A,SAME DIRECTION SIDESWIPE,CLEAR,DRY,DAYLIGHT,N/A,No,NO APPARENT INJURY,NOT DISTRACTED,PASSENGER CAR,MOVING CONSTANT SPEED,West,West,40,2006,PONTIAC,0,0,0,0
Injury Crash,01-06-2022 15:22,Maryland (State),OLNEY LAYTONSVILLE RD,N/A,SAME DIR REAR END,CLEAR,DRY,DAYLIGHT,NO CONTROLS,Yes,NO APPARENT INJURY,NOT DISTRACTED,VAN,MOVING CONSTANT SPEED,West,West,40,2000,FORD,0,0,0,0
Property Damage Crash,01-06-2022 15:35,County,EAST VILLAGE AVE,N/A,SINGLE VEHICLE,CLOUDY,WET,DAYLIGHT,NO CONTROLS,Yes,NO APPARENT INJURY,NOT DISTRACTED,PASSENGER CAR,MOVING CONSTANT SPEED,West,West,35,2003,FORD,5.3,276,30.2,0