ACRS Report Type,Date and Time,Route Type,Road Name,Municipality,Collision Type,Weather,Surface Condition,Light,Traffic Control,Driver At Fault,Injury Severity,Driver Distracted By,Vehicle Body Type,Vehicle Movement,Vehicle Continuing Dir,Vehicle Going Dir,Speed Limit,Vehicle Year,Vehicle Make,Wind Speed (MPH),TMP10-DK ,Relative Humidity (%),Rain (Inches)
Property Damage Crash,01-06-2022 15:35,County,ARCOLA AVE,N/A,SINGLE VEHICLE,CLEAR,DRY,DARK LIGHTS ON,NO CONTROLS,Yes,NO APPARENT INJURY,INATTENTIVE OR LOST IN THOUGHT,PASSENGER CAR,ACCELERATING,Unknown,South,25,2016,HYUNDAI,8.2,184,24.7,0
Injury Crash,01-06-2022 16:09,County,FAIRDALE RD,N/A,OTHER,CLEAR,DRY,DAYLIGHT,NO CONTROLS,Yes,SUSPECTED MINOR INJURY,UNKNOWN,PASSENGER CAR,MOVING CONSTANT SPEED,East,East,25,2015,SUBARU,0,0,0,0
Property Damage Crash,01-06-2022 16:09,Maryland (State),UNIVERSITY BLVD W,N/A,ANGLE MEETS RIGHT TURN,CLEAR,DRY,DARK LIGHTS ON,TRAFFIC SIGNAL,No,NO APPARENT INJURY,NOT DISTRACTED,PASSENGER CAR,MAKING LEFT TURN,North,North,25,2004,TOYT,10.6,45.7,31.6,0
Property Damage Crash,01-06-2022 18:20,Maryland (State),CARROLL AVE,N/A,OTHER,CLOUDY,DRY,DARK LIGHTS ON,TRAFFIC SIGNAL,Yes,NO APPARENT INJURY,UNKNOWN,,MOVING CONSTANT SPEED,South,South,40,0,UNKNOWN,3.6,35.2,23.5,0
Property Damage Crash,01-06-2022 18:33,Municipality,E DIAMOND AVE,GAITHERSBURG,SAME DIR REAR END,CLEAR,DRY,DAYLIGHT,NO CONTROLS,No,NO APPARENT INJURY,NOT DISTRACTED,POLICE VEHICLE/NON EMERGENCY,STOPPED IN TRAFFIC LANE,West,West,30,2018,DODGE,1.7,34.5,23.3,0
Injury Crash,01-06-2022 18:33,County,BRIGGS CHANEY RD,N/A,STRAIGHT MOVEMENT ANGLE,CLEAR,DRY,DAYLIGHT,N/A,Yes,POSSIBLE INJURY,NOT DISTRACTED,PASSENGER CAR,MAKING LEFT TURN,East,South,40,2012,HYUN,3.3,53.1,51.5,0
Property Damage Crash,01-06-2022 18:43,Maryland (State),ASHTON RD,N/A,STRAIGHT MOVEMENT ANGLE,CLEAR,DRY,DARK LIGHTS ON,TRAFFIC SIGNAL,No,NO APPARENT INJURY,NOT DISTRACTED,PASSENGER CAR,MOVING CONSTANT SPEED,West,West,35,2017,KIA,5.6,292,30.8,0
Property Damage Crash,01-06-2022 18:43,Maryland (State),GEORGIA AVE,N/A,UNKNOWN,CLEAR,DRY,DAYLIGHT,TRAFFIC SIGNAL,Yes,NO APPARENT INJURY,NOT DISTRACTED,OTHER,MOVING CONSTANT SPEED,North,North,35,0,XXXX,0,0,0,0
Property Damage Crash,01-06-2022 19:04,County,CHESTNUT GLEN RD,N/A,SAME DIRECTION SIDESWIPE,CLOUDY,DRY,DAYLIGHT,NO CONTROLS,Yes,NO APPARENT INJURY,NOT DISTRACTED,PASSENGER CAR,STARTING FROM PARKED,North,North,25,2005,HOND,9.2,347,16.6,0
Property Damage Crash,01-06-2022 19:04,Maryland (State),EAST WEST HWY,N/A,HEAD ON LEFT TURN,CLEAR,DRY,DAYLIGHT,NO CONTROLS,Yes,NO APPARENT INJURY,UNKNOWN,PASSENGER CAR,MAKING LEFT TURN,North,East,35,2018,ACURA,1.8,33,25.6,0
Property Damage Crash,01-06-2022 20:50,,,,SINGLE VEHICLE,CLEAR,,DARK LIGHTS ON,NO CONTROLS,Yes,NO APPARENT INJURY,NOT DISTRACTED,PASSENGER CAR,PARKING,North,North,15,2010,TOYOTA,0,0,0,0
Property Damage Crash,01-06-2022 20:50,Maryland (State),GEORGIA AVE,N/A,HEAD ON LEFT TURN,CLEAR,DRY,DARK LIGHTS ON,NO CONTROLS,Yes,NO APPARENT INJURY,LOOKED BUT DID NOT SEE,PASSENGER CAR,MOVING CONSTANT SPEED,South,South,35,2001,FORD,5.9,282,18.8,0
Property Damage Crash,02-06-2022 00:30,Maryland (State),NORBECK RD,N/A,SAME DIRECTION SIDESWIPE,RAINING,WET,DAYLIGHT,STOP SIGN,No,NO APPARENT INJURY,NOT DISTRACTED,(SPORT) UTILITY VEHICLE,SLOWING OR STOPPING,West,East,35,2015,HOND,5.2,59.6,46.2,0
Injury Crash,02-06-2022 00:30,Maryland (State),NORBECK RD,N/A,SAME DIR REAR END,RAINING,WET,DAYLIGHT,NO CONTROLS,No,SUSPECTED SERIOUS INJURY,NOT DISTRACTED,PASSENGER CAR,SLOWING OR STOPPING,East,East,40,2012,JEEP,11.2,318,-0.7,0
Property Damage Crash,02-06-2022 01:10,County,CONNECTICUT AVE,N/A,SAME DIR REAR END,CLEAR,DRY,DAYLIGHT,N/A,Yes,NO APPARENT INJURY,LOOKED BUT DID NOT SEE,PASSENGER CAR,SLOWING OR STOPPING,North,North,40,2013,HONDA,2.8,112,31,0
Injury Crash,02-06-2022 01:10,County,NICHOLSON LA,N/A,STRAIGHT MOVEMENT ANGLE,CLOUDY,DRY,DAYLIGHT,NO CONTROLS,No,POSSIBLE INJURY,NOT DISTRACTED,PASSENGER CAR,MOVING CONSTANT SPEED,East,East,35,2016,TOYOTA,6.3,354,28.1,0
Injury Crash,02-06-2022 01:20,Maryland (State),DICKERSON RD,N/A,STRAIGHT MOVEMENT ANGLE,CLEAR,DRY,DAWN,NO CONTROLS,Yes,POSSIBLE INJURY,LOOKED BUT DID NOT SEE,PASSENGER CAR,MAKING LEFT TURN,North,East,40,2012,KIA,8.2,163,4.4,0
Property Damage Crash,02-06-2022 01:20,Maryland (State),GEORGIA AVE,N/A,ANGLE MEETS LEFT TURN,CLEAR,DRY,DAYLIGHT,TRAFFIC SIGNAL,Yes,NO APPARENT INJURY,UNKNOWN,UNKNOWN,MAKING LEFT TURN,West,North,25,0,UNKNOWN,18.8,177,21.1,0
Property Damage Crash,02-06-2022 01:22,County,MONTROSE RD,N/A,SAME DIR REAR END,CLOUDY,DRY,DARK LIGHTS ON,NO CONTROLS,No,NO APPARENT INJURY,NOT DISTRACTED,PASSENGER CAR,SLOWING OR STOPPING,West,West,40,2016,SUBARU,0,0,0,0
Property Damage Crash,02-06-2022 01:22,County,ASHLEY DR,N/A,OTHER,N/A,DRY,DAYLIGHT,NO CONTROLS,Yes,NO APPARENT INJURY,OTHER DISTRACTION,SCHOOL BUS,SLOWING OR STOPPING,South,South,15,0,UNKNOWN,2.9,201,23.6,0
Property Damage Crash,02-06-2022 01:25,County,BRINK RD,N/A,SAME DIRECTION SIDESWIPE,FOGGY,WET,DARK NO LIGHTS,NO CONTROLS,Yes,NO APPARENT INJURY,LOOKED BUT DID NOT SEE,PASSENGER CAR,MOVING CONSTANT SPEED,West,West,40,2017,SUBA,5,210,25,0
Property Damage Crash,02-06-2022 02:58,County,MONTROSE RD,ROCKVILLE,SAME DIR REAR END,CLEAR,WET,DAYLIGHT,NO CONTROLS,Yes,NO APPARENT INJURY,OTHER DISTRACTION,POLICE VEHICLE/NON EMERGENCY,SLOWING OR STOPPING,West,West,35,2016,FORD,0,0,0,0
Injury Crash,02-06-2022 02:58,County,WATKINS MILL RD,N/A,SAME DIR REAR END,CLEAR,DRY,DAYLIGHT,NO CONTROLS,Yes,POSSIBLE INJURY,OTHER DISTRACTION,PASSENGER CAR,MOVING CONSTANT SPEED,North,North,35,2006,TOYT,10.7,315,21.1,0
Property Damage Crash,02-06-2022 03:21,,,,OPPOSITE DIRECTION SIDESWIPE,CLEAR,,DAYLIGHT,N/A,Yes,NO APPARENT INJURY,LOOKED BUT DID NOT SEE,OTHER,PARKING,North,North,5,2000,FORD,12.5,179,37.4,0
Injury Crash,02-06-2022 06:31,Maryland (State),KNOWLES AVE,KENSINGTON,STRAIGHT MOVEMENT ANGLE,RAINING,WET,DAYLIGHT,STOP SIGN,No,NO APPARENT INJURY,NOT DISTRACTED,(SPORT) UTILITY VEHICLE,MOVING CONSTANT SPEED,West,West,30,2016,LEXUS,7.7,46.5,29.8,0
Injury Crash,02-06-2022 07:39,Maryland (State),UNIVERSITY BLVD E,N/A,SAME DIRECTION SIDESWIPE,N/A,DRY,DARK LIGHTS ON,NO CONTROLS,No,NO APPARENT INJURY,NOT DISTRACTED,PASSENGER CAR,MOVING CONSTANT SPEED,West,West,40,2012,MERCEDEZ,0,0,0,0
Property Damage Crash,02-06-2022 07:44,County,MUDDY BRANCH RD,N/A,SAME DIR REAR END,CLEAR,DRY,DAYLIGHT,YIELD SIGN,Yes,NO APPARENT INJURY,UNKNOWN,PASSENGER CAR,SLOWING OR STOPPING,East,North,25,2011,MNNI,4.9,358,33.4,0
Property Damage Crash,02-06-2022 10:10,Maryland (State),RIDGE RD,N/A,ANGLE MEETS RIGHT TURN,CLOUDY,DRY,DUSK,NO CONTROLS,No,NO APPARENT INJURY,NOT DISTRACTED,TRUCK TRACTOR,MOVING CONSTANT SPEED,North,North,30,2014,PETERBLT,0,0,0,0
Property Damage Crash,02-06-2022 10:10,County,CATTAIL RD,POOLESVILLE,SINGLE VEHICLE,SNOW,SNOW,DARK NO LIGHTS,N/A,Yes,NO APPARENT INJURY,NOT DISTRACTED,(SPORT) UTILITY VEHICLE,SLOWING OR STOPPING,South,South,30,2001,FORD,1,36,22.5,0
Injury Crash,02-06-2022 10:57,County,WOODMONT AVE,N/A,STRAIGHT MOVEMENT ANGLE,CLEAR,DRY,DAYLIGHT,TRAFFIC SIGNAL,Yes,NO APPARENT INJURY,NOT DISTRACTED,PASSENGER CAR,SLOWING OR STOPPING,East,East,25,2013,HOND,1.4,29.8,23.2,0
Injury Crash,02-06-2022 10:57,,,,OTHER,N/A,,DAYLIGHT,RAILWAY CROSSING DEVICE,No,NO APPARENT INJURY,NOT DISTRACTED,OTHER,MOVING CONSTANT SPEED,East,East,45,2015,MARC,13.9,177,39.8,0
Property Damage Crash,02-06-2022 11:04,County,VEIRS MILL RD,N/A,STRAIGHT MOVEMENT ANGLE,N/A,DRY,DARK LIGHTS ON,YIELD SIGN,No,NO APPARENT INJURY,NOT DISTRACTED,PASSENGER CAR,MOVING CONSTANT SPEED,South,South,45,1999,VOLKS,6.3,187,24.3,0
Injury Crash,02-06-2022 11:04,Maryland (State),GEORGIA AVE,N/A,SINGLE VEHICLE,CLEAR,DRY,DARK LIGHTS ON,N/A,Yes,NO APPARENT INJURY,DISTRACTED BY OUTSIDE PERSON OBJECT OR EVENT,TRANSIT BUS,MOVING CONSTANT SPEED,West,North,35,2006,TRANSIT,3.8,36.1,20.8,0
Property Damage Crash,02-06-2022 11:10,County,E WAYNE AVE,N/A,SAME DIR REND LEFT TURN,CLEAR,N/A,DAYLIGHT,TRAFFIC SIGNAL,No,NO APPARENT INJURY,NOT DISTRACTED,"MEDIUM/HEAVY TRUCKS 3 AXLES (OVER 10,000LBS (4,536KG))",SLOWING OR STOPPING,East,North,25,2005,PETE,4.2,317,29.6,0
Property Damage Crash,02-06-2022 11:59,Maryland (State),NEW HAMPSHIRE AVE,N/A,SAME DIR REAR END,CLEAR,DRY,DAYLIGHT,TRAFFIC SIGNAL,No,NO APPARENT INJURY,NOT DISTRACTED,POLICE VEHICLE/NON EMERGENCY,SLOWING OR STOPPING,South,South,40,2014,FORD,2.3,120,15.9,0
Property Damage Crash,02-06-2022 11:59,Maryland (State),OLD GEORGETOWN RD,N/A,SAME DIR REAR END,CLEAR,N/A,DARK LIGHTS ON,NO CONTROLS,No,NO APPARENT INJURY,NOT DISTRACTED,PASSENGER CAR,STOPPED IN TRAFFIC LANE,North,North,40,2015,FORD,0,0,0,0
Property Damage Crash,02-06-2022 12:00,County,NICHOLSON LA,N/A,SAME DIR REAR END,N/A,DRY,DARK LIGHTS ON,TRAFFIC SIGNAL,No,NO APPARENT INJURY,NOT DISTRACTED,PASSENGER CAR,STOPPED IN TRAFFIC LANE,East,East,35,1996,TOYOTA,2,31.5,24,0
Injury Crash,02-06-2022 12:00,County,SHADY GROVE RD,N/A,STRAIGHT MOVEMENT ANGLE,RAINING,WET,DAYLIGHT,TRAFFIC SIGNAL,No,POSSIBLE INJURY,NOT DISTRACTED,PASSENGER CAR,ACCELERATING,North,West,40,2016,TOYOTA,0,0,0,0
Property Damage Crash,02-06-2022 12:54,Maryland (State),GREAT SENECA HWY,N/A,SAME DIR REAR END,RAINING,WET,DAYLIGHT,TRAFFIC SIGNAL,No,NO APPARENT INJURY,NOT DISTRACTED,(SPORT) UTILITY VEHICLE,STOPPED IN TRAFFIC LANE,South,South,50,2011,FORD,3.2,46.2,43.3,0
Property Damage Crash,02-06-2022 12:54,County,SANGAMORE RD,N/A,STRAIGHT MOVEMENT ANGLE,CLEAR,DRY,DAYLIGHT,STOP SIGN,Yes,NO APPARENT INJURY,NOT DISTRACTED,PASSENGER CAR,STARTING FROM LANE,East,East,30,1998,LEXUS,3,32.2,23.2,0
Property Damage Crash,02-06-2022 14:05,County,SOUTHLAWN LA,ROCKVILLE,ANGLE MEETS LEFT HEAD ON,CLEAR,DRY,DARK NO LIGHTS,NO CONTROLS,No,NO APPARENT INJURY,NOT DISTRACTED,PASSENGER CAR,MOVING CONSTANT SPEED,East,East,30,2002,HONDA,0,0,0,0
Property Damage Crash,02-06-2022 14:05,County,FATHER HURLEY BLVD,N/A,SAME DIR REAR END,CLEAR,DRY,DAYLIGHT,NO CONTROLS,No,NO APPARENT INJURY,NOT DISTRACTED,(SPORT) UTILITY VEHICLE,SLOWING OR STOPPING,East,East,40,2017,HONDA,2.9,36.2,35.8,0
Injury Crash,02-06-2022 14:20,County,GREENTREE RD,N/A,ANGLE MEETS LEFT TURN,CLEAR,DRY,DAYLIGHT,STOP SIGN,Yes,SUSPECTED MINOR INJURY,LOOKED BUT DID NOT SEE,"CARGO VAN/LIGHT TRUCK 2 AXLES (OVER 10,000LBS (4,536 KG))",ACCELERATING,South,South,20,2017,GMC,0,0,0,0
Property Damage Crash,02-06-2022 14:20,,,,OTHER,CLEAR,,DAYLIGHT,NO CONTROLS,Yes,NO APPARENT INJURY,NOT DISTRACTED,TRANSIT BUS,ACCELERATING,East,East,20,2022,BUS,0,0,0,0
Property Damage Crash,02-06-2022 15:50,County,SUNDOWN RD,N/A,HEAD ON LEFT TURN,CLEAR,DRY,DAYLIGHT,TRAFFIC SIGNAL,Yes,NO APPARENT INJURY,NOT DISTRACTED,PASSENGER CAR,MAKING LEFT TURN,East,South,40,2008,HOND,0,0,0,0
Injury Crash,02-06-2022 15:50,Maryland (State),GEORGIA AVE,N/A,SAME DIR REAR END,CLEAR,DRY,DAYLIGHT,NO CONTROLS,No,POSSIBLE INJURY,NOT DISTRACTED,PASSENGER CAR,STOPPED IN TRAFFIC LANE,West,South,50,2013,TOYOTA,2.2,42,40.8,0
Injury Crash,02-06-2022 15:53,Interstate (State),EISENHOWER MEMORIAL HWY,N/A,SAME DIR REAR END,CLEAR,DRY,DUSK,NO CONTROLS,Yes,NO APPARENT INJURY,LOOKED BUT DID NOT SEE,PASSENGER CAR,MOVING CONSTANT SPEED,South,South,55,2012,MERZ,1.6,62,26.5,0
Injury Crash,02-06-2022 15:53,Maryland (State),GERMANTOWN RD,N/A,SAME DIR REAR END,RAINING,WET,DAYLIGHT,TRAFFIC SIGNAL,No,POSSIBLE INJURY,NOT DISTRACTED,PASSENGER CAR,STOPPED IN TRAFFIC LANE,North,North,40,2007,FORD,3.5,35.2,33.1,0
Property Damage Crash,02-06-2022 16:25,County,TUCKERMAN LA,N/A,SAME DIR REND LEFT TURN,CLEAR,DRY,DAYLIGHT,NO CONTROLS,Yes,NO APPARENT INJURY,NOT DISTRACTED,PASSENGER CAR,MOVING CONSTANT SPEED,South,West,40,2022,KIA,6.8,43.9,30.2,0
Injury Crash,02-06-2022 16:25,Maryland (State),NORBECK RD,N/A,OTHER,CLEAR,DRY,DAYLIGHT,NO CONTROLS,Yes,POSSIBLE INJURY,NOT DISTRACTED,PICKUP TRUCK,MOVING CONSTANT SPEED,West,West,45,2000,FORD,4.1,49.3,38.5,0
Property Damage Crash,02-06-2022 16:57,County,FALLS RD,N/A,HEAD ON LEFT TURN,RAINING,WET,DAYLIGHT,TRAFFIC SIGNAL,No,NO APPARENT INJURY,NOT DISTRACTED,PASSENGER CAR,MAKING LEFT TURN,West,West,30,2016,TOYOTA,12.3,33.9,20.1,0
Injury Crash,02-06-2022 16:57,County,HIGHLAND HALL DR,N/A,SINGLE VEHICLE,CLEAR,ICE,DAWN,NO CONTROLS,Yes,POSSIBLE INJURY,NOT DISTRACTED,(SPORT) UTILITY VEHICLE,MOVING CONSTANT SPEED,South,South,25,2002,TOYT,4.5,41.5,41.3,0.14
Injury Crash,02-06-2022 17:30,Maryland (State),NEW HAMPSHIRE AVE,N/A,STRAIGHT MOVEMENT ANGLE,CLEAR,DRY,DAYLIGHT,NO CONTROLS,Yes,NO APPARENT INJURY,LOOKED BUT DID NOT SEE,PASSENGER CAR,MAKING LEFT TURN,South,West,45,2010,HOND,0,0,0,0
Property Damage Crash,02-06-2022 18:00,Maryland (State),16TH ST,N/A,HEAD ON LEFT TURN,CLEAR,DRY,DARK LIGHTS ON,TRAFFIC SIGNAL,No,NO APPARENT INJURY,NOT DISTRACTED,PASSENGER CAR,STARTING FROM LANE,South,South,35,2014,VOLVO,0,0,0,0
Property Damage Crash,02-06-2022 18:07,Maryland (State),MUNCASTER MILL RD,N/A,OTHER,CLEAR,DRY,DAYLIGHT,N/A,Yes,NO APPARENT INJURY,UNKNOWN,PASSENGER CAR,STARTING FROM PARKED,Unknown,Unknown,15,2004,GMC,5.8,52.1,44.6,0
Injury Crash,02-06-2022 19:20,County,SECOND AVE,N/A,STRAIGHT MOVEMENT ANGLE,CLOUDY,DRY,DAYLIGHT,STOP SIGN,No,NO APPARENT INJURY,NOT DISTRACTED,TRANSIT BUS,MOVING CONSTANT SPEED,North,North,30,2006,GILLIG,8.3,329,20.4,0
Property Damage Crash,02-06-2022 20:25,Maryland (State),UNIVERSITY BLVD E,N/A,SAME DIRECTION SIDESWIPE,CLEAR,DRY,DAYLIGHT,NO CONTROLS,No,NO APPARENT INJURY,NOT DISTRACTED,PASSENGER CAR,MOVING CONSTANT SPEED,East,East,40,2000,TOYT,0,0,0,0
Property Damage Crash,02-06-2022 20:25,County,EPSILON DR,N/A,SAME DIR REND RIGHT TURN,CLEAR,WET,DAYLIGHT,TRAFFIC SIGNAL,No,NO APPARENT INJURY,NOT DISTRACTED,TRANSIT BUS,STOPPED IN TRAFFIC LANE,South,South,45,2005,ORION,6.3,178,44,0
Injury Crash,02-06-2022 20:47,Maryland (State),CONNECTICUT AVE,N/A,HEAD ON LEFT TURN,CLEAR,DRY,DAYLIGHT,TRAFFIC SIGNAL,Yes,POSSIBLE INJURY,UNKNOWN,PASSENGER CAR,MAKING LEFT TURN,East,South,30,2014,VOLKSWAGEN,6.1,33.1,29.2,0
Property Damage Crash,02-06-2022 20:47,Maryland (State),RIVER RD,N/A,HEAD ON LEFT TURN,SNOW,WET,DAYLIGHT,TRAFFIC SIGNAL,No,NO APPARENT INJURY,NOT DISTRACTED,PICKUP TRUCK,MOVING CONSTANT SPEED,East,East,35,2008,FORD,5.6,144,41.4,0
Property Damage Crash,02-06-2022 21:06,County,GOSHEN RD,N/A,SAME DIRECTION SIDESWIPE,N/A,DRY,DARK LIGHTS ON,N/A,Yes,NO APPARENT INJURY,UNKNOWN,UNKNOWN,MOVING CONSTANT SPEED,North,North,35,0,UNKNOWN,0,0,0,0
Injury Crash,02-06-2022 22:00,County,RIDGEFIELD RD,N/A,SINGLE VEHICLE,CLEAR,DRY,DAYLIGHT,TRAFFIC SIGNAL,Yes,NO APPARENT INJURY,NOT DISTRACTED,PASSENGER CAR,MAKING LEFT TURN,South,South,25,2015,SUBARU,10.5,287,17.9,0
Injury Crash,02-06-2022 22:00,Maryland (State),ROCKVILLE PIKE,N/A,SAME DIRECTION SIDESWIPE,CLEAR,DRY,DAYLIGHT,TRAFFIC SIGNAL,No,POSSIBLE INJURY,NOT DISTRACTED,PASSENGER CAR,MOVING CONSTANT SPEED,North,North,40,2019,HONDA,3.7,41.3,41.2,0
Property Damage Crash,02-06-2022 22:08,US (State),COLUMBIA PIKE,N/A,OTHER,CLOUDY,WET,DAWN,TRAFFIC SIGNAL,No,NO APPARENT INJURY,NOT DISTRACTED,SCHOOL BUS,MOVING CONSTANT SPEED,North,North,50,2011,THOMAS,4,30,32.6,0
Property Damage Crash,03-06-2022 01:50,County,SAM EIG HWY,N/A,SAME DIR REAR END,CLEAR,DRY,DAYLIGHT,YIELD SIGN,No,NO APPARENT INJURY,NOT DISTRACTED,PASSENGER CAR,STOPPED IN TRAFFIC LANE,West,South,25,2012,HONDA,1.7,33.7,26,0
Property Damage Crash,03-06-2022 01:50,,,,OTHER,CLEAR,,DAYLIGHT,N/A,Yes,NO APPARENT INJURY,UNKNOWN,UNKNOWN,BACKING,West,West,5,0,UNKNOWN,1.7,306,49.5,0
Injury Crash,03-06-2022 01:50,Maryland (State),GERMANTOWN RD,N/A,STRAIGHT MOVEMENT ANGLE,CLEAR,DRY,DAYLIGHT,TRAFFIC SIGNAL,Yes,SUSPECTED MINOR INJURY,LOOKED BUT DID NOT SEE,PASSENGER CAR,MOVING CONSTANT SPEED,North,North,45,1998,HYUN,0,0,0,0
Property Damage Crash,03-06-2022 01:50,Maryland (State),COLESVILLE RD,N/A,SAME DIRECTION SIDESWIPE,CLEAR,DRY,DAYLIGHT,TRAFFIC SIGNAL,Yes,NO APPARENT INJURY,NOT DISTRACTED,OTHER,CHANGING LANES,East,East,30,1991,GM,1,26.4,22.2,0
Injury Crash,03-06-2022 02:30,County,BARNESVILLE RD,N/A,OPPOSITE DIRECTION SIDESWIPE,CLEAR,DRY,DAYLIGHT,N/A,No,SUSPECTED MINOR INJURY,NOT DISTRACTED,PICKUP TRUCK,MOVING CONSTANT SPEED,West,West,40,1994,CHEVY,10.4,43.4,31,0
Property Damage Crash,03-06-2022 03:30,,,,OTHER,CLOUDY,,DAYLIGHT,NO CONTROLS,Yes,NO APPARENT INJURY,NOT DISTRACTED,POLICE VEHICLE/EMERGENCY,BACKING,West,North,5,2016,FORD,5.2,264,46.6,0
Property Damage Crash,03-06-2022 03:41,Municipality,TOWER OAKS BLVD,ROCKVILLE,SINGLE VEHICLE,RAINING,WET,DAYLIGHT,NO CONTROLS,Yes,NO APPARENT INJURY,NOT DISTRACTED,PASSENGER CAR,MAKING LEFT TURN,South,South,35,2008,FORD,0,0,0,0
Property Damage Crash,03-06-2022 04:06,Maryland (State),FOREST GLEN RD,N/A,SAME DIRECTION SIDESWIPE,CLEAR,DRY,DAYLIGHT,NO CONTROLS,Yes,NO APPARENT INJURY,LOOKED BUT DID NOT SEE,PICKUP TRUCK,MOVING CONSTANT SPEED,East,East,35,2020,FORD,2.1,40.6,30.8,0
Injury Crash,03-06-2022 06:56,County,HALL RD,N/A,HEAD ON LEFT TURN,CLEAR,DRY,DAYLIGHT,STOP SIGN,Yes,POSSIBLE INJURY,NOT DISTRACTED,PASSENGER CAR,MAKING LEFT TURN,East,South,25,2012,MAZDA,8.8,27.9,17.6,0
Injury Crash,03-06-2022 07:30,Maryland (State),OLNEY SANDY SPRING RD,N/A,STRAIGHT MOVEMENT ANGLE,N/A,DRY,DAYLIGHT,TRAFFIC SIGNAL,Yes,NO APPARENT INJURY,LOOKED BUT DID NOT SEE,PASSENGER CAR,MOVING CONSTANT SPEED,East,East,35,1994,FORD,7.8,34.6,19.6,0
Property Damage Crash,03-06-2022 07:30,County,RANDOLPH RD,N/A,SAME DIR REAR END,CLEAR,DRY,DAYLIGHT,NO CONTROLS,No,NO APPARENT INJURY,NOT DISTRACTED,PASSENGER CAR,STOPPED IN TRAFFIC LANE,West,West,45,2012,HONDA,6.9,148,27.2,0
Property Damage Crash,03-06-2022 07:30,County,KEMP MILL RD,N/A,SAME DIR REAR END,CLEAR,DRY,DAYLIGHT,TRAFFIC SIGNAL,Yes,NO APPARENT INJURY,UNKNOWN,PASSENGER CAR,SLOWING OR STOPPING,East,East,35,2015,ISUZU,8.4,62.1,58.1,0
Property Damage Crash,03-06-2022 08:30,,,,SINGLE VEHICLE,CLOUDY,,DARK LIGHTS ON,N/A,Yes,NO APPARENT INJURY,UNKNOWN,VAN,UNKNOWN,North,North,5,2014,GMC,11.6,38.3,27.9,0
Injury Crash,03-06-2022 11:30,Maryland (State),SPENCERVILLE RD,N/A,SINGLE VEHICLE,N/A,DRY,DARK LIGHTS ON,N/A,Yes,SUSPECTED MINOR INJURY,NOT DISTRACTED,PASSENGER CAR,MOVING CONSTANT SPEED,West,West,35,2016,HONDA,,,,
Property Damage Crash,03-06-2022 11:30,Municipality,E MIDDLE LA,ROCKVILLE,HEAD ON LEFT TURN,CLEAR,DRY,DAYLIGHT,STOP SIGN,Yes,NO APPARENT INJURY,NOT DISTRACTED,(SPORT) UTILITY VEHICLE,MAKING LEFT TURN,West,West,25,2011,AUDI,1.5,43.7,23.4,0
Property Damage Crash,03-06-2022 12:00,Government,BEACH DR,N/A,SINGLE VEHICLE,RAINING,WET,DARK NO LIGHTS,NO CONTROLS,Yes,NO APPARENT INJURY,NOT DISTRACTED,PASSENGER CAR,UNKNOWN,North,North,25,2007,TOYO,3.2,40.4,30,0
Property Damage Crash,03-06-2022 12:00,County,SHADY GROVE RD,N/A,SAME DIR REAR END,N/A,DRY,DAYLIGHT,TRAFFIC SIGNAL,No,NO APPARENT INJURY,NOT DISTRACTED,PASSENGER CAR,STOPPED IN TRAFFIC LANE,West,West,35,2015,MAZD,1.5,296,26.9,0
Property Damage Crash,03-06-2022 12:00,Maryland (State),GEORGIA AVE,N/A,OPPOSITE DIR BOTH LEFT TURN,CLOUDY,DRY,DAYLIGHT,STOP SIGN,Yes,NO APPARENT INJURY,LOOKED BUT DID NOT SEE,PASSENGER CAR,MAKING LEFT TURN,West,West,40,2002,HOND,12.9,44.5,26.1,0
Injury Crash,03-06-2022 12:50,Maryland (State),UNIVERSITY BLVD W,N/A,STRAIGHT MOVEMENT ANGLE,CLOUDY,DRY,DAYLIGHT,TRAFFIC SIGNAL,Yes,NO APPARENT INJURY,UNKNOWN,PASSENGER CAR,MOVING CONSTANT SPEED,West,West,35,2009,TOYT,1.8,154,31.8,0
Property Damage Crash,03-06-2022 12:50,County,MACARTHUR BLVD,N/A,STRAIGHT MOVEMENT ANGLE,CLOUDY,DRY,DAYLIGHT,STOP SIGN,Yes,NO APPARENT INJURY,UNKNOWN,PASSENGER CAR,MAKING LEFT TURN,East,South,30,2015,NISS,0,0,0,0
Injury Crash,03-06-2022 14:40,Maryland (State),UNIVERSITY BLVD E,N/A,STRAIGHT MOVEMENT ANGLE,RAINING,WET,DAYLIGHT,NO CONTROLS,No,SUSPECTED MINOR INJURY,LOOKED BUT DID NOT SEE,PASSENGER CAR,MOVING CONSTANT SPEED,West,West,35,2004,HONDA,3.3,107,40.2,0
Property Damage Crash,03-06-2022 14:40,Maryland (State),GERMANTOWN RD,N/A,SAME DIR REAR END,CLEAR,DRY,DARK LIGHTS ON,NO CONTROLS,No,NO APPARENT INJURY,NOT DISTRACTED,VAN,SLOWING OR STOPPING,East,East,40,2004,TOYT,3.7,51.9,50.2,0
Property Damage Crash,03-06-2022 17:52,Interstate (State),CAPITAL BELTWAY,N/A,SAME DIR REAR END,CLEAR,DRY,DAYLIGHT,NO CONTROLS,No,NO APPARENT INJURY,NOT DISTRACTED,PASSENGER CAR,SLOWING OR STOPPING,West,West,35,2018,TOYOTA,1.5,311,53.2,0