ACRS Report Type,Date and Time,Route Type,Road Name,Municipality,Collision Type,Weather,Surface Condition,Light,Traffic Control,Driver At Fault,Injury Severity,Driver Distracted By,Vehicle Body Type,Vehicle Movement,Vehicle Continuing Dir,Vehicle Going Dir,Speed Limit,Vehicle Year,Vehicle Make,Wind Speed (MPH),TMP10-DK ,Relative Humidity (%),Rain (Inches)
Injury Crash,03-06-2022 17:52,Maryland (State),GEORGIA AVE,N/A,SAME DIRECTION RIGHT TURN,CLEAR,DRY,DAYLIGHT,TRAFFIC SIGNAL,No,POSSIBLE INJURY,NOT DISTRACTED,PASSENGER CAR,STARTING FROM LANE,East,East,30,2006,TOYT,0,0,0,0
Property Damage Crash,03-06-2022 17:52,Maryland (State),VEIRS MILL RD,N/A,SAME DIR REAR END,RAINING,WET,DAYLIGHT,TRAFFIC SIGNAL,No,NO APPARENT INJURY,NOT DISTRACTED,PASSENGER CAR,SLOWING OR STOPPING,East,East,40,2012,CHEV,0,0,0,0
Property Damage Crash,03-06-2022 18:54,Maryland (State),OLD GEORGETOWN RD,N/A,SAME DIR REAR END,CLEAR,DRY,DAYLIGHT,NO CONTROLS,Yes,NO APPARENT INJURY,LOOKED BUT DID NOT SEE,PASSENGER CAR,MOVING CONSTANT SPEED,South,South,45,2011,FORD,6.8,45.7,29.6,0
Injury Crash,03-06-2022 18:54,County,RICHTER FARM RD,N/A,SAME DIRECTION LEFT TURN,CLEAR,WET,DAYLIGHT,STOP SIGN,No,NO APPARENT INJURY,NOT DISTRACTED,PASSENGER CAR,MOVING CONSTANT SPEED,East,East,35,2004,TOYOTA,8.6,181,16.3,0
Property Damage Crash,03-06-2022 19:16,,,,STRAIGHT MOVEMENT ANGLE,CLEAR,,DARK LIGHTS ON,NO CONTROLS,No,NO APPARENT INJURY,NOT DISTRACTED,PASSENGER CAR,STOPPED IN TRAFFIC LANE,South,South,25,2017,TOYOTA,5.3,39.9,25.1,0
Property Damage Crash,03-06-2022 19:35,Maryland (State),MONTGOMERY VILLAGE AVE,GAITHERSBURG,SAME DIRECTION LEFT TURN,RAINING,WET,DARK LIGHTS ON,TRAFFIC SIGNAL,Yes,NO APPARENT INJURY,UNKNOWN,PASSENGER CAR,CHANGING LANES,North,North,35,2004,GMC,0,0,0,0
Property Damage Crash,03-06-2022 20:34,County,SENECA MEADOWS PKWY,N/A,SAME DIRECTION SIDESWIPE,RAINING,WET,DARK LIGHTS ON,NO CONTROLS,Yes,NO APPARENT INJURY,NOT DISTRACTED,PASSENGER CAR,MOVING CONSTANT SPEED,North,North,35,2006,NISS,11,46.3,32.8,0
Property Damage Crash,03-06-2022 21:47,County,FAIRLAND RD,N/A,SINGLE VEHICLE,RAINING,WET,DAYLIGHT,TRAFFIC SIGNAL,Yes,NO APPARENT INJURY,NOT DISTRACTED,PASSENGER CAR,MOVING CONSTANT SPEED,East,East,40,2016,MERZ,5.8,34.6,20,0
Property Damage Crash,03-06-2022 21:47,Maryland (State),RIDGE RD,N/A,SAME DIR REAR END,CLEAR,DRY,DAYLIGHT,TRAFFIC SIGNAL,Yes,NO APPARENT INJURY,UNKNOWN,(SPORT) UTILITY VEHICLE,MOVING CONSTANT SPEED,North,North,40,2008,NISSAN,0,0,0,0
Injury Crash,03-06-2022 21:54,County,CINNABAR DR,N/A,STRAIGHT MOVEMENT ANGLE,CLEAR,DRY,DARK LIGHTS ON,STOP SIGN,Yes,NO APPARENT INJURY,UNKNOWN,VAN,STARTING FROM LANE,North,North,25,2019,FORD,1.7,216,30.2,0
Property Damage Crash,03-06-2022 22:14,Maryland (State),GREAT SENECA HWY,N/A,OTHER,N/A,DRY,DAYLIGHT,NO CONTROLS,Yes,NO APPARENT INJURY,NOT DISTRACTED,,MOVING CONSTANT SPEED,South,South,50,0,UNKNOWN,0,0,0,0
Property Damage Crash,03-06-2022 22:14,County,DEMOCRACY BLVD,N/A,SAME DIR REAR END,CLOUDY,DRY,DAYLIGHT,NO CONTROLS,No,NO APPARENT INJURY,NOT DISTRACTED,PASSENGER CAR,STOPPED IN TRAFFIC LANE,West,West,35,2015,FORD,0,0,0,0
Injury Crash,03-06-2022 22:55,Maryland (State),VEIRS MILL RD,N/A,STRAIGHT MOVEMENT ANGLE,CLEAR,DRY,DAYLIGHT,STOP SIGN,No,POSSIBLE INJURY,NOT DISTRACTED,PASSENGER CAR,SLOWING OR STOPPING,East,East,35,2007,MAZDA,2.6,35.8,22.3,0
Property Damage Crash,03-06-2022 22:57,Maryland (State),CONNECTICUT AVE,N/A,HEAD ON LEFT TURN,CLEAR,DRY,DAYLIGHT,TRAFFIC SIGNAL,Yes,NO APPARENT INJURY,UNKNOWN,OTHER,MAKING LEFT TURN,East,South,35,2006,FORD,0,0,0,0
Property Damage Crash,04-06-2022 04:55,,,,STRAIGHT MOVEMENT ANGLE,CLEAR,,DAYLIGHT,NO CONTROLS,No,NO APPARENT INJURY,NOT DISTRACTED,PASSENGER CAR,MOVING CONSTANT SPEED,East,East,15,2014,TOYOTA,2,46.6,43.9,0
Property Damage Crash,04-06-2022 05:44,,,,SINGLE VEHICLE,CLEAR,,DAYLIGHT,N/A,Yes,NO APPARENT INJURY,NOT DISTRACTED,(SPORT) UTILITY VEHICLE,BACKING,South,South,5,2014,KIA,6.8,321,25.1,0
Injury Crash,04-06-2022 05:44,Maryland (State),CLARKSBURG RD,N/A,HEAD ON,CLEAR,DRY,DAYLIGHT,NO CONTROLS,No,POSSIBLE INJURY,NOT DISTRACTED,(SPORT) UTILITY VEHICLE,MOVING CONSTANT SPEED,South,South,40,2012,JEEP,3.2,39.3,39.3,0.02
Property Damage Crash,04-06-2022 07:39,,,,OTHER,CLEAR,,DUSK,NO CONTROLS,Yes,NO APPARENT INJURY,UNKNOWN,PASSENGER CAR,BACKING,Unknown,Unknown,25,2014,ACURA,7.7,194,52.5,0
Property Damage Crash,04-06-2022 07:39,County,HUNTINGTON PKWY,N/A,SAME DIRECTION SIDESWIPE,RAINING,WET,DAYLIGHT,TRAFFIC SIGNAL,No,NO APPARENT INJURY,NOT DISTRACTED,(SPORT) UTILITY VEHICLE,MAKING LEFT TURN,South,South,35,2008,HYUND,7.5,300,31.2,0
Property Damage Crash,04-06-2022 08:20,Interstate (State),CAPITAL BELTWAY,N/A,SAME DIR REAR END,CLEAR,DRY,DAYLIGHT,N/A,No,NO APPARENT INJURY,NOT DISTRACTED,"CARGO VAN/LIGHT TRUCK 2 AXLES (OVER 10,000LBS (4,536 KG))",PARKING,West,West,60,2015,TOYOTA,9.5,47,28.8,0
Property Damage Crash,04-06-2022 08:20,County,LOCKWOOD DR,N/A,SAME DIR REND RIGHT TURN,CLEAR,DRY,DAYLIGHT,NO CONTROLS,No,NO APPARENT INJURY,NOT DISTRACTED,TRANSIT BUS,ACCELERATING,North,North,25,2021,NEW FLYER,0,0,0,0
Property Damage Crash,04-06-2022 08:22,County,SHADY GROVE RD,N/A,SAME DIRECTION RIGHT TURN,CLEAR,DRY,DARK LIGHTS ON,NO CONTROLS,Yes,NO APPARENT INJURY,NOT DISTRACTED,PASSENGER CAR,MAKING RIGHT TURN,Unknown,North,40,2014,HONDA,4.3,114,31.1,0
Property Damage Crash,04-06-2022 08:33,County,NORWOOD RD,N/A,SAME DIR REAR END,CLEAR,DRY,DAYLIGHT,NO CONTROLS,No,NO APPARENT INJURY,NOT DISTRACTED,POLICE VEHICLE/NON EMERGENCY,STOPPED IN TRAFFIC LANE,South,South,40,2014,DODGE,3.9,43.3,28.8,0
Injury Crash,04-06-2022 08:43,County,GOSHEN RD,N/A,STRAIGHT MOVEMENT ANGLE,RAINING,WET,DAYLIGHT,STOP SIGN,No,NO APPARENT INJURY,NOT DISTRACTED,PASSENGER CAR,SLOWING OR STOPPING,East,South,30,2009,TOYT,5,50.5,39.8,0
Property Damage Crash,04-06-2022 08:45,County,DAWSON FARM RD,N/A,HEAD ON LEFT TURN,CLEAR,DRY,DAYLIGHT,TRAFFIC SIGNAL,No,NO APPARENT INJURY,NOT DISTRACTED,PASSENGER CAR,SLOWING OR STOPPING,East,East,30,2003,LEXUS,3.8,271,20.2,0
Injury Crash,04-06-2022 08:45,Maryland (State),GEORGIA AVE,N/A,STRAIGHT MOVEMENT ANGLE,CLEAR,DRY,DAYLIGHT,TRAFFIC SIGNAL,Yes,NO APPARENT INJURY,NOT DISTRACTED,(SPORT) UTILITY VEHICLE,MAKING LEFT TURN,West,North,40,2010,TOYOTA,2.1,256,-1.1,0
Property Damage Crash,04-06-2022 09:30,County,MUDDY BRANCH RD,GAITHERSBURG,SINGLE VEHICLE,RAINING,WET,DAYLIGHT,NO CONTROLS,Yes,NO APPARENT INJURY,NOT DISTRACTED,PASSENGER CAR,MOVING CONSTANT SPEED,East,North,25,1999,FORD,0,0,0,0
Property Damage Crash,04-06-2022 09:30,Maryland (State),MUNCASTER MILL RD,N/A,SAME DIR REAR END,N/A,DRY,DAYLIGHT,TRAFFIC SIGNAL,No,NO APPARENT INJURY,NOT DISTRACTED,(SPORT) UTILITY VEHICLE,MOVING CONSTANT SPEED,North,North,40,2010,TOYOTA,6.5,55,39.5,0
Injury Crash,04-06-2022 09:30,Maryland (State),FREDERICK RD,N/A,HEAD ON LEFT TURN,CLEAR,DRY,DUSK,TRAFFIC SIGNAL,No,POSSIBLE INJURY,NOT DISTRACTED,PASSENGER CAR,STOPPED IN TRAFFIC LANE,South,West,25,2014,HONDA,0,0,0,0
Injury Crash,04-06-2022 09:50,County,CENTERWAY RD,N/A,SAME DIR REAR END,CLEAR,DRY,DAYLIGHT,NO CONTROLS,Yes,SUSPECTED MINOR INJURY,UNKNOWN,PASSENGER CAR,MOVING CONSTANT SPEED,East,East,30,2011,LEXUS,2,9,31.3,0
Property Damage Crash,04-06-2022 09:50,Maryland (State),KEMPTOWN RD,N/A,STRAIGHT MOVEMENT ANGLE,RAINING,WET,DAYLIGHT,OTHER,Yes,NO APPARENT INJURY,LOOKED BUT DID NOT SEE,PICKUP TRUCK,BACKING,Unknown,Unknown,5,2004,FORD,13.2,32.7,22.9,0
Property Damage Crash,04-06-2022 11:25,Maryland (State),CLOPPER RD,N/A,SAME DIR REAR END,CLEAR,DRY,DAYLIGHT,NO CONTROLS,Yes,NO APPARENT INJURY,LOOKED BUT DID NOT SEE,PASSENGER CAR,SLOWING OR STOPPING,East,East,40,2017,VOLKSWAGEN,2.3,5,40.3,0
Property Damage Crash,04-06-2022 11:50,Maryland (State),MASSACHUSETTS AVE,N/A,SAME DIR REAR END,N/A,N/A,DARK LIGHTS ON,NO CONTROLS,Yes,NO APPARENT INJURY,OTHER DISTRACTION,PASSENGER CAR,MOVING CONSTANT SPEED,East,East,35,2011,MINI,0,0,0,0
Injury Crash,04-06-2022 11:50,Maryland (State),WOODFIELD RD,N/A,SAME DIRECTION SIDESWIPE,CLEAR,DRY,DAYLIGHT,NO CONTROLS,Yes,NO APPARENT INJURY,LOOKED BUT DID NOT SEE,PASSENGER CAR,ENTERING TRAFFIC LANE,North,North,45,2005,NISS,1.9,259,29,0
Property Damage Crash,04-06-2022 11:50,Maryland (State),OLD GEORGETOWN RD,N/A,STRAIGHT MOVEMENT ANGLE,CLEAR,DRY,DAYLIGHT,TRAFFIC SIGNAL,No,NO APPARENT INJURY,NOT DISTRACTED,PASSENGER CAR,STARTING FROM LANE,South,West,35,2012,VOLK,0,0,0,0
Property Damage Crash,04-06-2022 12:00,Maryland (State),NEW HAMPSHIRE AVE,N/A,SAME DIR REAR END,CLEAR,DRY,DAYLIGHT,TRAFFIC SIGNAL,No,NO APPARENT INJURY,NOT DISTRACTED,PASSENGER CAR,SLOWING OR STOPPING,North,North,40,1994,TOYOTA,0,0,0,0
Injury Crash,04-06-2022 12:05,County,E RANDOLPH RD,N/A,SAME DIR REAR END,CLOUDY,DRY,DAYLIGHT,TRAFFIC SIGNAL,No,POSSIBLE INJURY,NOT DISTRACTED,PASSENGER CAR,SLOWING OR STOPPING,West,West,40,2015,CHRYSLER,1.7,18,18.7,0
Property Damage Crash,04-06-2022 13:03,Maryland (State),ROCKVILLE PIKE,N/A,SAME DIR REAR END,CLEAR,N/A,DAYLIGHT,TRAFFIC SIGNAL,Yes,NO APPARENT INJURY,LOOKED BUT DID NOT SEE,PASSENGER CAR,MOVING CONSTANT SPEED,North,North,45,2013,TOYOTA,2.2,45.1,39.1,0
Property Damage Crash,04-06-2022 13:03,County,RICHTER FARM RD,N/A,ANGLE MEETS RIGHT TURN,CLOUDY,WET,DAYLIGHT,STOP SIGN,No,NO APPARENT INJURY,NOT DISTRACTED,PASSENGER CAR,MOVING CONSTANT SPEED,East,East,35,2014,MERZ,1.1,29.3,24.4,0
Property Damage Crash,04-06-2022 14:50,Maryland (State),WOODFIELD RD,N/A,STRAIGHT MOVEMENT ANGLE,CLEAR,DRY,DAYLIGHT,OTHER,No,NO APPARENT INJURY,NOT DISTRACTED,PASSENGER CAR,MOVING CONSTANT SPEED,North,North,35,2015,MAZDA,1.9,41.4,41.3,0.02
Property Damage Crash,04-06-2022 14:50,Maryland (State),WILSON LA,N/A,STRAIGHT MOVEMENT ANGLE,CLEAR,N/A,DAYLIGHT,STOP SIGN,No,NO APPARENT INJURY,NOT DISTRACTED,PASSENGER CAR,MOVING CONSTANT SPEED,West,West,30,2005,BMW,7.5,357,33.8,0.05
Property Damage Crash,04-06-2022 14:50,County,FRIENDSHIP BLVD,N/A,SAME DIRECTION LEFT TURN,CLEAR,DRY,DAYLIGHT,NO CONTROLS,Yes,NO APPARENT INJURY,NOT DISTRACTED,(SPORT) UTILITY VEHICLE,MOVING CONSTANT SPEED,North,North,30,2007,MERCEDES,2.5,38.6,38.3,0
Injury Crash,04-06-2022 14:50,US (State),COLESVILLE RD,N/A,STRAIGHT MOVEMENT ANGLE,CLEAR,DRY,DAYLIGHT,TRAFFIC SIGNAL,Yes,NO APPARENT INJURY,UNKNOWN,PASSENGER CAR,SLOWING OR STOPPING,North,North,35,2014,KIA,0,0,0,0
Injury Crash,04-06-2022 14:55,County,MIDDLEBROOK RD,N/A,STRAIGHT MOVEMENT ANGLE,CLEAR,DRY,DAYLIGHT,FLASHING TRAFFIC SIGNAL,No,POSSIBLE INJURY,NOT DISTRACTED,PASSENGER CAR,MOVING CONSTANT SPEED,East,East,45,2015,TOYOTA,0,0,0,0
Injury Crash,04-06-2022 14:55,US (State),COLESVILLE RD,N/A,SAME DIR REAR END,CLOUDY,DRY,DAYLIGHT,NO CONTROLS,Yes,NO APPARENT INJURY,NOT DISTRACTED,PASSENGER CAR,MOVING CONSTANT SPEED,South,South,40,2005,BMW,7.7,46.2,23.5,0
Property Damage Crash,04-06-2022 15:30,County,E RANDOLPH RD,N/A,SAME DIR REAR END,CLEAR,DRY,DARK LIGHTS ON,TRAFFIC SIGNAL,Yes,NO APPARENT INJURY,UNKNOWN,PASSENGER CAR,SLOWING OR STOPPING,North,North,40,2018,KIA,0,0,0,0
Injury Crash,04-06-2022 15:30,Interstate (State),EISENHOWER MEMORIAL HWY,N/A,SAME DIR REAR END,WINTRY MIX,WET,DARK LIGHTS ON,NO CONTROLS,No,POSSIBLE INJURY,NOT DISTRACTED,(SPORT) UTILITY VEHICLE,PARKED,,,55,2013,FORD,0,0,0,0
Injury Crash,04-06-2022 16:43,US (State),GEORGIA AVE,N/A,HEAD ON LEFT TURN,N/A,DRY,N/A,TRAFFIC SIGNAL,No,NO APPARENT INJURY,NOT DISTRACTED,PASSENGER CAR,MOVING CONSTANT SPEED,North,North,35,2003,HOND,5.1,51,9.3,0
Property Damage Crash,04-06-2022 16:43,County,DEAN RD,N/A,HEAD ON,CLEAR,DRY,DAYLIGHT,NO CONTROLS,No,NO APPARENT INJURY,NOT DISTRACTED,PASSENGER CAR,SLOWING OR STOPPING,South,South,25,1998,HONDA,8.7,49.1,43.1,0
Property Damage Crash,04-06-2022 17:05,,,,OTHER,CLOUDY,,UNKNOWN,NO CONTROLS,No,NO APPARENT INJURY,NOT DISTRACTED,PASSENGER CAR,PARKED,,,15,2004,BMW,4.8,277,45.4,0
Property Damage Crash,04-06-2022 17:05,Maryland (State),ROCKVILLE PIKE,N/A,SAME DIR REAR END,CLEAR,DRY,DAYLIGHT,NO CONTROLS,Yes,NO APPARENT INJURY,UNKNOWN,PASSENGER CAR,ACCELERATING,South,South,35,2006,HOND,0,0,0,0
Injury Crash,04-06-2022 18:10,Maryland (State),GEORGIA AVE,N/A,HEAD ON LEFT TURN,CLEAR,DRY,DAYLIGHT,N/A,No,POSSIBLE INJURY,NOT DISTRACTED,PASSENGER CAR,MOVING CONSTANT SPEED,North,North,35,2004,CHEVROLET,12.2,158,37.4,0
Injury Crash,04-06-2022 18:10,Maryland (State),GEORGIA AVE,N/A,STRAIGHT MOVEMENT ANGLE,CLEAR,DRY,DAYLIGHT,TRAFFIC SIGNAL,No,NO APPARENT INJURY,NOT DISTRACTED,PASSENGER CAR,STARTING FROM LANE,West,West,25,2020,TOYOTA,3.6,43.8,19.7,0
Property Damage Crash,04-06-2022 18:54,County,BROOKVILLE RD,N/A,SAME DIRECTION LEFT TURN,CLOUDY,DRY,DAYLIGHT,NO CONTROLS,Yes,NO APPARENT INJURY,LOOKED BUT DID NOT SEE,PASSENGER CAR,MAKING U TURN,South,North,25,2015,HONDA,0,0,0,0
Property Damage Crash,04-06-2022 18:54,Maryland (State),WOODFIELD RD,N/A,SINGLE VEHICLE,CLEAR,DRY,DARK LIGHTS ON,NO CONTROLS,Yes,NO APPARENT INJURY,UNKNOWN,VAN,MOVING CONSTANT SPEED,North,North,50,2006,HONDA,7.4,43.8,39.2,0
Property Damage Crash,04-06-2022 19:30,Maryland (State),GEORGIA AVE,N/A,SAME DIRECTION SIDESWIPE,RAINING,WET,DAYLIGHT,N/A,No,NO APPARENT INJURY,NOT DISTRACTED,SCHOOL BUS,MOVING CONSTANT SPEED,North,North,35,2018,THOMAS,8,39.1,27,0
Injury Crash,04-06-2022 19:30,Maryland (State),GEORGIA AVE,N/A,STRAIGHT MOVEMENT ANGLE,N/A,DRY,DAYLIGHT,OTHER,No,NO APPARENT INJURY,NOT DISTRACTED,PASSENGER CAR,ACCELERATING,South,East,10,2006,CHEVROLET,4,35.9,24.4,0
Property Damage Crash,04-06-2022 20:20,Maryland (State),DARNESTOWN RD,GAITHERSBURG,SAME DIR REAR END,CLEAR,DRY,DAYLIGHT,NO CONTROLS,Yes,NO APPARENT INJURY,INATTENTIVE OR LOST IN THOUGHT,PASSENGER CAR,SLOWING OR STOPPING,West,West,40,2013,HYUNDAI,0,0,0,0
Injury Crash,04-06-2022 20:20,Maryland (State),MONTGOMERY VILLAGE AVE,N/A,SAME DIR REAR END,RAINING,WET,DARK LIGHTS ON,TRAFFIC SIGNAL,Yes,NO APPARENT INJURY,EATING OR DRINKING,PASSENGER CAR,MOVING CONSTANT SPEED,North,North,35,2004,FORD,0,0,0,0
Injury Crash,04-06-2022 20:45,County,FERN HOLLOW WAY,N/A,HEAD ON,CLOUDY,DRY,DAYLIGHT,NO CONTROLS,No,POSSIBLE INJURY,NOT DISTRACTED,PASSENGER CAR,SLOWING OR STOPPING,East,East,25,2007,MERZ,3.3,35.8,33.2,0
Injury Crash,04-06-2022 21:30,Maryland (State),BRADLEY BLVD,N/A,STRAIGHT MOVEMENT ANGLE,SNOW,SNOW,DAYLIGHT,NO CONTROLS,Yes,NO APPARENT INJURY,LOOKED BUT DID NOT SEE,PASSENGER CAR,MOVING CONSTANT SPEED,West,West,30,2008,VOLKSWAGON,0,0,0,0
Injury Crash,04-06-2022 21:30,Maryland (State),CLARKSBURG RD,N/A,HEAD ON LEFT TURN,OTHER,ICE,DAYLIGHT,NO CONTROLS,No,SUSPECTED MINOR INJURY,NOT DISTRACTED,PASSENGER CAR,MOVING CONSTANT SPEED,North,North,40,2004,HYUNDAI,14.6,174,47.8,0
Injury Crash,04-06-2022 22:39,County,WATKINS MILL RD,N/A,HEAD ON LEFT TURN,CLOUDY,DRY,DAYLIGHT,NO CONTROLS,Yes,NO APPARENT INJURY,UNKNOWN,(SPORT) UTILITY VEHICLE,MAKING LEFT TURN,South,West,35,2009,TOYOYA,0,0,0,0
Injury Crash,05-06-2022 00:20,County,MUDDY BRANCH RD,GAITHERSBURG,STRAIGHT MOVEMENT ANGLE,N/A,DRY,DARK LIGHTS ON,NO CONTROLS,No,SUSPECTED MINOR INJURY,NOT DISTRACTED,MOTORCYCLE,MOVING CONSTANT SPEED,South,South,40,2015,NINJA,12.2,65.3,58.1,0
Injury Crash,05-06-2022 00:20,US (State),COLUMBIA PIKE,N/A,SINGLE VEHICLE,CLEAR,DRY,DARK LIGHTS ON,TRAFFIC SIGNAL,No,NO APPARENT INJURY,NOT DISTRACTED,PASSENGER CAR,STARTING FROM LANE,North,West,50,2004,BMW,7.7,43.9,26.5,0
Injury Crash,05-06-2022 00:57,Municipality,E DIAMOND AVE,GAITHERSBURG,SINGLE VEHICLE,SNOW,SNOW,DAYLIGHT,N/A,Yes,POSSIBLE INJURY,NOT DISTRACTED,PASSENGER CAR,SLOWING OR STOPPING,East,East,30,2002,TOYT,14.3,65.2,57.8,0
Property Damage Crash,05-06-2022 05:33,US (State),COLUMBIA PIKE,N/A,STRAIGHT MOVEMENT ANGLE,CLEAR,DRY,DAYLIGHT,NO CONTROLS,Yes,NO APPARENT INJURY,NOT DISTRACTED,PASSENGER CAR,MAKING LEFT TURN,West,North,45,2011,TOYOTA,0,0,0,0
Property Damage Crash,05-06-2022 05:33,Maryland (State),GEORGIA AVE,N/A,SAME DIRECTION SIDESWIPE,CLOUDY,DRY,DAYLIGHT,NO CONTROLS,No,NO APPARENT INJURY,NOT DISTRACTED,SCHOOL BUS,ACCELERATING,South,South,45,2006,THOMAS,3.2,53.8,49.9,0
Property Damage Crash,05-06-2022 05:40,US (State),COLESVILLE RD,N/A,SAME DIR REAR END,CLEAR,DRY,DARK LIGHTS ON,NO CONTROLS,Yes,NO APPARENT INJURY,NOT DISTRACTED,PASSENGER CAR,SLOWING OR STOPPING,South,South,35,2011,TOYOTA,10.4,276,32.6,0
Property Damage Crash,05-06-2022 05:40,Maryland (State),UNIVERSITY BLVD E,N/A,SAME DIR REAR END,CLEAR,DRY,DAYLIGHT,NO CONTROLS,Yes,NO APPARENT INJURY,UNKNOWN,PASSENGER CAR,SLOWING OR STOPPING,East,East,35,2018,NISSAN,4.9,59.8,47.3,0
Property Damage Crash,05-06-2022 07:20,County,SHADY GROVE RD,N/A,SAME DIRECTION SIDESWIPE,N/A,DRY,DAYLIGHT,TRAFFIC SIGNAL,Yes,NO APPARENT INJURY,NOT DISTRACTED,TRUCK TRACTOR,MAKING LEFT TURN,North,East,40,2012,INTERNATIONAL,4.7,41.1,24,0
Injury Crash,05-06-2022 08:05,Municipality,RESEARCH BLVD,N/A,HEAD ON LEFT TURN,RAINING,WET,DAYLIGHT,NO CONTROLS,No,SUSPECTED MINOR INJURY,NOT DISTRACTED,PASSENGER CAR,MOVING CONSTANT SPEED,North,North,35,1997,TOYT,4.4,40.8,35.6,0
Property Damage Crash,05-06-2022 08:05,Maryland (State),16TH ST,N/A,SAME DIR REAR END,CLEAR,DRY,DAYLIGHT,NO CONTROLS,No,NO APPARENT INJURY,NOT DISTRACTED,PASSENGER CAR,SLOWING OR STOPPING,North,North,35,2014,CHEVROLET,0,0,0,0
Injury Crash,05-06-2022 08:10,Maryland (State),GEORGIA AVE,N/A,STRAIGHT MOVEMENT ANGLE,CLEAR,DRY,DARK LIGHTS ON,TRAFFIC SIGNAL,Yes,NO APPARENT INJURY,UNKNOWN,PASSENGER CAR,MOVING CONSTANT SPEED,North,East,35,2010,CADILLAC,10.3,167,44.5,0
Injury Crash,05-06-2022 08:10,County,BAUER DR,N/A,ANGLE MEETS LEFT HEAD ON,CLEAR,DRY,DARK LIGHTS ON,NO CONTROLS,Yes,NO APPARENT INJURY,LOOKED BUT DID NOT SEE,(SPORT) UTILITY VEHICLE,MAKING LEFT TURN,East,South,30,2015,LEXUS,8.6,48.6,44.2,0.05
Property Damage Crash,05-06-2022 08:18,County,FATHER HURLEY BLVD,N/A,STRAIGHT MOVEMENT ANGLE,N/A,DRY,DAYLIGHT,TRAFFIC SIGNAL,Yes,NO APPARENT INJURY,UNKNOWN,(SPORT) UTILITY VEHICLE,MOVING CONSTANT SPEED,East,East,40,2015,JEEP,2.1,128,21.5,0
Injury Crash,05-06-2022 08:18,Maryland (State),LAYHILL RD,N/A,OPPOSITE DIRECTION SIDESWIPE,CLEAR,DRY,DAYLIGHT,STOP SIGN,Yes,NO APPARENT INJURY,NOT DISTRACTED,"MEDIUM/HEAVY TRUCKS 3 AXLES (OVER 10,000LBS (4,536KG))",MAKING LEFT TURN,West,North,40,2011,CRANE,9.8,39.9,26.6,0
Property Damage Crash,05-06-2022 08:24,County,SAM EIG HWY,N/A,SAME DIR REAR END,CLEAR,DRY,DAYLIGHT,TRAFFIC SIGNAL,Yes,NO APPARENT INJURY,UNKNOWN,VAN,SLOWING OR STOPPING,West,West,55,2011,CHEVROLET,0,0,0,0
Property Damage Crash,05-06-2022 08:24,Interstate (State),EISENHOWER MEMORIAL HWY,N/A,SAME DIR REAR END,CLEAR,DRY,DAYLIGHT,NO CONTROLS,No,NO APPARENT INJURY,NOT DISTRACTED,PASSENGER CAR,SLOWING OR STOPPING,South,South,55,2011,HOND,1.6,126,28.7,0
Property Damage Crash,05-06-2022 08:51,County,SNOUFFERS SCHOOL RD,N/A,STRAIGHT MOVEMENT ANGLE,CLEAR,DRY,DARK LIGHTS ON,NO CONTROLS,Yes,NO APPARENT INJURY,UNKNOWN,PASSENGER CAR,MAKING LEFT TURN,South,South,40,2018,BMW,8.6,310,43.4,0
Property Damage Crash,05-06-2022 08:51,Interstate (State),CAPITAL BELTWAY,N/A,SAME DIRECTION SIDESWIPE,RAINING,WET,DAYLIGHT,NO CONTROLS,No,NO APPARENT INJURY,UNKNOWN,OTHER,MAKING RIGHT TURN,North,West,55,2015,UNK,0,0,0,0
Property Damage Crash,05-06-2022 08:55,Maryland (State),PINEY BRANCH RD,N/A,OTHER,CLEAR,DRY,DAYLIGHT,NO CONTROLS,Unknown,NO APPARENT INJURY,LOOKED BUT DID NOT SEE,PASSENGER CAR,MOVING CONSTANT SPEED,South,South,35,2016,KIA,,,,
Property Damage Crash,05-06-2022 08:55,County,BEL PRE RD,N/A,HEAD ON LEFT TURN,CLEAR,DRY,DAYLIGHT,TRAFFIC SIGNAL,No,NO APPARENT INJURY,NOT DISTRACTED,PICKUP TRUCK,STARTING FROM LANE,East,East,30,1993,TOYOTA,7.9,326,20.7,0
Property Damage Crash,05-06-2022 08:56,Maryland (State),GREAT SENECA HWY,N/A,SAME DIR REAR END,CLEAR,DRY,DARK LIGHTS ON,N/A,Yes,NO APPARENT INJURY,NOT DISTRACTED,PASSENGER CAR,SLOWING OR STOPPING,North,North,50,2002,HONDA,6.4,41.8,32.2,0
Property Damage Crash,05-06-2022 08:56,Municipality,RICE CT,N/A,SAME DIR REAR END,CLEAR,DRY,DAYLIGHT,N/A,Yes,NO APPARENT INJURY,LOOKED BUT DID NOT SEE,"MEDIUM/HEAVY TRUCKS 3 AXLES (OVER 10,000LBS (4,536KG))",BACKING,Unknown,Unknown,25,2008,FORD,8.2,38.4,14.6,0
Property Damage Crash,05-06-2022 09:15,County,RICHTER FARM RD,N/A,STRAIGHT MOVEMENT ANGLE,CLEAR,DRY,DAYLIGHT,STOP SIGN,No,NO APPARENT INJURY,NOT DISTRACTED,PASSENGER CAR,MOVING CONSTANT SPEED,North,North,35,2013,FORD,2.1,30,22.8,0