ACRS Report Type,Date and Time,Route Type,Road Name,Municipality,Collision Type,Weather,Surface Condition,Light,Traffic Control,Driver At Fault,Injury Severity,Driver Distracted By,Vehicle Body Type,Vehicle Movement,Vehicle Continuing Dir,Vehicle Going Dir,Speed Limit,Vehicle Year,Vehicle Make,Wind Speed (MPH),TMP10-DK ,Relative Humidity (%),Rain (Inches)
Property Damage Crash,05-06-2022 09:15,Municipality,OLDE TOWNE AVE,N/A,OPPOSITE DIR BOTH LEFT TURN,CLEAR,DRY,DAYLIGHT,STOP SIGN,Yes,NO APPARENT INJURY,NOT DISTRACTED,PASSENGER CAR,MAKING LEFT TURN,East,East,35,2019,GMC,5.8,144,43.7,0
Property Damage Crash,05-06-2022 09:46,Interstate (State),EISENHOWER MEMORIAL HWY,N/A,SAME DIR REAR END,CLEAR,DRY,DAYLIGHT,NO CONTROLS,Yes,NO APPARENT INJURY,NOT DISTRACTED,PASSENGER CAR,SLOWING OR STOPPING,West,South,55,2015,CHEVROLET,0,0,0,0
Injury Crash,05-06-2022 09:46,Maryland (State),MONTGOMERY VILLAGE AVE,GAITHERSBURG,HEAD ON LEFT TURN,CLEAR,DRY,DAYLIGHT,TRAFFIC SIGNAL,Yes,POSSIBLE INJURY,INATTENTIVE OR LOST IN THOUGHT,PASSENGER CAR,MOVING CONSTANT SPEED,West,West,25,2009,KIA,0,0,0,0
Property Damage Crash,05-06-2022 09:46,Maryland (State),FREDERICK RD,N/A,HEAD ON LEFT TURN,CLEAR,DRY,DAYLIGHT,TRAFFIC SIGNAL,No,NO APPARENT INJURY,NOT DISTRACTED,PASSENGER CAR,MOVING CONSTANT SPEED,South,South,40,2015,HOND,1.3,68,39.3,0
Property Damage Crash,05-06-2022 11:15,County,RANDOLPH RD,N/A,SAME DIR REAR END,CLEAR,DRY,DAYLIGHT,WARNING SIGN,No,NO APPARENT INJURY,NOT DISTRACTED,(SPORT) UTILITY VEHICLE,STOPPED IN TRAFFIC LANE,East,East,40,2005,JEEP,9,49.5,42.9,0
Property Damage Crash,05-06-2022 11:15,County,MUDDY BRANCH RD,GAITHERSBURG,STRAIGHT MOVEMENT ANGLE,CLEAR,DRY,DAYLIGHT,STOP SIGN,Yes,NO APPARENT INJURY,LOOKED BUT DID NOT SEE,PASSENGER CAR,ACCELERATING,North,East,45,2007,VW,3.6,208,23.1,0
Injury Crash,05-06-2022 11:21,County,MUDDY BRANCH RD,GAITHERSBURG,STRAIGHT MOVEMENT ANGLE,CLEAR,DRY,DAYLIGHT,TRAFFIC SIGNAL,Yes,NO APPARENT INJURY,LOOKED BUT DID NOT SEE,PASSENGER CAR,MOVING CONSTANT SPEED,North,North,35,2006,HOND,7.8,280,25.2,0
Property Damage Crash,05-06-2022 11:47,Municipality,MARYLAND AVE,N/A,OTHER,N/A,DRY,DAYLIGHT,YIELD SIGN,Yes,NO APPARENT INJURY,UNKNOWN,"MEDIUM/HEAVY TRUCKS 3 AXLES (OVER 10,000LBS (4,536KG))",MOVING CONSTANT SPEED,East,East,15,2000,FORD,1.9,36.5,24.4,0
Injury Crash,05-06-2022 11:47,County,MACARTHUR BLVD,N/A,SAME DIRECTION SIDESWIPE,CLEAR,DRY,DAYLIGHT,NO CONTROLS,No,POSSIBLE INJURY,NOT DISTRACTED,,MOVING CONSTANT SPEED,North,North,30,0,UNKNOWN,4.2,331,23.5,0
Property Damage Crash,05-06-2022 12:00,,,,OTHER,CLEAR,,DAYLIGHT,N/A,Yes,NO APPARENT INJURY,LOOKED BUT DID NOT SEE,PICKUP TRUCK,STARTING FROM PARKED,North,North,10,2011,TOYT,0,0,0,0
Property Damage Crash,05-06-2022 13:00,County,SENECA MEADOWS PKWY,N/A,SINGLE VEHICLE,RAINING,WET,DAYLIGHT,NO CONTROLS,Yes,NO APPARENT INJURY,NOT DISTRACTED,PASSENGER CAR,MOVING CONSTANT SPEED,South,South,35,2008,FORD,7.1,179,13.6,0
Property Damage Crash,05-06-2022 13:00,,,,SINGLE VEHICLE,CLOUDY,,DARK LIGHTS ON,NO CONTROLS,Yes,NO APPARENT INJURY,UNKNOWN,PASSENGER CAR,STARTING FROM PARKED,East,West,0,2015,TOYOTA,0,0,0,0
Injury Crash,05-06-2022 13:00,Maryland (State),W DIAMOND AVE,N/A,SAME DIR REAR END,CLEAR,DRY,DUSK,TRAFFIC SIGNAL,No,POSSIBLE INJURY,NOT DISTRACTED,PASSENGER CAR,SLOWING OR STOPPING,West,West,35,2016,HYUNDAI,1.4,83,28.7,0
Property Damage Crash,05-06-2022 13:00,Maryland (State),UNIVERSITY BLVD W,N/A,SAME DIRECTION SIDESWIPE,CLEAR,WET,DAYLIGHT,NO CONTROLS,No,NO APPARENT INJURY,NOT DISTRACTED,PASSENGER CAR,MOVING CONSTANT SPEED,West,West,35,2013,FORD,0,0,0,0
Property Damage Crash,05-06-2022 13:28,County,ARCOLA AVE,N/A,STRAIGHT MOVEMENT ANGLE,CLEAR,DRY,DARK LIGHTS ON,N/A,Unknown,NO APPARENT INJURY,UNKNOWN,PASSENGER CAR,MAKING U TURN,Unknown,Unknown,25,2012,NISSAN,13.3,307,22.7,0
Injury Crash,05-06-2022 13:28,County,RANDOLPH RD,N/A,SAME DIR REAR END,CLEAR,DRY,DARK -- UNKNOWN LIGHTING,TRAFFIC SIGNAL,No,SUSPECTED MINOR INJURY,NOT DISTRACTED,PASSENGER CAR,STOPPED IN TRAFFIC LANE,West,West,45,2012,CHEVROLET,0,0,0,0
Property Damage Crash,05-06-2022 13:40,County,GRUBB RD,N/A,SAME DIR REAR END,CLEAR,DRY,DAYLIGHT,NO CONTROLS,No,NO APPARENT INJURY,NOT DISTRACTED,PASSENGER CAR,SLOWING OR STOPPING,North,North,25,2008,NISSAN,3.5,113,28.9,0
Injury Crash,05-06-2022 13:40,County,RANDOLPH RD,N/A,SAME DIR REAR END,CLEAR,DRY,DARK LIGHTS ON,NO CONTROLS,No,NO APPARENT INJURY,NOT DISTRACTED,PASSENGER CAR,STOPPED IN TRAFFIC LANE,East,East,35,2016,VOLKSWAGON,1.4,44.8,37.5,0
Property Damage Crash,05-06-2022 14:26,County,WASHINGTON GROVE LA,N/A,SAME DIR REAR END,CLEAR,DRY,DAWN,TRAFFIC SIGNAL,No,NO APPARENT INJURY,NOT DISTRACTED,PASSENGER CAR,STOPPED IN TRAFFIC LANE,South,South,35,2005,FORD,4.8,358,30.3,0
Injury Crash,05-06-2022 14:26,Maryland (State),PINEY BRANCH RD,N/A,STRAIGHT MOVEMENT ANGLE,CLEAR,DRY,DARK LIGHTS ON,TRAFFIC SIGNAL,No,POSSIBLE INJURY,NOT DISTRACTED,PASSENGER CAR,RIGHT TURN ON RED,North,North,30,2000,LEXUS,0,0,0,0
Property Damage Crash,05-06-2022 14:30,Maryland (State),GEORGIA AVE,N/A,SAME DIR BOTH LEFT TURN,CLEAR,DRY,DARK LIGHTS ON,TRAFFIC SIGNAL,Yes,NO APPARENT INJURY,LOOKED BUT DID NOT SEE,(SPORT) UTILITY VEHICLE,MAKING LEFT TURN,West,West,25,2014,NISSAN,4.9,58,40.8,0
Property Damage Crash,05-06-2022 14:52,Interstate (State),CAPITAL BELTWAY,N/A,SAME DIRECTION SIDESWIPE,CLEAR,DRY,DAYLIGHT,NO CONTROLS,No,NO APPARENT INJURY,NOT DISTRACTED,PASSENGER CAR,SLOWING OR STOPPING,East,East,55,2001,TOYOTA,0,0,0,0
Property Damage Crash,05-06-2022 14:52,County,RANDOLPH RD,N/A,SAME DIR REAR END,CLEAR,DRY,DAYLIGHT,TRAFFIC SIGNAL,Yes,NO APPARENT INJURY,LOOKED BUT DID NOT SEE,PASSENGER CAR,ACCELERATING,East,East,40,2014,HONDA,0.8,18,20.5,0
Property Damage Crash,05-06-2022 15:04,,,,OTHER,CLEAR,,DAYLIGHT,N/A,Yes,NO APPARENT INJURY,NOT DISTRACTED,PASSENGER CAR,BACKING,Unknown,Unknown,0,2020,TOYOTA,5.8,40.8,39.4,0.03
Property Damage Crash,05-06-2022 15:04,Maryland (State),16TH ST,N/A,STRAIGHT MOVEMENT ANGLE,CLEAR,DRY,DAYLIGHT,TRAFFIC SIGNAL,Yes,NO APPARENT INJURY,NOT DISTRACTED,PASSENGER CAR,MOVING CONSTANT SPEED,West,West,35,2015,HYUNDAI,10.3,185,37.7,0
Injury Crash,05-06-2022 15:24,Maryland (State),GEORGIA AVE,N/A,SAME DIR REAR END,N/A,N/A,DAYLIGHT,TRAFFIC SIGNAL,Yes,NO APPARENT INJURY,LOOKED BUT DID NOT SEE,PASSENGER CAR,MOVING CONSTANT SPEED,South,South,30,2014,JEEP,8.8,358,17.7,0
Property Damage Crash,05-06-2022 15:24,County,SAM EIG HWY,N/A,SAME DIR REAR END,CLEAR,DRY,DAYLIGHT,TRAFFIC SIGNAL,No,NO APPARENT INJURY,NOT DISTRACTED,PICKUP TRUCK,STOPPED IN TRAFFIC LANE,North,West,30,2019,FORD,1.3,42.5,38.9,0
Injury Crash,05-06-2022 15:40,Maryland (State),ROCKVILLE PIKE,N/A,SAME DIR REAR END,CLOUDY,DRY,DAYLIGHT,TRAFFIC SIGNAL,No,POSSIBLE INJURY,NOT DISTRACTED,PASSENGER CAR,SLOWING OR STOPPING,South,South,40,2016,DODGE,2.9,36.5,35.5,0.05
Injury Crash,05-06-2022 15:40,County,DARNESTOWN RD,N/A,STRAIGHT MOVEMENT ANGLE,CLEAR,DRY,DAYLIGHT,TRAFFIC SIGNAL,No,POSSIBLE INJURY,NOT DISTRACTED,PASSENGER CAR,ACCELERATING,West,West,40,2015,BMW,0,0,0,0
Injury Crash,05-06-2022 15:55,County,MIDDLEBROOK RD,N/A,HEAD ON LEFT TURN,CLEAR,DRY,DARK LIGHTS ON,TRAFFIC SIGNAL,No,POSSIBLE INJURY,UNKNOWN,OTHER,MOVING CONSTANT SPEED,South,South,40,2009,STRN,2.5,33.9,32.4,0
Property Damage Crash,05-06-2022 15:55,County,CIDER BARRELL DR,N/A,SAME DIRECTION SIDESWIPE,CLEAR,DRY,DAYLIGHT,NO CONTROLS,Yes,NO APPARENT INJURY,OTHER CELLULAR PHONE RELATED,PASSENGER CAR,MOVING CONSTANT SPEED,North,North,30,2002,HONDA,0,0,0,0
Property Damage Crash,05-06-2022 15:55,County,FLOWER AVE,N/A,SAME DIRECTION SIDESWIPE,CLEAR,DRY,DAYLIGHT,TRAFFIC SIGNAL,No,NO APPARENT INJURY,NOT DISTRACTED,PASSENGER CAR,MAKING LEFT TURN,East,South,25,2011,KIA,8.2,38.7,16.6,0
Injury Crash,05-06-2022 16:00,Maryland (State),NORBECK RD,N/A,SAME DIRECTION SIDESWIPE,CLEAR,DRY,DAYLIGHT,TRAFFIC SIGNAL,Yes,NO APPARENT INJURY,LOOKED BUT DID NOT SEE,PASSENGER CAR,MAKING LEFT TURN,South,West,45,2016,LANDROVER,11.9,199,41.2,0
Property Damage Crash,05-06-2022 16:20,US (State),COLESVILLE RD,N/A,SAME DIRECTION LEFT TURN,CLEAR,DRY,DAYLIGHT,N/A,No,NO APPARENT INJURY,NOT DISTRACTED,(SPORT) UTILITY VEHICLE,MOVING CONSTANT SPEED,South,South,35,2010,CHEVY,4.9,59.8,47.2,0
Injury Crash,05-06-2022 16:20,County,DIAMONDBACK DR,N/A,HEAD ON,CLEAR,DRY,DAYLIGHT,TRAFFIC SIGNAL,No,SUSPECTED MINOR INJURY,NOT DISTRACTED,PASSENGER CAR,STOPPED IN TRAFFIC LANE,West,West,30,2009,NISSAN,9.5,272,36,0
Property Damage Crash,05-06-2022 16:25,Maryland (State),GEORGIA AVE,N/A,SAME DIR REAR END,N/A,DRY,DAYLIGHT,NO CONTROLS,No,NO APPARENT INJURY,NOT DISTRACTED,PASSENGER CAR,MOVING CONSTANT SPEED,North,North,25,2017,DODGE,2,28.8,21.3,0
Property Damage Crash,05-06-2022 16:25,,,,OTHER,RAINING,,DARK LIGHTS ON,NO CONTROLS,Yes,NO APPARENT INJURY,UNKNOWN,(SPORT) UTILITY VEHICLE,MOVING CONSTANT SPEED,West,South,0,2013,MERCEDES,0,0,0,0
Property Damage Crash,05-06-2022 16:32,Maryland (State),W MONTGOMERY AVE,ROCKVILLE,SAME DIRECTION SIDESWIPE,CLEAR,DRY,DAYLIGHT,NO CONTROLS,No,NO APPARENT INJURY,LOOKED BUT DID NOT SEE,AMBULANCE/EMERGENCY,MAKING U TURN,West,West,45,2020,FRIEGHTLINER,3,132,43.3,0
Injury Crash,05-06-2022 16:32,Interstate (State),CAPITAL BELTWAY,N/A,SAME DIRECTION SIDESWIPE,CLEAR,DRY,DARK LIGHTS ON,NO CONTROLS,No,SUSPECTED MINOR INJURY,NOT DISTRACTED,(SPORT) UTILITY VEHICLE,MOVING CONSTANT SPEED,West,West,55,2018,HONDA,2.1,33.6,26.8,0
Injury Crash,05-06-2022 16:44,Maryland (State),NEW HAMPSHIRE AVE,N/A,UNKNOWN,CLEAR,DRY,DARK LIGHTS ON,TRAFFIC SIGNAL,Yes,SUSPECTED SERIOUS INJURY,UNKNOWN,MOTORCYCLE,UNKNOWN,Unknown,Unknown,35,2013,SUSUKI,0,0,0,0
Property Damage Crash,05-06-2022 16:44,Maryland (State),NEW HAMPSHIRE AVE,N/A,SAME DIR REAR END,CLEAR,DRY,DAYLIGHT,N/A,Yes,NO APPARENT INJURY,OTHER DISTRACTION,PASSENGER CAR,MOVING CONSTANT SPEED,East,East,40,2000,BMW,12.9,28.3,18,0
Property Damage Crash,05-06-2022 16:48,County,LAWNSBERRY TERR,N/A,SAME DIRECTION SIDESWIPE,CLOUDY,DRY,DAYLIGHT,NO CONTROLS,Yes,NO APPARENT INJURY,UNKNOWN,PASSENGER CAR,BACKING,Unknown,Unknown,25,2009,TOYOTA,3.8,43,39.2,0
Injury Crash,05-06-2022 17:00,Maryland (State),ROCKVILLE PIKE,N/A,STRAIGHT MOVEMENT ANGLE,CLEAR,DRY,DAYLIGHT,TRAFFIC SIGNAL,No,POSSIBLE INJURY,NOT DISTRACTED,PASSENGER CAR,MOVING CONSTANT SPEED,East,East,35,2011,TOYOTA,8.3,49,27.8,0
Property Damage Crash,05-06-2022 17:00,County,AIRPARK RD,N/A,SAME DIRECTION SIDESWIPE,N/A,DRY,DAYLIGHT,NO CONTROLS,Yes,NO APPARENT INJURY,UNKNOWN,PASSENGER CAR,MOVING CONSTANT SPEED,East,East,35,2003,FORD,8.3,297,29.8,0
Injury Crash,05-06-2022 18:23,County,GAME PRESERVE RD,N/A,HEAD ON,RAINING,WET,DAYLIGHT,NO CONTROLS,No,NO APPARENT INJURY,NOT DISTRACTED,PASSENGER CAR,ACCELERATING,West,West,15,2005,SUBA,6,316,23,0
Property Damage Crash,05-06-2022 18:23,Maryland (State),WOODFIELD RD,N/A,SAME DIR REAR END,CLEAR,DRY,DARK LIGHTS ON,TRAFFIC SIGNAL,No,NO APPARENT INJURY,NOT DISTRACTED,PASSENGER CAR,STOPPED IN TRAFFIC LANE,South,South,35,2015,CHEV,3.1,42,39.9,0
Property Damage Crash,05-06-2022 19:22,,CROWN PARK AVE,N/A,SAME DIR REAR END,CLEAR,DRY,DAYLIGHT,NO CONTROLS,Yes,NO APPARENT INJURY,UNKNOWN,PASSENGER CAR,PARKING,South,South,25,2010,BUICK,2.4,113,34,0
Injury Crash,05-06-2022 19:22,County,NORBECK FARM DR,N/A,SINGLE VEHICLE,CLEAR,DRY,DARK -- UNKNOWN LIGHTING,NO CONTROLS,Yes,SUSPECTED MINOR INJURY,NOT DISTRACTED,PASSENGER CAR,ACCELERATING,North,North,25,2012,BMW,5.9,43.9,28.3,0
Property Damage Crash,05-06-2022 20:42,County,ROCKLEDGE DR,N/A,SAME DIR REAR END,N/A,DRY,DAYLIGHT,YIELD SIGN,No,NO APPARENT INJURY,NOT DISTRACTED,PICKUP TRUCK,SLOWING OR STOPPING,South,South,30,2010,CHEV,5.5,37.4,29.3,0
Property Damage Crash,05-06-2022 20:42,County,REDLAND RD,N/A,SAME DIR REAR END,RAINING,WET,DAYLIGHT,NO CONTROLS,Yes,NO APPARENT INJURY,NOT DISTRACTED,PASSENGER CAR,SLOWING OR STOPPING,South,South,35,2010,HONDA,2.4,47.1,43.2,0
Injury Crash,05-06-2022 22:03,Maryland (State),QUINCE ORCHARD RD,N/A,SAME DIR REAR END,CLEAR,DRY,DAYLIGHT,N/A,Yes,POSSIBLE INJURY,INATTENTIVE OR LOST IN THOUGHT,"OTHER LIGHT TRUCKS (10,000LBS (4,536KG) OR LESS)",SLOWING OR STOPPING,South,South,45,1999,DOD,1.8,33.6,26.5,0
Injury Crash,05-06-2022 22:03,Maryland (State),GEORGIA AVE,N/A,SAME DIR REAR END,CLEAR,DRY,DARK LIGHTS ON,YIELD SIGN,Yes,NO APPARENT INJURY,NOT DISTRACTED,PASSENGER CAR,MOVING CONSTANT SPEED,East,North,35,2003,ACURA,0.9,36.5,21.7,0
Property Damage Crash,05-06-2022 22:20,County,WOODMONT AVE,N/A,SAME DIRECTION SIDESWIPE,CLEAR,DRY,DAYLIGHT,N/A,No,NO APPARENT INJURY,NOT DISTRACTED,"CARGO VAN/LIGHT TRUCK 2 AXLES (OVER 10,000LBS (4,536 KG))",STOPPED IN TRAFFIC LANE,North,North,25,2016,INTERNATIONAL,3.6,326,20.4,0
Injury Crash,05-06-2022 22:20,County,SUNDOWN RD,N/A,SAME DIR REAR END,CLEAR,DRY,DAYLIGHT,OTHER,Yes,POSSIBLE INJURY,LOOKED BUT DID NOT SEE,PASSENGER CAR,MOVING CONSTANT SPEED,West,West,45,2015,NISSAN,4.7,123,26.6,0
Property Damage Crash,06-06-2022 01:06,Maryland (State),PHILADELPHIA AVE,N/A,HEAD ON LEFT TURN,CLEAR,DRY,DAYLIGHT,TRAFFIC SIGNAL,No,NO APPARENT INJURY,NOT DISTRACTED,PASSENGER CAR,MOVING CONSTANT SPEED,East,East,25,2014,NISSAN,5.4,179,28.9,0
Property Damage Crash,06-06-2022 01:18,Municipality,GAITHER RD,ROCKVILLE,SINGLE VEHICLE,CLOUDY,WET,DAYLIGHT,NO CONTROLS,Yes,NO APPARENT INJURY,NOT DISTRACTED,PASSENGER CAR,ACCELERATING,North,North,35,2010,INFI,5.3,39,26.6,0
Injury Crash,06-06-2022 06:44,County,VEIRS MILL RD,N/A,SAME DIR REAR END,CLEAR,DRY,DAYLIGHT,NO CONTROLS,No,POSSIBLE INJURY,NOT DISTRACTED,PASSENGER CAR,SLOWING OR STOPPING,South,South,40,1997,HONDA,3.5,146,35,0
Property Damage Crash,06-06-2022 06:44,County,CHAPMAN AVE,N/A,SINGLE VEHICLE,CLEAR,DRY,DAYLIGHT,NO CONTROLS,Yes,NO APPARENT INJURY,UNKNOWN,PASSENGER CAR,MOVING CONSTANT SPEED,South,South,25,1999,MAZDA,5.8,40,25.9,0
Injury Crash,06-06-2022 07:00,Maryland (State),UNIVERSITY BLVD W,N/A,SINGLE VEHICLE,CLEAR,DRY,DAYLIGHT,NO CONTROLS,Yes,POSSIBLE INJURY,UNKNOWN,PICKUP TRUCK,MOVING CONSTANT SPEED,West,West,35,2018,FORD,4.6,43.1,30.9,0
Injury Crash,06-06-2022 07:00,Maryland (State),FREDERICK RD,ROCKVILLE,SAME DIR REAR END,CLEAR,DRY,DAYLIGHT,TRAFFIC SIGNAL,Yes,NO APPARENT INJURY,NOT DISTRACTED,PASSENGER CAR,SLOWING OR STOPPING,East,South,45,2017,KIA,0,0,0,0
Injury Crash,06-06-2022 07:00,Maryland (State),MASSACHUSETTS AVE,N/A,SAME DIRECTION RIGHT TURN,CLOUDY,DRY,DAYLIGHT,NO CONTROLS,No,NO APPARENT INJURY,LOOKED BUT DID NOT SEE,,MAKING RIGHT TURN,South,East,30,0,UNKNOWN,0,0,0,0
Property Damage Crash,06-06-2022 08:27,Maryland (State),FREDERICK RD,GAITHERSBURG,STRAIGHT MOVEMENT ANGLE,CLEAR,DRY,DAYLIGHT,NO CONTROLS,No,NO APPARENT INJURY,NOT DISTRACTED,PASSENGER CAR,MOVING CONSTANT SPEED,North,North,40,2020,DODG,6.4,324,30.1,0
Property Damage Crash,06-06-2022 09:58,County,ROSEMERE AVE,N/A,SAME DIR REAR END,N/A,DRY,DARK -- UNKNOWN LIGHTING,N/A,No,NO APPARENT INJURY,NOT DISTRACTED,PASSENGER CAR,PARKED,,,25,2004,SCION,0,0,0,0
Property Damage Crash,06-06-2022 09:58,Municipality,RITCHIE AVE,TAKOMA PARK,OTHER,CLEAR,DRY,DAYLIGHT,N/A,Yes,NO APPARENT INJURY,NOT DISTRACTED,PASSENGER CAR,PASSING,South,South,15,2010,FORD,0,0,0,0
Property Damage Crash,06-06-2022 10:04,County,ASHLEY DR,N/A,OTHER,CLOUDY,DRY,DARK LIGHTS ON,NO CONTROLS,Yes,NO APPARENT INJURY,NOT DISTRACTED,AMBULANCE/EMERGENCY,MOVING CONSTANT SPEED,South,South,30,2016,FRHT,2.6,215,39.7,0
Injury Crash,06-06-2022 10:04,Maryland (State),QUINCE ORCHARD RD,N/A,SAME DIR REAR END,CLEAR,DRY,DAYLIGHT,TRAFFIC SIGNAL,No,POSSIBLE INJURY,NOT DISTRACTED,PASSENGER CAR,MAKING RIGHT TURN,East,North,35,2006,HOND,0,0,0,0
Injury Crash,06-06-2022 10:33,County,NORBECK RD,N/A,SAME DIR REAR END,CLEAR,DRY,DARK NO LIGHTS,NO CONTROLS,Yes,NO APPARENT INJURY,LOOKED BUT DID NOT SEE,PASSENGER CAR,MOVING CONSTANT SPEED,West,West,45,2015,CHEVY,1.3,45.5,41.5,0
Injury Crash,06-06-2022 10:47,Maryland (State),CONNECTICUT AVE,N/A,SAME DIRECTION LEFT TURN,CLEAR,DRY,DAYLIGHT,TRAFFIC SIGNAL,No,POSSIBLE INJURY,NOT DISTRACTED,(SPORT) UTILITY VEHICLE,MOVING CONSTANT SPEED,South,South,35,2017,JEEP,0,0,0,0
Injury Crash,06-06-2022 10:47,Interstate (State),CAPITAL BELTWAY,N/A,SAME DIR REAR END,N/A,DRY,DARK LIGHTS ON,NO CONTROLS,No,POSSIBLE INJURY,NOT DISTRACTED,PASSENGER CAR,SLOWING OR STOPPING,North,North,55,2010,HONDA,1.8,36,26.1,0
Injury Crash,06-06-2022 12:30,County,BROOKVILLE RD,N/A,STRAIGHT MOVEMENT ANGLE,RAINING,WET,DAYLIGHT,STOP SIGN,Yes,SUSPECTED MINOR INJURY,UNKNOWN,PICKUP TRUCK,MOVING CONSTANT SPEED,South,South,30,2000,GMC,4.9,41.1,29.5,0
Injury Crash,06-06-2022 12:30,Municipality,WOOTTON PKWY,ROCKVILLE,STRAIGHT MOVEMENT ANGLE,RAINING,WET,DAYLIGHT,TRAFFIC SIGNAL,Yes,NO APPARENT INJURY,INATTENTIVE OR LOST IN THOUGHT,VAN,MAKING LEFT TURN,South,West,35,2013,CHEV,4.2,264,37.8,0
Injury Crash,06-06-2022 12:41,Maryland (State),NEW HAMPSHIRE AVE,N/A,SAME DIR REAR END,CLEAR,DRY,DAYLIGHT,TRAFFIC SIGNAL,No,POSSIBLE INJURY,NOT DISTRACTED,VAN,STOPPED IN TRAFFIC LANE,South,South,40,2010,FORD,0,0,0,0
Property Damage Crash,06-06-2022 12:41,County,PARKLAND DR,N/A,STRAIGHT MOVEMENT ANGLE,CLEAR,WET,DAYLIGHT,STOP SIGN,No,NO APPARENT INJURY,NOT DISTRACTED,PASSENGER CAR,MOVING CONSTANT SPEED,North,North,25,2002,HOND,0,0,0,0
Property Damage Crash,06-06-2022 13:12,County,TUCKERMAN LA,N/A,HEAD ON LEFT TURN,RAINING,WET,DAYLIGHT,STOP SIGN,Yes,NO APPARENT INJURY,LOOKED BUT DID NOT SEE,PASSENGER CAR,SLOWING OR STOPPING,South,South,25,2012,CHEV,11.6,303,27,0
Injury Crash,06-06-2022 13:12,Maryland (State),ROCKVILLE PIKE,ROCKVILLE,SAME DIR REAR END,CLEAR,DRY,DARK LIGHTS ON,N/A,Yes,NO APPARENT INJURY,NOT DISTRACTED,PASSENGER CAR,MOVING CONSTANT SPEED,North,North,40,1999,TOYOTA,11.7,33.9,21.2,0
Property Damage Crash,06-06-2022 13:49,County,SENECA MEADOWS PKWY,N/A,SINGLE VEHICLE,CLEAR,N/A,DAYLIGHT,TRAFFIC SIGNAL,Yes,NO APPARENT INJURY,BY MOVING OBJECT IN VEHICLE,PASSENGER CAR,MAKING LEFT TURN,North,North,30,1999,MERCURY,7.3,140,41.6,0
Property Damage Crash,06-06-2022 14:45,Maryland (State),CONNECTICUT AVE,N/A,SAME DIR REAR END,CLEAR,DRY,DAYLIGHT,TRAFFIC SIGNAL,No,NO APPARENT INJURY,NOT DISTRACTED,PASSENGER CAR,SLOWING OR STOPPING,West,South,45,2013,TESLA,4.4,82,30.8,0
Injury Crash,06-06-2022 14:45,Maryland (State),CLOPPER RD,GAITHERSBURG,STRAIGHT MOVEMENT ANGLE,RAINING,WET,DARK LIGHTS ON,TRAFFIC SIGNAL,No,POSSIBLE INJURY,NOT DISTRACTED,POLICE VEHICLE/NON EMERGENCY,MOVING CONSTANT SPEED,West,West,35,2017,FORD,4.3,31.4,16.8,0
Injury Crash,06-06-2022 14:49,County,WAYNE AVE,N/A,SAME DIRECTION SIDESWIPE,CLEAR,DRY,DARK LIGHTS ON,N/A,Yes,NO APPARENT INJURY,DISTRACTED BY OUTSIDE PERSON OBJECT OR EVENT,PASSENGER CAR,STARTING FROM PARKED,East,East,35,2008,HONDA,1.8,37.3,32.2,0
Injury Crash,06-06-2022 14:49,Maryland (State),GEORGIA AVE,N/A,SAME DIR REAR END,CLEAR,DRY,DAYLIGHT,NO CONTROLS,No,POSSIBLE INJURY,NOT DISTRACTED,PASSENGER CAR,STOPPED IN TRAFFIC LANE,South,South,30,2023,TOYT,3.3,225,32.3,0
Injury Crash,06-06-2022 15:27,Maryland (State),GEORGIA AVE,N/A,SAME DIR REAR END,CLEAR,DRY,DAYLIGHT,TRAFFIC SIGNAL,No,NO APPARENT INJURY,NOT DISTRACTED,"CARGO VAN/LIGHT TRUCK 2 AXLES (OVER 10,000LBS (4,536 KG))",STOPPED IN TRAFFIC LANE,North,North,35,2003,FORD,0,0,0,0
Injury Crash,06-06-2022 15:27,County,SNOUFFERS SCHOOL RD,N/A,SINGLE VEHICLE,CLEAR,DRY,DARK LIGHTS ON,NO CONTROLS,Yes,SUSPECTED MINOR INJURY,UNKNOWN,PASSENGER CAR,UNKNOWN,East,North,35,2014,HONDA,9,328,-3.7,0
Property Damage Crash,06-06-2022 16:00,County,OLD COLUMBIA PIKE,N/A,STRAIGHT MOVEMENT ANGLE,CLEAR,DRY,DAYLIGHT,N/A,No,NO APPARENT INJURY,NOT DISTRACTED,PASSENGER CAR,MOVING CONSTANT SPEED,West,West,40,2017,HYUN,0,0,0,0
Property Damage Crash,06-06-2022 16:00,,,,SAME DIRECTION SIDESWIPE,CLEAR,,DARK LIGHTS ON,NO CONTROLS,Yes,NO APPARENT INJURY,NOT DISTRACTED,PASSENGER CAR,PARKING,East,East,5,2005,ACURA,0,0,0,0
Property Damage Crash,06-06-2022 16:00,Maryland (State),GEORGIA AVE,N/A,SAME DIR REAR END,CLEAR,DRY,DARK LIGHTS ON,NO CONTROLS,No,NO APPARENT INJURY,UNKNOWN,,SLOWING OR STOPPING,North,North,35,0,UNKNOWN,5.5,46.1,23.3,0
Injury Crash,06-06-2022 16:00,County,DEMOCRACY BLVD,N/A,SAME DIRECTION LEFT TURN,CLEAR,SAND,DAYLIGHT,OTHER,No,NO APPARENT INJURY,NOT DISTRACTED,PASSENGER CAR,MOVING CONSTANT SPEED,East,West,45,2010,FORD,0,0,0,0