ACRS Report Type,Date and Time,Route Type,Road Name,Municipality,Collision Type,Weather,Surface Condition,Light,Traffic Control,Driver At Fault,Injury Severity,Driver Distracted By,Vehicle Body Type,Vehicle Movement,Vehicle Continuing Dir,Vehicle Going Dir,Speed Limit,Vehicle Year,Vehicle Make,Wind Speed (MPH),TMP10-DK ,Relative Humidity (%),Rain (Inches)
Property Damage Crash,06-06-2022 16:44,Maryland (State),ROCKVILLE PIKE,ROCKVILLE,SINGLE VEHICLE,CLEAR,DRY,DAYLIGHT,NO CONTROLS,Yes,NO APPARENT INJURY,INATTENTIVE OR LOST IN THOUGHT,PASSENGER CAR,STARTING FROM PARKED,East,East,10,2008,FORD,6.8,41.6,33,0
Property Damage Crash,06-06-2022 16:44,,,,OTHER,CLEAR,,UNKNOWN,NO CONTROLS,Yes,NO APPARENT INJURY,UNKNOWN,PASSENGER CAR,PARKING,Unknown,Unknown,15,2002,ACURA,0,0,0,0
Property Damage Crash,06-06-2022 16:48,Maryland (State),ROCKVILLE PIKE,N/A,SAME DIRECTION LEFT TURN,CLEAR,DRY,N/A,TRAFFIC SIGNAL,No,NO APPARENT INJURY,NOT DISTRACTED,TRANSIT BUS,MAKING LEFT TURN,North,East,35,2017,GILILG,0,0,0,0
Property Damage Crash,06-06-2022 16:48,County,MASON ST,N/A,SAME DIR REAR END,CLEAR,DRY,N/A,NO CONTROLS,Yes,NO APPARENT INJURY,LOOKED BUT DID NOT SEE,PASSENGER CAR,MOVING CONSTANT SPEED,South,South,35,2015,NISSAN,0,0,0,0
Property Damage Crash,06-06-2022 16:48,County,PARKLAWN DR,N/A,STRAIGHT MOVEMENT ANGLE,CLOUDY,DRY,DAWN,YIELD SIGN,No,NO APPARENT INJURY,UNKNOWN,,MOVING CONSTANT SPEED,South,South,30,0,UNKNOWN,8.6,323,20.2,0
Property Damage Crash,06-06-2022 18:28,Maryland (State),GEORGIA AVE,N/A,SAME DIR REAR END,CLEAR,DRY,DARK NO LIGHTS,TRAFFIC SIGNAL,Yes,NO APPARENT INJURY,OTHER DISTRACTION,PASSENGER CAR,SLOWING OR STOPPING,North,North,45,2011,INFINITY,3.3,51.2,40.9,0
Property Damage Crash,06-06-2022 18:28,,,,SAME DIR REAR END,RAINING,,DARK LIGHTS ON,TRAFFIC SIGNAL,No,NO APPARENT INJURY,NOT DISTRACTED,PASSENGER CAR,STOPPED IN TRAFFIC LANE,West,West,10,2011,HYUN,5.2,38,21.5,0
Injury Crash,06-06-2022 18:28,,,,HEAD ON LEFT TURN,CLEAR,,DAYLIGHT,N/A,Yes,SUSPECTED MINOR INJURY,LOOKED BUT DID NOT SEE,PASSENGER CAR,MAKING LEFT TURN,West,North,15,2013,HYUN,8,288,32.6,0
Injury Crash,06-06-2022 21:15,Maryland (State),WISCONSIN AVE,N/A,HEAD ON LEFT TURN,CLOUDY,DRY,DAYLIGHT,TRAFFIC SIGNAL,Yes,POSSIBLE INJURY,NOT DISTRACTED,PASSENGER CAR,ACCELERATING,South,South,25,2012,INFINITY,4.4,278,29.3,0
Injury Crash,06-06-2022 21:15,Maryland (State),OLNEY SANDY SPRING RD,N/A,HEAD ON LEFT TURN,CLEAR,DRY,DARK LIGHTS ON,TRAFFIC SIGNAL,No,POSSIBLE INJURY,NOT DISTRACTED,PASSENGER CAR,MOVING CONSTANT SPEED,West,West,40,2004,TOYOTA,9.3,176,3.4,0
Property Damage Crash,06-06-2022 21:16,Interstate (State),CAPITAL BELTWAY,N/A,SAME DIR REAR END,CLOUDY,DRY,DAYLIGHT,N/A,No,NO APPARENT INJURY,NOT DISTRACTED,PASSENGER CAR,SLOWING OR STOPPING,South,South,55,2007,HONDA,1.6,27,39,0
Injury Crash,06-06-2022 21:16,County,GAINES AVE,N/A,STRAIGHT MOVEMENT ANGLE,CLEAR,DRY,DAYLIGHT,STOP SIGN,Yes,NO APPARENT INJURY,LOOKED BUT DID NOT SEE,VAN,ACCELERATING,East,East,25,2019,MERCEDES,0,0,0,0
Property Damage Crash,06-06-2022 21:16,,,,N/A,CLEAR,,DAYLIGHT,NO CONTROLS,Yes,NO APPARENT INJURY,NOT DISTRACTED,PICKUP TRUCK,BACKING,East,East,5,2018,FORD,1.9,108,27.1,0
Injury Crash,06-06-2022 21:16,County,SHADY GROVE RD,N/A,SAME DIR REAR END,N/A,DRY,DAYLIGHT,N/A,No,POSSIBLE INJURY,NOT DISTRACTED,PASSENGER CAR,SLOWING OR STOPPING,North,North,45,2018,NISS,12.8,171,37,0
Property Damage Crash,06-06-2022 22:27,County,GOSHEN RD,N/A,SAME DIR REAR END,CLEAR,DRY,DAYLIGHT,TRAFFIC SIGNAL,No,NO APPARENT INJURY,NOT DISTRACTED,PASSENGER CAR,STOPPED IN TRAFFIC LANE,South,South,35,2015,HONDA,2.7,112,31.2,0
Property Damage Crash,06-06-2022 22:27,Maryland (State),DARNESTOWN RD,N/A,SINGLE VEHICLE,CLEAR,DRY,DARK LIGHTS ON,N/A,Yes,NO APPARENT INJURY,UNKNOWN,PASSENGER CAR,MOVING CONSTANT SPEED,South,West,40,2008,LEXUS,0,0,0,0
Property Damage Crash,07-06-2022 02:46,Maryland (State),GEORGIA AVE,N/A,OTHER,CLEAR,DRY,DAYLIGHT,TRAFFIC SIGNAL,Yes,NO APPARENT INJURY,NOT DISTRACTED,PASSENGER CAR,CHANGING LANES,North,North,35,2012,HOND,4.1,142,41.8,0
Property Damage Crash,07-06-2022 07:10,Municipality,W EDMONSTON DR,ROCKVILLE,HEAD ON LEFT TURN,CLEAR,DRY,DAYLIGHT,STOP SIGN,Yes,NO APPARENT INJURY,LOOKED BUT DID NOT SEE,PASSENGER CAR,MAKING LEFT TURN,West,South,5,2010,HOND,2.4,325,18.4,0
Property Damage Crash,07-06-2022 07:10,Maryland (State),MONTGOMERY VILLAGE AVE,GAITHERSBURG,STRAIGHT MOVEMENT ANGLE,RAINING,WET,DARK LIGHTS ON,TRAFFIC SIGNAL,No,NO APPARENT INJURY,UNKNOWN,PASSENGER CAR,MOVING CONSTANT SPEED,North,North,40,2012,FORD,2.1,51,42.6,0
Injury Crash,07-06-2022 07:26,Maryland (State),W MONTGOMERY AVE,ROCKVILLE,SAME DIR REAR END,CLEAR,WET,DARK LIGHTS ON,NO CONTROLS,No,NO APPARENT INJURY,NOT DISTRACTED,PASSENGER CAR,STOPPED IN TRAFFIC LANE,West,West,30,2006,TOYOTA,4.3,239,57.8,0
Property Damage Crash,07-06-2022 08:39,US (State),COLUMBIA PIKE,N/A,SINGLE VEHICLE,CLEAR,DRY,DARK NO LIGHTS,N/A,No,NO APPARENT INJURY,NOT DISTRACTED,PASSENGER CAR,MOVING CONSTANT SPEED,North,North,50,2013,HONDA,2,27.3,21.9,0
Property Damage Crash,07-06-2022 08:40,County,CASHELL RD,N/A,SAME DIR REAR END,CLEAR,DRY,DAYLIGHT,NO CONTROLS,No,NO APPARENT INJURY,NOT DISTRACTED,UNKNOWN,PARKED,,,30,1988,CHEV,0,0,0,0
Property Damage Crash,07-06-2022 08:40,County,DEMOCRACY BLVD,N/A,OTHER,CLEAR,DRY,DAYLIGHT,TRAFFIC SIGNAL,No,NO APPARENT INJURY,NOT DISTRACTED,(SPORT) UTILITY VEHICLE,MOVING CONSTANT SPEED,East,East,35,2019,BMW,5.4,50.5,38.1,0
Property Damage Crash,07-06-2022 09:00,Maryland (State),VEIRS MILL RD,ROCKVILLE,OTHER,CLEAR,DRY,DAYLIGHT,TRAFFIC SIGNAL,Yes,NO APPARENT INJURY,NOT DISTRACTED,PASSENGER CAR,ACCELERATING,West,West,40,2004,FORD,1.7,118,20.1,0
Injury Crash,07-06-2022 09:00,County,OLD COLUMBIA PIKE,N/A,STRAIGHT MOVEMENT ANGLE,WINTRY MIX,SNOW,DARK LIGHTS ON,NO CONTROLS,Yes,SUSPECTED MINOR INJURY,NOT DISTRACTED,PASSENGER CAR,SLOWING OR STOPPING,North,North,25,2000,NISSAN,10.8,308,32.6,0
Property Damage Crash,07-06-2022 09:14,Maryland (State),CONNECTICUT AVE,N/A,SAME DIR REAR END,N/A,DRY,DARK LIGHTS ON,NO CONTROLS,Yes,NO APPARENT INJURY,NOT DISTRACTED,PASSENGER CAR,UNKNOWN,North,North,40,2014,CHEVROLET,3.3,58.9,39.1,0
Property Damage Crash,07-06-2022 09:14,Maryland (State),GREAT SENECA HWY,GAITHERSBURG,STRAIGHT MOVEMENT ANGLE,CLOUDY,DRY,DAYLIGHT,TRAFFIC SIGNAL,Yes,NO APPARENT INJURY,NOT DISTRACTED,(SPORT) UTILITY VEHICLE,MAKING LEFT TURN,North,East,30,2005,FORD,12.2,35.1,24.5,0
Property Damage Crash,07-06-2022 10:00,County,NORBECK RD,N/A,SINGLE VEHICLE,WINTRY MIX,SLUSH,DARK NO LIGHTS,NO CONTROLS,Yes,NO APPARENT INJURY,NOT DISTRACTED,(SPORT) UTILITY VEHICLE,MOVING CONSTANT SPEED,West,West,45,2007,CHEVROLET,12.3,174,31,0
Property Damage Crash,07-06-2022 10:00,County,CLOPPER RD,N/A,SINGLE VEHICLE,RAINING,WET,DAYLIGHT,NO CONTROLS,Yes,NO APPARENT INJURY,NOT DISTRACTED,(SPORT) UTILITY VEHICLE,MOVING CONSTANT SPEED,West,West,40,2004,JEEP,0,0,0,0
Property Damage Crash,07-06-2022 10:00,Maryland (State),FIRST ST,ROCKVILLE,SAME DIRECTION SIDESWIPE,CLEAR,DRY,DARK LIGHTS ON,NO CONTROLS,Yes,NO APPARENT INJURY,NOT DISTRACTED,PASSENGER CAR,MOVING CONSTANT SPEED,East,East,30,2003,INTERNATIONAL,1.5,324,25.2,0
Property Damage Crash,07-06-2022 10:00,County,GERMANTOWN RD,N/A,HEAD ON LEFT TURN,RAINING,WET,DARK LIGHTS ON,TRAFFIC SIGNAL,No,NO APPARENT INJURY,UNKNOWN,PASSENGER CAR,MOVING CONSTANT SPEED,North,North,40,2010,MAZDA,0,0,0,0
Property Damage Crash,07-06-2022 10:00,Maryland (State),SPENCERVILLE RD,N/A,STRAIGHT MOVEMENT ANGLE,CLEAR,DRY,DAYLIGHT,TRAFFIC SIGNAL,No,NO APPARENT INJURY,NOT DISTRACTED,PASSENGER CAR,MOVING CONSTANT SPEED,East,East,35,2010,HONDA,5.4,37.1,37,0.01
Property Damage Crash,07-06-2022 12:19,,,,OTHER,CLEAR,,DAYLIGHT,OTHER,Yes,NO APPARENT INJURY,NOT DISTRACTED,AMBULANCE/NON EMERGENCY,OTHER,Unknown,Unknown,25,2011,FORD,0,0,0,0
Property Damage Crash,07-06-2022 12:56,Maryland (State),GEORGIA AVE,N/A,SAME DIR REAR END,CLEAR,DRY,DAYLIGHT,TRAFFIC SIGNAL,No,NO APPARENT INJURY,NOT DISTRACTED,PASSENGER CAR,SLOWING OR STOPPING,North,North,35,2018,HOND,1.1,27.9,23,0
Property Damage Crash,07-06-2022 12:56,,,,OPPOSITE DIRECTION SIDESWIPE,CLEAR,,DARK LIGHTS ON,NO CONTROLS,No,NO APPARENT INJURY,NOT DISTRACTED,PASSENGER CAR,BACKING,West,West,10,2014,SCION,0,0,0,0
Injury Crash,07-06-2022 12:56,Maryland (State),GERMANTOWN RD,N/A,SAME DIR REAR END,CLEAR,DRY,DAYLIGHT,TRAFFIC SIGNAL,Yes,NO APPARENT INJURY,OTHER DISTRACTION,PASSENGER CAR,MOVING CONSTANT SPEED,North,North,40,2021,TOYOTA,4,326,22.6,0
Property Damage Crash,07-06-2022 13:43,Maryland (State),QUINCE ORCHARD RD,N/A,SAME DIR REAR END,CLEAR,DRY,DAYLIGHT,NO CONTROLS,Yes,NO APPARENT INJURY,NOT DISTRACTED,PASSENGER CAR,SLOWING OR STOPPING,North,North,40,2016,TOYT,2.4,36.3,36.1,0.03
Injury Crash,07-06-2022 13:43,Maryland (State),CLOPPER RD,N/A,STRAIGHT MOVEMENT ANGLE,N/A,DRY,DAYLIGHT,TRAFFIC SIGNAL,Yes,NO APPARENT INJURY,LOOKED BUT DID NOT SEE,PASSENGER CAR,MAKING U TURN,East,West,40,2001,BUICK,5.6,36.1,19.3,0
Injury Crash,07-06-2022 14:03,Maryland (State),FREDERICK RD,GAITHERSBURG,STRAIGHT MOVEMENT ANGLE,CLEAR,DRY,DAYLIGHT,TRAFFIC SIGNAL,No,NO APPARENT INJURY,NOT DISTRACTED,FIRE VEHICLE/EMERGENCY,SLOWING OR STOPPING,North,North,40,2014,SPAR,2.6,29.5,24.1,0
Property Damage Crash,07-06-2022 14:03,County,MONTROSE RD,N/A,SAME DIR REAR END,RAINING,WET,DAYLIGHT,N/A,Yes,NO APPARENT INJURY,LOOKED BUT DID NOT SEE,POLICE VEHICLE/EMERGENCY,SLOWING OR STOPPING,East,East,45,2007,NISS,0,0,0,0
Property Damage Crash,07-06-2022 15:30,County,DUBLIN DR,N/A,SAME DIRECTION SIDESWIPE,CLEAR,DRY,DARK -- UNKNOWN LIGHTING,NO CONTROLS,Yes,NO APPARENT INJURY,UNKNOWN,VAN,UNKNOWN,East,East,20,1992,ECONOLINE,0,0,0,0
Property Damage Crash,07-06-2022 15:30,County,E RANDOLPH RD,N/A,SAME DIR REAR END,CLEAR,DRY,DARK LIGHTS ON,TRAFFIC SIGNAL,Yes,NO APPARENT INJURY,LOOKED BUT DID NOT SEE,PASSENGER CAR,SLOWING OR STOPPING,South,West,40,1999,HONDA,0,0,0,0
Injury Crash,07-06-2022 15:30,Maryland (State),ROCKVILLE PIKE,N/A,HEAD ON LEFT TURN,CLEAR,DRY,DAYLIGHT,TRAFFIC SIGNAL,No,SUSPECTED MINOR INJURY,NOT DISTRACTED,PASSENGER CAR,MOVING CONSTANT SPEED,North,North,35,2014,CHEVROLET,4.1,32,29.5,0
Property Damage Crash,07-06-2022 15:32,County,SEVEN LOCKS RD,N/A,SINGLE VEHICLE,CLOUDY,DRY,DARK LIGHTS ON,TRAFFIC SIGNAL,No,NO APPARENT INJURY,NOT DISTRACTED,(SPORT) UTILITY VEHICLE,MOVING CONSTANT SPEED,South,South,35,2016,NISSAN,0,0,0,0
Injury Crash,07-06-2022 15:32,Maryland (State),WOODFIELD RD,N/A,SAME DIR REAR END,CLEAR,DRY,DARK LIGHTS ON,TRAFFIC SIGNAL,Yes,NO APPARENT INJURY,NOT DISTRACTED,PASSENGER CAR,MOVING CONSTANT SPEED,North,North,35,2005,HYUN,9.3,41.9,29.9,0
Injury Crash,07-06-2022 15:47,Maryland (State),NEW HAMPSHIRE AVE,N/A,SAME DIR REAR END,OTHER,WET,DARK LIGHTS ON,TRAFFIC SIGNAL,No,POSSIBLE INJURY,NOT DISTRACTED,PASSENGER CAR,STOPPED IN TRAFFIC LANE,North,North,35,2011,HONDA,0.9,29,22.7,0
Property Damage Crash,07-06-2022 15:47,US (State),COLESVILLE RD,N/A,SAME DIRECTION RIGHT TURN,CLEAR,DRY,DAYLIGHT,N/A,No,NO APPARENT INJURY,NOT DISTRACTED,TRANSIT BUS,STARTING FROM LANE,North,North,30,2008,NEW FLYER,2.4,39.3,16.7,0
Property Damage Crash,07-06-2022 16:00,County,E GUDE DR,N/A,SAME DIR REAR END,CLEAR,DRY,DAYLIGHT,TRAFFIC SIGNAL,Yes,NO APPARENT INJURY,LOOKED BUT DID NOT SEE,PASSENGER CAR,SLOWING OR STOPPING,West,West,35,2013,BMW,2.8,52,46,0
Property Damage Crash,07-06-2022 16:20,County,WATKINS MILL RD,N/A,HEAD ON,RAINING,WET,DARK LIGHTS ON,NO CONTROLS,No,NO APPARENT INJURY,NOT DISTRACTED,PASSENGER CAR,MOVING CONSTANT SPEED,East,East,35,2017,CHRY,5.7,165,24.5,0
Property Damage Crash,07-06-2022 16:20,Maryland (State),GEORGIA AVE,N/A,HEAD ON LEFT TURN,CLEAR,DRY,DAYLIGHT,TRAFFIC SIGNAL,Yes,NO APPARENT INJURY,LOOKED BUT DID NOT SEE,PASSENGER CAR,MAKING LEFT TURN,West,West,35,2016,ACURA,0,0,0,0
Property Damage Crash,07-06-2022 16:47,Maryland (State),ROCKVILLE PIKE,N/A,SAME DIRECTION SIDESWIPE,RAINING,WET,DARK LIGHTS ON,TRAFFIC SIGNAL,No,NO APPARENT INJURY,NOT DISTRACTED,PASSENGER CAR,MOVING CONSTANT SPEED,North,North,40,2003,MAZDA,2.8,40.2,30.8,0
Fatal Crash,07-06-2022 16:47,,SNOUFFER SCHOOL ROAD,N/A,SINGLE VEHICLE,CLEAR,DRY,DARK NO LIGHTS,NO CONTROLS,No,NO APPARENT INJURY,UNKNOWN,PASSENGER CAR,UNKNOWN,West,West,40,2000,TOYOTA,6.5,202,24.3,0
Injury Crash,07-06-2022 16:47,County,SHADY GROVE RD,N/A,SAME DIR REAR END,CLEAR,DRY,DARK LIGHTS ON,TRAFFIC SIGNAL,Yes,NO APPARENT INJURY,NOT DISTRACTED,PASSENGER CAR,SLOWING OR STOPPING,East,North,40,2014,MERCEDES,0,0,0,0
Property Damage Crash,07-06-2022 16:47,Maryland (State),QUINCE ORCHARD RD,GAITHERSBURG,SAME DIR REAR END,CLEAR,DRY,DAYLIGHT,TRAFFIC SIGNAL,No,NO APPARENT INJURY,NOT DISTRACTED,(SPORT) UTILITY VEHICLE,STOPPED IN TRAFFIC LANE,South,South,35,2006,NISSAN,1.2,178,34.4,0
Property Damage Crash,07-06-2022 16:47,,,,SAME DIRECTION LEFT TURN,RAINING,,DAYLIGHT,NO CONTROLS,No,NO APPARENT INJURY,NOT DISTRACTED,PASSENGER CAR,MOVING CONSTANT SPEED,East,East,15,2009,MITS,8.1,177,15.1,0
Property Damage Crash,07-06-2022 17:54,County,WASHINGTON GROVE LA,N/A,HEAD ON LEFT TURN,N/A,WET,DAYLIGHT,YIELD SIGN,No,NO APPARENT INJURY,NOT DISTRACTED,VAN,MOVING CONSTANT SPEED,East,East,25,2002,CHEVROLET,11.5,29.5,19.2,0
Injury Crash,07-06-2022 17:54,County,WISTERIA DR,N/A,ANGLE MEETS LEFT HEAD ON,RAINING,WET,DARK LIGHTS ON,TRAFFIC SIGNAL,Yes,NO APPARENT INJURY,UNKNOWN,(SPORT) UTILITY VEHICLE,SLOWING OR STOPPING,West,West,30,2018,TOYOTA,7.3,51.7,27.6,0
Property Damage Crash,07-06-2022 17:56,County,UNIVERSITY BLVD E SERV RD,N/A,SAME DIR REAR END,CLEAR,DRY,DAYLIGHT,NO CONTROLS,Yes,NO APPARENT INJURY,UNKNOWN,(SPORT) UTILITY VEHICLE,ACCELERATING,West,West,40,2005,HONDA,0,0,0,0
Injury Crash,07-06-2022 17:56,Maryland (State),EAST WEST HWY,N/A,OTHER,RAINING,WET,DAYLIGHT,NO CONTROLS,Yes,NO APPARENT INJURY,UNKNOWN,PASSENGER CAR,MAKING LEFT TURN,North,East,35,2010,NISSAN,3.5,57.6,47.3,0
Property Damage Crash,07-06-2022 18:12,Municipality,S SUMMIT AVE,N/A,STRAIGHT MOVEMENT ANGLE,CLEAR,DRY,DARK LIGHTS ON,TRAFFIC SIGNAL,Yes,NO APPARENT INJURY,LOOKED BUT DID NOT SEE,PASSENGER CAR,MOVING CONSTANT SPEED,South,West,35,2004,HONDA,8,52.2,51,0.07
Property Damage Crash,07-06-2022 18:12,Maryland (State),NEW HAMPSHIRE AVE,N/A,STRAIGHT MOVEMENT ANGLE,CLOUDY,WET,DAYLIGHT,STOP SIGN,Yes,NO APPARENT INJURY,LOOKED BUT DID NOT SEE,PASSENGER CAR,ACCELERATING,South,East,45,2017,TOYOTA,1.5,36.5,26,0
Property Damage Crash,07-06-2022 19:00,Maryland (State),WISCONSIN AVE,N/A,SAME DIRECTION SIDESWIPE,CLEAR,DRY,DAYLIGHT,NO CONTROLS,Yes,NO APPARENT INJURY,LOOKED BUT DID NOT SEE,PASSENGER CAR,STARTING FROM PARKED,South,South,25,2017,HYUNDAI,0,0,0,0
Injury Crash,07-06-2022 19:12,County,CALVERTON BLVD,N/A,HEAD ON LEFT TURN,CLEAR,DRY,DAYLIGHT,NO CONTROLS,No,POSSIBLE INJURY,NOT DISTRACTED,PASSENGER CAR,MOVING CONSTANT SPEED,East,East,30,2017,JEEP,1.4,74,25.1,0
Property Damage Crash,07-06-2022 19:12,,,,OTHER,RAINING,,DARK LIGHTS ON,NO CONTROLS,Yes,NO APPARENT INJURY,UNKNOWN,PASSENGER CAR,BACKING,Unknown,Unknown,0,1999,JEEP,7.4,39.3,27.1,0
Property Damage Crash,07-06-2022 21:25,,,,SINGLE VEHICLE,CLEAR,,DAYLIGHT,N/A,Yes,NO APPARENT INJURY,NOT DISTRACTED,PASSENGER CAR,ACCELERATING,North,West,15,2016,JEEP,6.9,308,29.4,0
Injury Crash,08-06-2022 03:21,County,SHADY GROVE RD,N/A,HEAD ON LEFT TURN,CLEAR,DRY,DAYLIGHT,TRAFFIC SIGNAL,No,SUSPECTED MINOR INJURY,NOT DISTRACTED,PASSENGER CAR,MOVING CONSTANT SPEED,South,South,40,2017,NISSAN,0,0,0,0
Property Damage Crash,08-06-2022 04:11,County,SHADY GROVE RD,N/A,SAME DIR REAR END,N/A,DRY,DAYLIGHT,TRAFFIC SIGNAL,Yes,NO APPARENT INJURY,LOOKED BUT DID NOT SEE,FIRE VEHICLE/EMERGENCY,PARKING,South,South,40,2016,FORD,0,0,0,0
Injury Crash,08-06-2022 06:15,Maryland (State),W DIAMOND AVE,N/A,SAME DIR REAR END,CLEAR,DRY,DAYLIGHT,TRAFFIC SIGNAL,Yes,NO APPARENT INJURY,UNKNOWN,PASSENGER CAR,SLOWING OR STOPPING,South,South,25,2017,HOND,0,0,0,0
Property Damage Crash,08-06-2022 07:30,Maryland (State),UNIVERSITY BLVD W,N/A,OTHER,CLEAR,DRY,DAYLIGHT,STOP SIGN,No,NO APPARENT INJURY,NOT DISTRACTED,PASSENGER CAR,MOVING CONSTANT SPEED,East,East,35,2016,AUTO,0,0,0,0
Property Damage Crash,08-06-2022 09:44,Maryland (State),GEORGIA AVE,N/A,SAME DIR REAR END,CLEAR,DRY,DAYLIGHT,TRAFFIC SIGNAL,Yes,NO APPARENT INJURY,NOT DISTRACTED,PASSENGER CAR,MOVING CONSTANT SPEED,North,North,40,2015,HYUNDAI,6.6,52.3,43.2,0
Property Damage Crash,08-06-2022 09:44,Maryland (State),GREAT SENECA HWY,N/A,SAME DIR REAR END,N/A,DRY,DAYLIGHT,NO CONTROLS,No,NO APPARENT INJURY,NOT DISTRACTED,PASSENGER CAR,SLOWING OR STOPPING,North,North,50,2020,AUDI,0,0,0,0
Fatal Crash,08-06-2022 10:05,County,CRESTHAVEN DR,N/A,OTHER,CLEAR,DRY,DAYLIGHT,NO CONTROLS,Yes,NO APPARENT INJURY,NOT DISTRACTED,(SPORT) UTILITY VEHICLE,NEGOTIATING A CURVE,South,South,25,2005,NISSAN,0,0,0,0
Injury Crash,08-06-2022 10:05,Maryland (State),NEW HAMPSHIRE AVE,N/A,UNKNOWN,CLOUDY,DRY,DAYLIGHT,N/A,Yes,NO APPARENT INJURY,UNKNOWN,(SPORT) UTILITY VEHICLE,UNKNOWN,Unknown,South,40,2013,HOND,2.9,100,38.3,0.06
Property Damage Crash,08-06-2022 11:00,,,,SINGLE VEHICLE,CLEAR,,DAYLIGHT,NO CONTROLS,Yes,NO APPARENT INJURY,LOOKED BUT DID NOT SEE,POLICE VEHICLE/NON EMERGENCY,MOVING CONSTANT SPEED,East,East,5,2019,CHRYSLER,10.7,330,30.1,0
Injury Crash,08-06-2022 11:00,County,FATHER HURLEY BLVD,N/A,SAME DIR REAR END,N/A,N/A,DAYLIGHT,NO CONTROLS,Yes,NO APPARENT INJURY,NOT DISTRACTED,PASSENGER CAR,MOVING CONSTANT SPEED,North,North,35,2006,TOYT,5.6,333,34.5,0
Injury Crash,08-06-2022 11:00,Maryland (State),ROCKVILLE PIKE,ROCKVILLE,SAME DIR REAR END,CLEAR,DRY,DAYLIGHT,TRAFFIC SIGNAL,No,POSSIBLE INJURY,NOT DISTRACTED,PASSENGER CAR,STOPPED IN TRAFFIC LANE,North,North,40,2002,HONDA,5.7,239,35.7,0
Injury Crash,08-06-2022 11:44,Maryland (State),OLD HUNDRED RD,N/A,STRAIGHT MOVEMENT ANGLE,CLOUDY,DRY,DAYLIGHT,STOP SIGN,No,POSSIBLE INJURY,NOT DISTRACTED,(SPORT) UTILITY VEHICLE,MOVING CONSTANT SPEED,North,North,30,2020,LINCOLN,10.2,39.2,20.3,0
Property Damage Crash,08-06-2022 11:45,County,CRABBS BRANCH WAY,N/A,OTHER,CLOUDY,DRY,DARK LIGHTS ON,N/A,No,NO APPARENT INJURY,LOOKED BUT DID NOT SEE,POLICE VEHICLE/NON EMERGENCY,PARKED,,,35,2017,CHEV,7.6,357,30.8,0
Injury Crash,08-06-2022 11:45,Maryland (State),GEORGIA AVE,N/A,SAME DIR REAR END,CLEAR,DRY,DARK NO LIGHTS,TRAFFIC SIGNAL,Yes,NO APPARENT INJURY,UNKNOWN,PASSENGER CAR,SLOWING OR STOPPING,South,South,40,2015,ACURA,7.4,45.7,28.8,0
Injury Crash,08-06-2022 13:00,Maryland (State),RIVER RD,N/A,HEAD ON LEFT TURN,CLEAR,DRY,DAYLIGHT,NO CONTROLS,Yes,SUSPECTED MINOR INJURY,LOOKED BUT DID NOT SEE,PASSENGER CAR,MAKING LEFT TURN,South,West,50,2009,BMW,10,326,-3.5,0
Injury Crash,08-06-2022 13:25,County,WAYNE AVE,N/A,SAME DIRECTION SIDESWIPE,CLEAR,DRY,DAYLIGHT,NO CONTROLS,No,NO APPARENT INJURY,NOT DISTRACTED,PASSENGER CAR,MOVING CONSTANT SPEED,East,East,25,2012,TOYOTA,0,0,0,0
Property Damage Crash,08-06-2022 13:25,Maryland (State),ROCKVILLE PIKE,N/A,SINGLE VEHICLE,CLEAR,DRY,DAYLIGHT,TRAFFIC SIGNAL,Yes,NO APPARENT INJURY,NOT DISTRACTED,TRUCK TRACTOR,MAKING RIGHT TURN,East,North,35,2002,PETERBUILT,11,40.3,29.9,0
Property Damage Crash,08-06-2022 13:25,Maryland (State),WISCONSIN AVE,N/A,SAME DIR REAR END,CLEAR,DRY,DARK LIGHTS ON,TRAFFIC SIGNAL,No,NO APPARENT INJURY,NOT DISTRACTED,"OTHER LIGHT TRUCKS (10,000LBS (4,536KG) OR LESS)",STOPPED IN TRAFFIC LANE,South,South,25,2016,PTRB,0,0,0,0
Property Damage Crash,08-06-2022 14:57,,,,SAME DIR REAR END,CLEAR,,DARK LIGHTS ON,NO CONTROLS,Yes,NO APPARENT INJURY,UNKNOWN,PASSENGER CAR,SLOWING OR STOPPING,North,North,5,2016,HONDA,6.1,52.4,40.1,0
Injury Crash,08-06-2022 14:57,Maryland (State),GEORGIA AVE,N/A,HEAD ON LEFT TURN,RAINING,WET,DAYLIGHT,TRAFFIC SIGNAL,No,POSSIBLE INJURY,NOT DISTRACTED,PASSENGER CAR,MAKING LEFT TURN,East,South,35,2009,DODGE,0,0,0,0
Injury Crash,08-06-2022 16:16,Maryland (State),HUNGERFORD DR,ROCKVILLE,STRAIGHT MOVEMENT ANGLE,CLEAR,DRY,DAYLIGHT,TRAFFIC SIGNAL,Yes,NO APPARENT INJURY,LOOKED BUT DID NOT SEE,PASSENGER CAR,MAKING LEFT TURN,West,North,40,2008,TOYT,0,0,0,0
Property Damage Crash,08-06-2022 16:30,County,LOCKSLEY LA,N/A,HEAD ON LEFT TURN,CLEAR,DRY,DARK LIGHTS ON,TRAFFIC SIGNAL,No,NO APPARENT INJURY,NOT DISTRACTED,PASSENGER CAR,STOPPED IN TRAFFIC LANE,West,North,45,2011,HYUNDAI,4.6,37.9,32.2,0.01