ACRS Report Type,Date and Time,Route Type,Road Name,Municipality,Collision Type,Weather,Surface Condition,Light,Traffic Control,Driver At Fault,Injury Severity,Driver Distracted By,Vehicle Body Type,Vehicle Movement,Vehicle Continuing Dir,Vehicle Going Dir,Speed Limit,Vehicle Year,Vehicle Make,Wind Speed (MPH),TMP10-DK ,Relative Humidity (%),Rain (Inches)
Injury Crash,08-06-2022 16:38,Maryland (State),LAYTONSVILLE RD,N/A,SINGLE VEHICLE,CLEAR,DRY,DAYLIGHT,NO CONTROLS,Yes,SUSPECTED MINOR INJURY,NOT DISTRACTED,"CARGO VAN/LIGHT TRUCK 2 AXLES (OVER 10,000LBS (4,536 KG))",MOVING CONSTANT SPEED,West,West,50,2003,INTERNATIONAL,3.3,44,34.7,0.06
Injury Crash,08-06-2022 16:58,County,RANDOLPH RD,N/A,SAME DIR REAR END,CLEAR,DRY,DARK LIGHTS ON,NO CONTROLS,No,NO APPARENT INJURY,NOT DISTRACTED,PASSENGER CAR,STOPPED IN TRAFFIC LANE,East,East,35,2005,TOYT,2.2,35,42.8,0
Property Damage Crash,08-06-2022 16:58,US (State),COLUMBIA PIKE,N/A,SAME DIR REAR END,CLEAR,DRY,DAYLIGHT,TRAFFIC SIGNAL,Yes,NO APPARENT INJURY,NOT DISTRACTED,PASSENGER CAR,ACCELERATING,South,South,45,2020,HONDA,1.7,46.4,44.4,0
Injury Crash,08-06-2022 17:00,Maryland (State),VEIRS MILL RD,N/A,SAME DIR REAR END,N/A,DRY,DARK LIGHTS ON,YIELD SIGN,Yes,NO APPARENT INJURY,UNKNOWN,TRANSIT BUS,SLOWING OR STOPPING,North,North,30,2016,NEW FLYER,0,0,0,0
Injury Crash,08-06-2022 17:25,Maryland (State),FALLS RD,N/A,HEAD ON,RAINING,WET,DAYLIGHT,N/A,No,SUSPECTED SERIOUS INJURY,NOT DISTRACTED,UNKNOWN,MOVING CONSTANT SPEED,South,South,35,2002,DODGE,0,0,0,0
Property Damage Crash,08-06-2022 17:45,Maryland (State),S FREDERICK RD,N/A,STRAIGHT MOVEMENT ANGLE,CLOUDY,DRY,DAYLIGHT,STOP SIGN,Yes,NO APPARENT INJURY,LOOKED BUT DID NOT SEE,PASSENGER CAR,STARTING FROM LANE,North,West,40,2006,NISS,0,0,0,0
Property Damage Crash,08-06-2022 17:45,Maryland (State),ROCKVILLE PIKE,N/A,SAME DIR REAR END,CLEAR,DRY,DAYLIGHT,TRAFFIC SIGNAL,No,NO APPARENT INJURY,NOT DISTRACTED,PICKUP TRUCK,SLOWING OR STOPPING,South,South,40,2005,CHEVROLET,0,0,0,0
Property Damage Crash,08-06-2022 18:15,Maryland (State),DARNESTOWN RD,N/A,SAME DIR REAR END,CLEAR,DRY,DAYLIGHT,NO CONTROLS,No,NO APPARENT INJURY,UNKNOWN,PASSENGER CAR,SLOWING OR STOPPING,West,West,45,2012,HOND,3.5,108,48.6,0
Injury Crash,08-06-2022 18:15,Maryland (State),OLD COLUMBIA PIKE,N/A,OTHER,CLEAR,DRY,DAYLIGHT,TRAFFIC SIGNAL,No,NO APPARENT INJURY,NOT DISTRACTED,PASSENGER CAR,SLOWING OR STOPPING,East,East,40,2014,TOYOTA,7.5,45.8,23.2,0
Property Damage Crash,08-06-2022 18:15,,,,OTHER,UNKNOWN,,DAYLIGHT,N/A,Yes,NO APPARENT INJURY,UNKNOWN,PASSENGER CAR,BACKING,Unknown,Unknown,15,2013,TOYOTA,3.2,34.9,33,0
Property Damage Crash,08-06-2022 19:32,Maryland (State),SANDY SPRING RD,N/A,STRAIGHT MOVEMENT ANGLE,CLEAR,DRY,DAYLIGHT,TRAFFIC SIGNAL,No,NO APPARENT INJURY,NOT DISTRACTED,(SPORT) UTILITY VEHICLE,MAKING LEFT TURN,West,West,45,2006,TOYT,12.2,336,18.1,0
Property Damage Crash,08-06-2022 19:46,Maryland (State),GEORGIA AVE,N/A,SAME DIR REAR END,CLOUDY,DRY,DAYLIGHT,OTHER,Yes,NO APPARENT INJURY,LOOKED BUT DID NOT SEE,PASSENGER CAR,MOVING CONSTANT SPEED,South,South,35,2004,ACURA,0,0,0,0
Property Damage Crash,08-06-2022 19:46,Maryland (State),NEW HAMPSHIRE AVE,N/A,SAME DIRECTION LEFT TURN,CLEAR,DRY,DAYLIGHT,N/A,No,NO APPARENT INJURY,NOT DISTRACTED,(SPORT) UTILITY VEHICLE,MOVING CONSTANT SPEED,South,South,40,2010,TOYT,9.8,32.2,19.8,0
Property Damage Crash,08-06-2022 19:50,US (State),COLUMBIA PIKE,N/A,SAME DIRECTION SIDESWIPE,CLEAR,DRY,DAYLIGHT,N/A,Yes,NO APPARENT INJURY,UNKNOWN,UNKNOWN,CHANGING LANES,North,North,40,0,UNKNOWN,0,0,0,0
Property Damage Crash,08-06-2022 19:50,,,,OTHER,CLEAR,,DAYLIGHT,NO CONTROLS,Yes,NO APPARENT INJURY,NOT DISTRACTED,POLICE VEHICLE/NON EMERGENCY,PARKING,East,South,15,2012,DODG,0,0,0,0
Property Damage Crash,08-06-2022 20:54,County,CRABBS BRANCH WAY,N/A,OTHER,CLEAR,DRY,DAYLIGHT,TRAFFIC SIGNAL,Yes,NO APPARENT INJURY,UNKNOWN,PASSENGER CAR,STARTING FROM LANE,North,North,40,2009,LEXUS,5.2,34.9,18.7,0
Injury Crash,08-06-2022 21:17,County,RIDGE RD,N/A,SAME DIR REAR END,RAINING,WET,DAYLIGHT,TRAFFIC SIGNAL,No,SUSPECTED MINOR INJURY,NOT DISTRACTED,(SPORT) UTILITY VEHICLE,SLOWING OR STOPPING,North,North,45,2017,NISSAN,11,169,54.7,0.01
Injury Crash,08-06-2022 21:17,County,PARKLAND DR,N/A,SINGLE VEHICLE,RAINING,WET,DARK LIGHTS ON,STOP SIGN,Yes,NO APPARENT INJURY,UNKNOWN,PASSENGER CAR,MAKING LEFT TURN,South,West,25,2021,KIA,12.3,65.4,58.3,0
Injury Crash,08-06-2022 21:31,Municipality,PICCARD DR,ROCKVILLE,HEAD ON LEFT TURN,CLEAR,DRY,DAYLIGHT,NO CONTROLS,No,POSSIBLE INJURY,NOT DISTRACTED,PASSENGER CAR,MOVING CONSTANT SPEED,North,North,25,2017,KIA,14,189,40.9,0
Injury Crash,09-06-2022 00:18,Interstate (State),CAPITAL BELTWAY,N/A,SAME DIR REAR END,CLEAR,DRY,DAYLIGHT,NO CONTROLS,No,NO APPARENT INJURY,NOT DISTRACTED,PASSENGER CAR,SLOWING OR STOPPING,East,East,55,2009,TOYOTA,1.1,350,25.2,0
Injury Crash,09-06-2022 02:09,Maryland (State),VEIRS MILL RD,N/A,SAME DIR REAR END,CLEAR,DRY,DUSK,TRAFFIC SIGNAL,No,POSSIBLE INJURY,NOT DISTRACTED,PASSENGER CAR,SLOWING OR STOPPING,West,South,35,2014,HYUNDAI,7.3,45.7,27.8,0
Injury Crash,09-06-2022 02:41,Maryland (State),FREDERICK RD,N/A,ANGLE MEETS RIGHT TURN,CLEAR,DRY,DARK LIGHTS ON,N/A,Yes,SUSPECTED MINOR INJURY,UNKNOWN,MOTORCYCLE,MOVING CONSTANT SPEED,South,South,45,2013,DUCATI,9.2,158,48.6,0
Injury Crash,09-06-2022 06:20,Maryland (State),DARNESTOWN RD,N/A,HEAD ON LEFT TURN,CLOUDY,DRY,DAYLIGHT,TRAFFIC SIGNAL,No,NO APPARENT INJURY,NOT DISTRACTED,PASSENGER CAR,STOPPED IN TRAFFIC LANE,West,North,30,2017,DODGE,2.3,92,29.3,0
Property Damage Crash,09-06-2022 06:21,Maryland (State),UNIVERSITY BLVD E,N/A,SAME DIR REAR END,RAINING,WET,DARK LIGHTS ON,NO CONTROLS,Yes,NO APPARENT INJURY,UNKNOWN,UNKNOWN,MOVING CONSTANT SPEED,East,East,40,0,UNKNOWN,0,0,0,0
Injury Crash,09-06-2022 06:21,Maryland (State),NEW HAMPSHIRE AVE,N/A,SAME DIR REAR END,CLEAR,WET,DAYLIGHT,NO CONTROLS,No,NO APPARENT INJURY,NOT DISTRACTED,PASSENGER CAR,MAKING RIGHT TURN,East,East,40,2006,NISSAN,8.8,186,27.2,0
Property Damage Crash,09-06-2022 06:50,County,REDLAND RD,N/A,SAME DIR REAR END,RAINING,WET,DARK LIGHTS ON,NO CONTROLS,No,NO APPARENT INJURY,NOT DISTRACTED,(SPORT) UTILITY VEHICLE,SLOWING OR STOPPING,North,North,40,2008,LEXUS,4.6,43.6,28.3,0
Injury Crash,09-06-2022 06:50,County,CRABBS BRANCH WAY,N/A,ANGLE MEETS RIGHT TURN,CLEAR,DRY,DARK LIGHTS ON,NO CONTROLS,No,NO APPARENT INJURY,NOT DISTRACTED,OTHER BUS,MOVING CONSTANT SPEED,South,South,35,2005,ORION,0,0,0,0
Property Damage Crash,09-06-2022 07:02,County,HEWITT AVE,N/A,SAME DIRECTION SIDESWIPE,CLEAR,DRY,DAYLIGHT,N/A,No,NO APPARENT INJURY,NOT DISTRACTED,PASSENGER CAR,STOPPED IN TRAFFIC LANE,East,East,25,2010,JAGUAR,9.6,342,33.3,0
Property Damage Crash,09-06-2022 07:02,,,,OTHER,CLEAR,,DARK -- UNKNOWN LIGHTING,NO CONTROLS,Yes,NO APPARENT INJURY,UNKNOWN,(SPORT) UTILITY VEHICLE,BACKING,West,East,25,2004,ISUZU,0,0,0,0
Injury Crash,09-06-2022 07:09,County,BACALL LA,N/A,OTHER,CLEAR,DRY,DAYLIGHT,NO CONTROLS,Yes,NO APPARENT INJURY,UNKNOWN,PASSENGER CAR,MOVING CONSTANT SPEED,South,South,15,2021,XX,1.6,37.8,36.5,0
Injury Crash,09-06-2022 07:09,Maryland (State),OLD GEORGETOWN RD,N/A,HEAD ON LEFT TURN,CLEAR,DRY,DARK LIGHTS ON,TRAFFIC SIGNAL,No,SUSPECTED MINOR INJURY,NOT DISTRACTED,PASSENGER CAR,MOVING CONSTANT SPEED,North,North,45,2017,HONDA,9.5,180,39.4,0
Injury Crash,09-06-2022 07:58,Maryland (State),VEIRS MILL RD,N/A,SAME DIR REAR END,CLEAR,DRY,DAYLIGHT,TRAFFIC SIGNAL,No,POSSIBLE INJURY,NOT DISTRACTED,PASSENGER CAR,SLOWING OR STOPPING,East,East,45,2006,FORD,2.9,43.8,42.1,0
Property Damage Crash,09-06-2022 07:58,Maryland (State),FALLS RD,ROCKVILLE,HEAD ON LEFT TURN,CLEAR,DRY,DAYLIGHT,STOP SIGN,No,NO APPARENT INJURY,NOT DISTRACTED,PASSENGER CAR,MOVING CONSTANT SPEED,South,South,45,2011,FORD,5.3,55.7,54.8,0.01
Property Damage Crash,09-06-2022 08:00,County,RANDOLPH RD,N/A,STRAIGHT MOVEMENT ANGLE,CLEAR,DRY,DAYLIGHT,STOP SIGN,Yes,NO APPARENT INJURY,UNKNOWN,PICKUP TRUCK,MOVING CONSTANT SPEED,North,North,30,2002,CHEV,3.5,37.6,30.3,0
Injury Crash,09-06-2022 08:00,County,SANGAMORE RD,N/A,OTHER,CLOUDY,DRY,DUSK,STOP SIGN,Yes,NO APPARENT INJURY,NOT DISTRACTED,PASSENGER CAR,MAKING LEFT TURN,South,South,25,2011,TOYOT,1.1,45.3,28.3,0
Property Damage Crash,09-06-2022 08:11,,CONNECTICUT AVE,N/A,STRAIGHT MOVEMENT ANGLE,N/A,N/A,DAWN,NO CONTROLS,No,NO APPARENT INJURY,NOT DISTRACTED,PASSENGER CAR,MOVING CONSTANT SPEED,South,South,40,2001,NISSAN,0,0,0,0
Property Damage Crash,09-06-2022 08:18,,,,OTHER,CLEAR,,DAYLIGHT,NO CONTROLS,Yes,NO APPARENT INJURY,UNKNOWN,PASSENGER CAR,BACKING,Unknown,Unknown,15,2005,PONTIAC,10.1,322,-2.2,0
Property Damage Crash,09-06-2022 08:18,County,SAM EIG HWY,N/A,SINGLE VEHICLE,N/A,DRY,DUSK,NO CONTROLS,Yes,NO APPARENT INJURY,NOT DISTRACTED,POLICE VEHICLE/NON EMERGENCY,MOVING CONSTANT SPEED,South,South,50,2014,DODGE,2.8,51.3,50.1,0
Injury Crash,09-06-2022 08:43,Maryland (State),VEIRS MILL RD,ROCKVILLE,SAME DIR REAR END,CLEAR,DRY,DARK LIGHTS ON,NO CONTROLS,Yes,NO APPARENT INJURY,OTHER DISTRACTION,PASSENGER CAR,MOVING CONSTANT SPEED,East,East,35,2007,NISSAN,10.9,33.6,23.4,0
Property Damage Crash,09-06-2022 08:43,,,,STRAIGHT MOVEMENT ANGLE,CLOUDY,,DAYLIGHT,NO CONTROLS,Yes,NO APPARENT INJURY,INATTENTIVE OR LOST IN THOUGHT,PASSENGER CAR,BACKING,North,East,10,2015,FORD,5.1,40.2,37,0
Property Damage Crash,09-06-2022 09:25,Maryland (State),NEW HAMPSHIRE AVE,N/A,SAME DIRECTION SIDESWIPE,CLEAR,DRY,DAYLIGHT,TRAFFIC SIGNAL,No,NO APPARENT INJURY,NOT DISTRACTED,SCHOOL BUS,MOVING CONSTANT SPEED,North,North,35,2018,THOMAS,4.7,56.3,43.2,0
Property Damage Crash,09-06-2022 09:25,Maryland (State),OLNEY SANDY SPRING RD,N/A,SAME DIR REAR END,OTHER,WET,DARK LIGHTS ON,NO CONTROLS,Yes,NO APPARENT INJURY,INATTENTIVE OR LOST IN THOUGHT,PASSENGER CAR,ACCELERATING,West,West,40,2010,TOYOTA,3.6,40.8,29.8,0
Property Damage Crash,09-06-2022 10:16,County,MONTGOMERY VILLAGE AVE,N/A,STRAIGHT MOVEMENT ANGLE,CLEAR,WET,DARK LIGHTS ON,TRAFFIC SIGNAL,Yes,NO APPARENT INJURY,NOT DISTRACTED,PASSENGER CAR,MOVING CONSTANT SPEED,West,West,35,2013,KIA,3.4,37.2,37.1,0.01
Injury Crash,09-06-2022 10:16,County,TRAVILAH RD,N/A,SAME DIR REND LEFT TURN,RAINING,WET,DAYLIGHT,NO CONTROLS,Yes,NO APPARENT INJURY,UNKNOWN,SCHOOL BUS,SLOWING OR STOPPING,South,South,35,2003,THOMAS,0,0,0,0
Injury Crash,09-06-2022 10:16,County,SHADY GROVE RD,N/A,SINGLE VEHICLE,CLEAR,OTHER,DAYLIGHT,NO CONTROLS,Yes,SUSPECTED MINOR INJURY,UNKNOWN,PASSENGER CAR,CHANGING LANES,North,North,45,2007,VOLKSWAGON,0,0,0,0
Injury Crash,09-06-2022 10:16,County,EXECUTIVE BLVD,N/A,SAME DIR REAR END,CLEAR,DRY,DAYLIGHT,TRAFFIC SIGNAL,No,POSSIBLE INJURY,NOT DISTRACTED,PASSENGER CAR,STOPPED IN TRAFFIC LANE,East,East,30,2011,MINI,0,0,0,0
Property Damage Crash,09-06-2022 11:03,Maryland (State),UNIVERSITY BLVD E,N/A,HEAD ON LEFT TURN,CLEAR,DRY,DAYLIGHT,NO CONTROLS,Yes,NO APPARENT INJURY,LOOKED BUT DID NOT SEE,PASSENGER CAR,MAKING LEFT TURN,South,West,35,2011,HONDA,6,61,56.1,0
Property Damage Crash,09-06-2022 11:03,Maryland (State),NEW HAMPSHIRE AVE,N/A,HEAD ON LEFT TURN,CLEAR,DRY,DARK LIGHTS ON,TRAFFIC SIGNAL,Yes,NO APPARENT INJURY,UNKNOWN,PASSENGER CAR,MAKING LEFT TURN,West,North,45,2005,JEEP,2,46,16.6,0
Injury Crash,09-06-2022 11:03,County,WASHINGTON GROVE LA,WASHINGTON GROVE,SAME DIR REAR END,CLEAR,DRY,DAYLIGHT,N/A,No,NO APPARENT INJURY,NOT DISTRACTED,PASSENGER CAR,STOPPED IN TRAFFIC LANE,North,North,30,2016,MAZDA,0,0,0,0
Property Damage Crash,09-06-2022 11:20,,,,OTHER,CLEAR,,DAYLIGHT,NO CONTROLS,Yes,NO APPARENT INJURY,UNKNOWN,VAN,BACKING,Unknown,Unknown,15,0,UU,9.2,163,31.6,0
Injury Crash,09-06-2022 11:20,Maryland (State),PINEY BRANCH RD,N/A,STRAIGHT MOVEMENT ANGLE,RAINING,WET,DAYLIGHT,TRAFFIC SIGNAL,No,NO APPARENT INJURY,NOT DISTRACTED,VAN,MOVING CONSTANT SPEED,South,South,40,2011,HONDA,6.2,42,30.5,0
Property Damage Crash,09-06-2022 12:40,County,MIDDLEBROOK RD,N/A,SAME DIR REAR END,CLEAR,DRY,DARK LIGHTS ON,NO CONTROLS,No,NO APPARENT INJURY,NOT DISTRACTED,PASSENGER CAR,SLOWING OR STOPPING,East,East,40,2002,CADI,0,0,0,0
Property Damage Crash,09-06-2022 12:40,Interstate (State),EISENHOWER MEMORIAL HWY,N/A,SAME DIR REAR END,RAINING,WET,DAYLIGHT,N/A,Yes,NO APPARENT INJURY,OTHER ELECTRONIC DEVICE (NAVIGATIONAL PALM PILOT),VAN,SLOWING OR STOPPING,South,South,55,2006,CHEV,5.3,1,35.1,0
Property Damage Crash,09-06-2022 14:03,County,GLENALLAN AVE,N/A,ANGLE MEETS LEFT TURN,CLEAR,WET,DAYLIGHT,NO CONTROLS,Yes,NO APPARENT INJURY,LOOKED BUT DID NOT SEE,(SPORT) UTILITY VEHICLE,MAKING LEFT TURN,South,West,30,2013,CHEVY,5.8,33.7,17.5,0
Injury Crash,09-06-2022 14:03,Maryland (State),CONNECTICUT AVE,N/A,SAME DIR REAR END,CLEAR,DRY,DAYLIGHT,N/A,No,NO APPARENT INJURY,NOT DISTRACTED,(SPORT) UTILITY VEHICLE,STOPPED IN TRAFFIC LANE,North,North,35,2011,JEEP,0,0,0,0
Injury Crash,09-06-2022 14:03,County,E GUDE DR,N/A,SAME DIR REND RIGHT TURN,CLEAR,DRY,DAYLIGHT,TRAFFIC SIGNAL,No,POSSIBLE INJURY,NOT DISTRACTED,PASSENGER CAR,MAKING RIGHT TURN,North,West,35,2011,TOYOTA,6.6,45.2,37,0
Property Damage Crash,09-06-2022 14:09,Maryland (State),UNIVERSITY BLVD E,N/A,SAME DIR REAR END,CLOUDY,DRY,DAYLIGHT,TRAFFIC SIGNAL,Yes,NO APPARENT INJURY,UNKNOWN,(SPORT) UTILITY VEHICLE,MOVING CONSTANT SPEED,East,East,35,2008,HONDA,3.6,36.4,35.7,0.05
Property Damage Crash,09-06-2022 14:09,Maryland (State),UNIVERSITY BLVD E,N/A,SAME DIRECTION SIDESWIPE,CLEAR,DRY,DUSK,TRAFFIC SIGNAL,Yes,NO APPARENT INJURY,LOOKED BUT DID NOT SEE,PASSENGER CAR,MAKING LEFT TURN,West,West,35,2000,HONDA,11.3,336,31,0
Injury Crash,09-06-2022 14:09,Maryland (State),UNIVERSITY BLVD E,TAKOMA PARK,ANGLE MEETS LEFT TURN,RAINING,WET,DAYLIGHT,NO CONTROLS,Yes,POSSIBLE INJURY,LOOKED BUT DID NOT SEE,PASSENGER CAR,MAKING LEFT TURN,West,West,35,1994,HONDA,9.3,182,27.1,0
Property Damage Crash,09-06-2022 14:30,County,CENTRAL AVE,N/A,OTHER,CLEAR,DRY,DAYLIGHT,NO CONTROLS,No,NO APPARENT INJURY,NOT DISTRACTED,PASSENGER CAR,STOPPED IN TRAFFIC LANE,North,North,35,2012,TOYT,0,0,0,0
Property Damage Crash,09-06-2022 15:05,,,,STRAIGHT MOVEMENT ANGLE,CLOUDY,,DAYLIGHT,NO CONTROLS,No,NO APPARENT INJURY,NOT DISTRACTED,POLICE VEHICLE/NON EMERGENCY,PASSING,Unknown,Unknown,10,2014,DODGE,0,0,0,0
Property Damage Crash,09-06-2022 15:05,Maryland (State),FREDERICK RD,GAITHERSBURG,SAME DIR REAR END,CLOUDY,DRY,DAYLIGHT,TRAFFIC SIGNAL,Yes,NO APPARENT INJURY,LOOKED BUT DID NOT SEE,PASSENGER CAR,SLOWING OR STOPPING,South,South,30,2012,MINI,9,348,16.3,0
Injury Crash,09-06-2022 15:25,Maryland (State),OLD GEORGETOWN RD,N/A,SAME DIR REAR END,CLOUDY,WET,DAYLIGHT,TRAFFIC SIGNAL,Yes,NO APPARENT INJURY,NOT DISTRACTED,PASSENGER CAR,CHANGING LANES,South,South,40,2014,LEXUS,2,11,16.2,0
Injury Crash,09-06-2022 15:25,Maryland (State),UNIVERSITY BLVD W,N/A,SAME DIR REAR END,N/A,DRY,DAYLIGHT,TRAFFIC SIGNAL,No,SUSPECTED MINOR INJURY,NOT DISTRACTED,(SPORT) UTILITY VEHICLE,SLOWING OR STOPPING,West,West,30,2010,KIA,1,26,28.6,0
Injury Crash,09-06-2022 15:45,Maryland (State),FREDERICK RD,N/A,HEAD ON LEFT TURN,CLOUDY,DRY,DAYLIGHT,N/A,No,POSSIBLE INJURY,NOT DISTRACTED,VAN,MOVING CONSTANT SPEED,North,North,50,2016,FORD,2,47.1,12.6,0
Property Damage Crash,09-06-2022 15:45,Maryland (State),W DIAMOND AVE,GAITHERSBURG,ANGLE MEETS RIGHT TURN,N/A,DRY,DAYLIGHT,STOP SIGN,No,NO APPARENT INJURY,NOT DISTRACTED,PASSENGER CAR,MOVING CONSTANT SPEED,West,West,30,2003,CHEVY,4.7,161,29.4,0
Injury Crash,09-06-2022 15:45,County,GREAT SENECA HWY,N/A,SAME DIR REAR END,N/A,DRY,DARK LIGHTS ON,TRAFFIC SIGNAL,Yes,POSSIBLE INJURY,INATTENTIVE OR LOST IN THOUGHT,PASSENGER CAR,ACCELERATING,South,South,50,2016,TOYT,8,195,42.6,0
Property Damage Crash,09-06-2022 15:45,,,,SINGLE VEHICLE,CLEAR,,DAYLIGHT,N/A,Yes,NO APPARENT INJURY,UNKNOWN,PICKUP TRUCK,BACKING,Unknown,West,5,2013,FORD,5.8,328,30.8,0
Property Damage Crash,09-06-2022 16:25,Municipality,BEALL AVE #2,ROCKVILLE,STRAIGHT MOVEMENT ANGLE,CLEAR,DRY,DAYLIGHT,STOP SIGN,No,NO APPARENT INJURY,NOT DISTRACTED,PASSENGER CAR,MOVING CONSTANT SPEED,East,East,25,2013,BUICK,14.3,311,-2.1,0
Property Damage Crash,09-06-2022 16:25,,,,OTHER,CLEAR,,DAYLIGHT,NO CONTROLS,Yes,NO APPARENT INJURY,UNKNOWN,PASSENGER CAR,ACCELERATING,South,South,15,2013,ACUR,0,0,0,0
Property Damage Crash,09-06-2022 16:30,Maryland (State),GEORGIA AVE,N/A,SAME DIR REAR END,CLEAR,DRY,DAYLIGHT,TRAFFIC SIGNAL,No,NO APPARENT INJURY,NOT DISTRACTED,POLICE VEHICLE/NON EMERGENCY,SLOWING OR STOPPING,South,South,35,2014,DODGE,1.8,97,30.5,0
Property Damage Crash,09-06-2022 16:30,County,FLOWER HILL WAY,N/A,STRAIGHT MOVEMENT ANGLE,OTHER,WET,DARK LIGHTS ON,STOP SIGN,Yes,NO APPARENT INJURY,NOT DISTRACTED,(SPORT) UTILITY VEHICLE,ACCELERATING,West,West,25,2002,CHEV,8.5,41.9,33,0
Injury Crash,09-06-2022 16:43,Maryland (State),WILSON LA,N/A,HEAD ON LEFT TURN,CLEAR,DRY,DAYLIGHT,TRAFFIC SIGNAL,Yes,NO APPARENT INJURY,INATTENTIVE OR LOST IN THOUGHT,PASSENGER CAR,MOVING CONSTANT SPEED,West,North,35,2008,TOYT,2.7,17,31.7,0
Injury Crash,09-06-2022 16:43,US (State),COLESVILLE RD,N/A,STRAIGHT MOVEMENT ANGLE,CLEAR,DRY,N/A,TRAFFIC SIGNAL,No,SUSPECTED MINOR INJURY,NOT DISTRACTED,ALL TERRAIN VEHICLE (ATV),ACCELERATING,West,West,40,2013,CHEVY,0,0,0,0
Property Damage Crash,09-06-2022 16:43,Maryland (State),GERMANTOWN RD,N/A,OTHER,CLEAR,DRY,DAYLIGHT,NO CONTROLS,No,NO APPARENT INJURY,NOT DISTRACTED,VAN,STOPPED IN TRAFFIC LANE,South,South,40,2021,GMC,4,62.9,57,0
Injury Crash,09-06-2022 16:43,County,MIDCOUNTY HWY,N/A,SINGLE VEHICLE,N/A,DRY,DARK LIGHTS ON,TRAFFIC SIGNAL,Yes,SUSPECTED MINOR INJURY,LOOKED BUT DID NOT SEE,PASSENGER CAR,MAKING RIGHT TURN,North,West,45,2018,FORD,0,0,0,0
Injury Crash,09-06-2022 16:50,County,WOODGLEN DR,N/A,OTHER,CLEAR,DRY,DAYLIGHT,OTHER,Yes,NO APPARENT INJURY,INATTENTIVE OR LOST IN THOUGHT,PASSENGER CAR,MAKING RIGHT TURN,East,North,25,2003,HONDA,2.5,317,26.5,0
Injury Crash,09-06-2022 16:50,County,EDSON LA,N/A,OTHER,CLEAR,DRY,DAYLIGHT,PERSON,Yes,NO APPARENT INJURY,NOT DISTRACTED,PASSENGER CAR,ACCELERATING,East,East,25,2012,NISSAN,3.6,209,42.9,0
Injury Crash,09-06-2022 16:50,Maryland (State),NEW HAMPSHIRE AVE,N/A,SAME DIR REAR END,CLEAR,DRY,DARK LIGHTS ON,TRAFFIC SIGNAL,No,NO APPARENT INJURY,NOT DISTRACTED,PASSENGER CAR,SLOWING OR STOPPING,South,South,40,2015,TOYT,9.8,188,23.5,0
Property Damage Crash,09-06-2022 16:50,County,GLEN RD,N/A,SAME DIR REAR END,OTHER,WET,DAYLIGHT,N/A,Yes,NO APPARENT INJURY,NOT DISTRACTED,PASSENGER CAR,MOVING CONSTANT SPEED,East,East,35,2013,ACURA,7,306,23.3,0
Property Damage Crash,09-06-2022 17:25,County,FATHER HURLEY BLVD,N/A,STRAIGHT MOVEMENT ANGLE,CLEAR,DRY,DAYLIGHT,TRAFFIC SIGNAL,Yes,NO APPARENT INJURY,UNKNOWN,PASSENGER CAR,MOVING CONSTANT SPEED,South,South,35,2011,HYUNDAI,7.7,52.1,38.4,0
Property Damage Crash,09-06-2022 17:50,Maryland (State),RIVER RD,N/A,STRAIGHT MOVEMENT ANGLE,CLEAR,DRY,DARK LIGHTS ON,TRAFFIC SIGNAL,Yes,NO APPARENT INJURY,NOT DISTRACTED,PASSENGER CAR,MAKING LEFT TURN,West,North,35,2004,LEXUS,5.8,85,36.5,0.04
Injury Crash,09-06-2022 19:01,Maryland (State),GEORGIA AVE,N/A,SAME DIR REAR END,CLEAR,DRY,DARK LIGHTS ON,NO CONTROLS,Yes,POSSIBLE INJURY,DISTRACTED BY OUTSIDE PERSON OBJECT OR EVENT,PASSENGER CAR,MOVING CONSTANT SPEED,North,North,25,2015,FORD,2.4,48.4,46.9,0
Property Damage Crash,09-06-2022 21:20,County,ADAMS DR,N/A,SAME DIR REAR END,CLEAR,WET,DARK LIGHTS ON,NO CONTROLS,Yes,NO APPARENT INJURY,UNKNOWN,,MOVING CONSTANT SPEED,South,South,25,0,UNKNOWN,3.3,43,15.9,0
Property Damage Crash,09-06-2022 21:20,Maryland (State),ROCKVILLE PIKE,N/A,HEAD ON LEFT TURN,CLEAR,DRY,DARK LIGHTS ON,TRAFFIC SIGNAL,No,NO APPARENT INJURY,NOT DISTRACTED,PASSENGER CAR,STARTING FROM LANE,North,East,35,2021,HONDA,6.9,295,35.6,0
Injury Crash,10-06-2022 01:05,,,,OTHER,RAINING,,DAYLIGHT,NO CONTROLS,No,SUSPECTED MINOR INJURY,NOT DISTRACTED,PASSENGER CAR,MOVING CONSTANT SPEED,Unknown,Unknown,10,2015,HYUN,1.8,123,39.4,0
Property Damage Crash,10-06-2022 02:50,Maryland (State),OLNEY SANDY SPRING RD,N/A,SAME DIR REAR END,CLEAR,DRY,DAYLIGHT,TRAFFIC SIGNAL,No,NO APPARENT INJURY,NOT DISTRACTED,(SPORT) UTILITY VEHICLE,STOPPED IN TRAFFIC LANE,West,West,30,2005,ACURA,4.8,36.6,33.8,0.05