ACRS Report Type,Date and Time,Route Type,Road Name,Municipality,Collision Type,Weather,Surface Condition,Light,Traffic Control,Driver At Fault,Injury Severity,Driver Distracted By,Vehicle Body Type,Vehicle Movement,Vehicle Continuing Dir,Vehicle Going Dir,Speed Limit,Vehicle Year,Vehicle Make,Wind Speed (MPH),TMP10-DK ,Relative Humidity (%),Rain (Inches)
Injury Crash,10-06-2022 04:10,Maryland (State),FREDERICK RD,ROCKVILLE,SAME DIR REAR END,CLOUDY,DRY,DAYLIGHT,TRAFFIC SIGNAL,Yes,NO APPARENT INJURY,UNKNOWN,PICKUP TRUCK,MOVING CONSTANT SPEED,South,South,40,2004,GMC,4.1,50.8,41.8,0
Property Damage Crash,10-06-2022 05:29,County,SHADY GROVE RD,N/A,HEAD ON LEFT TURN,RAINING,WET,DARK -- UNKNOWN LIGHTING,TRAFFIC SIGNAL,No,NO APPARENT INJURY,NOT DISTRACTED,AMBULANCE/EMERGENCY,MOVING CONSTANT SPEED,North,North,45,2018,NISSAN,10.6,47.1,27.3,0
Property Damage Crash,10-06-2022 05:29,Maryland (State),16TH ST,N/A,HEAD ON LEFT TURN,CLEAR,DRY,DARK LIGHTS ON,NO CONTROLS,Yes,NO APPARENT INJURY,UNKNOWN,PASSENGER CAR,ACCELERATING,North,South,35,2007,HOND,4,7,30.2,0
Injury Crash,10-06-2022 05:35,County,SHADY GROVE RD,N/A,SAME DIR REAR END,CLEAR,DRY,DAYLIGHT,TRAFFIC SIGNAL,Yes,NO APPARENT INJURY,NOT DISTRACTED,PASSENGER CAR,SLOWING OR STOPPING,North,North,45,2003,HYUND,1.1,42.4,29.1,0
Property Damage Crash,10-06-2022 07:30,County,GLENDALE RD,N/A,STRAIGHT MOVEMENT ANGLE,SNOW,WET,DAYLIGHT,STOP SIGN,Yes,NO APPARENT INJURY,NOT DISTRACTED,VAN,ACCELERATING,North,North,25,2007,CHEVROLET,0,0,0,0
Property Damage Crash,10-06-2022 07:30,US (State),GEORGIA AVE,N/A,SAME DIR REAR END,CLEAR,DRY,DAYLIGHT,TRAFFIC SIGNAL,Yes,NO APPARENT INJURY,OTHER DISTRACTION,UNKNOWN,ACCELERATING,West,South,25,0,UNKNOWN,4.2,41,28.7,0
Property Damage Crash,10-06-2022 07:30,Maryland (State),CLOPPER RD,N/A,SAME DIR REAR END,CLEAR,DRY,DAYLIGHT,NO CONTROLS,No,NO APPARENT INJURY,NOT DISTRACTED,PASSENGER CAR,STOPPED IN TRAFFIC LANE,North,North,35,2014,HONDA,6.3,201,43.7,0
Property Damage Crash,10-06-2022 07:30,Municipality,E MIDDLE LA,N/A,SAME DIRECTION RIGHT TURN,CLEAR,DRY,DAYLIGHT,TRAFFIC SIGNAL,No,NO APPARENT INJURY,NOT DISTRACTED,PASSENGER CAR,MAKING RIGHT TURN,South,East,30,2014,CHRYSLER,13.1,182,42,0
Property Damage Crash,10-06-2022 07:34,Maryland (State),VEIRS MILL RD,N/A,SAME DIRECTION SIDESWIPE,CLEAR,DRY,DAYLIGHT,STOP SIGN,No,NO APPARENT INJURY,NOT DISTRACTED,(SPORT) UTILITY VEHICLE,STOPPED IN TRAFFIC LANE,North,North,15,2005,HOND,3.3,53,40.4,0
Property Damage Crash,10-06-2022 07:37,Municipality,COLBY AVE,TAKOMA PARK,SAME DIR REND LEFT TURN,CLEAR,DRY,DAYLIGHT,NO CONTROLS,Yes,NO APPARENT INJURY,LOOKED BUT DID NOT SEE,PICKUP TRUCK,BACKING,East,East,10,2000,GMC,0,0,0,0
Injury Crash,10-06-2022 07:45,Maryland (State),GEORGIA AVE,N/A,SAME DIR REAR END,CLEAR,DRY,DAYLIGHT,NO CONTROLS,Yes,POSSIBLE INJURY,NOT DISTRACTED,PASSENGER CAR,SLOWING OR STOPPING,North,North,25,2014,SUBARU,3.5,174,26.5,0
Property Damage Crash,10-06-2022 07:45,Maryland (State),ROCKVILLE PIKE,N/A,SAME DIR REAR END,CLOUDY,DRY,DAYLIGHT,NO CONTROLS,No,NO APPARENT INJURY,NOT DISTRACTED,PASSENGER CAR,SLOWING OR STOPPING,North,North,40,2009,TOYOTA,9.6,34.5,20.5,0
Property Damage Crash,10-06-2022 09:16,County,BEL PRE RD,N/A,SAME DIRECTION SIDESWIPE,N/A,DRY,DARK LIGHTS ON,N/A,Yes,NO APPARENT INJURY,LOOKED BUT DID NOT SEE,PASSENGER CAR,MOVING CONSTANT SPEED,West,West,35,0,BMW,6.6,50.6,12.4,0
Injury Crash,10-06-2022 09:16,Municipality,PARK RD,ROCKVILLE,HEAD ON LEFT TURN,CLEAR,DRY,DARK LIGHTS ON,STOP SIGN,Yes,NO APPARENT INJURY,LOOKED BUT DID NOT SEE,PASSENGER CAR,MAKING LEFT TURN,Unknown,Unknown,15,2017,NISSAN,8.9,43.3,25.5,0
Property Damage Crash,10-06-2022 09:16,,,,OTHER,CLEAR,,DAYLIGHT,N/A,Yes,NO APPARENT INJURY,UNKNOWN,PICKUP TRUCK,BACKING,North,North,15,2006,FORD,0,0,0,0
Injury Crash,10-06-2022 09:45,US (State),COLUMBIA PIKE,N/A,SAME DIR REAR END,CLEAR,DRY,DAYLIGHT,TRAFFIC SIGNAL,Yes,NO APPARENT INJURY,UNKNOWN,PASSENGER CAR,SLOWING OR STOPPING,South,South,50,2017,HONDA,0,0,0,0
Property Damage Crash,10-06-2022 09:45,Maryland (State),RIDGE RD,N/A,OTHER,CLEAR,DRY,DARK LIGHTS ON,TRAFFIC SIGNAL,Yes,NO APPARENT INJURY,UNKNOWN,,MOVING CONSTANT SPEED,East,East,40,0,UNKNOWN,5,44.1,39,0
Injury Crash,10-06-2022 11:06,Interstate (State),EISENHOWER MEMORIAL HWY,N/A,SAME DIR REAR END,CLEAR,DRY,DARK LIGHTS ON,NO CONTROLS,No,SUSPECTED MINOR INJURY,NOT DISTRACTED,PASSENGER CAR,STOPPED IN TRAFFIC LANE,South,South,55,2001,OLDS,1.7,28,21.4,0
Property Damage Crash,10-06-2022 11:06,,,,OTHER,CLEAR,,DARK LIGHTS ON,NO CONTROLS,Yes,NO APPARENT INJURY,LOOKED BUT DID NOT SEE,PASSENGER CAR,BACKING,East,East,5,2016,DODGE,7.6,193,53.3,0
Property Damage Crash,10-06-2022 11:58,County,DOVER RD,N/A,STRAIGHT MOVEMENT ANGLE,CLEAR,DRY,DAYLIGHT,NO CONTROLS,No,NO APPARENT INJURY,NOT DISTRACTED,PICKUP TRUCK,MOVING CONSTANT SPEED,East,East,25,2001,TOYOTA,0,0,0,0
Property Damage Crash,10-06-2022 11:58,,,,OTHER,CLEAR,,DAYLIGHT,N/A,Yes,NO APPARENT INJURY,UNKNOWN,PASSENGER CAR,BACKING,Unknown,Unknown,10,2002,FORD,0,0,0,0
Property Damage Crash,10-06-2022 12:00,Maryland (State),PINEY BRANCH RD,N/A,STRAIGHT MOVEMENT ANGLE,CLEAR,DRY,DAYLIGHT,STOP SIGN,Yes,NO APPARENT INJURY,LOOKED BUT DID NOT SEE,PASSENGER CAR,MAKING LEFT TURN,North,East,30,2003,TOYOTA,1.9,53,25.7,0
Property Damage Crash,10-06-2022 12:00,County,TRAVILAH RD,N/A,HEAD ON LEFT TURN,RAINING,WET,DAYLIGHT,STOP SIGN,No,NO APPARENT INJURY,NOT DISTRACTED,(SPORT) UTILITY VEHICLE,MOVING CONSTANT SPEED,South,South,30,2011,FORD,6.7,36.3,35.9,0
Property Damage Crash,10-06-2022 12:01,,,,SAME DIR REAR END,CLEAR,,DARK NO LIGHTS,N/A,No,NO APPARENT INJURY,NOT DISTRACTED,PASSENGER CAR,ACCELERATING,Unknown,Unknown,5,2012,DODG,0,0,0,0
Property Damage Crash,10-06-2022 12:54,Maryland (State),UNIVERSITY BLVD E,N/A,SAME DIR REAR END,CLEAR,N/A,DAYLIGHT,NO CONTROLS,Yes,NO APPARENT INJURY,OTHER DISTRACTION,"CARGO VAN/LIGHT TRUCK 2 AXLES (OVER 10,000LBS (4,536 KG))",MAKING U TURN,West,East,40,2000,CHEVRO,3.5,49.7,8.7,0
Injury Crash,10-06-2022 12:54,County,LOST KNIFE RD,N/A,SAME DIR REAR END,CLEAR,DRY,DARK LIGHTS ON,NO CONTROLS,No,SUSPECTED MINOR INJURY,NOT DISTRACTED,PASSENGER CAR,MAKING RIGHT TURN,South,East,30,2011,DODG,6.2,287,38.8,0
Property Damage Crash,10-06-2022 13:15,Maryland (State),ROCKVILLE PIKE,N/A,SAME DIR REAR END,CLEAR,DRY,DARK LIGHTS ON,TRAFFIC SIGNAL,Yes,NO APPARENT INJURY,LOOKED BUT DID NOT SEE,PASSENGER CAR,MOVING CONSTANT SPEED,North,North,35,2013,TOYOTA,0,0,0,0
Injury Crash,10-06-2022 13:15,Maryland (State),OLD GEORGETOWN RD,N/A,STRAIGHT MOVEMENT ANGLE,CLEAR,DRY,DAYLIGHT,TRAFFIC SIGNAL,Yes,NO APPARENT INJURY,LOOKED BUT DID NOT SEE,PASSENGER CAR,MOVING CONSTANT SPEED,East,East,45,2010,TOYOTA,9.8,42.4,31.9,0
Injury Crash,10-06-2022 13:45,US (State),COLESVILLE RD,N/A,SAME DIR REAR END,CLEAR,DRY,DARK LIGHTS ON,TRAFFIC SIGNAL,Yes,NO APPARENT INJURY,NOT DISTRACTED,PASSENGER CAR,SLOWING OR STOPPING,South,South,35,2003,HONDA,8.1,48.9,44,0
Property Damage Crash,10-06-2022 13:45,Maryland (State),OLD COLUMBIA PIKE,N/A,OTHER,CLEAR,DRY,DUSK,TRAFFIC SIGNAL,No,NO APPARENT INJURY,NOT DISTRACTED,PASSENGER CAR,MOVING CONSTANT SPEED,South,South,30,2010,TOYOTA,2.4,33.3,29.7,0
Property Damage Crash,10-06-2022 14:00,Interstate (State),NO NAME,N/A,SINGLE VEHICLE,SNOW,SNOW,DAYLIGHT,NO CONTROLS,Unknown,NO APPARENT INJURY,NOT DISTRACTED,FIRE VEHICLE/EMERGENCY,CHANGING LANES,North,North,55,2015,CHEV,1.6,60,39.6,0
Injury Crash,10-06-2022 14:00,County,RANDOLPH RD,N/A,SAME DIR REAR END,RAINING,WET,DAYLIGHT,TRAFFIC SIGNAL,No,NO APPARENT INJURY,NOT DISTRACTED,PASSENGER CAR,STOPPED IN TRAFFIC LANE,West,West,45,2014,TOYOTA,2.1,283,25.8,0
Property Damage Crash,10-06-2022 14:00,Maryland (State),GEORGIA AVE,N/A,SAME DIRECTION SIDESWIPE,CLEAR,DRY,DAYLIGHT,TRAFFIC SIGNAL,No,NO APPARENT INJURY,NOT DISTRACTED,TRANSIT BUS,MOVING CONSTANT SPEED,North,North,35,2009,GILLIG,2.3,37.8,35.8,0.01
Injury Crash,10-06-2022 14:02,County,CASHELL RD,N/A,SAME DIR REAR END,CLEAR,DRY,DAYLIGHT,N/A,No,POSSIBLE INJURY,NOT DISTRACTED,PASSENGER CAR,MAKING LEFT TURN,West,North,35,2021,NISS,1.9,40.6,37.4,0
Property Damage Crash,10-06-2022 14:02,Maryland (State),NORBECK RD,N/A,SAME DIR REAR END,CLEAR,"MUD, DIRT, GRAVEL",DAYLIGHT,NO CONTROLS,Yes,NO APPARENT INJURY,LOOKED BUT DID NOT SEE,PASSENGER CAR,MOVING CONSTANT SPEED,East,East,35,2001,FORD,6.2,61.5,56.8,0
Property Damage Crash,10-06-2022 14:43,Maryland (State),GEORGIA AVE,N/A,HEAD ON LEFT TURN,N/A,DRY,DARK LIGHTS ON,TRAFFIC SIGNAL,No,NO APPARENT INJURY,NOT DISTRACTED,PASSENGER CAR,STOPPED IN TRAFFIC LANE,East,South,40,2012,TOYOTA,0,0,0,0
Injury Crash,10-06-2022 15:26,County,GOSHEN RD,N/A,STRAIGHT MOVEMENT ANGLE,CLEAR,DRY,DARK LIGHTS ON,TRAFFIC SIGNAL,No,SUSPECTED MINOR INJURY,NOT DISTRACTED,PASSENGER CAR,MOVING CONSTANT SPEED,North,North,35,2021,NISSAN,0,0,0,0
Injury Crash,10-06-2022 15:34,US (State),COLUMBIA PIKE,N/A,SAME DIR REAR END,N/A,DRY,DAYLIGHT,NO CONTROLS,No,NO APPARENT INJURY,NOT DISTRACTED,PASSENGER CAR,SLOWING OR STOPPING,North,North,40,2006,ACURA,7.4,336,24.1,0
Injury Crash,10-06-2022 15:34,Maryland (State),NEW HAMPSHIRE AVE,N/A,HEAD ON LEFT TURN,RAINING,WET,DAYLIGHT,NO CONTROLS,Yes,SUSPECTED MINOR INJURY,LOOKED BUT DID NOT SEE,PASSENGER CAR,MOVING CONSTANT SPEED,South,South,30,2001,SUZIKI,0,0,0,0
Property Damage Crash,10-06-2022 15:34,Maryland (State),CONNECTICUT AVE,N/A,SAME DIRECTION SIDESWIPE,CLEAR,WET,DAYLIGHT,N/A,No,NO APPARENT INJURY,NOT DISTRACTED,PICKUP TRUCK,MOVING CONSTANT SPEED,North,North,35,2003,FORD,0,0,0,0
Injury Crash,10-06-2022 16:20,County,GOOD HOPE RD,N/A,HEAD ON,CLOUDY,WET,DARK LIGHTS ON,NO CONTROLS,Yes,POSSIBLE INJURY,NOT DISTRACTED,PASSENGER CAR,MOVING CONSTANT SPEED,North,North,30,2005,NISSAN,2.2,49.3,40.8,0
Property Damage Crash,10-06-2022 16:20,Maryland (State),MONTGOMERY AVE,N/A,SAME DIRECTION LEFT TURN,CLEAR,DRY,DAYLIGHT,TRAFFIC SIGNAL,No,NO APPARENT INJURY,NOT DISTRACTED,PASSENGER CAR,MOVING CONSTANT SPEED,East,East,25,2002,LEXUS,12.5,33,23.5,0
Property Damage Crash,10-06-2022 17:00,US (State),COLUMBIA PIKE,N/A,SINGLE VEHICLE,RAINING,WET,DAYLIGHT,N/A,Yes,NO APPARENT INJURY,INATTENTIVE OR LOST IN THOUGHT,PASSENGER CAR,MOVING CONSTANT SPEED,South,South,55,2004,HONDA,8.4,273,37.8,0
Property Damage Crash,10-06-2022 18:00,,,,OTHER,CLOUDY,,DAYLIGHT,N/A,No,NO APPARENT INJURY,NOT DISTRACTED,PASSENGER CAR,PARKED,,,0,2007,NISS,0,0,0,0
Injury Crash,10-06-2022 18:51,Maryland (State),WHITES FERRY RD,N/A,SINGLE VEHICLE,CLEAR,DRY,DARK NO LIGHTS,NO CONTROLS,Yes,SUSPECTED MINOR INJURY,NOT DISTRACTED,(SPORT) UTILITY VEHICLE,MOVING CONSTANT SPEED,West,West,30,2013,FORD,0,0,0,0
Property Damage Crash,10-06-2022 19:15,Maryland (State),CLARKSBURG RD,N/A,SAME DIRECTION RIGHT TURN,CLEAR,DRY,DAYLIGHT,YIELD SIGN,No,NO APPARENT INJURY,NOT DISTRACTED,PASSENGER CAR,NEGOTIATING A CURVE,East,East,40,2012,INFINITI,2.7,46.7,37.7,0
Injury Crash,10-06-2022 19:56,US (State),COLUMBIA PIKE,N/A,STRAIGHT MOVEMENT ANGLE,BLOWING SNOW,DRY,DARK LIGHTS ON,TRAFFIC SIGNAL,Unknown,SUSPECTED MINOR INJURY,UNKNOWN,PASSENGER CAR,MOVING CONSTANT SPEED,North,North,40,2004,MAZD,4.7,49.3,28.9,0
Injury Crash,10-06-2022 19:56,Municipality,BALTIMORE RD,ROCKVILLE,SINGLE VEHICLE,CLEAR,DRY,DARK LIGHTS ON,N/A,Yes,SUSPECTED MINOR INJURY,NOT DISTRACTED,PASSENGER CAR,MOVING CONSTANT SPEED,West,West,25,2003,FORD,0,0,0,0
Property Damage Crash,10-06-2022 20:09,County,E RANDOLPH RD,N/A,HEAD ON LEFT TURN,CLEAR,DRY,DAYLIGHT,TRAFFIC SIGNAL,Yes,NO APPARENT INJURY,LOOKED BUT DID NOT SEE,PASSENGER CAR,MAKING LEFT TURN,South,West,40,2016,FORD,8,48.4,44.4,0
Injury Crash,10-06-2022 20:09,County,HIGHVIEW AVE,N/A,STRAIGHT MOVEMENT ANGLE,CLEAR,DRY,DAYLIGHT,NO CONTROLS,No,POSSIBLE INJURY,NOT DISTRACTED,PASSENGER CAR,MOVING CONSTANT SPEED,West,West,25,2011,DODGE,2.6,40.5,28.9,0
Property Damage Crash,10-06-2022 20:42,Maryland (State),ROCKVILLE PIKE,N/A,SAME DIR REAR END,CLEAR,DRY,DAYLIGHT,TRAFFIC SIGNAL,Yes,NO APPARENT INJURY,INATTENTIVE OR LOST IN THOUGHT,PASSENGER CAR,SLOWING OR STOPPING,South,South,35,2010,TOYOTA,0,0,0,0
Property Damage Crash,10-06-2022 20:42,Maryland (State),NEW HAMPSHIRE AVE,N/A,SAME DIRECTION SIDESWIPE,CLEAR,DRY,DARK LIGHTS ON,N/A,No,NO APPARENT INJURY,NOT DISTRACTED,PASSENGER CAR,MOVING CONSTANT SPEED,South,South,40,2008,HONDA,10.1,166,40.4,0
Property Damage Crash,10-06-2022 22:00,County,CONNECTICUT AVE,N/A,STRAIGHT MOVEMENT ANGLE,CLEAR,DRY,DARK LIGHTS ON,NO CONTROLS,No,NO APPARENT INJURY,NOT DISTRACTED,PASSENGER CAR,MOVING CONSTANT SPEED,South,South,35,2006,CADILLAC,0,0,0,0
Injury Crash,11-06-2022 01:49,Maryland (State),PINEY BRANCH RD,N/A,SAME DIR REAR END,CLEAR,DRY,DAYLIGHT,TRAFFIC SIGNAL,Yes,NO APPARENT INJURY,UNKNOWN,TRUCK TRACTOR,SLOWING OR STOPPING,South,South,30,2014,FREIGHTLINER,0,0,0,0
Property Damage Crash,11-06-2022 02:48,US (State),COLUMBIA PIKE,N/A,SINGLE VEHICLE,CLEAR,DRY,DARK LIGHTS ON,NO CONTROLS,Yes,NO APPARENT INJURY,LOOKED BUT DID NOT SEE,PASSENGER CAR,MOVING CONSTANT SPEED,South,South,50,2007,HONDA,1.7,39.4,36.7,0
Injury Crash,11-06-2022 03:45,US (State),COLUMBIA PIKE,N/A,STRAIGHT MOVEMENT ANGLE,CLOUDY,DRY,DAYLIGHT,TRAFFIC SIGNAL,Yes,NO APPARENT INJURY,NOT DISTRACTED,"MEDIUM/HEAVY TRUCKS 3 AXLES (OVER 10,000LBS (4,536KG))",MOVING CONSTANT SPEED,North,North,50,2014,FORD,3.2,356,22.2,0
Property Damage Crash,11-06-2022 03:45,US (State),COLESVILLE RD,N/A,SAME DIRECTION LEFT TURN,N/A,DRY,DAYLIGHT,TRAFFIC SIGNAL,Yes,NO APPARENT INJURY,OTHER DISTRACTION,PASSENGER CAR,ACCELERATING,East,East,30,2012,CHEVORLET,3.3,39,23.7,0
Injury Crash,11-06-2022 04:15,County,BALTIMORE RD,N/A,STRAIGHT MOVEMENT ANGLE,CLEAR,DRY,DARK LIGHTS ON,STOP SIGN,Yes,POSSIBLE INJURY,LOOKED BUT DID NOT SEE,PASSENGER CAR,MAKING LEFT TURN,South,West,35,2009,HOND,4,28,26.4,0
Property Damage Crash,11-06-2022 04:15,Maryland (State),ROCKVILLE PIKE,N/A,SAME DIR REAR END,CLEAR,N/A,DAYLIGHT,N/A,No,NO APPARENT INJURY,NOT DISTRACTED,PASSENGER CAR,SLOWING OR STOPPING,North,North,30,2011,MITSUBISHI,0,0,0,0
Property Damage Crash,11-06-2022 05:15,County,BEL PRE RD,N/A,SAME DIR REAR END,CLEAR,DRY,DAYLIGHT,N/A,Yes,NO APPARENT INJURY,ADJUSTING AUDIO AND OR CLIMATE CONTROLS,PASSENGER CAR,MOVING CONSTANT SPEED,East,East,25,2015,NISSAN,0,0,0,0
Injury Crash,11-06-2022 07:45,County,RUATAN ST,N/A,HEAD ON,CLEAR,DRY,DARK LIGHTS ON,N/A,Yes,POSSIBLE INJURY,LOOKED BUT DID NOT SEE,PASSENGER CAR,MOVING CONSTANT SPEED,East,East,15,2007,HONDA,2.8,51,49.2,0
Property Damage Crash,11-06-2022 07:45,County,SHAKESPEARE BLVD,N/A,HEAD ON LEFT TURN,CLEAR,DRY,DAYLIGHT,STOP SIGN,No,NO APPARENT INJURY,NOT DISTRACTED,PASSENGER CAR,MAKING LEFT TURN,North,East,35,2007,HOND,9.3,56.4,42.2,0
Property Damage Crash,11-06-2022 09:53,County,PINEY MEETINGHOUSE RD,N/A,SAME DIR REAR END,CLEAR,DRY,DARK LIGHTS ON,TRAFFIC SIGNAL,Yes,NO APPARENT INJURY,LOOKED BUT DID NOT SEE,(SPORT) UTILITY VEHICLE,SLOWING OR STOPPING,South,South,30,2015,BUICK,2.3,36.3,32.8,0
Injury Crash,11-06-2022 09:53,County,WATKINS MILL RD,N/A,OTHER,RAINING,WET,DAYLIGHT,NO CONTROLS,Yes,SUSPECTED MINOR INJURY,UNKNOWN,OTHER,STARTING FROM PARKED,North,South,35,1998,TOYT,0,0,0,0
Injury Crash,11-06-2022 09:56,County,AIRPARK RD,N/A,SINGLE VEHICLE,CLEAR,DRY,DARK LIGHTS ON,NO CONTROLS,Yes,POSSIBLE INJURY,OTHER DISTRACTION,PASSENGER CAR,MOVING CONSTANT SPEED,West,West,45,2017,FORD,8.5,42.6,30.2,0
Property Damage Crash,11-06-2022 09:56,Maryland (State),E JEFFERSON ST,ROCKVILLE,STRAIGHT MOVEMENT ANGLE,RAINING,WET,DAYLIGHT,TRAFFIC SIGNAL,Yes,NO APPARENT INJURY,UNKNOWN,PASSENGER CAR,MOVING CONSTANT SPEED,East,East,30,1999,HONDA,4.8,207,32.8,0
Property Damage Crash,11-06-2022 10:24,County,SNOUFFERS SCHOOL RD,N/A,OTHER,CLEAR,DRY,DARK LIGHTS ON,N/A,Yes,NO APPARENT INJURY,UNKNOWN,PASSENGER CAR,BACKING,Unknown,Unknown,15,2008,TOYOTA,6,44.6,29.5,0
Injury Crash,11-06-2022 10:24,County,FAIRLAND RD,N/A,STRAIGHT MOVEMENT ANGLE,CLEAR,DRY,DAWN,TRAFFIC SIGNAL,No,NO APPARENT INJURY,NOT DISTRACTED,STATION WAGON,MOVING CONSTANT SPEED,West,South,35,2013,TOYOTA,5.5,52.3,42.8,0
Property Damage Crash,11-06-2022 10:25,,,,OTHER,CLEAR,,DARK LIGHTS ON,NO CONTROLS,Yes,NO APPARENT INJURY,NOT DISTRACTED,PASSENGER CAR,MOVING CONSTANT SPEED,Unknown,Unknown,0,1997,MERCEDES,5,44.1,19.9,0
Property Damage Crash,11-06-2022 10:25,,,,OTHER,CLEAR,,DAYLIGHT,NO CONTROLS,Yes,NO APPARENT INJURY,LOOKED BUT DID NOT SEE,PASSENGER CAR,PARKING,Unknown,Unknown,5,2005,TOYT,7.1,38.7,28.5,0
Property Damage Crash,11-06-2022 10:39,Maryland (State),NEW HAMPSHIRE AVE,N/A,STRAIGHT MOVEMENT ANGLE,CLOUDY,WET,DAYLIGHT,TRAFFIC SIGNAL,No,NO APPARENT INJURY,NOT DISTRACTED,PASSENGER CAR,MOVING CONSTANT SPEED,North,North,40,2004,SATU,5.9,41.8,15.8,0
Property Damage Crash,11-06-2022 10:39,Maryland (State),CONNECTICUT AVE,N/A,STRAIGHT MOVEMENT ANGLE,CLEAR,DRY,DAYLIGHT,TRAFFIC SIGNAL,Yes,NO APPARENT INJURY,INATTENTIVE OR LOST IN THOUGHT,PASSENGER CAR,MOVING CONSTANT SPEED,South,South,35,2011,HYUNDAI,1.8,37.9,25.2,0
Property Damage Crash,11-06-2022 10:59,,,,SINGLE VEHICLE,N/A,,DARK LIGHTS ON,N/A,Yes,NO APPARENT INJURY,LOOKED BUT DID NOT SEE,POLICE VEHICLE/NON EMERGENCY,BACKING,East,East,10,2011,DODGE,11.2,322,13.3,0
Property Damage Crash,11-06-2022 11:15,Municipality,REDLAND BLVD,ROCKVILLE,OTHER,CLEAR,DRY,DAYLIGHT,TRAFFIC SIGNAL,No,NO APPARENT INJURY,UNKNOWN,PASSENGER CAR,MOVING CONSTANT SPEED,East,East,30,2010,BMW,0,0,0,0
Property Damage Crash,11-06-2022 12:30,Maryland (State),ROCKVILLE PIKE,N/A,SAME DIR REAR END,CLEAR,DRY,DAYLIGHT,TRAFFIC SIGNAL,Yes,NO APPARENT INJURY,UNKNOWN,PASSENGER CAR,SLOWING OR STOPPING,South,South,40,2013,MNNI,0,0,0,0
Property Damage Crash,11-06-2022 12:52,County,FAIRLAND RD,N/A,STRAIGHT MOVEMENT ANGLE,CLEAR,DRY,DAYLIGHT,TRAFFIC SIGNAL,Yes,NO APPARENT INJURY,NOT DISTRACTED,VAN,MAKING LEFT TURN,South,South,40,2019,FORD,4.1,291,24,0
Injury Crash,11-06-2022 12:52,Interstate (State),EISENHOWER MEMORIAL HWY,N/A,SAME DIR REAR END,CLOUDY,DRY,DAYLIGHT,NO CONTROLS,Yes,NO APPARENT INJURY,NOT DISTRACTED,PASSENGER CAR,SLOWING OR STOPPING,South,South,55,2016,TOYOTA,5.8,34.9,30.6,0
Property Damage Crash,11-06-2022 13:00,Municipality,FIRSTFIELD RD,N/A,SAME DIRECTION SIDESWIPE,CLEAR,DRY,DARK LIGHTS ON,NO CONTROLS,Yes,NO APPARENT INJURY,INATTENTIVE OR LOST IN THOUGHT,PASSENGER CAR,MAKING LEFT TURN,West,West,25,2016,CHEV,6.1,51.6,38.8,0
Property Damage Crash,11-06-2022 13:00,Maryland (State),LAYHILL RD,N/A,SAME DIR REAR END,CLEAR,DRY,DAWN,TRAFFIC SIGNAL,No,NO APPARENT INJURY,NOT DISTRACTED,PASSENGER CAR,STOPPED IN TRAFFIC LANE,North,North,40,2007,HOND,2.4,88,28.1,0
Injury Crash,11-06-2022 13:20,Maryland (State),W DIAMOND AVE,GAITHERSBURG,STRAIGHT MOVEMENT ANGLE,CLOUDY,DRY,DAYLIGHT,STOP SIGN,Yes,NO APPARENT INJURY,NOT DISTRACTED,PASSENGER CAR,MAKING LEFT TURN,West,North,30,2008,CHEV,8.8,175,5.6,0
Injury Crash,11-06-2022 13:20,County,INDUSTRIAL PKWY,N/A,SAME DIR REAR END,CLEAR,DRY,DAYLIGHT,TRAFFIC SIGNAL,Yes,NO APPARENT INJURY,LOOKED BUT DID NOT SEE,PASSENGER CAR,MOVING CONSTANT SPEED,North,North,50,2002,TOYOTA,0,0,0,0
Property Damage Crash,11-06-2022 13:45,,,,SAME DIR REAR END,RAINING,,UNKNOWN,N/A,Yes,NO APPARENT INJURY,INATTENTIVE OR LOST IN THOUGHT,PASSENGER CAR,UNKNOWN,Unknown,Unknown,0,1999,TOYOTA,5.2,42.3,39.9,0
Property Damage Crash,11-06-2022 13:45,County,MILLER FALL RD,N/A,SINGLE VEHICLE,CLEAR,DRY,DAYLIGHT,NO CONTROLS,Yes,NO APPARENT INJURY,UNKNOWN,PICKUP TRUCK,MOVING CONSTANT SPEED,North,North,25,2017,CHEVROLET,2.2,37.7,18.6,0
Property Damage Crash,11-06-2022 13:45,Maryland (State),WOODFIELD RD,N/A,SINGLE VEHICLE,CLEAR,WET,DAYLIGHT,N/A,Yes,NO APPARENT INJURY,NOT DISTRACTED,PASSENGER CAR,MOVING CONSTANT SPEED,North,North,35,2009,MITS,6.5,337,33.2,0
Property Damage Crash,11-06-2022 14:48,County,E GUDE DR,N/A,STRAIGHT MOVEMENT ANGLE,RAINING,WET,DARK LIGHTS ON,TRAFFIC SIGNAL,No,NO APPARENT INJURY,NOT DISTRACTED,PASSENGER CAR,MOVING CONSTANT SPEED,East,East,40,2003,TOYOTA,0,0,0,0
Injury Crash,11-06-2022 14:48,Maryland (State),NORBECK RD,N/A,SAME DIR REAR END,CLEAR,DRY,DAYLIGHT,NO CONTROLS,Yes,NO APPARENT INJURY,INATTENTIVE OR LOST IN THOUGHT,PASSENGER CAR,MOVING CONSTANT SPEED,West,West,35,2004,HONDA,0,0,0,0
Injury Crash,11-06-2022 15:07,County,BEL PRE RD,N/A,HEAD ON,CLEAR,DRY,DAWN,NO CONTROLS,No,POSSIBLE INJURY,NOT DISTRACTED,PASSENGER CAR,SLOWING OR STOPPING,South,South,15,2006,NISS,8.4,184,28.8,0