ACRS Report Type,Date and Time,Route Type,Road Name,Municipality,Collision Type,Weather,Surface Condition,Light,Traffic Control,Driver At Fault,Injury Severity,Driver Distracted By,Vehicle Body Type,Vehicle Movement,Vehicle Continuing Dir,Vehicle Going Dir,Speed Limit,Vehicle Year,Vehicle Make,Wind Speed (MPH),TMP10-DK ,Relative Humidity (%),Rain (Inches)
Property Damage Crash,11-06-2022 15:07,Maryland (State),MONTROSE PKWY,N/A,SAME DIR REAR END,CLEAR,DRY,DARK LIGHTS ON,TRAFFIC SIGNAL,No,NO APPARENT INJURY,NOT DISTRACTED,PASSENGER CAR,SLOWING OR STOPPING,East,East,35,1997,DODGE,0,0,0,0
Property Damage Crash,11-06-2022 15:29,,,,OTHER,N/A,,DAYLIGHT,N/A,No,NO APPARENT INJURY,NOT DISTRACTED,PASSENGER CAR,PARKED,,,0,2018,TOYT,4.5,53.8,53.3,0
Property Damage Crash,11-06-2022 15:30,Maryland (State),FALLS RD,N/A,SAME DIR REAR END,CLEAR,DRY,DAYLIGHT,N/A,No,NO APPARENT INJURY,NOT DISTRACTED,PASSENGER CAR,STOPPED IN TRAFFIC LANE,South,South,35,2015,HYUND,2.6,42.5,36.9,0
Injury Crash,11-06-2022 15:30,,,,SAME DIR REAR END,CLEAR,,DAYLIGHT,N/A,Yes,NO APPARENT INJURY,NOT DISTRACTED,PASSENGER CAR,SLOWING OR STOPPING,East,East,5,2011,MERCEDEZ,3.4,36.9,27.2,0
Property Damage Crash,11-06-2022 16:34,County,CENTURY BLVD,N/A,SAME DIRECTION LEFT TURN,CLOUDY,DRY,DAYLIGHT,NO CONTROLS,Yes,NO APPARENT INJURY,LOOKED BUT DID NOT SEE,PASSENGER CAR,MOVING CONSTANT SPEED,North,North,30,2020,CHEVROLET,1.6,35.1,33.2,0
Property Damage Crash,11-06-2022 17:00,,,,SAME DIRECTION SIDESWIPE,CLEAR,,DARK LIGHTS ON,NO CONTROLS,Yes,NO APPARENT INJURY,UNKNOWN,PASSENGER CAR,MOVING CONSTANT SPEED,West,West,15,2009,HONDA,1,38.9,24,0
Injury Crash,11-06-2022 17:29,County,RICHTER FARM RD,N/A,SAME DIR REAR END,CLEAR,DRY,DAYLIGHT,TRAFFIC SIGNAL,No,NO APPARENT INJURY,NOT DISTRACTED,(SPORT) UTILITY VEHICLE,STOPPED IN TRAFFIC LANE,East,East,25,2015,JEEP,6.2,40.8,36,0
Injury Crash,11-06-2022 18:00,County,FRAMINGHAM DR,N/A,SAME DIR REAR END,CLOUDY,DRY,DAYLIGHT,NO CONTROLS,Yes,SUSPECTED MINOR INJURY,NOT DISTRACTED,(SPORT) UTILITY VEHICLE,MOVING CONSTANT SPEED,East,East,25,2005,SUBARU,3.9,59.5,57.2,0
Property Damage Crash,11-06-2022 18:00,Maryland (State),FREDERICK RD,N/A,SAME DIR REAR END,CLEAR,DRY,DAYLIGHT,TRAFFIC SIGNAL,No,NO APPARENT INJURY,NOT DISTRACTED,PICKUP TRUCK,SLOWING OR STOPPING,North,North,35,1999,TOYOTA,9.4,42.5,37.6,0.02
Property Damage Crash,11-06-2022 18:25,County,GIST AVE,N/A,STRAIGHT MOVEMENT ANGLE,N/A,DRY,DAYLIGHT,NO CONTROLS,No,NO APPARENT INJURY,NOT DISTRACTED,(SPORT) UTILITY VEHICLE,MOVING CONSTANT SPEED,West,West,30,2009,HONDA,9.6,40.4,26.8,0
Injury Crash,11-06-2022 21:07,Maryland (State),WOODFIELD RD,N/A,SAME DIR REAR END,N/A,DRY,DAYLIGHT,NO CONTROLS,Yes,POSSIBLE INJURY,NOT DISTRACTED,PASSENGER CAR,MOVING CONSTANT SPEED,South,South,40,2016,JEEP,,,,
Property Damage Crash,12-06-2022 01:14,County,SCHUBERT DR,N/A,HEAD ON,CLEAR,DRY,DARK LIGHTS ON,N/A,Yes,NO APPARENT INJURY,UNKNOWN,PASSENGER CAR,MOVING CONSTANT SPEED,West,West,30,2006,NISSAN,0,0,0,0
Property Damage Crash,12-06-2022 05:43,Maryland (State),NEW HAMPSHIRE AVE,N/A,HEAD ON,FOGGY,WET,DARK LIGHTS ON,TRAFFIC SIGNAL,No,NO APPARENT INJURY,NOT DISTRACTED,PASSENGER CAR,MOVING CONSTANT SPEED,North,North,40,2014,TOYOTA,9.5,301,25.7,0
Injury Crash,12-06-2022 07:42,Maryland (State),GEORGIA AVE,N/A,SAME DIR REAR END,CLEAR,DRY,DAYLIGHT,N/A,Yes,NO APPARENT INJURY,LOOKED BUT DID NOT SEE,PASSENGER CAR,SLOWING OR STOPPING,North,North,45,2007,GMC,1.7,40,36.5,0
Injury Crash,12-06-2022 07:53,Maryland (State),CONNECTICUT AVE,KENSINGTON,STRAIGHT MOVEMENT ANGLE,CLEAR,DRY,DAYLIGHT,TRAFFIC SIGNAL,No,SUSPECTED MINOR INJURY,NOT DISTRACTED,PASSENGER CAR,MOVING CONSTANT SPEED,West,West,40,2016,HONDA,2.8,31.2,24,0
Property Damage Crash,12-06-2022 07:53,County,ELM ST,N/A,SAME DIRECTION RIGHT TURN,CLEAR,DRY,DAYLIGHT,TRAFFIC SIGNAL,No,NO APPARENT INJURY,NOT DISTRACTED,"MEDIUM/HEAVY TRUCKS 3 AXLES (OVER 10,000LBS (4,536KG))",MAKING RIGHT TURN,North,West,25,2020,INTL,3.9,198,31.2,0
Property Damage Crash,12-06-2022 08:00,Maryland (State),LAYHILL RD,N/A,SAME DIR REAR END,CLEAR,DRY,DAYLIGHT,TRAFFIC SIGNAL,Yes,NO APPARENT INJURY,OTHER DISTRACTION,PASSENGER CAR,MOVING CONSTANT SPEED,North,North,40,2014,FORD,0,0,0,0
Property Damage Crash,12-06-2022 08:16,Municipality,E MONTGOMERY AVE,ROCKVILLE,SINGLE VEHICLE,CLEAR,DRY,DAYLIGHT,NO CONTROLS,Yes,NO APPARENT INJURY,BY OTHER OCCUPANTS,PASSENGER CAR,BACKING,Unknown,Unknown,25,2013,TOYOTA,8.7,40.1,26.8,0
Property Damage Crash,12-06-2022 08:30,County,ARCOLA AVE,N/A,SAME DIR REAR END,CLEAR,WET,DAYLIGHT,NO CONTROLS,No,NO APPARENT INJURY,NOT DISTRACTED,PASSENGER CAR,SLOWING OR STOPPING,West,West,30,2004,MERCEDES,0,0,0,0
Property Damage Crash,12-06-2022 08:30,County,RANDOLPH RD,N/A,SAME DIR REAR END,CLEAR,DRY,DAYLIGHT,NO CONTROLS,No,NO APPARENT INJURY,NOT DISTRACTED,PASSENGER CAR,STOPPED IN TRAFFIC LANE,East,East,35,2017,HOND,12,35.8,25.5,0
Injury Crash,12-06-2022 09:27,Maryland (State),MUNCASTER MILL RD,N/A,HEAD ON LEFT TURN,RAINING,WET,DARK LIGHTS ON,TRAFFIC SIGNAL,Yes,NO APPARENT INJURY,NOT DISTRACTED,PASSENGER CAR,MAKING LEFT TURN,South,West,35,2003,TOYOTA,4.2,39.4,37.2,0
Property Damage Crash,12-06-2022 09:27,County,GRANDVIEW AVE,N/A,HEAD ON LEFT TURN,N/A,DRY,DAYLIGHT,NO CONTROLS,Yes,NO APPARENT INJURY,NOT DISTRACTED,PASSENGER CAR,MOVING CONSTANT SPEED,West,North,25,2011,ACUR,0,0,0,0
Property Damage Crash,12-06-2022 09:45,Maryland (State),UNIVERSITY BLVD E,N/A,SAME DIRECTION SIDESWIPE,CLEAR,DRY,DARK LIGHTS ON,TRAFFIC SIGNAL,Unknown,NO APPARENT INJURY,NOT DISTRACTED,PASSENGER CAR,MOVING CONSTANT SPEED,East,East,40,2000,NISS,2.4,47.3,40.2,0
Property Damage Crash,12-06-2022 09:45,County,RIVER TRAIL CT,N/A,OTHER,CLEAR,WET,DAYLIGHT,NO CONTROLS,Yes,NO APPARENT INJURY,UNKNOWN,(SPORT) UTILITY VEHICLE,ACCELERATING,South,South,25,2006,HONDA,5.7,59.6,56,0
Injury Crash,12-06-2022 10:29,Maryland (State),UNIVERSITY BLVD W,N/A,SAME DIR REAR END,CLEAR,DRY,DAYLIGHT,TRAFFIC SIGNAL,No,NO APPARENT INJURY,NOT DISTRACTED,PASSENGER CAR,MOVING CONSTANT SPEED,West,West,35,2018,VOLSWAGON,3.6,60.1,56.8,0
Property Damage Crash,12-06-2022 10:29,County,REDLAND RD,N/A,SAME DIR REAR END,CLOUDY,DRY,DAYLIGHT,TRAFFIC SIGNAL,Yes,NO APPARENT INJURY,BY OTHER OCCUPANTS,PASSENGER CAR,SLOWING OR STOPPING,South,South,35,1995,MAZD,1.7,202,27.1,0
Property Damage Crash,12-06-2022 10:38,Maryland (State),CLOPPER RD,GAITHERSBURG,SINGLE VEHICLE,SNOW,SNOW,DAYLIGHT,TRAFFIC SIGNAL,Yes,NO APPARENT INJURY,INATTENTIVE OR LOST IN THOUGHT,"MEDIUM/HEAVY TRUCKS 3 AXLES (OVER 10,000LBS (4,536KG))",MOVING CONSTANT SPEED,East,East,35,2014,WESTERN STAR,10.9,35.4,25.4,0
Property Damage Crash,12-06-2022 10:47,Maryland (State),CLOPPER RD,GAITHERSBURG,OTHER,N/A,DRY,DARK LIGHTS ON,N/A,Yes,NO APPARENT INJURY,UNKNOWN,PASSENGER CAR,STARTING FROM LANE,East,East,35,2001,HOND,15.2,185,42.8,0
Injury Crash,12-06-2022 10:47,Interstate (State),CAPITAL BELTWAY,N/A,SINGLE VEHICLE,CLEAR,DRY,DAYLIGHT,N/A,Yes,POSSIBLE INJURY,NOT DISTRACTED,PASSENGER CAR,MOVING CONSTANT SPEED,West,West,55,2011,LEXUS,4.6,252,18.8,0
Injury Crash,12-06-2022 10:52,County,SNOUFFERS SCHOOL RD,N/A,SAME DIRECTION SIDESWIPE,CLEAR,DRY,DARK LIGHTS ON,NO CONTROLS,Yes,NO APPARENT INJURY,NOT DISTRACTED,PICKUP TRUCK,CHANGING LANES,North,North,35,2016,GMC,4.8,39.3,37,0
Injury Crash,12-06-2022 11:04,County,RICHTER FARM RD,N/A,SAME DIR REAR END,CLEAR,DRY,DAYLIGHT,YIELD SIGN,Yes,NO APPARENT INJURY,NOT DISTRACTED,PASSENGER CAR,ACCELERATING,East,South,30,2010,NISSAN,6.7,43.7,34.6,0
Property Damage Crash,12-06-2022 11:04,Maryland (State),GEORGIA AVE,N/A,SAME DIR REAR END,CLEAR,DRY,DAYLIGHT,TRAFFIC SIGNAL,Yes,NO APPARENT INJURY,OTHER DISTRACTION,PICKUP TRUCK,MOVING CONSTANT SPEED,North,North,30,2016,GMC,3.3,227,29,0
Property Damage Crash,12-06-2022 11:30,Maryland (State),STRATHMORE AVE,GARRETT PARK,HEAD ON LEFT TURN,CLEAR,DRY,DAYLIGHT,TRAFFIC SIGNAL,Yes,NO APPARENT INJURY,LOOKED BUT DID NOT SEE,PASSENGER CAR,MAKING LEFT TURN,North,East,30,2017,HONDA,2,9,17.3,0
Property Damage Crash,12-06-2022 12:25,County,TECH RD,N/A,STRAIGHT MOVEMENT ANGLE,RAINING,WET,DAYLIGHT,STOP SIGN,Yes,NO APPARENT INJURY,NOT DISTRACTED,PASSENGER CAR,STARTING FROM LANE,East,East,25,2011,NISS,0,0,0,0
Injury Crash,12-06-2022 12:40,Maryland (State),RIVER RD,N/A,SINGLE VEHICLE,RAINING,WET,DAYLIGHT,STOP SIGN,Yes,POSSIBLE INJURY,NOT DISTRACTED,STATION WAGON,MOVING CONSTANT SPEED,West,West,50,1999,SATU,3.7,158,21.5,0
Injury Crash,12-06-2022 13:19,Maryland (State),CONNECTICUT AVE,N/A,SAME DIR REAR END,CLEAR,DRY,DARK LIGHTS ON,TRAFFIC SIGNAL,No,NO APPARENT INJURY,NOT DISTRACTED,PASSENGER CAR,STOPPED IN TRAFFIC LANE,North,North,45,2019,HYUNDAI,0,0,0,0
Injury Crash,12-06-2022 13:19,Maryland (State),MUNCASTER MILL RD,N/A,SAME DIR REAR END,RAINING,WET,DAYLIGHT,N/A,Yes,POSSIBLE INJURY,UNKNOWN,VAN,MOVING CONSTANT SPEED,North,North,40,2006,TOYOTA,0,0,0,0
Property Damage Crash,12-06-2022 13:25,County,HINES RD,N/A,SINGLE VEHICLE,CLOUDY,N/A,DAYLIGHT,NO CONTROLS,Yes,NO APPARENT INJURY,NOT DISTRACTED,PASSENGER CAR,MOVING CONSTANT SPEED,West,West,35,2020,MERZ,0,0,0,0
Property Damage Crash,12-06-2022 14:05,Maryland (State),GEORGIA AVE,N/A,OTHER,CLEAR,DRY,DAYLIGHT,OTHER,Unknown,NO APPARENT INJURY,NOT DISTRACTED,TRUCK TRACTOR,MOVING CONSTANT SPEED,South,South,35,2008,STLG DS,4.3,331,22,0
Injury Crash,12-06-2022 14:05,County,DENNIS AVE,N/A,SAME DIR REAR END,CLEAR,DRY,DAYLIGHT,STOP SIGN,No,POSSIBLE INJURY,NOT DISTRACTED,PASSENGER CAR,SLOWING OR STOPPING,North,North,25,2003,FORD,5.7,37.4,30.6,0.02
Property Damage Crash,12-06-2022 14:05,County,MONTGOMERY VILLAGE AVE,N/A,SAME DIR REAR END,CLOUDY,WET,DAYLIGHT,TRAFFIC SIGNAL,No,NO APPARENT INJURY,NOT DISTRACTED,TRANSIT BUS,STOPPED IN TRAFFIC LANE,North,North,35,2008,GILL,2.4,159,44.9,0
Injury Crash,12-06-2022 14:30,County,OLD COLUMBIA PIKE,N/A,STRAIGHT MOVEMENT ANGLE,CLEAR,DRY,DAYLIGHT,NO CONTROLS,No,POSSIBLE INJURY,NOT DISTRACTED,PASSENGER CAR,MOVING CONSTANT SPEED,South,South,40,2018,HONDA,6.4,338,20,0
Injury Crash,12-06-2022 14:46,Maryland (State),GEORGIA AVE,N/A,SAME DIRECTION SIDESWIPE,CLEAR,DRY,DAYLIGHT,N/A,Unknown,POSSIBLE INJURY,UNKNOWN,PASSENGER CAR,MOVING CONSTANT SPEED,North,North,35,2008,TOYOTA,2.6,41.2,41.1,0
Property Damage Crash,12-06-2022 14:48,Maryland (State),NORBECK RD,N/A,SAME DIR REAR END,CLEAR,DRY,DAYLIGHT,TRAFFIC SIGNAL,Yes,NO APPARENT INJURY,NOT DISTRACTED,PASSENGER CAR,MOVING CONSTANT SPEED,West,West,35,2009,TOYT,3.5,26,31.3,0
Property Damage Crash,12-06-2022 14:48,,,,OTHER,CLEAR,,DAYLIGHT,NO CONTROLS,Yes,NO APPARENT INJURY,LOOKED BUT DID NOT SEE,PASSENGER CAR,BACKING,South,South,5,2005,TOYOTA,8.4,267,33.6,0
Property Damage Crash,12-06-2022 14:49,Maryland (State),ROCKVILLE PIKE,N/A,OTHER,CLEAR,DRY,DARK LIGHTS ON,TRAFFIC SIGNAL,Yes,NO APPARENT INJURY,UNKNOWN,PASSENGER CAR,MAKING LEFT TURN,West,North,40,2011,HYUNDAI,2.2,348,51.6,0
Injury Crash,12-06-2022 14:49,Maryland (State),OLNEY LAYTONSVILLE RD,N/A,HEAD ON LEFT TURN,CLEAR,DRY,DAYLIGHT,TRAFFIC SIGNAL,No,POSSIBLE INJURY,NOT DISTRACTED,PICKUP TRUCK,MOVING CONSTANT SPEED,East,East,40,2006,TOYOTA,1.3,48.8,40.7,0
Property Damage Crash,12-06-2022 15:00,Maryland (State),NORBECK RD,N/A,HEAD ON LEFT TURN,CLEAR,DRY,DAYLIGHT,TRAFFIC SIGNAL,Yes,NO APPARENT INJURY,LOOKED BUT DID NOT SEE,PASSENGER CAR,MAKING LEFT TURN,North,East,45,2015,AUDI,2.9,14,20.9,0
Property Damage Crash,12-06-2022 15:00,Maryland (State),FREDERICK RD,N/A,HEAD ON,CLEAR,DRY,DAYLIGHT,NO CONTROLS,Yes,NO APPARENT INJURY,UNKNOWN,PASSENGER CAR,PARKING,South,North,10,2014,JEEP,3.6,51.6,42.3,0
Property Damage Crash,12-06-2022 15:17,,,,STRAIGHT MOVEMENT ANGLE,CLEAR,,DAYLIGHT,N/A,Yes,NO APPARENT INJURY,LOOKED BUT DID NOT SEE,PASSENGER CAR,STARTING FROM PARKED,Unknown,Unknown,5,2008,FORD,2.2,61,39.5,0
Property Damage Crash,12-06-2022 15:17,County,SHADY GROVE RD,ROCKVILLE,SAME DIR REAR END,CLEAR,DRY,DAYLIGHT,NO CONTROLS,Yes,NO APPARENT INJURY,NOT DISTRACTED,PASSENGER CAR,SLOWING OR STOPPING,South,South,45,2015,TOYOTA,4.9,216,34,0
Injury Crash,12-06-2022 15:19,Municipality,W DEER PARK RD,GAITHERSBURG,OTHER,CLOUDY,DRY,DAYLIGHT,NO CONTROLS,Unknown,SUSPECTED MINOR INJURY,NOT DISTRACTED,PASSENGER CAR,MOVING CONSTANT SPEED,West,West,25,2009,NISSAN,3.5,41.8,39.3,0.02
Injury Crash,12-06-2022 15:19,County,AIRPARK RD,N/A,HEAD ON,RAINING,WET,DAYLIGHT,NO CONTROLS,Yes,SUSPECTED MINOR INJURY,NOT DISTRACTED,PASSENGER CAR,MOVING CONSTANT SPEED,North,North,50,2005,SUZ,5.7,323,20.9,0
Injury Crash,12-06-2022 16:00,Maryland (State),SPENCERVILLE RD,N/A,OTHER,CLEAR,DRY,DAYLIGHT,NO CONTROLS,No,NO APPARENT INJURY,NOT DISTRACTED,OTHER,MOVING CONSTANT SPEED,East,East,40,2000,INTL,10.2,42.8,29.3,0
Injury Crash,12-06-2022 16:00,Interstate (State),EISENHOWER MEMORIAL HWY,N/A,SAME DIR REAR END,CLEAR,DRY,DAYLIGHT,NO CONTROLS,No,POSSIBLE INJURY,NOT DISTRACTED,PASSENGER CAR,STOPPED IN TRAFFIC LANE,North,North,55,2011,NISSAN,9.8,280,34.9,0
Property Damage Crash,12-06-2022 16:45,Maryland (State),WOODFIELD RD,N/A,SAME DIR REAR END,CLEAR,DRY,DAYLIGHT,NO CONTROLS,No,NO APPARENT INJURY,NOT DISTRACTED,PICKUP TRUCK,MAKING LEFT TURN,West,North,30,2002,FORD,1.4,27.6,23.4,0
Injury Crash,12-06-2022 16:45,County,CHERRY HILL RD,N/A,SAME DIRECTION SIDESWIPE,CLEAR,DRY,DAYLIGHT,NO CONTROLS,No,NO APPARENT INJURY,NOT DISTRACTED,PASSENGER CAR,MOVING CONSTANT SPEED,South,South,40,2008,NISSIAN,11.2,172,29.9,0
Property Damage Crash,12-06-2022 16:46,US (State),COLESVILLE RD,N/A,STRAIGHT MOVEMENT ANGLE,CLEAR,DRY,DAYLIGHT,NO CONTROLS,No,NO APPARENT INJURY,NOT DISTRACTED,TRANSIT BUS,STOPPED IN TRAFFIC LANE,North,North,40,2016,NEW FLYER,4.1,121,31.7,0
Injury Crash,12-06-2022 16:46,County,FAIRLAND RD,N/A,SAME DIR REAR END,CLEAR,DRY,DAYLIGHT,N/A,No,POSSIBLE INJURY,NOT DISTRACTED,PASSENGER CAR,MAKING LEFT TURN,East,East,35,2014,MERZ,0,0,0,0
Property Damage Crash,12-06-2022 17:15,County,CHERRY HILL RD,N/A,SAME DIR REAR END,CLEAR,N/A,DAYLIGHT,N/A,Unknown,NO APPARENT INJURY,NOT DISTRACTED,PASSENGER CAR,SLOWING OR STOPPING,East,East,40,2006,ACURA,0,0,0,0
Injury Crash,12-06-2022 17:15,Maryland (State),NEW HAMPSHIRE AVE,N/A,STRAIGHT MOVEMENT ANGLE,CLEAR,DRY,DAYLIGHT,TRAFFIC SIGNAL,No,POSSIBLE INJURY,NOT DISTRACTED,PICKUP TRUCK,STARTING FROM LANE,East,East,40,2008,FORD,3.3,43,39.3,0
Injury Crash,12-06-2022 17:15,Maryland (State),OLD GEORGETOWN RD,N/A,OTHER,N/A,DRY,DARK LIGHTS ON,TRAFFIC SIGNAL,Yes,SUSPECTED MINOR INJURY,NOT DISTRACTED,(SPORT) UTILITY VEHICLE,MAKING U TURN,South,South,40,2006,ACURA,5.9,174,54.2,0
Property Damage Crash,12-06-2022 17:15,County,GRACEFIELD RD,N/A,SAME DIR REAR END,CLEAR,N/A,DARK LIGHTS ON,NO CONTROLS,No,NO APPARENT INJURY,NOT DISTRACTED,PASSENGER CAR,MOVING CONSTANT SPEED,West,West,25,2019,ACURA,10.4,306,31.9,0
Injury Crash,12-06-2022 17:24,Maryland (State),ROCKVILLE PIKE,N/A,SAME DIRECTION RIGHT TURN,RAINING,WET,DAYLIGHT,NO CONTROLS,No,NO APPARENT INJURY,NOT DISTRACTED,PASSENGER CAR,MOVING CONSTANT SPEED,South,South,30,2015,VW,2.4,11,32.4,0
Property Damage Crash,12-06-2022 17:24,County,MONTGOMERY VILLAGE AVE,N/A,SAME DIR REAR END,CLEAR,DRY,DAYLIGHT,N/A,No,NO APPARENT INJURY,NOT DISTRACTED,PASSENGER CAR,SLOWING OR STOPPING,North,North,35,2019,INTW,12.3,313,18.8,0
Injury Crash,12-06-2022 17:51,County,BEL PRE RD,N/A,STRAIGHT MOVEMENT ANGLE,RAINING,WET,DARK NO LIGHTS,NO CONTROLS,Yes,SUSPECTED MINOR INJURY,NOT DISTRACTED,PASSENGER CAR,MOVING CONSTANT SPEED,East,East,40,2015,HONDA,3.7,37.4,29,0
Property Damage Crash,12-06-2022 17:51,Maryland (State),GEORGIA AVE,N/A,ANGLE MEETS LEFT TURN,RAINING,WET,DARK NO LIGHTS,TRAFFIC SIGNAL,No,NO APPARENT INJURY,NOT DISTRACTED,PASSENGER CAR,MOVING CONSTANT SPEED,East,North,50,2007,NISS,0,0,0,0
Property Damage Crash,12-06-2022 18:08,US (State),GEORGIA AVE,N/A,STRAIGHT MOVEMENT ANGLE,CLOUDY,DRY,DAYLIGHT,NO CONTROLS,No,NO APPARENT INJURY,NOT DISTRACTED,PASSENGER CAR,MOVING CONSTANT SPEED,North,North,35,2014,TOYT,4.3,41.9,25.4,0
Injury Crash,12-06-2022 18:14,Maryland (State),MUNCASTER MILL RD,N/A,SAME DIR REAR END,CLEAR,DRY,DAYLIGHT,NO CONTROLS,No,SUSPECTED MINOR INJURY,NOT DISTRACTED,PASSENGER CAR,SLOWING OR STOPPING,North,North,40,1996,TOYOTA,10.4,33.9,24.4,0
Property Damage Crash,12-06-2022 18:40,County,SNOUFFERS SCHOOL RD,N/A,SAME DIR REAR END,CLEAR,DRY,DAYLIGHT,TRAFFIC SIGNAL,Yes,NO APPARENT INJURY,UNKNOWN,VAN,MOVING CONSTANT SPEED,East,East,35,2005,CHEVY,0,0,0,0
Property Damage Crash,12-06-2022 19:03,Municipality,HALPINE RD,N/A,HEAD ON LEFT TURN,CLEAR,DRY,DAYLIGHT,TRAFFIC SIGNAL,No,NO APPARENT INJURY,NOT DISTRACTED,PASSENGER CAR,MOVING CONSTANT SPEED,West,West,30,2004,JEEP,6.7,329,29.9,0
Injury Crash,12-06-2022 19:03,Maryland (State),CONNECTICUT AVE,CHEVY CHASE VIEW,SAME DIR REAR END,CLEAR,DRY,DAYLIGHT,NO CONTROLS,No,POSSIBLE INJURY,NOT DISTRACTED,PASSENGER CAR,SLOWING OR STOPPING,North,North,35,2010,JH4CU4F63AC002568,1.6,84,29.3,0
Property Damage Crash,12-06-2022 19:03,Maryland (State),NORBECK RD,N/A,SAME DIR REAR END,CLEAR,WET,DAYLIGHT,YIELD SIGN,Yes,NO APPARENT INJURY,UNKNOWN,PICKUP TRUCK,MAKING RIGHT TURN,West,East,40,2002,CHEVROLET,2.1,36.2,25.3,0
Property Damage Crash,12-06-2022 19:03,County,MUNCASTER RD,N/A,SINGLE VEHICLE,N/A,DRY,DAYLIGHT,N/A,Yes,NO APPARENT INJURY,NOT DISTRACTED,PASSENGER CAR,BACKING,Unknown,Unknown,25,1985,CHEV,0,0,0,0
Injury Crash,12-06-2022 19:15,Maryland (State),WOODFIELD RD,N/A,HEAD ON LEFT TURN,CLEAR,DRY,DARK LIGHTS ON,TRAFFIC SIGNAL,Yes,NO APPARENT INJURY,NOT DISTRACTED,(SPORT) UTILITY VEHICLE,MAKING LEFT TURN,East,South,40,1991,FORD,0,0,0,0
Property Damage Crash,12-06-2022 19:15,County,PROSPERITY DR,N/A,OTHER,CLEAR,DRY,DAYLIGHT,STOP SIGN,No,NO APPARENT INJURY,NOT DISTRACTED,FIRE VEHICLE/EMERGENCY,STARTING FROM LANE,West,South,35,2005,PIERCE,7.6,43.4,26.4,0
Injury Crash,12-06-2022 19:27,Municipality,GREAT FALLS RD,ROCKVILLE,STRAIGHT MOVEMENT ANGLE,CLOUDY,WET,DAYLIGHT,NO CONTROLS,No,NO APPARENT INJURY,NOT DISTRACTED,PASSENGER CAR,MOVING CONSTANT SPEED,South,South,30,2016,SUBARU,1.8,53.7,41.2,0
Injury Crash,12-06-2022 19:27,Maryland (State),NORBECK RD,ROCKVILLE,STRAIGHT MOVEMENT ANGLE,CLEAR,DRY,DAYLIGHT,STOP SIGN,Yes,NO APPARENT INJURY,NOT DISTRACTED,PASSENGER CAR,MOVING CONSTANT SPEED,West,West,40,2007,CHEV,7.3,42.6,25.9,0
Injury Crash,12-06-2022 21:23,Maryland (State),CLOPPER RD,N/A,SAME DIR REAR END,CLOUDY,DRY,DAYLIGHT,STOP SIGN,No,POSSIBLE INJURY,NOT DISTRACTED,(SPORT) UTILITY VEHICLE,STOPPED IN TRAFFIC LANE,East,East,45,2015,TOYOTA,8,310,22.1,0
Property Damage Crash,12-06-2022 21:23,Maryland (State),COLESVILLE RD,N/A,HEAD ON,CLEAR,DRY,DAYLIGHT,NO CONTROLS,Yes,NO APPARENT INJURY,NOT DISTRACTED,PASSENGER CAR,STARTING FROM LANE,West,East,35,1993,LINCOLN,0,0,0,0
Property Damage Crash,12-06-2022 22:50,County,TUCKERMAN LA,N/A,SAME DIR REAR END,CLEAR,N/A,DAYLIGHT,NO CONTROLS,No,NO APPARENT INJURY,NOT DISTRACTED,PASSENGER CAR,SLOWING OR STOPPING,West,West,35,2013,PORSCHE,3.2,219,32.5,0
Property Damage Crash,12-06-2022 22:50,Maryland (State),UNIVERSITY BLVD E,TAKOMA PARK,STRAIGHT MOVEMENT ANGLE,CLEAR,DRY,DAYLIGHT,NO CONTROLS,Yes,NO APPARENT INJURY,INATTENTIVE OR LOST IN THOUGHT,PASSENGER CAR,ACCELERATING,South,South,35,2015,HYUN,0,0,0,0
Property Damage Crash,12-06-2022 23:05,,,,SAME DIRECTION SIDESWIPE,UNKNOWN,,UNKNOWN,N/A,Yes,NO APPARENT INJURY,UNKNOWN,,UNKNOWN,Unknown,Unknown,0,0,UNKNOWN,1,350,15.6,0
Injury Crash,12-06-2022 23:07,Municipality,ARDENNES AVE,ROCKVILLE,STRAIGHT MOVEMENT ANGLE,CLEAR,DRY,DAYLIGHT,N/A,No,NO APPARENT INJURY,NOT DISTRACTED,PASSENGER CAR,MOVING CONSTANT SPEED,South,South,25,2010,TOYT,6.6,299,27,0
Property Damage Crash,01-07-2022 03:24,Other Public Roadway,DUNBAR TERR,N/A,SAME DIRECTION SIDESWIPE,CLEAR,DRY,DAYLIGHT,NO CONTROLS,No,NO APPARENT INJURY,NOT DISTRACTED,PASSENGER CAR,MOVING CONSTANT SPEED,South,South,25,2002,CHEVY,0,0,0,0
Property Damage Crash,01-07-2022 07:45,US (State),COLUMBIA PIKE,N/A,SAME DIR REAR END,RAINING,WET,DAYLIGHT,TRAFFIC SIGNAL,Yes,NO APPARENT INJURY,UNKNOWN,PASSENGER CAR,SLOWING OR STOPPING,South,South,55,2000,TOYOTA,0,0,0,0
Property Damage Crash,01-07-2022 07:45,County,AVERY RD,N/A,SAME DIR REAR END,CLOUDY,DRY,DAYLIGHT,OTHER,No,NO APPARENT INJURY,OTHER DISTRACTION,PASSENGER CAR,SLOWING OR STOPPING,North,North,25,2010,SUBARU,5.5,83,32.7,0