ACRS Report Type,Date and Time,Route Type,Road Name,Municipality,Collision Type,Weather,Surface Condition,Light,Traffic Control,Driver At Fault,Injury Severity,Driver Distracted By,Vehicle Body Type,Vehicle Movement,Vehicle Continuing Dir,Vehicle Going Dir,Speed Limit,Vehicle Year,Vehicle Make,Wind Speed (MPH),TMP10-DK ,Relative Humidity (%),Rain (Inches)
Property Damage Crash,01-07-2022 08:23,County,RANDOLPH RD,N/A,STRAIGHT MOVEMENT ANGLE,RAINING,WET,DARK LIGHTS ON,NO CONTROLS,Yes,NO APPARENT INJURY,LOOKED BUT DID NOT SEE,PASSENGER CAR,MAKING RIGHT TURN,West,South,40,2019,LEXUS,0,0,0,0
Property Damage Crash,01-07-2022 08:23,Municipality,LONG TRAIL TERR,ROCKVILLE,SAME DIRECTION SIDESWIPE,WINTRY MIX,ICE,DARK LIGHTS ON,NO CONTROLS,Yes,NO APPARENT INJURY,NOT DISTRACTED,"MEDIUM/HEAVY TRUCKS 3 AXLES (OVER 10,000LBS (4,536KG))",MOVING CONSTANT SPEED,East,East,25,2005,CHEVROLET,7,156,31.5,0
Property Damage Crash,01-07-2022 09:04,US (State),COLESVILLE RD,N/A,SAME DIRECTION LEFT TURN,CLEAR,WET,DARK LIGHTS ON,TRAFFIC SIGNAL,No,NO APPARENT INJURY,NOT DISTRACTED,PASSENGER CAR,MAKING LEFT TURN,East,South,35,2013,HYUN,1.4,47.8,44.5,0
Injury Crash,01-07-2022 09:04,County,FATHER HURLEY BLVD,N/A,SAME DIR REAR END,CLEAR,DRY,DAYLIGHT,TRAFFIC SIGNAL,No,NO APPARENT INJURY,NOT DISTRACTED,PASSENGER CAR,SLOWING OR STOPPING,North,North,35,2012,HOND,0,0,0,0
Property Damage Crash,01-07-2022 09:37,Municipality,RUSSELL AVE,GAITHERSBURG,SAME DIR REAR END,CLEAR,ICE,DARK -- UNKNOWN LIGHTING,STOP SIGN,No,NO APPARENT INJURY,NOT DISTRACTED,PASSENGER CAR,STOPPED IN TRAFFIC LANE,East,East,25,2020,LEXUS,15.1,65.5,57.4,0
Injury Crash,01-07-2022 10:30,Maryland (State),GREAT SENECA HWY,GAITHERSBURG,SAME DIR REAR END,CLEAR,DRY,DAYLIGHT,TRAFFIC SIGNAL,Yes,NO APPARENT INJURY,NOT DISTRACTED,OTHER,MOVING CONSTANT SPEED,West,North,45,2014,BMW,2.5,314,42,0
Property Damage Crash,01-07-2022 10:30,Maryland (State),RIDGE RD,N/A,SAME DIR REND RIGHT TURN,CLEAR,DRY,DAYLIGHT,NO CONTROLS,Yes,NO APPARENT INJURY,UNKNOWN,UNKNOWN,SLOWING OR STOPPING,Unknown,South,40,2015,HONDA,2.2,1,25.4,0
Injury Crash,01-07-2022 11:39,Maryland (State),BRADLEY BLVD,N/A,SAME DIR REAR END,N/A,WET,DAYLIGHT,NO CONTROLS,Yes,POSSIBLE INJURY,UNKNOWN,PASSENGER CAR,MOVING CONSTANT SPEED,South,South,40,2015,CHEVORLET,6.1,40.8,32.5,0
Injury Crash,01-07-2022 11:39,Maryland (State),QUINCE ORCHARD RD,N/A,SAME DIR REAR END,CLEAR,DRY,DAYLIGHT,TRAFFIC SIGNAL,Yes,NO APPARENT INJURY,UNKNOWN,PASSENGER CAR,SLOWING OR STOPPING,East,East,35,2013,HONDA,5.3,30.8,16.8,0
Injury Crash,01-07-2022 12:36,Municipality,W GUDE DR,ROCKVILLE,OTHER,RAINING,WET,DAYLIGHT,TRAFFIC SIGNAL,Yes,NO APPARENT INJURY,INATTENTIVE OR LOST IN THOUGHT,PASSENGER CAR,STARTING FROM LANE,East,East,40,2006,HONDA,4.2,42.1,29.4,0
Injury Crash,01-07-2022 12:36,County,FERNWOOD RD,N/A,SAME DIR REAR END,SNOW,SNOW,DAYLIGHT,STOP SIGN,No,SUSPECTED MINOR INJURY,NOT DISTRACTED,OTHER,STOPPED IN TRAFFIC LANE,West,North,25,2000,FORD,1.7,55.2,51,0
Property Damage Crash,01-07-2022 12:40,US (State),COLUMBIA PIKE,N/A,STRAIGHT MOVEMENT ANGLE,CLEAR,DRY,DAYLIGHT,STOP SIGN,No,NO APPARENT INJURY,NOT DISTRACTED,PASSENGER CAR,MOVING CONSTANT SPEED,South,South,45,1999,SUBARU,2.3,41.6,37.5,0
Injury Crash,01-07-2022 12:40,Maryland (State),VEIRS MILL RD,N/A,OTHER,N/A,DRY,DAYLIGHT,TRAFFIC SIGNAL,Yes,NO APPARENT INJURY,NOT DISTRACTED,VAN,MOVING CONSTANT SPEED,North,West,35,2018,CHRY,8.1,150,33,0
Injury Crash,01-07-2022 12:45,Maryland (State),CONNECTICUT AVE,N/A,SAME DIR REAR END,CLEAR,DRY,DAYLIGHT,NO CONTROLS,No,SUSPECTED MINOR INJURY,NOT DISTRACTED,VAN,SLOWING OR STOPPING,North,North,35,2012,NISS,1.4,49.9,49.3,0
Injury Crash,01-07-2022 14:27,Maryland (State),CONNECTICUT AVE,N/A,STRAIGHT MOVEMENT ANGLE,CLEAR,DRY,DARK NO LIGHTS,NO CONTROLS,No,POSSIBLE INJURY,NOT DISTRACTED,PASSENGER CAR,MOVING CONSTANT SPEED,North,North,45,2018,HONDA,9.7,39.9,26.4,0
Property Damage Crash,01-07-2022 14:27,County,E GUDE DR,N/A,SAME DIR REAR END,RAINING,WET,DAYLIGHT,TRAFFIC SIGNAL,No,NO APPARENT INJURY,NOT DISTRACTED,POLICE VEHICLE/NON EMERGENCY,STOPPED IN TRAFFIC LANE,West,West,35,2013,FORD,7,182,28.2,0
Property Damage Crash,01-07-2022 14:27,,,,ANGLE MEETS RIGHT TURN,CLEAR,,DAYLIGHT,STOP SIGN,No,NO APPARENT INJURY,NOT DISTRACTED,(SPORT) UTILITY VEHICLE,MOVING CONSTANT SPEED,North,North,25,2004,TOYO,4.8,49.3,43.2,0
Property Damage Crash,01-07-2022 14:38,Maryland (State),GEORGIA AVE,N/A,SAME DIRECTION RIGHT TURN,CLEAR,DRY,DAYLIGHT,NO CONTROLS,No,NO APPARENT INJURY,NOT DISTRACTED,OTHER BUS,MOVING CONSTANT SPEED,North,North,45,2011,METRO,11.2,315,22.4,0
Property Damage Crash,01-07-2022 14:38,Maryland (State),QUINCE ORCHARD RD,N/A,SAME DIR REAR END,N/A,DRY,DAWN,TRAFFIC SIGNAL,Yes,NO APPARENT INJURY,UNKNOWN,PASSENGER CAR,MOVING CONSTANT SPEED,South,South,35,2005,HONDA,0,0,0,0
Injury Crash,01-07-2022 14:51,Maryland (State),CLOPPER RD,N/A,HEAD ON LEFT TURN,N/A,DRY,DAYLIGHT,STOP SIGN,Yes,NO APPARENT INJURY,NOT DISTRACTED,(SPORT) UTILITY VEHICLE,MAKING LEFT TURN,West,North,40,2011,JEEP,2.4,42.6,38.9,0
Injury Crash,01-07-2022 14:51,County,ASTON MANOR DR,N/A,STRAIGHT MOVEMENT ANGLE,CLEAR,DRY,DAYLIGHT,STOP SIGN,No,POSSIBLE INJURY,NOT DISTRACTED,PASSENGER CAR,MAKING LEFT TURN,North,West,25,2020,HONDA,0,0,0,0
Property Damage Crash,01-07-2022 15:37,County,E RANDOLPH RD,N/A,OTHER,CLEAR,DRY,DAYLIGHT,NO CONTROLS,No,NO APPARENT INJURY,NOT DISTRACTED,(SPORT) UTILITY VEHICLE,MAKING LEFT TURN,South,West,40,2015,JEEP,2.9,42,41.6,0
Property Damage Crash,01-07-2022 15:37,,,,UNKNOWN,CLEAR,,DAYLIGHT,NO CONTROLS,Yes,NO APPARENT INJURY,UNKNOWN,PASSENGER CAR,UNKNOWN,Unknown,Unknown,15,2008,CHEVY,3.2,216,42.4,0
Property Damage Crash,01-07-2022 16:06,Maryland (State),FLOWER AVE,TAKOMA PARK,SAME DIRECTION SIDESWIPE,CLEAR,DRY,DUSK,NO CONTROLS,Yes,NO APPARENT INJURY,UNKNOWN,VAN,MOVING CONSTANT SPEED,North,North,25,2019,DODGE,0,0,0,0
Injury Crash,01-07-2022 16:06,Municipality,SOUTHLAWN LA,ROCKVILLE,OTHER,CLOUDY,DRY,DAYLIGHT,NO CONTROLS,No,POSSIBLE INJURY,NOT DISTRACTED,(SPORT) UTILITY VEHICLE,MOVING CONSTANT SPEED,East,East,25,2015,GMC,2.6,44.6,34.3,0
Property Damage Crash,01-07-2022 17:00,Maryland (State),GEORGIA AVE,N/A,STRAIGHT MOVEMENT ANGLE,CLEAR,DRY,DAYLIGHT,TRAFFIC SIGNAL,Yes,NO APPARENT INJURY,LOOKED BUT DID NOT SEE,PASSENGER CAR,MOVING CONSTANT SPEED,North,North,40,2011,MAZDA,3.9,40.6,21.9,0
Property Damage Crash,01-07-2022 17:10,,,,SAME DIRECTION SIDESWIPE,CLEAR,,DAYLIGHT,N/A,No,NO APPARENT INJURY,NOT DISTRACTED,SCHOOL BUS,PARKED,,,5,2012,THOMAS BUILT,0,0,0,0
Property Damage Crash,01-07-2022 17:10,,,,OTHER,CLEAR,,DUSK,N/A,Yes,NO APPARENT INJURY,NOT DISTRACTED,,STARTING FROM PARKED,North,North,5,0,UNKNOWN,5.3,207,33,0
Injury Crash,01-07-2022 17:58,Maryland (State),GERMANTOWN RD,N/A,STRAIGHT MOVEMENT ANGLE,CLEAR,DRY,DAYLIGHT,TRAFFIC SIGNAL,Yes,SUSPECTED MINOR INJURY,NOT DISTRACTED,PICKUP TRUCK,MOVING CONSTANT SPEED,North,North,45,2011,CHEVY,0,0,0,0
Injury Crash,01-07-2022 17:58,Other Public Roadway,GLENALLAN AVE,N/A,SAME DIR REAR END,CLEAR,DRY,DAYLIGHT,STOP SIGN,No,SUSPECTED MINOR INJURY,NOT DISTRACTED,PASSENGER CAR,SLOWING OR STOPPING,South,East,25,2015,TOYOTA,8.4,151,29.2,0
Property Damage Crash,01-07-2022 18:22,Maryland (State),UNIVERSITY BLVD E,N/A,SAME DIR REAR END,CLEAR,DRY,DARK LIGHTS ON,NO CONTROLS,No,NO APPARENT INJURY,NOT DISTRACTED,PASSENGER CAR,STOPPED IN TRAFFIC LANE,East,East,40,2007,NISS,0,0,0,0
Property Damage Crash,01-07-2022 18:45,Maryland (State),MUNCASTER MILL RD,N/A,SAME DIR REAR END,RAINING,WET,DAYLIGHT,STOP SIGN,Yes,NO APPARENT INJURY,UNKNOWN,UNKNOWN,STARTING FROM PARKED,North,North,35,0,UNKNOWN,5.2,33.5,17.4,0
Property Damage Crash,01-07-2022 18:45,County,ELM ST,N/A,SAME DIR REAR END,CLEAR,DRY,DAYLIGHT,NO CONTROLS,Yes,NO APPARENT INJURY,NOT DISTRACTED,AMBULANCE/NON EMERGENCY,MOVING CONSTANT SPEED,West,West,25,2018,FGHT,4,43.8,38.9,0
Property Damage Crash,01-07-2022 18:54,County,LOST KNIFE RD,N/A,STRAIGHT MOVEMENT ANGLE,CLEAR,DRY,DAYLIGHT,STOP SIGN,No,NO APPARENT INJURY,NOT DISTRACTED,PASSENGER CAR,MOVING CONSTANT SPEED,North,North,35,2015,CADI,1.7,31.4,22.6,0
Property Damage Crash,01-07-2022 18:54,Maryland (State),VEIRS MILL RD,ROCKVILLE,STRAIGHT MOVEMENT ANGLE,CLOUDY,DRY,DAYLIGHT,TRAFFIC SIGNAL,Yes,NO APPARENT INJURY,UNKNOWN,PASSENGER CAR,MAKING LEFT TURN,South,West,40,1997,MERCEDES,0,0,0,0
Property Damage Crash,01-07-2022 19:07,Maryland (State),UNIVERSITY BLVD E,N/A,SAME DIR REAR END,CLEAR,DRY,DAYLIGHT,YIELD SIGN,No,NO APPARENT INJURY,NOT DISTRACTED,PICKUP TRUCK,SLOWING OR STOPPING,East,East,35,2016,FORD,0,0,0,0
Injury Crash,01-07-2022 19:07,Maryland (State),GEORGIA AVE,N/A,SAME DIR REAR END,CLEAR,DRY,DARK LIGHTS ON,NO CONTROLS,No,NO APPARENT INJURY,NOT DISTRACTED,(SPORT) UTILITY VEHICLE,STOPPED IN TRAFFIC LANE,North,North,35,2012,GMC,1.4,43,31.6,0
Property Damage Crash,01-07-2022 19:40,County,BAUER DR,N/A,SAME DIR REAR END,CLOUDY,DRY,DAYLIGHT,NO CONTROLS,Yes,NO APPARENT INJURY,NOT DISTRACTED,PASSENGER CAR,SLOWING OR STOPPING,West,West,25,2011,HOND,7.2,62.8,57.1,0
Injury Crash,01-07-2022 19:40,,,,OTHER,CLEAR,,DAYLIGHT,NO CONTROLS,No,NO APPARENT INJURY,UNKNOWN,,STARTING FROM PARKED,South,South,5,0,UNKNOWN,1.8,49,24.3,0
Property Damage Crash,01-07-2022 19:40,County,MUDDY BRANCH RD,GAITHERSBURG,SAME DIRECTION SIDESWIPE,CLEAR,WET,DAYLIGHT,NO CONTROLS,Yes,NO APPARENT INJURY,LOOKED BUT DID NOT SEE,PASSENGER CAR,CHANGING LANES,North,North,45,2011,LEXUS,7.6,38.1,36.5,0.04
Injury Crash,01-07-2022 20:00,County,WASHINGTON GROVE LA,N/A,STRAIGHT MOVEMENT ANGLE,CLEAR,DRY,DAYLIGHT,TRAFFIC SIGNAL,No,POSSIBLE INJURY,NOT DISTRACTED,VAN,MOVING CONSTANT SPEED,East,East,40,2017,TOYT,0,0,0,0
Property Damage Crash,01-07-2022 22:50,County,ARCTIC AVE,N/A,SAME DIR REAR END,CLEAR,DRY,DARK NO LIGHTS,NO CONTROLS,Yes,NO APPARENT INJURY,OTHER DISTRACTION,PASSENGER CAR,MOVING CONSTANT SPEED,North,North,35,2001,TOYOTA,2,36.5,25.2,0
Property Damage Crash,01-07-2022 22:50,Maryland (State),NEW HAMPSHIRE AVE,N/A,STRAIGHT MOVEMENT ANGLE,CLEAR,DRY,DAYLIGHT,TRAFFIC SIGNAL,No,NO APPARENT INJURY,NOT DISTRACTED,PASSENGER CAR,ACCELERATING,South,West,35,2005,TOYOTA,3.2,40.8,36.8,0
Property Damage Crash,02-07-2022 01:30,,,,OTHER,N/A,,DAYLIGHT,N/A,Yes,NO APPARENT INJURY,UNKNOWN,"CARGO VAN/LIGHT TRUCK 2 AXLES (OVER 10,000LBS (4,536 KG))",BACKING,Unknown,Unknown,25,2018,FREIGTHLINER,2.6,41.8,35.2,0
Injury Crash,02-07-2022 01:30,Maryland (State),GEORGIA AVE,N/A,STRAIGHT MOVEMENT ANGLE,RAINING,WET,DAYLIGHT,NO CONTROLS,No,NO APPARENT INJURY,NOT DISTRACTED,PASSENGER CAR,MOVING CONSTANT SPEED,South,South,35,2015,FORD,0,0,0,0
Property Damage Crash,02-07-2022 02:00,,,,ANGLE MEETS RIGHT TURN,CLEAR,,DAYLIGHT,STOP SIGN,Yes,NO APPARENT INJURY,LOOKED BUT DID NOT SEE,(SPORT) UTILITY VEHICLE,MAKING RIGHT TURN,North,West,15,2015,TOYOTA,2.3,138,40.2,0
Injury Crash,02-07-2022 02:15,Maryland (State),OLNEY LAYTONSVILLE RD,N/A,STRAIGHT MOVEMENT ANGLE,WINTRY MIX,WET,DAYLIGHT,TRAFFIC SIGNAL,No,SUSPECTED MINOR INJURY,NOT DISTRACTED,PASSENGER CAR,MAKING LEFT TURN,East,South,40,2018,FORD,5.6,302,15.9,0
Injury Crash,02-07-2022 02:15,County,WOODINGTON DR,N/A,ANGLE MEETS LEFT TURN,CLEAR,DRY,DAYLIGHT,YIELD SIGN,No,SUSPECTED SERIOUS INJURY,NOT DISTRACTED,RECREATIONAL VEHICLE,MOVING CONSTANT SPEED,West,West,25,2013,LEXUS,5.2,309,28.9,0
Property Damage Crash,02-07-2022 03:50,Maryland (State),RIDGE RD,N/A,SAME DIR REAR END,RAINING,WET,DAYLIGHT,TRAFFIC SIGNAL,Yes,NO APPARENT INJURY,NOT DISTRACTED,PASSENGER CAR,SLOWING OR STOPPING,North,North,35,2006,FORD,0,0,0,0
Injury Crash,02-07-2022 06:47,Maryland (State),NEW HAMPSHIRE AVE,N/A,SAME DIR REAR END,CLEAR,DRY,DAYLIGHT,NO CONTROLS,No,NO APPARENT INJURY,NOT DISTRACTED,(SPORT) UTILITY VEHICLE,SLOWING OR STOPPING,South,South,40,2007,NISSAN,3.9,37.7,32.1,0
Property Damage Crash,02-07-2022 06:47,Maryland (State),MUNCASTER MILL RD,N/A,STRAIGHT MOVEMENT ANGLE,CLEAR,DRY,DAYLIGHT,NO CONTROLS,Yes,NO APPARENT INJURY,NOT DISTRACTED,PASSENGER CAR,MAKING LEFT TURN,West,South,15,2002,HONDA,2.2,346,38.6,0
Property Damage Crash,02-07-2022 07:05,County,DARNESTOWN RD,N/A,SAME DIRECTION SIDESWIPE,CLEAR,DRY,DARK LIGHTS ON,TRAFFIC SIGNAL,No,NO APPARENT INJURY,LOOKED BUT DID NOT SEE,(SPORT) UTILITY VEHICLE,MOVING CONSTANT SPEED,West,West,40,2019,LAND ROVER,1.8,98,14.2,0
Property Damage Crash,02-07-2022 07:29,County,NEEDWOOD RD,N/A,ANGLE MEETS RIGHT TURN,CLEAR,DRY,DAYLIGHT,TRAFFIC SIGNAL,No,NO APPARENT INJURY,NOT DISTRACTED,PICKUP TRUCK,MOVING CONSTANT SPEED,East,East,40,2017,FORD,0,0,0,0
Injury Crash,02-07-2022 07:29,County,E GUDE DR,N/A,STRAIGHT MOVEMENT ANGLE,CLOUDY,DRY,DAYLIGHT,FLASHING TRAFFIC SIGNAL,No,POSSIBLE INJURY,NOT DISTRACTED,PASSENGER CAR,MOVING CONSTANT SPEED,East,East,40,2006,ACURA,1.7,38.7,29.3,0
Property Damage Crash,02-07-2022 07:37,,,,STRAIGHT MOVEMENT ANGLE,CLEAR,,DARK LIGHTS ON,NO CONTROLS,No,NO APPARENT INJURY,NO DRIVER PRESENT,PASSENGER CAR,PARKED,,,15,2018,FORD,10.9,327,25,0
Property Damage Crash,02-07-2022 08:36,US (State),COLESVILLE RD,N/A,SAME DIRECTION RIGHT TURN,CLEAR,DRY,DAYLIGHT,N/A,Unknown,NO APPARENT INJURY,NOT DISTRACTED,TRANSIT BUS,STARTING FROM PARKED,North,North,35,2009,NEW FLYER,1.9,78,24.4,0
Injury Crash,02-07-2022 09:01,County,AIRPARK RD,N/A,SAME DIR REAR END,CLOUDY,DRY,DAYLIGHT,TRAFFIC SIGNAL,No,NO APPARENT INJURY,NOT DISTRACTED,VAN,STOPPED IN TRAFFIC LANE,South,South,50,2008,TOYOTA,1.5,40.3,38.5,0
Property Damage Crash,02-07-2022 09:01,Maryland (State),UNIVERSITY BLVD W,N/A,SAME DIR REAR END,N/A,DRY,DARK LIGHTS ON,NO CONTROLS,Yes,NO APPARENT INJURY,NOT DISTRACTED,PASSENGER CAR,CHANGING LANES,West,West,35,2005,LINCOLN,9.4,27.7,18.4,0
Property Damage Crash,02-07-2022 09:11,Maryland (State),WOODFIELD RD,N/A,OTHER,RAINING,WET,DARK NO LIGHTS,N/A,Yes,NO APPARENT INJURY,LOOKED BUT DID NOT SEE,PICKUP TRUCK,SLOWING OR STOPPING,South,South,40,2003,FORD,3,171,38.3,0
Property Damage Crash,02-07-2022 09:11,Maryland (State),GEORGIA AVE,N/A,SAME DIR REAR END,CLOUDY,WET,DAYLIGHT,TRAFFIC SIGNAL,No,NO APPARENT INJURY,NOT DISTRACTED,PASSENGER CAR,STOPPED IN TRAFFIC LANE,South,South,45,2011,VOLVO,4.7,31.1,16.8,0
Injury Crash,02-07-2022 12:55,Maryland (State),OLD GEORGETOWN RD,N/A,SAME DIR REAR END,CLEAR,DRY,DAYLIGHT,N/A,Yes,NO APPARENT INJURY,OTHER DISTRACTION,PASSENGER CAR,MOVING CONSTANT SPEED,North,North,40,2016,NISS,6.6,35.6,18.8,0
Injury Crash,02-07-2022 12:55,County,TWINBROOK PKWY,N/A,SINGLE VEHICLE,CLEAR,DRY,DARK LIGHTS ON,N/A,Yes,NO APPARENT INJURY,OTHER DISTRACTION,PASSENGER CAR,MOVING CONSTANT SPEED,East,East,30,2006,SATURN,10.8,52.5,50.9,0.02
Injury Crash,02-07-2022 13:55,County,WATKINS MILL RD,N/A,SINGLE VEHICLE,CLEAR,DRY,DARK NO LIGHTS,TRAFFIC SIGNAL,Yes,NO APPARENT INJURY,LOOKED BUT DID NOT SEE,STATION WAGON,MAKING LEFT TURN,East,South,35,2018,HONDA,2.6,58.4,55.3,0
Property Damage Crash,02-07-2022 13:55,US (State),COLESVILLE RD,N/A,SAME DIRECTION SIDESWIPE,RAINING,WET,DAYLIGHT,TRAFFIC SIGNAL,Yes,NO APPARENT INJURY,OTHER DISTRACTION,PASSENGER CAR,ACCELERATING,North,North,35,2006,TOYOTA,1.6,39.5,29.7,0
Property Damage Crash,02-07-2022 13:55,Other Public Roadway,CRYSTAL ROCK DR,N/A,SAME DIRECTION SIDESWIPE,CLOUDY,DRY,DAYLIGHT,TRAFFIC SIGNAL,Yes,NO APPARENT INJURY,NOT DISTRACTED,SCHOOL BUS,RIGHT TURN ON RED,West,South,25,2011,THOMAS,5.1,214,33.6,0
Injury Crash,02-07-2022 14:40,Maryland (State),CONNECTICUT AVE,N/A,SAME DIR REAR END,CLEAR,DRY,DAYLIGHT,TRAFFIC SIGNAL,Yes,POSSIBLE INJURY,INATTENTIVE OR LOST IN THOUGHT,PASSENGER CAR,MOVING CONSTANT SPEED,North,North,35,2004,VOLKSWAGEN,0,0,0,0
Injury Crash,02-07-2022 15:30,County,ODENDHAL AVE,N/A,SAME DIR REAR END,RAINING,WET,DAYLIGHT,TRAFFIC SIGNAL,No,SUSPECTED MINOR INJURY,NOT DISTRACTED,(SPORT) UTILITY VEHICLE,SLOWING OR STOPPING,East,East,30,2017,TOYT,0,0,0,0
Property Damage Crash,02-07-2022 15:30,Maryland (State),GEORGIA AVE,N/A,SAME DIR REAR END,CLOUDY,WET,DAYLIGHT,NO CONTROLS,No,NO APPARENT INJURY,NOT DISTRACTED,(SPORT) UTILITY VEHICLE,SLOWING OR STOPPING,South,South,30,2013,CHEV,0,0,0,0
Property Damage Crash,02-07-2022 15:44,Maryland (State),GEORGIA AVE,N/A,SAME DIRECTION RIGHT TURN,CLEAR,DRY,DAYLIGHT,TRAFFIC SIGNAL,Yes,NO APPARENT INJURY,NOT DISTRACTED,FIRE VEHICLE/EMERGENCY,PASSING,South,South,35,2009,GMC,0,0,0,0
Property Damage Crash,02-07-2022 15:45,Maryland (State),NEW HAMPSHIRE AVE,N/A,SAME DIR REAR END,CLOUDY,WET,DAYLIGHT,NO CONTROLS,Yes,NO APPARENT INJURY,UNKNOWN,(SPORT) UTILITY VEHICLE,SLOWING OR STOPPING,North,North,35,2010,HOND,2.9,34,33.2,0
Property Damage Crash,02-07-2022 16:30,Maryland (State),NEW HAMPSHIRE AVE,N/A,SAME DIR REAR END,N/A,N/A,DARK LIGHTS ON,NO CONTROLS,Yes,NO APPARENT INJURY,NOT DISTRACTED,PASSENGER CAR,SLOWING OR STOPPING,North,North,35,2016,MAZDA,2.7,320,23.2,0
Property Damage Crash,02-07-2022 16:30,US (State),COLUMBIA PIKE,N/A,SAME DIR REAR END,CLEAR,DRY,DAYLIGHT,TRAFFIC SIGNAL,No,NO APPARENT INJURY,NOT DISTRACTED,PASSENGER CAR,STOPPED IN TRAFFIC LANE,South,South,50,2019,JETTA,3.5,45.2,42.4,0
Property Damage Crash,02-07-2022 16:32,Maryland (State),NEW HAMPSHIRE AVE,N/A,SAME DIR REAR END,CLEAR,DRY,DAYLIGHT,TRAFFIC SIGNAL,Yes,NO APPARENT INJURY,UNKNOWN,VAN,MOVING CONSTANT SPEED,South,South,40,2018,DODGE,0,0,0,0
Property Damage Crash,02-07-2022 16:32,,,,SAME DIRECTION RIGHT TURN,CLEAR,,DAYLIGHT,N/A,Yes,NO APPARENT INJURY,NOT DISTRACTED,PICKUP TRUCK,STARTING FROM PARKED,North,North,5,2018,CHEV,0,0,0,0
Injury Crash,02-07-2022 16:32,Maryland (State),ROCKVILLE PIKE,ROCKVILLE,OTHER,CLEAR,DRY,DAYLIGHT,NO CONTROLS,No,SUSPECTED MINOR INJURY,NOT DISTRACTED,PASSENGER CAR,MOVING CONSTANT SPEED,North,North,40,2007,FORD,10.2,45.6,32.1,0
Injury Crash,02-07-2022 16:44,Government,SLIGO CREEK PKWY,TAKOMA PARK,HEAD ON,CLEAR,DRY,DAYLIGHT,NO CONTROLS,Yes,SUSPECTED MINOR INJURY,OTHER DISTRACTION,PASSENGER CAR,UNKNOWN,North,North,25,2012,HYUNDAI,3.7,42,30.6,0
Property Damage Crash,02-07-2022 16:44,,,,OTHER,CLEAR,,DAYLIGHT,N/A,Yes,NO APPARENT INJURY,LOOKED BUT DID NOT SEE,PASSENGER CAR,PARKING,South,South,25,2005,HONDA,8.9,149,27.4,0
Property Damage Crash,02-07-2022 17:00,County,NEBEL ST,N/A,HEAD ON,CLEAR,DRY,DAYLIGHT,TRAFFIC SIGNAL,Yes,NO APPARENT INJURY,UNKNOWN,PASSENGER CAR,ACCELERATING,West,West,30,2015,ACURA,3.5,41.5,37.8,0
Injury Crash,02-07-2022 17:00,US (State),COLESVILLE RD,N/A,OTHER,CLOUDY,N/A,DAYLIGHT,NO CONTROLS,Yes,NO APPARENT INJURY,LOOKED BUT DID NOT SEE,PASSENGER CAR,MAKING LEFT TURN,West,South,35,2007,INFINITI,12.4,320,-0.7,0
Property Damage Crash,02-07-2022 17:15,,,,STRAIGHT MOVEMENT ANGLE,CLEAR,,DAYLIGHT,N/A,Yes,NO APPARENT INJURY,UNKNOWN,PASSENGER CAR,OTHER,South,South,0,2012,MERZ,6.5,291,33.4,0
Property Damage Crash,02-07-2022 17:27,,,,SAME DIRECTION SIDESWIPE,N/A,,DAYLIGHT,NO CONTROLS,Yes,NO APPARENT INJURY,UNKNOWN,PASSENGER CAR,BACKING,South,South,15,2010,SUBARU,4.6,43.8,39.6,0
Injury Crash,02-07-2022 17:27,County,OLD BALTIMORE RD,N/A,HEAD ON LEFT TURN,CLEAR,WET,DAYLIGHT,TRAFFIC SIGNAL,Yes,POSSIBLE INJURY,NOT DISTRACTED,PASSENGER CAR,MAKING LEFT TURN,North,North,40,2020,CHEVY,2.3,88,34.6,0.04
Property Damage Crash,02-07-2022 17:56,,,,SAME DIR REAR END,CLEAR,,DARK -- UNKNOWN LIGHTING,NO CONTROLS,Yes,NO APPARENT INJURY,UNKNOWN,PASSENGER CAR,ACCELERATING,Unknown,Unknown,15,2016,HONDA,6.8,199,44.1,0
Property Damage Crash,02-07-2022 17:56,Maryland (State),16TH ST,N/A,OTHER,CLEAR,DRY,DAYLIGHT,NO CONTROLS,No,NO APPARENT INJURY,NOT DISTRACTED,PASSENGER CAR,MAKING LEFT TURN,East,East,35,2009,LINCOLN,5.8,55.3,40.2,0
Injury Crash,02-07-2022 18:12,Maryland (State),W MONTGOMERY AVE,N/A,STRAIGHT MOVEMENT ANGLE,RAINING,WET,DARK LIGHTS ON,TRAFFIC SIGNAL,Yes,NO APPARENT INJURY,NOT DISTRACTED,PASSENGER CAR,MOVING CONSTANT SPEED,North,North,40,2014,MITSUBISHI,5.9,31.6,16.7,0
Injury Crash,02-07-2022 18:12,Maryland (State),OLD HUNDRED RD,N/A,HEAD ON LEFT TURN,CLOUDY,WET,DAYLIGHT,NO CONTROLS,Yes,POSSIBLE INJURY,NOT DISTRACTED,"OTHER LIGHT TRUCKS (10,000LBS (4,536KG) OR LESS)",ACCELERATING,South,West,45,2012,HYUN,0,0,0,0
Property Damage Crash,02-07-2022 18:24,County,ASPEN HILL RD,N/A,SAME DIR REAR END,CLOUDY,WET,DAYLIGHT,NO CONTROLS,Yes,NO APPARENT INJURY,NOT DISTRACTED,PASSENGER CAR,MOVING CONSTANT SPEED,West,West,35,2008,GMC,1.7,54.8,46.2,0