ACRS Report Type,Date and Time,Route Type,Road Name,Municipality,Collision Type,Weather,Surface Condition,Light,Traffic Control,Driver At Fault,Injury Severity,Driver Distracted By,Vehicle Body Type,Vehicle Movement,Vehicle Continuing Dir,Vehicle Going Dir,Speed Limit,Vehicle Year,Vehicle Make,Wind Speed (MPH),TMP10-DK ,Relative Humidity (%),Rain (Inches)
Injury Crash,02-07-2022 18:24,Municipality,REDLAND BLVD,ROCKVILLE,SAME DIR REAR END,CLEAR,DRY,DAYLIGHT,TRAFFIC SIGNAL,Yes,NO APPARENT INJURY,INATTENTIVE OR LOST IN THOUGHT,PASSENGER CAR,MOVING CONSTANT SPEED,East,East,35,2014,INFIVAL2014,2,34,33.3,0
Injury Crash,02-07-2022 18:24,Maryland (State),VEIRS MILL RD,N/A,SINGLE VEHICLE,CLEAR,DRY,DARK LIGHTS ON,NO CONTROLS,Yes,SUSPECTED MINOR INJURY,NOT DISTRACTED,MOTORCYCLE,SLOWING OR STOPPING,South,South,40,2023,KAWK,1.5,44.5,38.2,0
Injury Crash,02-07-2022 18:37,County,SHADY GROVE RD,N/A,OTHER,CLEAR,DRY,DAYLIGHT,TRAFFIC SIGNAL,Yes,NO APPARENT INJURY,DISTRACTED BY OUTSIDE PERSON OBJECT OR EVENT,PICKUP TRUCK,OTHER,North,North,40,2018,FORD,0,0,0,0
Property Damage Crash,02-07-2022 18:37,Maryland (State),EAST WEST HWY,N/A,HEAD ON LEFT TURN,CLEAR,DRY,DARK LIGHTS ON,TRAFFIC SIGNAL,No,NO APPARENT INJURY,NOT DISTRACTED,(SPORT) UTILITY VEHICLE,MOVING CONSTANT SPEED,West,West,35,2019,HYUNDAI,0,0,0,0
Property Damage Crash,02-07-2022 19:16,Municipality,HOWARD AVE,N/A,SAME DIR REAR END,CLEAR,DRY,DAYLIGHT,STOP SIGN,No,NO APPARENT INJURY,NOT DISTRACTED,PASSENGER CAR,STOPPED IN TRAFFIC LANE,North,North,25,2014,HYUNDAI,6.9,39.5,26.5,0
Injury Crash,02-07-2022 19:16,County,WARFIELD RD,N/A,HEAD ON LEFT TURN,RAINING,WET,DAYLIGHT,TRAFFIC SIGNAL,No,POSSIBLE INJURY,NOT DISTRACTED,OTHER,STARTING FROM LANE,West,West,35,2016,JEEP,4.7,37.3,34.6,0.03
Injury Crash,02-07-2022 19:20,County,FENTON ST,N/A,STRAIGHT MOVEMENT ANGLE,RAINING,WET,DARK LIGHTS ON,TRAFFIC SIGNAL,No,POSSIBLE INJURY,NOT DISTRACTED,PASSENGER CAR,MOVING CONSTANT SPEED,South,South,25,2016,VOLK,7.4,353,17,0
Property Damage Crash,02-07-2022 19:20,Maryland (State),ROCKVILLE PIKE,N/A,SAME DIRECTION RIGHT TURN,CLEAR,DRY,DAYLIGHT,NO CONTROLS,No,NO APPARENT INJURY,NOT DISTRACTED,PASSENGER CAR,MOVING CONSTANT SPEED,North,North,40,2000,HONDA,0,0,0,0
Property Damage Crash,02-07-2022 19:21,Maryland (State),CONNECTICUT AVE,CHEVY CHASE VIEW,OTHER,SNOW,SNOW,DAYLIGHT,NO CONTROLS,No,NO APPARENT INJURY,NOT DISTRACTED,PASSENGER CAR,MOVING CONSTANT SPEED,South,South,35,2009,CHEV,3.6,40.7,22.5,0
Property Damage Crash,02-07-2022 19:21,Maryland (State),GEORGIA AVE,N/A,STRAIGHT MOVEMENT ANGLE,CLEAR,DRY,DARK LIGHTS ON,TRAFFIC SIGNAL,No,NO APPARENT INJURY,NOT DISTRACTED,PASSENGER CAR,MOVING CONSTANT SPEED,North,North,35,2017,HONDA,1.5,30.8,25.4,0
Property Damage Crash,02-07-2022 20:14,Maryland (State),RIVER RD,N/A,SAME DIR REAR END,CLEAR,DRY,DAYLIGHT,TRAFFIC SIGNAL,No,NO APPARENT INJURY,NOT DISTRACTED,(SPORT) UTILITY VEHICLE,STOPPED IN TRAFFIC LANE,West,West,45,2006,HUMM,0,0,0,0
Property Damage Crash,02-07-2022 20:14,Municipality,PARK RD,N/A,OTHER,CLEAR,DRY,DAYLIGHT,TRAFFIC SIGNAL,Yes,NO APPARENT INJURY,LOOKED BUT DID NOT SEE,PASSENGER CAR,BACKING,West,East,25,2013,TOYOTA,2.2,13,27.9,0
Property Damage Crash,02-07-2022 21:00,US (State),COLESVILLE RD,N/A,SAME DIR REAR END,CLEAR,DRY,DARK LIGHTS ON,TRAFFIC SIGNAL,Yes,NO APPARENT INJURY,UNKNOWN,PASSENGER CAR,SLOWING OR STOPPING,North,North,35,2010,TOYT,7.4,151,42,0
Injury Crash,02-07-2022 21:00,Maryland (State),VEIRS MILL RD,N/A,OTHER,SNOW,ICE,DAWN,NO CONTROLS,Yes,SUSPECTED MINOR INJURY,NOT DISTRACTED,PASSENGER CAR,MOVING CONSTANT SPEED,East,East,35,2005,CHEVY,0,0,0,0
Property Damage Crash,02-07-2022 22:45,Maryland (State),ROCKVILLE PIKE,N/A,SAME DIR REAR END,CLEAR,DRY,DARK LIGHTS ON,TRAFFIC SIGNAL,Yes,NO APPARENT INJURY,LOOKED BUT DID NOT SEE,PASSENGER CAR,SLOWING OR STOPPING,South,South,45,2006,GENERAL MOTORS CORPO,4.6,43.7,24.7,0
Injury Crash,02-07-2022 23:00,Maryland (State),ROCKVILLE PIKE,N/A,STRAIGHT MOVEMENT ANGLE,RAINING,WET,DAYLIGHT,TRAFFIC SIGNAL,Yes,POSSIBLE INJURY,INATTENTIVE OR LOST IN THOUGHT,PASSENGER CAR,MOVING CONSTANT SPEED,South,South,40,2002,MBENZ,4.8,100,37.2,0.07
Injury Crash,02-07-2022 23:10,Maryland (State),VEIRS MILL RD,N/A,SAME DIR REAR END,CLEAR,DRY,DAYLIGHT,TRAFFIC SIGNAL,No,NO APPARENT INJURY,NOT DISTRACTED,PASSENGER CAR,SLOWING OR STOPPING,West,West,35,2005,LEXS,8.1,63.2,58,0
Property Damage Crash,03-07-2022 02:24,Maryland (State),16TH ST,N/A,SAME DIR REAR END,CLEAR,DRY,DAYLIGHT,NO CONTROLS,Yes,NO APPARENT INJURY,NOT DISTRACTED,PASSENGER CAR,MOVING CONSTANT SPEED,North,North,35,2011,HONDA,2,100,23.8,0
Property Damage Crash,03-07-2022 02:47,Maryland (State),VEIRS MILL RD,N/A,OTHER,CLEAR,WET,DAYLIGHT,TRAFFIC SIGNAL,Yes,NO APPARENT INJURY,LOOKED BUT DID NOT SEE,PASSENGER CAR,MOVING CONSTANT SPEED,East,East,35,2001,TOYOTA,2.1,48.4,45.3,0
Property Damage Crash,03-07-2022 02:47,,,,OTHER,CLEAR,,DARK LIGHTS ON,N/A,No,NO APPARENT INJURY,NOT DISTRACTED,POLICE VEHICLE/NON EMERGENCY,PARKED,,,0,2017,HONDA,13.7,176,27,0
Property Damage Crash,03-07-2022 06:15,County,REDLAND RD,N/A,SAME DIR REAR END,CLEAR,DRY,DAYLIGHT,TRAFFIC SIGNAL,Yes,NO APPARENT INJURY,NOT DISTRACTED,PASSENGER CAR,MOVING CONSTANT SPEED,South,South,40,2000,MERC,2.4,56,38.8,0.12
Property Damage Crash,03-07-2022 07:44,Maryland (State),SPENCERVILLE RD,N/A,STRAIGHT MOVEMENT ANGLE,CLEAR,DRY,DAYLIGHT,STOP SIGN,No,NO APPARENT INJURY,NOT DISTRACTED,PASSENGER CAR,MOVING CONSTANT SPEED,East,East,40,2013,HOND,4.6,81,35.7,0
Property Damage Crash,03-07-2022 07:44,Municipality,N SUMMIT AVE,GAITHERSBURG,STRAIGHT MOVEMENT ANGLE,CLOUDY,WET,DAYLIGHT,TRAFFIC SIGNAL,No,NO APPARENT INJURY,NOT DISTRACTED,PASSENGER CAR,SLOWING OR STOPPING,South,South,25,2014,HONDA,0,0,0,0
Property Damage Crash,03-07-2022 07:44,Maryland (State),CARROLL AVE,N/A,OPPOSITE DIR BOTH LEFT TURN,CLEAR,DRY,DAYLIGHT,NO CONTROLS,No,NO APPARENT INJURY,NOT DISTRACTED,PASSENGER CAR,MAKING LEFT TURN,West,South,25,2006,HOND,2.8,41.8,41.7,0
Property Damage Crash,03-07-2022 08:00,Maryland (State),VEIRS MILL RD,N/A,SAME DIR REAR END,CLEAR,DRY,DAYLIGHT,TRAFFIC SIGNAL,Yes,NO APPARENT INJURY,NOT DISTRACTED,PASSENGER CAR,MOVING CONSTANT SPEED,West,West,35,2008,TOYOTA,2.4,2,20.9,0
Injury Crash,03-07-2022 08:10,Maryland (State),FREDERICK RD,N/A,SAME DIRECTION SIDESWIPE,N/A,DRY,DARK NO LIGHTS,NO CONTROLS,No,NO APPARENT INJURY,NOT DISTRACTED,"MEDIUM/HEAVY TRUCKS 3 AXLES (OVER 10,000LBS (4,536KG))",MOVING CONSTANT SPEED,North,North,40,2017,MACK,3.9,62.7,57.9,0
Injury Crash,03-07-2022 08:50,County,MONTGOMERY VILLAGE AVE,N/A,STRAIGHT MOVEMENT ANGLE,CLEAR,DRY,DAYLIGHT,STOP SIGN,Yes,NO APPARENT INJURY,LOOKED BUT DID NOT SEE,PASSENGER CAR,MOVING CONSTANT SPEED,South,South,15,2008,HONDA,3.7,117,30.7,0
Property Damage Crash,03-07-2022 08:50,Maryland (State),GREAT SENECA HWY,N/A,SAME DIR REAR END,CLEAR,DRY,DARK NO LIGHTS,N/A,No,NO APPARENT INJURY,NOT DISTRACTED,PASSENGER CAR,SLOWING OR STOPPING,North,North,50,2010,TOYT,5.4,49.7,42.2,0
Property Damage Crash,03-07-2022 10:17,,,,SAME DIRECTION LEFT TURN,CLEAR,,DAYLIGHT,N/A,No,NO APPARENT INJURY,NOT DISTRACTED,PASSENGER CAR,MOVING CONSTANT SPEED,West,West,15,2005,FORD,0,0,0,0
Injury Crash,03-07-2022 10:17,Maryland (State),LAYTONSVILLE RD,N/A,SAME DIR REAR END,CLEAR,DRY,DARK NO LIGHTS,NO CONTROLS,No,NO APPARENT INJURY,NOT DISTRACTED,PASSENGER CAR,MOVING CONSTANT SPEED,South,South,45,2006,TOYOTA,4.9,202,43.6,0
Property Damage Crash,03-07-2022 10:30,US (State),COLUMBIA PIKE,N/A,SINGLE VEHICLE,CLEAR,"MUD, DIRT, GRAVEL",DARK LIGHTS ON,N/A,No,NO APPARENT INJURY,NOT DISTRACTED,PASSENGER CAR,MOVING CONSTANT SPEED,South,South,45,2019,TOYOTA,0,0,0,0
Injury Crash,03-07-2022 10:48,County,MIDDLEBROOK RD,N/A,HEAD ON LEFT TURN,CLOUDY,DRY,DAYLIGHT,TRAFFIC SIGNAL,Yes,SUSPECTED MINOR INJURY,UNKNOWN,PASSENGER CAR,MAKING LEFT TURN,West,West,40,2012,FORD,0,0,0,0
Injury Crash,03-07-2022 10:48,County,FALLS RD,N/A,SAME DIR REAR END,CLEAR,DRY,DAYLIGHT,STOP SIGN,No,POSSIBLE INJURY,NOT DISTRACTED,(SPORT) UTILITY VEHICLE,STOPPED IN TRAFFIC LANE,North,North,35,2016,SUBARU,5.6,60.6,47.1,0
Property Damage Crash,03-07-2022 12:43,Municipality,W GUDE DR,N/A,SAME DIR REAR END,CLEAR,DRY,DAYLIGHT,NO CONTROLS,No,NO APPARENT INJURY,NOT DISTRACTED,(SPORT) UTILITY VEHICLE,SLOWING OR STOPPING,South,South,40,2015,TOYT,3.9,238,34.8,0
Property Damage Crash,03-07-2022 12:43,US (State),COLUMBIA PIKE,N/A,OTHER,CLEAR,WET,DARK NO LIGHTS,TRAFFIC SIGNAL,Yes,NO APPARENT INJURY,UNKNOWN,PASSENGER CAR,CHANGING LANES,North,North,55,2015,HONDA,0,0,0,0
Injury Crash,03-07-2022 12:44,Maryland (State),S FREDERICK RD,GAITHERSBURG,SAME DIR REAR END,CLEAR,DRY,DAYLIGHT,NO CONTROLS,Yes,NO APPARENT INJURY,NOT DISTRACTED,PASSENGER CAR,SLOWING OR STOPPING,North,North,35,2004,ION,0,0,0,0
Injury Crash,03-07-2022 12:44,Maryland (State),MONTGOMERY VILLAGE AVE,N/A,STRAIGHT MOVEMENT ANGLE,CLOUDY,WET,DARK LIGHTS ON,TRAFFIC SIGNAL,No,NO APPARENT INJURY,NOT DISTRACTED,PASSENGER CAR,ACCELERATING,North,North,35,2002,CHEVY,7,289,15.7,0
Property Damage Crash,03-07-2022 13:15,County,MACARTHUR BLVD,N/A,SAME DIRECTION LEFT TURN,CLEAR,DRY,DAYLIGHT,NO CONTROLS,No,NO APPARENT INJURY,NOT DISTRACTED,(SPORT) UTILITY VEHICLE,MOVING CONSTANT SPEED,South,South,40,2015,AUDI,0,0,0,0
Injury Crash,03-07-2022 13:15,Maryland (State),OLD GEORGETOWN RD,N/A,STRAIGHT MOVEMENT ANGLE,CLEAR,DRY,DAYLIGHT,TRAFFIC SIGNAL,No,NO APPARENT INJURY,NOT DISTRACTED,PASSENGER CAR,MOVING CONSTANT SPEED,South,South,40,2021,HYUNDAI,3.9,172,32,0
Property Damage Crash,03-07-2022 13:45,County,SHADY GROVE RD,N/A,SAME DIRECTION SIDESWIPE,CLEAR,DRY,DAYLIGHT,TRAFFIC SIGNAL,Yes,NO APPARENT INJURY,NOT DISTRACTED,"CARGO VAN/LIGHT TRUCK 2 AXLES (OVER 10,000LBS (4,536 KG))",MAKING LEFT TURN,South,West,45,2014,MACK,4.7,120,40.1,0.15
Injury Crash,03-07-2022 13:45,Maryland (State),MONTGOMERY VILLAGE AVE,N/A,SAME DIR REAR END,CLEAR,DRY,DARK NO LIGHTS,TRAFFIC SIGNAL,Yes,NO APPARENT INJURY,LOOKED BUT DID NOT SEE,PASSENGER CAR,MOVING CONSTANT SPEED,East,East,35,2007,MERCEDES,2.7,51.2,47.3,0.01
Injury Crash,03-07-2022 14:54,Maryland (State),FREDERICK RD,GAITHERSBURG,STRAIGHT MOVEMENT ANGLE,RAINING,WET,DAYLIGHT,NO CONTROLS,Yes,SUSPECTED MINOR INJURY,LOOKED BUT DID NOT SEE,PASSENGER CAR,MAKING LEFT TURN,West,North,30,2012,DODG,5.4,151,35.6,0
Property Damage Crash,03-07-2022 14:54,Municipality,GIRARD ST,N/A,SAME DIR REAR END,CLEAR,DRY,DAYLIGHT,NO CONTROLS,Yes,NO APPARENT INJURY,OTHER DISTRACTION,PASSENGER CAR,ACCELERATING,East,East,25,2006,TOYT,4.6,186,43.3,0
Property Damage Crash,03-07-2022 15:13,Maryland (State),WILSON LA,N/A,ANGLE MEETS RIGHT TURN,CLEAR,DRY,DAYLIGHT,NO CONTROLS,Yes,NO APPARENT INJURY,LOOKED BUT DID NOT SEE,PASSENGER CAR,ACCELERATING,West,South,35,2006,NISSAN,0,0,0,0
Property Damage Crash,03-07-2022 15:19,,,,OTHER,CLEAR,,DAYLIGHT,NO CONTROLS,Yes,NO APPARENT INJURY,UNKNOWN,PASSENGER CAR,PARKING,South,South,10,2009,HYUNDAI,4,35.6,23.5,0
Property Damage Crash,03-07-2022 15:19,Maryland (State),GEORGIA AVE,N/A,SAME DIRECTION SIDESWIPE,CLEAR,DRY,DAYLIGHT,N/A,Unknown,NO APPARENT INJURY,NOT DISTRACTED,VAN,MAKING RIGHT TURN,West,West,35,2014,MERZ,0,0,0,0
Property Damage Crash,03-07-2022 15:24,County,SHADY GROVE RD,N/A,SINGLE VEHICLE,CLEAR,DRY,DAYLIGHT,NO CONTROLS,Yes,NO APPARENT INJURY,NOT DISTRACTED,PASSENGER CAR,MOVING CONSTANT SPEED,North,North,40,2016,CHEVROLET,11.8,302,-0.1,0
Injury Crash,03-07-2022 17:41,Maryland (State),GEORGIA AVE,N/A,SAME DIRECTION SIDESWIPE,CLOUDY,WET,DAYLIGHT,NO CONTROLS,No,POSSIBLE INJURY,NOT DISTRACTED,PASSENGER CAR,CHANGING LANES,South,South,35,2019,HYUNDAI,5.2,38.5,26.5,0
Property Damage Crash,03-07-2022 18:20,Maryland (State),CONNECTICUT AVE,N/A,SAME DIRECTION RIGHT TURN,CLEAR,WET,DAYLIGHT,NO CONTROLS,No,NO APPARENT INJURY,NOT DISTRACTED,PASSENGER CAR,MOVING CONSTANT SPEED,North,North,30,2012,TOYOTA,3.4,30.7,23.7,0
Injury Crash,03-07-2022 18:25,County,OLD COLUMBIA PIKE,N/A,STRAIGHT MOVEMENT ANGLE,N/A,DRY,DAYLIGHT,TRAFFIC SIGNAL,No,POSSIBLE INJURY,NOT DISTRACTED,PASSENGER CAR,STARTING FROM LANE,East,East,35,2016,HOND,6.7,144,36.8,0.05
Injury Crash,03-07-2022 18:25,County,GOULD RD,N/A,OPPOSITE DIRECTION SIDESWIPE,RAINING,WET,DAYLIGHT,NO CONTROLS,No,NO APPARENT INJURY,NOT DISTRACTED,PASSENGER CAR,PARKED,,,25,2014,NISSAN,0,0,0,0
Property Damage Crash,03-07-2022 19:06,Municipality,GRUENTHER AVE,ROCKVILLE,SAME DIRECTION SIDESWIPE,CLEAR,WET,DARK NO LIGHTS,NO CONTROLS,Yes,NO APPARENT INJURY,NOT DISTRACTED,(SPORT) UTILITY VEHICLE,MOVING CONSTANT SPEED,North,North,30,2008,JEEP,0,0,0,0
Property Damage Crash,03-07-2022 19:37,Maryland (State),PINEY BRANCH RD,N/A,SAME DIR REAR END,SNOW,SNOW,DAYLIGHT,TRAFFIC SIGNAL,No,NO APPARENT INJURY,NOT DISTRACTED,PASSENGER CAR,STOPPED IN TRAFFIC LANE,South,South,30,2014,TOYOTA,1.3,41,27.9,0
Injury Crash,03-07-2022 19:37,US (State),COLUMBIA PIKE,N/A,SAME DIR REAR END,CLEAR,DRY,DAYLIGHT,TRAFFIC SIGNAL,Yes,NO APPARENT INJURY,OTHER DISTRACTION,PASSENGER CAR,MOVING CONSTANT SPEED,North,North,50,2006,ACURA,3.5,42.4,29.3,0
Injury Crash,03-07-2022 20:00,Maryland (State),GERMANTOWN RD,N/A,HEAD ON,CLEAR,DRY,DAYLIGHT,NO CONTROLS,No,NO APPARENT INJURY,NOT DISTRACTED,PASSENGER CAR,MOVING CONSTANT SPEED,South,South,45,2003,TOYOTA,0,0,0,0
Injury Crash,03-07-2022 20:00,County,CENTURY BLVD,N/A,STRAIGHT MOVEMENT ANGLE,CLEAR,DRY,DAYLIGHT,STOP SIGN,No,NO APPARENT INJURY,NOT DISTRACTED,PASSENGER CAR,MOVING CONSTANT SPEED,South,South,35,2019,FORD,7.7,333,22.6,0
Property Damage Crash,03-07-2022 20:19,Maryland (State),NEW HAMPSHIRE AVE,N/A,SINGLE VEHICLE,RAINING,WET,DARK NO LIGHTS,NO CONTROLS,Yes,NO APPARENT INJURY,UNKNOWN,PASSENGER CAR,MOVING CONSTANT SPEED,South,South,40,2002,HONDA,3.4,35,39.1,0
Property Damage Crash,03-07-2022 21:51,Maryland (State),GEORGIA AVE,N/A,STRAIGHT MOVEMENT ANGLE,CLEAR,DRY,DAYLIGHT,NO CONTROLS,Yes,NO APPARENT INJURY,LOOKED BUT DID NOT SEE,PASSENGER CAR,ACCELERATING,West,West,35,2010,TOYT,4.7,39.5,27.4,0
Property Damage Crash,03-07-2022 21:51,Maryland (State),PINEY BRANCH RD,TAKOMA PARK,SAME DIR REAR END,CLEAR,DRY,DAYLIGHT,N/A,Yes,NO APPARENT INJURY,INATTENTIVE OR LOST IN THOUGHT,PASSENGER CAR,SLOWING OR STOPPING,North,North,25,2011,KIA,2.8,302,28.7,0
Property Damage Crash,04-07-2022 03:04,,,,OTHER,CLEAR,,DAYLIGHT,NO CONTROLS,Yes,NO APPARENT INJURY,UNKNOWN,OTHER,OTHER,Unknown,Unknown,0,2016,FORD,4.4,300,-3.2,0
Property Damage Crash,04-07-2022 05:45,,,,OPPOSITE DIRECTION SIDESWIPE,CLEAR,,DAYLIGHT,NO CONTROLS,Yes,NO APPARENT INJURY,UNKNOWN,"MEDIUM/HEAVY TRUCKS 3 AXLES (OVER 10,000LBS (4,536KG))",BACKING,North,North,5,2018,VAN GUARD TRAILER,8.5,136,37.2,0.02
Injury Crash,04-07-2022 05:45,Maryland (State),GEORGIA AVE,N/A,SAME DIR REAR END,CLEAR,DRY,DAYLIGHT,TRAFFIC SIGNAL,No,POSSIBLE INJURY,NOT DISTRACTED,PASSENGER CAR,SLOWING OR STOPPING,North,North,35,2017,FORD,1.6,30.1,25,0
Injury Crash,04-07-2022 06:30,Maryland (State),UNIVERSITY BLVD W,N/A,OTHER,CLEAR,DRY,DAYLIGHT,N/A,No,NO APPARENT INJURY,NOT DISTRACTED,PASSENGER CAR,MOVING CONSTANT SPEED,West,West,35,2009,HYUNDAI,1.2,38.6,18.2,0
Property Damage Crash,04-07-2022 06:30,County,HARMON RD,N/A,OTHER,CLEAR,DRY,DARK LIGHTS ON,N/A,Yes,NO APPARENT INJURY,DISTRACTED BY OUTSIDE PERSON OBJECT OR EVENT,(SPORT) UTILITY VEHICLE,ACCELERATING,East,East,25,2016,JEEP,0,0,0,0
Injury Crash,04-07-2022 06:30,County,ASHLEY DR,N/A,SAME DIRECTION LEFT TURN,CLEAR,DRY,DAYLIGHT,NO CONTROLS,Yes,NO APPARENT INJURY,INATTENTIVE OR LOST IN THOUGHT,PASSENGER CAR,PASSING,North,North,25,2011,HONDA,0,0,0,0
Injury Crash,04-07-2022 07:40,Maryland (State),CONNECTICUT AVE,N/A,OTHER,CLEAR,DRY,DARK LIGHTS ON,OTHER,Yes,NO APPARENT INJURY,LOOKED BUT DID NOT SEE,PASSENGER CAR,MAKING LEFT TURN,North,East,40,2004,NISSAN,3,39.5,38.9,0
Property Damage Crash,04-07-2022 07:40,Maryland (State),VEIRS MILL RD,N/A,SAME DIRECTION SIDESWIPE,CLEAR,DRY,DAYLIGHT,TRAFFIC SIGNAL,No,NO APPARENT INJURY,NOT DISTRACTED,(SPORT) UTILITY VEHICLE,MOVING CONSTANT SPEED,East,East,40,2017,CHEVROLET,5.6,226,38.2,0
Property Damage Crash,04-07-2022 07:40,Maryland (State),ROCKVILLE PIKE,N/A,SINGLE VEHICLE,CLEAR,DRY,DARK LIGHTS ON,TRAFFIC SIGNAL,Yes,NO APPARENT INJURY,LOOKED BUT DID NOT SEE,POLICE VEHICLE/NON EMERGENCY,MAKING RIGHT TURN,East,North,30,2017,FORD,10.9,43.8,35.6,0
Property Damage Crash,04-07-2022 07:40,Interstate (State),EISENHOWER MEMORIAL HWY,N/A,OTHER,CLEAR,DRY,DAYLIGHT,N/A,Yes,NO APPARENT INJURY,UNKNOWN,PICKUP TRUCK,MOVING CONSTANT SPEED,North,North,55,2013,FORD,0,0,0,0
Injury Crash,04-07-2022 08:00,Maryland (State),CONNECTICUT AVE,N/A,SINGLE VEHICLE,N/A,DRY,DAYLIGHT,NO CONTROLS,Yes,SUSPECTED MINOR INJURY,INATTENTIVE OR LOST IN THOUGHT,PASSENGER CAR,LEAVING TRAFFIC LANE,North,North,45,2016,HONDA,0,0,0,0
Property Damage Crash,04-07-2022 08:00,Maryland (State),EAST WEST HWY,N/A,SAME DIRECTION SIDESWIPE,CLEAR,DRY,DAYLIGHT,N/A,Yes,NO APPARENT INJURY,LOOKED BUT DID NOT SEE,PASSENGER CAR,CHANGING LANES,East,East,35,2017,HOND,3,253,36.5,0
Property Damage Crash,04-07-2022 09:10,County,MONTROSE RD,ROCKVILLE,SAME DIR REAR END,RAINING,WET,DAYLIGHT,TRAFFIC SIGNAL,No,NO APPARENT INJURY,NOT DISTRACTED,PASSENGER CAR,STOPPED IN TRAFFIC LANE,West,South,45,2016,HYUNDAI,0,0,0,0
Property Damage Crash,04-07-2022 09:10,Maryland (State),UNIVERSITY BLVD W,N/A,HEAD ON LEFT TURN,RAINING,WET,DUSK,TRAFFIC SIGNAL,No,NO APPARENT INJURY,NOT DISTRACTED,PASSENGER CAR,MOVING CONSTANT SPEED,East,East,35,2020,TOYOTA,5.7,2,44,0
Property Damage Crash,04-07-2022 10:15,County,SILVER SPRING AVE,N/A,SINGLE VEHICLE,CLEAR,DRY,DARK LIGHTS ON,TRAFFIC SIGNAL,Yes,NO APPARENT INJURY,UNKNOWN,PASSENGER CAR,MOVING CONSTANT SPEED,West,West,25,2004,CHEV,2.3,13,32.3,0
Injury Crash,04-07-2022 10:39,,,,SINGLE VEHICLE,CLEAR,,DARK NO LIGHTS,NO CONTROLS,No,NO APPARENT INJURY,LOOKED BUT DID NOT SEE,TRUCK TRACTOR,BACKING,Unknown,Unknown,0,2019,FRHT,0,0,0,0
Property Damage Crash,04-07-2022 10:39,County,LOCKWOOD DR,N/A,STRAIGHT MOVEMENT ANGLE,CLEAR,DRY,DARK LIGHTS ON,NO CONTROLS,Yes,NO APPARENT INJURY,UNKNOWN,PASSENGER CAR,MAKING RIGHT TURN,East,East,15,2016,JEEP,4.3,37,27.9,0
Injury Crash,04-07-2022 11:50,Maryland (State),S FREDERICK RD,N/A,SINGLE VEHICLE,CLEAR,DRY,DARK LIGHTS ON,NO CONTROLS,Yes,SUSPECTED SERIOUS INJURY,UNKNOWN,MOTORCYCLE,MOVING CONSTANT SPEED,North,North,35,2019,YAMAHA,0,0,0,0
Property Damage Crash,04-07-2022 11:50,County,SPRING ST,N/A,STRAIGHT MOVEMENT ANGLE,CLEAR,DRY,DAYLIGHT,TRAFFIC SIGNAL,No,NO APPARENT INJURY,NOT DISTRACTED,PASSENGER CAR,ACCELERATING,South,East,35,2015,HOND,2.1,42.8,38,0
Property Damage Crash,04-07-2022 12:45,County,SUGARBUSH LA,N/A,SINGLE VEHICLE,CLEAR,DRY,DARK LIGHTS ON,NO CONTROLS,Yes,NO APPARENT INJURY,NOT DISTRACTED,PASSENGER CAR,MOVING CONSTANT SPEED,South,South,25,2011,FORD,0,0,0,0
Property Damage Crash,04-07-2022 12:45,Maryland (State),MUNCASTER MILL RD,N/A,SAME DIR REAR END,CLEAR,DRY,DAYLIGHT,N/A,Yes,NO APPARENT INJURY,UNKNOWN,PASSENGER CAR,SLOWING OR STOPPING,West,West,40,2008,TOYT,10.1,351,17.4,0
Property Damage Crash,04-07-2022 12:45,Maryland (State),CONNECTICUT AVE,N/A,STRAIGHT MOVEMENT ANGLE,CLEAR,DRY,DARK LIGHTS ON,TRAFFIC SIGNAL,Yes,NO APPARENT INJURY,UNKNOWN,PASSENGER CAR,MOVING CONSTANT SPEED,North,North,45,2015,SUBARU,11.9,44.1,23.6,0
Injury Crash,04-07-2022 13:30,Maryland (State),LAYHILL RD,N/A,STRAIGHT MOVEMENT ANGLE,CLEAR,DRY,DARK LIGHTS ON,STOP SIGN,No,POSSIBLE INJURY,NOT DISTRACTED,PASSENGER CAR,STOPPED IN TRAFFIC LANE,North,West,30,2001,MERCEDES,3.5,41.3,40.8,0
Property Damage Crash,04-07-2022 14:40,Maryland (State),GEORGIA AVE,N/A,HEAD ON LEFT TURN,CLOUDY,DRY,DAYLIGHT,NO CONTROLS,No,NO APPARENT INJURY,NOT DISTRACTED,PASSENGER CAR,MOVING CONSTANT SPEED,South,South,45,2014,NISSAN,0,0,0,0
Property Damage Crash,04-07-2022 15:05,County,COTTRELL TERR,N/A,ANGLE MEETS LEFT TURN,CLEAR,SNOW,DAYLIGHT,STOP SIGN,Unknown,NO APPARENT INJURY,NOT DISTRACTED,PASSENGER CAR,UNKNOWN,South,Unknown,25,2010,CHEVY,10.5,338,32,0
Property Damage Crash,04-07-2022 15:05,County,SEEK LA,N/A,SAME DIRECTION RIGHT TURN,SNOW,SNOW,DARK NO LIGHTS,NO CONTROLS,Yes,NO APPARENT INJURY,UNKNOWN,,MAKING RIGHT TURN,North,West,25,0,UNKNOWN,6.7,43.4,30.7,0
Property Damage Crash,04-07-2022 15:13,US (State),COLESVILLE RD,N/A,SAME DIR REAR END,CLEAR,DRY,DAYLIGHT,TRAFFIC SIGNAL,No,NO APPARENT INJURY,NOT DISTRACTED,PASSENGER CAR,STOPPED IN TRAFFIC LANE,South,South,40,2005,LAND ROVER,0,0,0,0