ACRS Report Type,Date and Time,Route Type,Road Name,Municipality,Collision Type,Weather,Surface Condition,Light,Traffic Control,Driver At Fault,Injury Severity,Driver Distracted By,Vehicle Body Type,Vehicle Movement,Vehicle Continuing Dir,Vehicle Going Dir,Speed Limit,Vehicle Year,Vehicle Make,Wind Speed (MPH),TMP10-DK ,Relative Humidity (%),Rain (Inches)
Property Damage Crash,04-07-2022 15:13,Maryland (State),KEY WEST AVE,N/A,STRAIGHT MOVEMENT ANGLE,CLEAR,DRY,DARK LIGHTS ON,YIELD SIGN,Yes,NO APPARENT INJURY,UNKNOWN,PASSENGER CAR,MAKING RIGHT TURN,West,South,40,2015,VOLKSWAGEN,5.3,345,29.5,0
Injury Crash,04-07-2022 15:54,,,,STRAIGHT MOVEMENT ANGLE,CLEAR,,DAYLIGHT,NO CONTROLS,Yes,NO APPARENT INJURY,NOT DISTRACTED,PASSENGER CAR,STARTING FROM PARKED,West,West,25,1990,TOYOTA,11.9,30.9,18.2,0
Property Damage Crash,04-07-2022 15:54,,,,STRAIGHT MOVEMENT ANGLE,CLEAR,,DAYLIGHT,N/A,No,NO APPARENT INJURY,UNKNOWN,PASSENGER CAR,MOVING CONSTANT SPEED,South,West,0,2016,TOYOTA,8.9,186,38,0
Property Damage Crash,04-07-2022 15:57,Interstate (State),EISENHOWER MEMORIAL HWY,N/A,SINGLE VEHICLE,CLEAR,DRY,DAYLIGHT,NO CONTROLS,No,NO APPARENT INJURY,NOT DISTRACTED,POLICE VEHICLE/NON EMERGENCY,MOVING CONSTANT SPEED,South,South,55,2019,DODGE,2.4,192,32,0
Injury Crash,04-07-2022 15:57,Maryland (State),QUINCE ORCHARD RD,N/A,SAME DIR REAR END,CLEAR,DRY,DAYLIGHT,NO CONTROLS,Yes,NO APPARENT INJURY,ADJUSTING AUDIO AND OR CLIMATE CONTROLS,PASSENGER CAR,SLOWING OR STOPPING,North,North,30,2007,CHEVY,0,0,0,0
Property Damage Crash,04-07-2022 16:40,County,RANDOLPH RD,N/A,STRAIGHT MOVEMENT ANGLE,CLOUDY,DRY,DAYLIGHT,TRAFFIC SIGNAL,No,NO APPARENT INJURY,NOT DISTRACTED,TRANSIT BUS,STOPPED IN TRAFFIC LANE,West,West,0,2008,NEW FLYER,0,0,0,0
Injury Crash,04-07-2022 16:40,,,,OTHER,CLEAR,,DAYLIGHT,NO CONTROLS,Yes,NO APPARENT INJURY,LOOKED BUT DID NOT SEE,PASSENGER CAR,MOVING CONSTANT SPEED,South,South,5,2008,TOYOTA,0,0,0,0
Injury Crash,04-07-2022 17:06,County,DILSTON RD,N/A,OTHER,CLEAR,DRY,DAYLIGHT,NO CONTROLS,No,NO APPARENT INJURY,NOT DISTRACTED,PICKUP TRUCK,MOVING CONSTANT SPEED,East,East,15,1997,FORD,6.1,46.3,15.8,0
Property Damage Crash,04-07-2022 17:40,Maryland (State),DARNESTOWN RD,N/A,SINGLE VEHICLE,CLEAR,DRY,DARK NO LIGHTS,NO CONTROLS,Yes,NO APPARENT INJURY,LOOKED BUT DID NOT SEE,PASSENGER CAR,MOVING CONSTANT SPEED,East,East,50,2006,TOYT,1.6,193,33.7,0
Property Damage Crash,04-07-2022 18:00,County,FALLS RD,N/A,HEAD ON LEFT TURN,RAINING,WET,DUSK,TRAFFIC SIGNAL,No,NO APPARENT INJURY,NOT DISTRACTED,PASSENGER CAR,MOVING CONSTANT SPEED,North,North,35,2011,FORD,9.7,318,30.9,0
Property Damage Crash,04-07-2022 18:00,Maryland (State),SPENCERVILLE RD,N/A,SAME DIR REAR END,CLOUDY,WET,DUSK,TRAFFIC SIGNAL,No,NO APPARENT INJURY,NOT DISTRACTED,PASSENGER CAR,STOPPED IN TRAFFIC LANE,South,West,40,2019,LEXUS,8.2,186,31,0
Property Damage Crash,04-07-2022 20:00,,,,OTHER,CLEAR,,DAYLIGHT,NO CONTROLS,Yes,NO APPARENT INJURY,UNKNOWN,PASSENGER CAR,BACKING,South,South,5,2006,FORD,4.8,41.7,30.8,0
Injury Crash,04-07-2022 20:58,County,SPARTAN RD,N/A,STRAIGHT MOVEMENT ANGLE,CLEAR,DRY,DAYLIGHT,STOP SIGN,Yes,NO APPARENT INJURY,UNKNOWN,OTHER,ENTERING TRAFFIC LANE,North,North,25,2016,HONDA,0,0,0,0
Property Damage Crash,04-07-2022 21:18,Maryland (State),ROCKVILLE PIKE,ROCKVILLE,STRAIGHT MOVEMENT ANGLE,CLOUDY,DRY,DUSK,TRAFFIC SIGNAL,Yes,NO APPARENT INJURY,LOOKED BUT DID NOT SEE,PASSENGER CAR,MAKING LEFT TURN,South,South,25,2021,TOYT,6.7,323,40.2,0
Property Damage Crash,04-07-2022 21:18,,,,SAME DIR REAR END,CLEAR,,DAYLIGHT,NO CONTROLS,No,NO APPARENT INJURY,NOT DISTRACTED,"OTHER LIGHT TRUCKS (10,000LBS (4,536KG) OR LESS)",PARKED,,,0,2012,MERCEDES,5.5,342,33,0.01
Property Damage Crash,04-07-2022 21:47,County,SHADY GROVE RD,N/A,SINGLE VEHICLE,N/A,N/A,DAWN,N/A,Yes,NO APPARENT INJURY,NOT DISTRACTED,PASSENGER CAR,MOVING CONSTANT SPEED,North,North,40,2012,AUDI,5.3,197,26.7,0
Property Damage Crash,04-07-2022 21:47,County,EXECUTIVE BLVD,N/A,STRAIGHT MOVEMENT ANGLE,CLEAR,DRY,DAYLIGHT,NO CONTROLS,No,NO APPARENT INJURY,NOT DISTRACTED,PASSENGER CAR,MOVING CONSTANT SPEED,West,West,35,2003,DODG,8.4,48.7,42.7,0
Injury Crash,04-07-2022 22:27,Maryland (State),VEIRS MILL RD,N/A,SAME DIR REAR END,CLEAR,DRY,DAYLIGHT,TRAFFIC SIGNAL,Yes,POSSIBLE INJURY,OTHER DISTRACTION,POLICE VEHICLE/EMERGENCY,SLOWING OR STOPPING,East,East,40,2011,FORD,2.3,49.4,46.2,0
Property Damage Crash,04-07-2022 22:27,Maryland (State),NEW HAMPSHIRE AVE,N/A,SAME DIR REAR END,RAINING,WET,DARK LIGHTS ON,TRAFFIC SIGNAL,No,NO APPARENT INJURY,NOT DISTRACTED,(SPORT) UTILITY VEHICLE,STOPPED IN TRAFFIC LANE,South,South,35,2012,MITSUBISHI,6.5,52.6,28.9,0
Property Damage Crash,05-07-2022 01:02,Maryland (State),NORBECK RD,ROCKVILLE,SAME DIR REAR END,RAINING,WET,DAYLIGHT,TRAFFIC SIGNAL,No,NO APPARENT INJURY,NOT DISTRACTED,PASSENGER CAR,STOPPED IN TRAFFIC LANE,West,West,50,2012,TOYOTA,3,36,35,0
Property Damage Crash,05-07-2022 01:36,County,WESTLAKE DR,N/A,STRAIGHT MOVEMENT ANGLE,CLEAR,DRY,DAYLIGHT,NO CONTROLS,No,NO APPARENT INJURY,NOT DISTRACTED,PASSENGER CAR,MOVING CONSTANT SPEED,North,North,30,2010,DODGE,0,0,0,0
Injury Crash,05-07-2022 01:36,County,PARKLAND DR,N/A,OTHER,CLEAR,DRY,DARK LIGHTS ON,TRAFFIC SIGNAL,Yes,NO APPARENT INJURY,LOOKED BUT DID NOT SEE,(SPORT) UTILITY VEHICLE,MAKING LEFT TURN,West,North,30,2015,TOYOTA,5.9,141,31.3,0
Injury Crash,05-07-2022 01:51,County,SHADY GROVE RD,N/A,OTHER,CLOUDY,SNOW,DAYLIGHT,TRAFFIC SIGNAL,No,SUSPECTED MINOR INJURY,NOT DISTRACTED,PASSENGER CAR,MOVING CONSTANT SPEED,North,North,45,2016,SCION,1.6,177,31.3,0
Injury Crash,05-07-2022 02:29,Maryland (State),RIVER RD,N/A,SAME DIR REAR END,CLOUDY,DRY,DAYLIGHT,NO CONTROLS,Yes,SUSPECTED MINOR INJURY,BY MOVING OBJECT IN VEHICLE,PASSENGER CAR,MOVING CONSTANT SPEED,East,East,30,2005,TOYOTA,3.3,47.8,44.3,0
Property Damage Crash,05-07-2022 04:00,,,,OTHER,CLEAR,,DAYLIGHT,NO CONTROLS,Yes,NO APPARENT INJURY,NOT DISTRACTED,PASSENGER CAR,BACKING,North,West,15,2009,MITSUBISHI,6.6,339,29.3,0
Property Damage Crash,05-07-2022 04:00,Maryland (State),NEW HAMPSHIRE AVE,N/A,SAME DIRECTION SIDESWIPE,CLEAR,DRY,DAYLIGHT,NO CONTROLS,No,NO APPARENT INJURY,NOT DISTRACTED,PASSENGER CAR,SLOWING OR STOPPING,North,North,40,2006,BMW,2.5,53.9,39.2,0
Property Damage Crash,05-07-2022 04:50,County,SLIGO AVE,N/A,OTHER,CLOUDY,DRY,DARK LIGHTS ON,N/A,Yes,NO APPARENT INJURY,NOT DISTRACTED,PASSENGER CAR,MOVING CONSTANT SPEED,East,East,30,2005,NISSAN,7.4,184,0,0
Property Damage Crash,05-07-2022 05:32,County,PLUM ORCHARD DR,N/A,STRAIGHT MOVEMENT ANGLE,CLEAR,DRY,DAYLIGHT,NO CONTROLS,Yes,NO APPARENT INJURY,LOOKED BUT DID NOT SEE,PASSENGER CAR,MAKING LEFT TURN,East,South,35,2015,AUDI,3.6,7,31,0
Injury Crash,05-07-2022 05:32,Maryland (State),NEW HAMPSHIRE AVE,TAKOMA PARK,STRAIGHT MOVEMENT ANGLE,CLEAR,DRY,DAYLIGHT,TRAFFIC SIGNAL,No,NO APPARENT INJURY,NOT DISTRACTED,PASSENGER CAR,STOPPED IN TRAFFIC LANE,North,North,0,2003,CHEVY,0,0,0,0
Property Damage Crash,05-07-2022 05:36,Maryland (State),DARNESTOWN RD,N/A,STRAIGHT MOVEMENT ANGLE,CLEAR,DRY,DAYLIGHT,NO CONTROLS,Yes,NO APPARENT INJURY,NOT DISTRACTED,PASSENGER CAR,MAKING LEFT TURN,West,North,40,2011,MAZD,9,186,53.8,0
Injury Crash,05-07-2022 05:36,County,ELM ST,N/A,SAME DIR REAR END,CLEAR,DRY,DAYLIGHT,NO CONTROLS,Yes,NO APPARENT INJURY,UNKNOWN,PASSENGER CAR,PARKING,West,West,25,2011,JEEP,10.1,186,36.6,0
Injury Crash,05-07-2022 06:21,Maryland (State),FREDERICK RD,N/A,SAME DIRECTION SIDESWIPE,CLEAR,DRY,DAYLIGHT,NO CONTROLS,Yes,SUSPECTED MINOR INJURY,OTHER DISTRACTION,(SPORT) UTILITY VEHICLE,MOVING CONSTANT SPEED,North,North,35,2015,HONDA,0,0,0,0
Property Damage Crash,05-07-2022 10:10,Maryland (State),GEORGIA AVE,N/A,SAME DIR REAR END,RAINING,WET,DAYLIGHT,NO CONTROLS,No,NO APPARENT INJURY,NOT DISTRACTED,PASSENGER CAR,SLOWING OR STOPPING,North,North,45,2001,LEXUS,0,0,0,0
Property Damage Crash,05-07-2022 10:24,,,,STRAIGHT MOVEMENT ANGLE,CLEAR,,N/A,NO CONTROLS,No,NO APPARENT INJURY,NOT DISTRACTED,PASSENGER CAR,MOVING CONSTANT SPEED,North,North,15,2013,TOYOTA,1.3,40,39.8,0.02
Property Damage Crash,05-07-2022 11:09,County,JONES BRIDGE RD,NORTH CHEVY CHASE,SAME DIRECTION SIDESWIPE,CLOUDY,DRY,DAYLIGHT,NO CONTROLS,Unknown,NO APPARENT INJURY,NOT DISTRACTED,TRANSIT BUS,MOVING CONSTANT SPEED,West,West,30,2009,NEW FLYER,3.4,42,30.5,0
Property Damage Crash,05-07-2022 11:39,Maryland (State),ROCKVILLE PIKE,ROCKVILLE,SAME DIR REAR END,CLOUDY,DRY,DAYLIGHT,TRAFFIC SIGNAL,Yes,NO APPARENT INJURY,NOT DISTRACTED,VAN,SLOWING OR STOPPING,South,South,40,1999,HONDA,3.5,42.2,20.7,0
Property Damage Crash,05-07-2022 11:39,County,TUCKERMAN LA,N/A,SAME DIRECTION SIDESWIPE,CLEAR,DRY,DAYLIGHT,UNKNOWN,Yes,NO APPARENT INJURY,NOT DISTRACTED,PASSENGER CAR,PASSING,West,West,30,2008,GMC,8.4,62.5,58,0
Property Damage Crash,05-07-2022 11:39,County,VEIRS MILL RD,N/A,OTHER,CLOUDY,DRY,DAYLIGHT,NO CONTROLS,Yes,NO APPARENT INJURY,NOT DISTRACTED,PASSENGER CAR,MOVING CONSTANT SPEED,South,South,25,2000,FORD,4.6,60,56,0
Property Damage Crash,05-07-2022 11:39,Maryland (State),RIVER RD,N/A,SAME DIRECTION SIDESWIPE,CLEAR,DRY,DAYLIGHT,TRAFFIC SIGNAL,Yes,NO APPARENT INJURY,LOOKED BUT DID NOT SEE,PASSENGER CAR,MOVING CONSTANT SPEED,East,East,35,2016,HOND,0,0,0,0
Injury Crash,05-07-2022 12:05,US (State),COLUMBIA PIKE,N/A,OTHER,N/A,N/A,DARK NO LIGHTS,TRAFFIC SIGNAL,No,NO APPARENT INJURY,NOT DISTRACTED,PASSENGER CAR,STOPPED IN TRAFFIC LANE,North,North,45,2012,HONDA,13.1,316,29.9,0
Injury Crash,05-07-2022 12:05,Maryland (State),QUINCE ORCHARD RD,N/A,SAME DIR REAR END,CLEAR,SNOW,DAYLIGHT,TRAFFIC SIGNAL,No,POSSIBLE INJURY,NOT DISTRACTED,PASSENGER CAR,ACCELERATING,East,East,35,2014,BMW,6.6,316,14.1,0
Property Damage Crash,05-07-2022 12:40,Maryland (State),GEORGIA AVE,N/A,SAME DIR REAR END,RAINING,WET,DAYLIGHT,TRAFFIC SIGNAL,Yes,NO APPARENT INJURY,BY OTHER OCCUPANTS,(SPORT) UTILITY VEHICLE,SLOWING OR STOPPING,East,South,35,2007,HONDA,3.4,230,34.2,0
Injury Crash,05-07-2022 12:40,Maryland (State),OLD GEORGETOWN RD,N/A,STRAIGHT MOVEMENT ANGLE,CLEAR,DRY,DARK LIGHTS ON,FLASHING TRAFFIC SIGNAL,Yes,SUSPECTED SERIOUS INJURY,UNKNOWN,PASSENGER CAR,MAKING LEFT TURN,North,East,35,2017,FORD,4.7,271,26.8,0
Injury Crash,05-07-2022 13:31,County,SHADY GROVE RD,N/A,OTHER,CLOUDY,SNOW,DAYLIGHT,TRAFFIC SIGNAL,Yes,NO APPARENT INJURY,UNKNOWN,VAN,MAKING LEFT TURN,North,South,45,2007,FORD,6,45.6,42.7,0
Property Damage Crash,05-07-2022 13:31,Maryland (State),MASSACHUSETTS AVE,N/A,SAME DIRECTION SIDESWIPE,CLEAR,DRY,DAYLIGHT,TRAFFIC SIGNAL,Yes,NO APPARENT INJURY,NOT DISTRACTED,LOW SPEED VEHICLE,MOVING CONSTANT SPEED,East,East,35,2007,PETERBUILT,3.8,8,38.8,0
Property Damage Crash,05-07-2022 13:35,Maryland (State),FREDERICK RD,GAITHERSBURG,SAME DIRECTION SIDESWIPE,CLEAR,DRY,DARK LIGHTS ON,NO CONTROLS,No,NO APPARENT INJURY,NOT DISTRACTED,PASSENGER CAR,MOVING CONSTANT SPEED,South,South,35,2008,ACURA,4,39.7,37.9,0.01
Injury Crash,05-07-2022 13:35,Maryland (State),RIDGE RD,N/A,SAME DIR REAR END,CLOUDY,DRY,DAYLIGHT,TRAFFIC SIGNAL,Yes,NO APPARENT INJURY,LOOKED BUT DID NOT SEE,PASSENGER CAR,SLOWING OR STOPPING,North,North,30,2014,CHRY,2.6,37,21.7,0
Property Damage Crash,05-07-2022 14:08,County,SHADY GROVE RD,ROCKVILLE,SAME DIR REAR END,RAINING,WET,DARK NO LIGHTS,NO CONTROLS,No,NO APPARENT INJURY,NOT DISTRACTED,PASSENGER CAR,MOVING CONSTANT SPEED,East,East,40,2016,BUIC,0,0,0,0
Injury Crash,05-07-2022 14:21,County,DEMOCRACY BLVD,N/A,SAME DIR REAR END,CLEAR,DRY,DAYLIGHT,TRAFFIC SIGNAL,Yes,NO APPARENT INJURY,NOT DISTRACTED,PASSENGER CAR,SLOWING OR STOPPING,West,West,45,2011,DODGE,2.6,31,23.2,0
Injury Crash,05-07-2022 14:21,County,SNOUFFERS SCHOOL RD,N/A,SINGLE VEHICLE,CLEAR,DRY,DARK NO LIGHTS,NO CONTROLS,Yes,POSSIBLE INJURY,UNKNOWN,PASSENGER CAR,MOVING CONSTANT SPEED,North,North,35,2007,TOYT,1.8,51.7,38.5,0
Property Damage Crash,05-07-2022 15:10,,,,OTHER,CLEAR,,DAYLIGHT,NO CONTROLS,Yes,NO APPARENT INJURY,UNKNOWN,PASSENGER CAR,BACKING,Unknown,Unknown,5,2003,TOYOTA,4.4,50.7,29.5,0
Injury Crash,05-07-2022 15:10,,N LEISURE WORLD BLVD,N/A,SINGLE VEHICLE,N/A,N/A,DAYLIGHT,NO CONTROLS,Yes,POSSIBLE INJURY,NOT DISTRACTED,PASSENGER CAR,MOVING CONSTANT SPEED,South,South,30,2018,HONDA,2.4,360,27.6,0
Property Damage Crash,05-07-2022 15:25,Maryland (State),FIRST ST,ROCKVILLE,SAME DIR REAR END,CLEAR,DRY,DAYLIGHT,NO CONTROLS,No,NO APPARENT INJURY,NOT DISTRACTED,PASSENGER CAR,MOVING CONSTANT SPEED,East,East,40,2016,CHEVROLET,0,0,0,0
Injury Crash,05-07-2022 15:25,Maryland (State),NORBECK RD,N/A,OPPOSITE DIRECTION SIDESWIPE,RAINING,WET,DAWN,NO CONTROLS,No,NO APPARENT INJURY,NOT DISTRACTED,PASSENGER CAR,MOVING CONSTANT SPEED,East,East,40,2014,HYUN,11.5,308,24.2,0
Injury Crash,05-07-2022 15:30,Maryland (State),NEW HAMPSHIRE AVE,N/A,OTHER,CLEAR,N/A,DARK LIGHTS ON,TRAFFIC SIGNAL,Yes,SUSPECTED MINOR INJURY,NOT DISTRACTED,PASSENGER CAR,MOVING CONSTANT SPEED,North,North,40,2015,TOYOTA,1.6,37.7,37.3,0
Property Damage Crash,05-07-2022 15:30,Maryland (State),OLD GEORGETOWN RD,N/A,SAME DIRECTION LEFT TURN,CLEAR,DRY,DAYLIGHT,NO CONTROLS,Yes,NO APPARENT INJURY,NOT DISTRACTED,PASSENGER CAR,CHANGING LANES,South,South,25,2006,FORD,4,34,16.9,0
Property Damage Crash,05-07-2022 15:30,County,MIDDLEBROOK RD,N/A,SAME DIRECTION SIDESWIPE,CLEAR,DRY,DAYLIGHT,NO CONTROLS,No,NO APPARENT INJURY,NOT DISTRACTED,PASSENGER CAR,MOVING CONSTANT SPEED,East,East,40,2012,HYUNDAI,10.4,45.2,32.2,0
Property Damage Crash,05-07-2022 15:45,County,E WAYNE AVE,N/A,SAME DIR REND LEFT TURN,CLEAR,N/A,DAYLIGHT,TRAFFIC SIGNAL,Yes,NO APPARENT INJURY,UNKNOWN,PASSENGER CAR,UNKNOWN,Unknown,North,25,2011,FORD,5.5,41.4,37.6,0
Property Damage Crash,05-07-2022 17:00,County,JONES BRIDGE RD,N/A,SAME DIRECTION SIDESWIPE,CLEAR,DRY,DAYLIGHT,NO CONTROLS,No,NO APPARENT INJURY,NOT DISTRACTED,"OTHER LIGHT TRUCKS (10,000LBS (4,536KG) OR LESS)",ACCELERATING,West,West,30,2017,FORD,4.7,44.1,40.6,0
Property Damage Crash,05-07-2022 17:00,Interstate (State),EISENHOWER MEMORIAL HWY,N/A,SAME DIRECTION SIDESWIPE,CLOUDY,DRY,DAYLIGHT,N/A,No,NO APPARENT INJURY,NOT DISTRACTED,FIRE VEHICLE/EMERGENCY,MOVING CONSTANT SPEED,North,North,55,2012,SPAR,0,0,0,0
Injury Crash,05-07-2022 17:01,Maryland (State),GEORGIA AVE,N/A,SAME DIRECTION SIDESWIPE,CLEAR,DRY,DUSK,NO CONTROLS,No,NO APPARENT INJURY,NOT DISTRACTED,PASSENGER CAR,ACCELERATING,South,South,35,2017,BMW,5,40.1,26.5,0
Property Damage Crash,05-07-2022 17:01,,,,OTHER,CLEAR,,DARK LIGHTS ON,NO CONTROLS,Yes,NO APPARENT INJURY,NOT DISTRACTED,PICKUP TRUCK,BACKING,East,East,15,2008,MERCURY,0,0,0,0
Property Damage Crash,05-07-2022 17:47,County,BRIGGS CHANEY RD,N/A,HEAD ON LEFT TURN,CLEAR,DRY,DAYLIGHT,TRAFFIC SIGNAL,No,NO APPARENT INJURY,NOT DISTRACTED,PASSENGER CAR,MOVING CONSTANT SPEED,West,West,30,2012,TOYOTA,0,0,0,0
Property Damage Crash,05-07-2022 17:47,,,,STRAIGHT MOVEMENT ANGLE,CLEAR,,DAYLIGHT,NO CONTROLS,Yes,NO APPARENT INJURY,UNKNOWN,PASSENGER CAR,ACCELERATING,Unknown,Unknown,0,2009,FORD,2,69,24.6,0
Property Damage Crash,05-07-2022 18:11,County,EMORY GROVE RD,N/A,SAME DIRECTION SIDESWIPE,CLEAR,DRY,DAYLIGHT,NO CONTROLS,No,NO APPARENT INJURY,NOT DISTRACTED,PASSENGER CAR,PASSING,North,North,40,2012,TOYT,0,0,0,0
Injury Crash,05-07-2022 18:11,Maryland (State),S FREDERICK RD,GAITHERSBURG,SINGLE VEHICLE,CLEAR,DRY,DARK -- UNKNOWN LIGHTING,NO CONTROLS,Yes,POSSIBLE INJURY,UNKNOWN,PASSENGER CAR,UNKNOWN,South,South,30,2008,HONDA,5.1,30.6,16.5,0
Injury Crash,05-07-2022 18:15,County,RANDOLPH RD,N/A,SAME DIR REAR END,CLEAR,DRY,DAYLIGHT,N/A,No,POSSIBLE INJURY,NOT DISTRACTED,PASSENGER CAR,STOPPED IN TRAFFIC LANE,East,East,45,2012,HYUN,0,0,0,0
Property Damage Crash,05-07-2022 18:27,US (State),COLESVILLE RD,N/A,STRAIGHT MOVEMENT ANGLE,CLEAR,DRY,DAYLIGHT,TRAFFIC SIGNAL,No,NO APPARENT INJURY,NOT DISTRACTED,PASSENGER CAR,MOVING CONSTANT SPEED,North,North,35,2003,HONDA,11.2,193,40.8,0
Injury Crash,05-07-2022 18:27,County,BONIFANT RD,N/A,SAME DIR REAR END,CLEAR,DRY,DAYLIGHT,NO CONTROLS,No,POSSIBLE INJURY,NOT DISTRACTED,PASSENGER CAR,SLOWING OR STOPPING,East,East,35,2012,DODGE,4.4,237,18.6,0
Property Damage Crash,05-07-2022 18:53,County,SINGLETON DR,N/A,STRAIGHT MOVEMENT ANGLE,CLEAR,DRY,DAYLIGHT,STOP SIGN,No,NO APPARENT INJURY,NOT DISTRACTED,PASSENGER CAR,ACCELERATING,South,South,25,2001,TOYOTA,1.7,145,36.1,0
Property Damage Crash,05-07-2022 20:12,County,CALVERTON BLVD,N/A,SAME DIR REAR END,CLEAR,DRY,DAYLIGHT,NO CONTROLS,Yes,NO APPARENT INJURY,NOT DISTRACTED,PASSENGER CAR,SLOWING OR STOPPING,South,South,35,2012,HYUNDAI,6.9,155,32.3,0
Property Damage Crash,05-07-2022 20:12,US (State),COLUMBIA PIKE,N/A,HEAD ON LEFT TURN,CLOUDY,DRY,DAYLIGHT,TRAFFIC SIGNAL,Yes,NO APPARENT INJURY,OTHER DISTRACTION,POLICE VEHICLE/NON EMERGENCY,STARTING FROM LANE,North,North,40,2007,FORD,0,0,0,0
Injury Crash,05-07-2022 21:48,Maryland (State),WOODFIELD RD,N/A,SAME DIR REAR END,CLEAR,DRY,DAYLIGHT,TRAFFIC SIGNAL,Yes,NO APPARENT INJURY,NOT DISTRACTED,PASSENGER CAR,STARTING FROM LANE,North,North,35,2005,FORD,1.7,166,29.4,0
Injury Crash,05-07-2022 21:48,County,MIDCOUNTY HWY,N/A,SAME DIR REAR END,RAINING,WET,DAYLIGHT,TRAFFIC SIGNAL,No,SUSPECTED MINOR INJURY,NOT DISTRACTED,(SPORT) UTILITY VEHICLE,STOPPED IN TRAFFIC LANE,West,South,45,2015,TOYOTA,0,0,0,0
Property Damage Crash,05-07-2022 21:48,Maryland (State),BRADLEY BLVD,N/A,SINGLE VEHICLE,RAINING,WET,DARK LIGHTS ON,NO CONTROLS,Yes,NO APPARENT INJURY,NOT DISTRACTED,PASSENGER CAR,MOVING CONSTANT SPEED,West,West,35,2016,TOYOTA,4.8,170,36.5,0
Injury Crash,05-07-2022 21:51,Maryland (State),CONNECTICUT AVE,N/A,SAME DIRECTION SIDESWIPE,CLEAR,DRY,DAYLIGHT,TRAFFIC SIGNAL,Unknown,POSSIBLE INJURY,NOT DISTRACTED,PASSENGER CAR,MAKING U TURN,North,South,35,2016,FORD,5.4,43.9,29.3,0
Property Damage Crash,05-07-2022 21:51,,,,UNKNOWN,SNOW,,DAYLIGHT,N/A,Yes,NO APPARENT INJURY,UNKNOWN,UNKNOWN,UNKNOWN,Unknown,Unknown,5,0,UNK,3,22,30.7,0
Property Damage Crash,05-07-2022 22:00,County,WOODMONT AVE,N/A,OTHER,CLEAR,DRY,DAYLIGHT,N/A,Yes,NO APPARENT INJURY,UNKNOWN,PASSENGER CAR,CHANGING LANES,South,South,25,2016,ACURA,0,0,0,0
Property Damage Crash,05-07-2022 22:07,County,ROSELAND DR,N/A,OTHER,CLEAR,DRY,DAYLIGHT,NO CONTROLS,No,NO APPARENT INJURY,NOT DISTRACTED,PICKUP TRUCK,MOVING CONSTANT SPEED,West,West,15,2010,FORD,3.9,34.9,31.8,0
Property Damage Crash,05-07-2022 22:07,County,MONTGOMERY LA,N/A,OTHER,CLEAR,DRY,DAYLIGHT,TRAFFIC SIGNAL,Yes,NO APPARENT INJURY,UNKNOWN,OTHER,MAKING RIGHT TURN,East,North,25,2000,FORD,0,0,0,0
Property Damage Crash,05-07-2022 22:55,Maryland (State),CONNECTICUT AVE,N/A,STRAIGHT MOVEMENT ANGLE,CLOUDY,DRY,DAYLIGHT,TRAFFIC SIGNAL,No,NO APPARENT INJURY,NOT DISTRACTED,PASSENGER CAR,STOPPED IN TRAFFIC LANE,South,West,25,2021,ACURA,2.2,175,31.8,0
Property Damage Crash,05-07-2022 23:00,Maryland (State),SPENCERVILLE RD,N/A,STRAIGHT MOVEMENT ANGLE,CLEAR,DRY,DAYLIGHT,N/A,Yes,NO APPARENT INJURY,NOT DISTRACTED,PASSENGER CAR,STARTING FROM LANE,South,South,40,2009,MEC,5.9,57,41.9,0
Property Damage Crash,05-07-2022 23:00,County,MIDDLEBROOK RD,N/A,SAME DIR REAR END,RAINING,WET,DARK LIGHTS ON,N/A,Yes,NO APPARENT INJURY,NOT DISTRACTED,OTHER BUS,SLOWING OR STOPPING,South,East,40,2016,FORD,2,40.7,38.1,0
Property Damage Crash,06-07-2022 00:49,Maryland (State),RIVER RD,N/A,SAME DIR REAR END,CLEAR,DRY,DAYLIGHT,TRAFFIC SIGNAL,No,NO APPARENT INJURY,NOT DISTRACTED,PASSENGER CAR,STOPPED IN TRAFFIC LANE,East,East,40,2011,AUDI,3.6,224,39.2,0
Property Damage Crash,06-07-2022 00:49,Maryland (State),FREDERICK RD,N/A,SINGLE VEHICLE,CLEAR,DRY,DAYLIGHT,NO CONTROLS,Yes,NO APPARENT INJURY,NOT DISTRACTED,PASSENGER CAR,NEGOTIATING A CURVE,North,North,35,2015,HOND,9.6,323,12.8,0
Injury Crash,06-07-2022 02:30,County,EDNOR RD,N/A,SINGLE VEHICLE,CLEAR,DRY,DARK NO LIGHTS,NO CONTROLS,Yes,POSSIBLE INJURY,SMOKING RELATED,PASSENGER CAR,MOVING CONSTANT SPEED,West,West,35,2011,TOYOTA,0,0,0,0
Property Damage Crash,06-07-2022 02:58,Maryland (State),RIDGE RD,N/A,SAME DIRECTION RIGHT TURN,CLEAR,DRY,DARK LIGHTS ON,NO CONTROLS,Yes,NO APPARENT INJURY,NOT DISTRACTED,PICKUP TRUCK,CHANGING LANES,South,South,35,2012,TOYT,7.3,137,37.4,0