ACRS Report Type,Date and Time,Route Type,Road Name,Municipality,Collision Type,Weather,Surface Condition,Light,Traffic Control,Driver At Fault,Injury Severity,Driver Distracted By,Vehicle Body Type,Vehicle Movement,Vehicle Continuing Dir,Vehicle Going Dir,Speed Limit,Vehicle Year,Vehicle Make,Wind Speed (MPH),TMP10-DK ,Relative Humidity (%),Rain (Inches)
Property Damage Crash,06-07-2022 05:41,County,CASHELL RD,N/A,SAME DIR REAR END,CLOUDY,DRY,DAWN,NO CONTROLS,No,NO APPARENT INJURY,NOT DISTRACTED,PASSENGER CAR,STOPPED IN TRAFFIC LANE,East,North,25,2006,NISS,4.3,357,38.6,0
Property Damage Crash,06-07-2022 06:15,County,GOSHEN RD,N/A,SAME DIR REAR END,CLEAR,DRY,DAYLIGHT,NO CONTROLS,No,NO APPARENT INJURY,NOT DISTRACTED,PASSENGER CAR,SLOWING OR STOPPING,North,North,35,2006,TOYT,1.9,111,29.7,0
Property Damage Crash,06-07-2022 06:15,County,FENTON ST,N/A,SAME DIRECTION SIDESWIPE,CLEAR,DRY,DAYLIGHT,N/A,Yes,NO APPARENT INJURY,UNKNOWN,,MOVING CONSTANT SPEED,West,West,25,0,UNKNOWN,8.8,146,29.9,0
Injury Crash,06-07-2022 07:21,Maryland (State),GREAT SENECA HWY,N/A,SAME DIR REAR END,CLEAR,DRY,DAYLIGHT,TRAFFIC SIGNAL,No,NO APPARENT INJURY,NOT DISTRACTED,PASSENGER CAR,STARTING FROM LANE,South,South,50,2007,CHRYSLER,7.8,37.5,27.3,0
Property Damage Crash,06-07-2022 08:20,County,CHERRY HILL RD,N/A,SAME DIRECTION RIGHT TURN,CLEAR,DRY,DAYLIGHT,NO CONTROLS,Yes,NO APPARENT INJURY,LOOKED BUT DID NOT SEE,PASSENGER CAR,CHANGING LANES,North,North,40,2020,CHEV,9.7,310,31.4,0
Property Damage Crash,06-07-2022 08:20,Maryland (State),E RANDOLPH RD,N/A,STRAIGHT MOVEMENT ANGLE,CLEAR,WET,DARK LIGHTS ON,FLASHING TRAFFIC SIGNAL,Yes,NO APPARENT INJURY,NOT DISTRACTED,PASSENGER CAR,MOVING CONSTANT SPEED,South,South,35,2016,FORD,0,0,0,0
Injury Crash,06-07-2022 09:15,County,RIFFLE FORD RD,N/A,STRAIGHT MOVEMENT ANGLE,CLEAR,DRY,DAYLIGHT,STOP SIGN,No,SUSPECTED MINOR INJURY,NOT DISTRACTED,(SPORT) UTILITY VEHICLE,MOVING CONSTANT SPEED,South,South,40,2012,ACURA,3.5,353,27.8,0
Property Damage Crash,06-07-2022 09:15,US (State),COLESVILLE RD,N/A,SAME DIRECTION SIDESWIPE,N/A,DRY,DARK LIGHTS ON,NO CONTROLS,Yes,NO APPARENT INJURY,UNKNOWN,PASSENGER CAR,CHANGING LANES,South,South,35,2009,NISSAN,4.1,33.6,32.5,0
Property Damage Crash,06-07-2022 10:30,Maryland (State),NEW HAMPSHIRE AVE,N/A,SAME DIR REAR END,CLEAR,DRY,DARK LIGHTS ON,TRAFFIC SIGNAL,No,NO APPARENT INJURY,NOT DISTRACTED,(SPORT) UTILITY VEHICLE,STOPPED IN TRAFFIC LANE,South,South,35,2017,HYUNDAI,0,0,0,0
Injury Crash,06-07-2022 10:30,Municipality,FIRSTFIELD RD,N/A,STRAIGHT MOVEMENT ANGLE,CLEAR,WET,DAYLIGHT,STOP SIGN,No,POSSIBLE INJURY,NOT DISTRACTED,PASSENGER CAR,MOVING CONSTANT SPEED,East,East,25,2015,TOYOTA,6.6,41.5,34.8,0
Property Damage Crash,06-07-2022 10:40,,,,STRAIGHT MOVEMENT ANGLE,CLEAR,,DAYLIGHT,N/A,Yes,NO APPARENT INJURY,NOT DISTRACTED,VAN,BACKING,South,South,25,2009,STRN,1.1,202,28.3,0
Injury Crash,06-07-2022 10:40,Maryland (State),W MONTGOMERY AVE,ROCKVILLE,SAME DIR REAR END,CLEAR,DRY,DAYLIGHT,NO CONTROLS,No,SUSPECTED MINOR INJURY,NOT DISTRACTED,PASSENGER CAR,SLOWING OR STOPPING,East,East,30,2004,NISSAN,7.6,46.1,40.8,0
Property Damage Crash,06-07-2022 11:47,County,CHERRY HILL RD,N/A,SAME DIR REAR END,RAINING,WET,DAYLIGHT,NO CONTROLS,Yes,NO APPARENT INJURY,LOOKED BUT DID NOT SEE,PASSENGER CAR,MOVING CONSTANT SPEED,West,West,35,2006,MAZDA,3.8,187,40.2,0
Property Damage Crash,06-07-2022 12:10,,,,SAME DIR REAR END,CLOUDY,,DAYLIGHT,NO CONTROLS,Yes,NO APPARENT INJURY,OTHER DISTRACTION,PICKUP TRUCK,MOVING CONSTANT SPEED,Unknown,Unknown,0,2008,TOYOTA,12,32.8,19.2,0
Injury Crash,06-07-2022 12:10,County,SNOUFFERS SCHOOL RD,N/A,SAME DIR REAR END,CLEAR,DRY,DUSK,TRAFFIC SIGNAL,Yes,NO APPARENT INJURY,NOT DISTRACTED,PASSENGER CAR,SLOWING OR STOPPING,North,North,35,2013,HONDA,0,0,0,0
Property Damage Crash,06-07-2022 12:15,County,BEL PRE RD,N/A,SAME DIRECTION SIDESWIPE,CLEAR,DRY,DAYLIGHT,TRAFFIC SIGNAL,No,NO APPARENT INJURY,NOT DISTRACTED,(SPORT) UTILITY VEHICLE,ACCELERATING,West,West,25,2017,TOYTA,0,0,0,0
Property Damage Crash,06-07-2022 14:45,Maryland (State),WOODFIELD RD,N/A,SAME DIR REAR END,CLEAR,DRY,DAYLIGHT,TRAFFIC SIGNAL,Yes,NO APPARENT INJURY,NOT DISTRACTED,PASSENGER CAR,MOVING CONSTANT SPEED,North,North,40,1999,CADILLAC,3.3,335,33,0
Property Damage Crash,06-07-2022 14:45,Maryland (State),ROCKVILLE PIKE,N/A,SAME DIR REAR END,RAINING,WET,DARK LIGHTS ON,TRAFFIC SIGNAL,No,NO APPARENT INJURY,NOT DISTRACTED,PASSENGER CAR,SLOWING OR STOPPING,North,North,35,2016,SUBARU,6.9,56.6,41.4,0
Injury Crash,06-07-2022 14:45,Maryland (State),WILSON LA,N/A,STRAIGHT MOVEMENT ANGLE,RAINING,WET,DAYLIGHT,STOP SIGN,No,SUSPECTED MINOR INJURY,NOT DISTRACTED,PASSENGER CAR,MOVING CONSTANT SPEED,North,North,25,2017,TOYOTA,0,0,0,0
Property Damage Crash,06-07-2022 15:30,Maryland (State),NEW HAMPSHIRE AVE,TAKOMA PARK,STRAIGHT MOVEMENT ANGLE,CLEAR,DRY,DAYLIGHT,TRAFFIC SIGNAL,No,NO APPARENT INJURY,LOOKED BUT DID NOT SEE,PASSENGER CAR,ACCELERATING,North,North,35,2012,MAZD,2.9,38.5,22.6,0
Property Damage Crash,06-07-2022 15:30,Maryland (State),BRADLEY BLVD,N/A,SAME DIR REAR END,N/A,DRY,DARK LIGHTS ON,NO CONTROLS,No,NO APPARENT INJURY,NOT DISTRACTED,PASSENGER CAR,MOVING CONSTANT SPEED,North,North,35,2015,MERCEDES,6.5,205,23,0
Property Damage Crash,06-07-2022 15:30,,,,SINGLE VEHICLE,N/A,,DAYLIGHT,NO CONTROLS,Yes,NO APPARENT INJURY,NOT DISTRACTED,AMBULANCE/EMERGENCY,PARKING,South,South,25,2016,EMG,10.9,321,37.9,0
Fatal Crash,06-07-2022 15:30,Maryland (State),FREDERICK RD,GAITHERSBURG,OTHER,CLOUDY,DRY,DUSK,TRAFFIC SIGNAL,Unknown,NO APPARENT INJURY,UNKNOWN,(SPORT) UTILITY VEHICLE,MAKING U TURN,South,North,40,2012,ACURA,3.6,37.4,32.9,0
Property Damage Crash,06-07-2022 15:36,County,DEMOCRACY BLVD,N/A,SAME DIR REAR END,CLEAR,DRY,DAWN,TRAFFIC SIGNAL,Yes,NO APPARENT INJURY,NOT DISTRACTED,PASSENGER CAR,SLOWING OR STOPPING,East,East,35,2007,HOND,3.4,349,28.3,0
Injury Crash,06-07-2022 15:36,Interstate (State),CAPITAL BELTWAY,N/A,SAME DIR REAR END,CLEAR,DRY,DAYLIGHT,NO CONTROLS,Yes,POSSIBLE INJURY,UNKNOWN,PASSENGER CAR,MOVING CONSTANT SPEED,West,West,55,2021,TOYOTA,9.8,52,28.6,0
Injury Crash,06-07-2022 15:37,Interstate (State),EISENHOWER MEMORIAL HWY,N/A,OTHER,CLEAR,ICE,DARK NO LIGHTS,N/A,No,POSSIBLE INJURY,NOT DISTRACTED,VAN,MOVING CONSTANT SPEED,North,North,55,2005,FORD,4.9,310,49.2,0
Injury Crash,06-07-2022 15:37,Maryland (State),ROCKVILLE PIKE,ROCKVILLE,SAME DIR REAR END,RAINING,WET,DAYLIGHT,NO CONTROLS,Yes,NO APPARENT INJURY,UNKNOWN,PASSENGER CAR,SLOWING OR STOPPING,North,North,40,2018,FORD,0,0,0,0
Property Damage Crash,06-07-2022 15:45,,,,SAME DIR REAR END,CLEAR,,DARK LIGHTS ON,NO CONTROLS,No,NO APPARENT INJURY,NOT DISTRACTED,PASSENGER CAR,STOPPED IN TRAFFIC LANE,East,East,15,2012,KIA,4.8,36.5,18.4,0
Injury Crash,06-07-2022 15:45,Maryland (State),VEIRS MILL RD,N/A,STRAIGHT MOVEMENT ANGLE,RAINING,WET,DARK LIGHTS ON,TRAFFIC SIGNAL,No,POSSIBLE INJURY,UNKNOWN,PASSENGER CAR,STOPPED IN TRAFFIC LANE,East,South,45,2003,CHEV,8,183,37.8,0
Property Damage Crash,06-07-2022 15:47,Maryland (State),FALLS RD,N/A,SAME DIR REAR END,CLEAR,DRY,DARK LIGHTS ON,N/A,No,NO APPARENT INJURY,NOT DISTRACTED,(SPORT) UTILITY VEHICLE,STOPPED IN TRAFFIC LANE,North,North,35,2004,TOYT,4.5,36.2,22.4,0
Property Damage Crash,06-07-2022 15:55,County,MUDDY BRANCH RD,N/A,STRAIGHT MOVEMENT ANGLE,RAINING,WET,DAYLIGHT,NO CONTROLS,Yes,NO APPARENT INJURY,NOT DISTRACTED,PASSENGER CAR,MAKING LEFT TURN,South,West,35,1996,TOYT,0,0,0,0
Property Damage Crash,06-07-2022 15:55,Maryland (State),NORBECK RD,ROCKVILLE,STRAIGHT MOVEMENT ANGLE,CLEAR,DRY,DAYLIGHT,TRAFFIC SIGNAL,No,NO APPARENT INJURY,NOT DISTRACTED,PASSENGER CAR,MAKING LEFT TURN,East,South,40,2019,TOYOTA,3.1,57.9,40.2,0
Property Damage Crash,06-07-2022 16:10,County,BEL PRE RD,N/A,STRAIGHT MOVEMENT ANGLE,CLEAR,DRY,DAYLIGHT,TRAFFIC SIGNAL,No,NO APPARENT INJURY,NOT DISTRACTED,PASSENGER CAR,MOVING CONSTANT SPEED,South,South,35,2003,MERZ,2.9,10,52.3,0.02
Property Damage Crash,06-07-2022 16:10,Interstate (State),EISENHOWER MEMORIAL HWY,N/A,SAME DIR REAR END,CLOUDY,WET,DAYLIGHT,NO CONTROLS,No,NO APPARENT INJURY,NOT DISTRACTED,PASSENGER CAR,SLOWING OR STOPPING,North,North,55,2020,ACUR,5.1,45.7,23.5,0
Property Damage Crash,06-07-2022 16:28,,,,OTHER,UNKNOWN,,DARK LIGHTS ON,NO CONTROLS,Yes,NO APPARENT INJURY,INATTENTIVE OR LOST IN THOUGHT,PASSENGER CAR,PARKING,South,South,15,1999,VOLKS,0,0,0,0
Injury Crash,06-07-2022 16:28,Interstate (State),CAPITAL BELTWAY,N/A,SAME DIR REAR END,CLEAR,DRY,DAYLIGHT,NO CONTROLS,Yes,NO APPARENT INJURY,NOT DISTRACTED,PASSENGER CAR,CHANGING LANES,East,East,55,2009,HYUNDAI,6.1,41.7,34.1,0
Property Damage Crash,06-07-2022 16:45,,,,STRAIGHT MOVEMENT ANGLE,CLEAR,,DAYLIGHT,NO CONTROLS,Yes,NO APPARENT INJURY,NOT DISTRACTED,VAN,BACKING,North,North,5,2015,HOND,0,0,0,0
Property Damage Crash,06-07-2022 16:45,County,WISTERIA DR,N/A,HEAD ON LEFT TURN,CLOUDY,DRY,DAYLIGHT,NO CONTROLS,No,NO APPARENT INJURY,NOT DISTRACTED,PASSENGER CAR,STOPPED IN TRAFFIC LANE,South,South,30,2014,HONDA,4.5,39.1,22.4,0
Property Damage Crash,06-07-2022 16:49,Maryland (State),ROCKVILLE PIKE,ROCKVILLE,SAME DIR REAR END,CLEAR,DRY,DARK LIGHTS ON,N/A,No,NO APPARENT INJURY,NOT DISTRACTED,PASSENGER CAR,STOPPED IN TRAFFIC LANE,South,South,40,2016,TOYT,0,0,0,0
Property Damage Crash,06-07-2022 16:49,Maryland (State),PINEY BRANCH RD,TAKOMA PARK,HEAD ON,CLEAR,N/A,DARK -- UNKNOWN LIGHTING,N/A,Unknown,NO APPARENT INJURY,UNKNOWN,VAN,SLOWING OR STOPPING,South,South,35,2008,HOND,0,0,0,0
Property Damage Crash,06-07-2022 16:49,County,BLUERIDGE AVE,N/A,STRAIGHT MOVEMENT ANGLE,CLEAR,DRY,DAYLIGHT,STOP SIGN,Yes,NO APPARENT INJURY,NOT DISTRACTED,PASSENGER CAR,ENTERING TRAFFIC LANE,North,West,25,2013,CHEVERLOT,9.5,45.3,27.3,0
Property Damage Crash,06-07-2022 16:49,Maryland (State),RIVER RD,N/A,SAME DIR REAR END,CLOUDY,DRY,DAYLIGHT,TRAFFIC SIGNAL,Yes,NO APPARENT INJURY,NOT DISTRACTED,PASSENGER CAR,SLOWING OR STOPPING,East,East,35,2002,INFINITI,7.2,45.7,19.2,0
Property Damage Crash,06-07-2022 17:10,,,,OTHER,CLOUDY,,DAYLIGHT,N/A,No,NO APPARENT INJURY,NOT DISTRACTED,PASSENGER CAR,STOPPED IN TRAFFIC LANE,East,East,10,2009,CHEV,7.9,52,37.2,0
Injury Crash,06-07-2022 17:10,County,AIRPARK RD,N/A,STRAIGHT MOVEMENT ANGLE,CLEAR,DRY,DAYLIGHT,TRAFFIC SIGNAL,No,SUSPECTED MINOR INJURY,NOT DISTRACTED,PASSENGER CAR,MAKING LEFT TURN,South,West,50,2017,FORD,14.6,184,46.1,0
Injury Crash,06-07-2022 20:45,Maryland (State),COLESVILLE RD,N/A,STRAIGHT MOVEMENT ANGLE,CLEAR,DRY,DARK LIGHTS ON,TRAFFIC SIGNAL,No,NO APPARENT INJURY,NOT DISTRACTED,PASSENGER CAR,ACCELERATING,North,North,35,2019,TOYOTA,0,0,0,0
Property Damage Crash,06-07-2022 20:45,County,TECH RD,N/A,STRAIGHT MOVEMENT ANGLE,CLEAR,DRY,DUSK,STOP SIGN,Yes,NO APPARENT INJURY,LOOKED BUT DID NOT SEE,PASSENGER CAR,ACCELERATING,South,South,30,2000,TOYOTA,0,0,0,0
Property Damage Crash,06-07-2022 20:45,,,,SAME DIR REAR END,CLEAR,,DARK LIGHTS ON,N/A,No,NO APPARENT INJURY,NOT DISTRACTED,(SPORT) UTILITY VEHICLE,PARKED,,,0,2014,ACURA,4.7,39.2,37,0
Property Damage Crash,06-07-2022 20:58,,,,OTHER,CLEAR,,DAYLIGHT,NO CONTROLS,Yes,NO APPARENT INJURY,LOOKED BUT DID NOT SEE,PASSENGER CAR,BACKING,North,North,10,1997,OLDS,11.4,37,26.4,0
Fatal Crash,06-07-2022 20:58,Maryland (State),NEW HAMPSHIRE AVE,N/A,OTHER,CLEAR,DRY,DARK LIGHTS ON,TRAFFIC SIGNAL,Unknown,NO APPARENT INJURY,UNKNOWN,PASSENGER CAR,UNKNOWN,North,North,40,2005,FORD,0,0,0,0
Property Damage Crash,06-07-2022 22:25,US (State),COLUMBIA PIKE,N/A,SAME DIR REAR END,N/A,DRY,DAYLIGHT,NO CONTROLS,No,NO APPARENT INJURY,NOT DISTRACTED,PASSENGER CAR,MOVING CONSTANT SPEED,North,North,40,2016,DODG,0,0,0,0
Property Damage Crash,06-07-2022 22:44,Maryland (State),CLOPPER RD,N/A,SAME DIR REAR END,RAINING,WET,DAYLIGHT,TRAFFIC SIGNAL,No,NO APPARENT INJURY,NOT DISTRACTED,PASSENGER CAR,STOPPED IN TRAFFIC LANE,South,South,40,2011,TOYT,2.8,38.1,23.6,0
Property Damage Crash,07-07-2022 00:50,County,RANDOLPH RD,N/A,SAME DIR REAR END,CLEAR,DRY,DAYLIGHT,NO CONTROLS,No,NO APPARENT INJURY,NOT DISTRACTED,VAN,STOPPED IN TRAFFIC LANE,West,West,40,2020,MERZ,7.3,36.1,16.9,0
Injury Crash,07-07-2022 00:50,Maryland (State),ROCKVILLE PIKE,N/A,SAME DIR REAR END,CLEAR,DRY,DARK LIGHTS ON,TRAFFIC SIGNAL,No,POSSIBLE INJURY,NOT DISTRACTED,PASSENGER CAR,MOVING CONSTANT SPEED,North,North,40,2009,TOYOTA,5.4,40.7,24.4,0
Property Damage Crash,07-07-2022 01:34,Maryland (State),BUCKLODGE RD,N/A,SINGLE VEHICLE,CLEAR,DRY,DAYLIGHT,NO CONTROLS,Yes,NO APPARENT INJURY,NOT DISTRACTED,SCHOOL BUS,MOVING CONSTANT SPEED,South,South,40,2019,THMS,7.3,37.4,33.9,0
Property Damage Crash,07-07-2022 01:34,Maryland (State),UNIVERSITY BLVD W,N/A,SAME DIRECTION SIDESWIPE,CLEAR,DRY,DAWN,TRAFFIC SIGNAL,Yes,NO APPARENT INJURY,NOT DISTRACTED,PICKUP TRUCK,MOVING CONSTANT SPEED,West,West,40,2004,FORD,9.3,167,54.5,0
Property Damage Crash,07-07-2022 04:00,,,,OTHER,N/A,,DARK LIGHTS ON,NO CONTROLS,Yes,NO APPARENT INJURY,UNKNOWN,,PARKING,Unknown,Unknown,0,0,UNKNOWN,5.1,44.6,31.6,0
Property Damage Crash,07-07-2022 09:00,Maryland (State),VEIRS MILL RD,N/A,SAME DIR REAR END,CLEAR,DRY,DAYLIGHT,TRAFFIC SIGNAL,Yes,NO APPARENT INJURY,LOOKED BUT DID NOT SEE,PASSENGER CAR,SLOWING OR STOPPING,South,South,40,2005,HONDA,14.1,32.6,22.1,0
Property Damage Crash,07-07-2022 14:21,Interstate (State),CAPITAL BELTWAY,N/A,SAME DIR REAR END,CLEAR,DRY,DAYLIGHT,N/A,Yes,NO APPARENT INJURY,UNKNOWN,PASSENGER CAR,MOVING CONSTANT SPEED,West,West,60,2018,KIA,0,0,0,0
Property Damage Crash,07-07-2022 15:10,County,MIDCOUNTY HWY,N/A,SAME DIR REAR END,CLEAR,DRY,DAYLIGHT,TRAFFIC SIGNAL,Yes,NO APPARENT INJURY,NOT DISTRACTED,PASSENGER CAR,SLOWING OR STOPPING,West,South,35,2004,TOYOTA,0,0,0,0
Property Damage Crash,07-07-2022 15:10,Maryland (State),NEW HAMPSHIRE AVE,N/A,HEAD ON,CLEAR,DRY,DAYLIGHT,N/A,No,NO APPARENT INJURY,NOT DISTRACTED,PASSENGER CAR,MOVING CONSTANT SPEED,North,South,40,2013,CHEV,10.2,27.9,18.2,0
Property Damage Crash,07-07-2022 15:25,Maryland (State),PHILADELPHIA AVE,TAKOMA PARK,SAME DIRECTION SIDESWIPE,CLEAR,DRY,DAYLIGHT,N/A,Yes,NO APPARENT INJURY,NOT DISTRACTED,PASSENGER CAR,PASSING,East,East,5,2008,HONDA,1.1,264,29.4,0
Property Damage Crash,07-07-2022 15:38,Maryland (State),WOODFIELD RD,N/A,SAME DIR REAR END,RAINING,WET,DAYLIGHT,NO CONTROLS,No,NO APPARENT INJURY,NOT DISTRACTED,PASSENGER CAR,SLOWING OR STOPPING,South,South,40,2005,BUIC,11.1,44.7,26.8,0
Property Damage Crash,07-07-2022 15:38,,,,OTHER,CLEAR,,DAYLIGHT,N/A,No,NO APPARENT INJURY,NOT DISTRACTED,(SPORT) UTILITY VEHICLE,PARKED,,,0,1999,CHEVY,6.8,47.1,40.5,0.01
Property Damage Crash,07-07-2022 16:00,County,CLARKSBURG RD,N/A,SINGLE VEHICLE,RAINING,WET,DAYLIGHT,NO CONTROLS,Yes,NO APPARENT INJURY,NOT DISTRACTED,PASSENGER CAR,MOVING CONSTANT SPEED,North,North,35,2005,JEEP,0,0,0,0
Property Damage Crash,07-07-2022 16:00,,,,UNKNOWN,UNKNOWN,,UNKNOWN,NO CONTROLS,Yes,NO APPARENT INJURY,UNKNOWN,UNKNOWN,BACKING,Unknown,Unknown,15,0,UNKOWN,2.1,211,31.9,0
Property Damage Crash,07-07-2022 16:00,County,SEVEN LOCKS RD,N/A,OTHER,CLOUDY,DRY,DAYLIGHT,N/A,Yes,NO APPARENT INJURY,LOOKED BUT DID NOT SEE,PASSENGER CAR,MOVING CONSTANT SPEED,South,South,35,2016,TOYOTA,0,0,0,0
Injury Crash,07-07-2022 16:00,Maryland (State),S FREDERICK RD,N/A,STRAIGHT MOVEMENT ANGLE,CLEAR,DRY,DAYLIGHT,STOP SIGN,No,SUSPECTED MINOR INJURY,NOT DISTRACTED,PASSENGER CAR,MOVING CONSTANT SPEED,North,North,35,2003,CHYSLER,4.8,61.3,47.6,0
Injury Crash,07-07-2022 18:07,Maryland (State),GREAT SENECA HWY,N/A,OTHER,CLEAR,DRY,DAYLIGHT,TRAFFIC SIGNAL,Yes,NO APPARENT INJURY,LOOKED BUT DID NOT SEE,PASSENGER CAR,MAKING RIGHT TURN,East,North,50,2008,TOYOTA,4.8,168,56.8,0.22
Injury Crash,07-07-2022 18:07,County,GALT AVE,N/A,STRAIGHT MOVEMENT ANGLE,N/A,DRY,DAYLIGHT,STOP SIGN,Yes,NO APPARENT INJURY,UNKNOWN,PASSENGER CAR,MOVING CONSTANT SPEED,West,West,35,2011,NISSAN,0,0,0,0
Injury Crash,07-07-2022 19:05,Maryland (State),ROCKVILLE PIKE,ROCKVILLE,SAME DIR REAR END,CLEAR,DRY,DAYLIGHT,TRAFFIC SIGNAL,Yes,NO APPARENT INJURY,UNKNOWN,PASSENGER CAR,SLOWING OR STOPPING,North,North,35,2003,SAAB,12.6,186,54.2,0
Property Damage Crash,07-07-2022 21:48,Maryland (State),ROCKVILLE PIKE,ROCKVILLE,HEAD ON LEFT TURN,RAINING,WET,DAYLIGHT,TRAFFIC SIGNAL,No,NO APPARENT INJURY,NOT DISTRACTED,PASSENGER CAR,MOVING CONSTANT SPEED,South,South,40,1998,CHEVY,4.3,60,56.9,0
Property Damage Crash,07-07-2022 21:48,County,FIELDS RD,GAITHERSBURG,STRAIGHT MOVEMENT ANGLE,CLEAR,DRY,DAYLIGHT,NO CONTROLS,Yes,NO APPARENT INJURY,UNKNOWN,PASSENGER CAR,STARTING FROM LANE,South,East,35,2005,TOYOTA,1.1,42.1,38,0
Property Damage Crash,08-07-2022 01:06,County,MONTGOMERY VILLAGE AVE,N/A,SAME DIR REAR END,CLOUDY,DRY,DAYLIGHT,N/A,Yes,NO APPARENT INJURY,NOT DISTRACTED,PASSENGER CAR,SLOWING OR STOPPING,South,South,35,2016,FORD,8.2,280,25.9,0
Property Damage Crash,08-07-2022 01:30,,,,OTHER,CLEAR,,DAYLIGHT,NO CONTROLS,No,NO APPARENT INJURY,NOT DISTRACTED,PASSENGER CAR,PARKED,,,5,2006,TOYOTA,0,0,0,0
Property Damage Crash,08-07-2022 01:30,Maryland (State),FREDERICK RD,ROCKVILLE,SAME DIR REAR END,SNOW,SNOW,DAYLIGHT,TRAFFIC SIGNAL,No,NO APPARENT INJURY,NOT DISTRACTED,PICKUP TRUCK,STOPPED IN TRAFFIC LANE,East,South,40,2004,FORD,0,0,0,0
Property Damage Crash,08-07-2022 02:45,County,WAYNE AVE,N/A,SAME DIRECTION RIGHT TURN,CLOUDY,DRY,DARK LIGHTS ON,TRAFFIC SIGNAL,Yes,NO APPARENT INJURY,UNKNOWN,(SPORT) UTILITY VEHICLE,CHANGING LANES,East,East,25,2015,TOYOTA,10.9,187,42.9,0
Property Damage Crash,08-07-2022 04:00,County,NORBECK RD,N/A,SAME DIRECTION LEFT TURN,CLEAR,DRY,DAYLIGHT,N/A,No,NO APPARENT INJURY,NOT DISTRACTED,PASSENGER CAR,MOVING CONSTANT SPEED,West,West,45,2008,NISSAN,10.4,171,-1,0
Property Damage Crash,08-07-2022 04:30,County,APPLE RIDGE RD,N/A,OPPOSITE DIRECTION SIDESWIPE,CLEAR,DRY,DARK LIGHTS ON,NO CONTROLS,No,NO APPARENT INJURY,NOT DISTRACTED,VAN,MOVING CONSTANT SPEED,West,West,30,2009,NISSAN,0,0,0,0
Property Damage Crash,08-07-2022 04:43,County,CASTLE BLVD,N/A,SAME DIR REAR END,N/A,DRY,DAYLIGHT,N/A,No,NO APPARENT INJURY,NOT DISTRACTED,PASSENGER CAR,SLOWING OR STOPPING,South,South,30,2008,FORD,2.1,49.7,43.8,0
Property Damage Crash,08-07-2022 08:20,County,ARCOLA AVE,N/A,SINGLE VEHICLE,CLEAR,DRY,DAWN,NO CONTROLS,Yes,NO APPARENT INJURY,INATTENTIVE OR LOST IN THOUGHT,PICKUP TRUCK,MOVING CONSTANT SPEED,East,East,30,2013,CHEVROLET,0,0,0,0
Property Damage Crash,08-07-2022 08:45,Maryland (State),BROOKVILLE RD,MATINS ADDITION,SAME DIR REAR END,CLEAR,DRY,DAYLIGHT,STOP SIGN,Yes,NO APPARENT INJURY,NOT DISTRACTED,PASSENGER CAR,MOVING CONSTANT SPEED,North,North,25,2017,TOYOTA,7.6,288,31.8,0
Property Damage Crash,08-07-2022 08:45,Municipality,FIRSTFIELD RD,N/A,HEAD ON LEFT TURN,CLEAR,DRY,DAYLIGHT,NO CONTROLS,Yes,NO APPARENT INJURY,NOT DISTRACTED,PASSENGER CAR,STARTING FROM LANE,South,South,25,2018,JEEP,2.9,48.2,22,0
Injury Crash,08-07-2022 09:35,County,RANDOLPH RD,N/A,OTHER,RAINING,WET,DAYLIGHT,NO CONTROLS,No,NO APPARENT INJURY,NOT DISTRACTED,PASSENGER CAR,MOVING CONSTANT SPEED,West,West,45,1994,TOYOTA,4.4,358,30,0.01
Injury Crash,08-07-2022 09:35,County,WATERS LANDING DR,N/A,SAME DIR REAR END,CLEAR,DRY,DAYLIGHT,NO CONTROLS,Yes,SUSPECTED MINOR INJURY,UNKNOWN,PASSENGER CAR,MOVING CONSTANT SPEED,East,East,30,2004,TOYOTA,0,0,0,0
Property Damage Crash,08-07-2022 10:36,County,RANDOLPH RD,N/A,SINGLE VEHICLE,CLEAR,DRY,DAYLIGHT,NO CONTROLS,Yes,NO APPARENT INJURY,NOT DISTRACTED,PASSENGER CAR,MOVING CONSTANT SPEED,West,West,40,2003,FORD,2.2,45.6,22.2,0
Property Damage Crash,08-07-2022 10:36,County,ARCOLA AVE,N/A,SINGLE VEHICLE,RAINING,WET,DAYLIGHT,N/A,Yes,NO APPARENT INJURY,UNKNOWN,PASSENGER CAR,MAKING LEFT TURN,West,North,30,1996,TOYOTA,0,0,0,0
Injury Crash,08-07-2022 10:53,County,DENNIS AVE,N/A,SINGLE VEHICLE,CLEAR,DRY,DAYLIGHT,WARNING SIGN,Yes,NO APPARENT INJURY,DISTRACTED BY OUTSIDE PERSON OBJECT OR EVENT,PASSENGER CAR,ACCELERATING,West,West,25,2009,BUICK,2.1,99,42.6,0
Property Damage Crash,08-07-2022 10:53,Municipality,WASHINGTONIAN BLVD,N/A,SAME DIRECTION LEFT TURN,CLEAR,DRY,DAYLIGHT,NO CONTROLS,Yes,NO APPARENT INJURY,LOOKED BUT DID NOT SEE,"OTHER LIGHT TRUCKS (10,000LBS (4,536KG) OR LESS)",ACCELERATING,North,North,25,2008,HYUN,2.2,37.1,35.7,0
Injury Crash,08-07-2022 12:33,Maryland (State),VEIRS MILL RD,ROCKVILLE,SAME DIR REAR END,CLOUDY,DRY,DAYLIGHT,TRAFFIC SIGNAL,No,NO APPARENT INJURY,NOT DISTRACTED,PASSENGER CAR,SLOWING OR STOPPING,West,West,35,2004,TOYT,1.3,97,39.8,0