ACRS Report Type,Date and Time,Route Type,Road Name,Municipality,Collision Type,Weather,Surface Condition,Light,Traffic Control,Driver At Fault,Injury Severity,Driver Distracted By,Vehicle Body Type,Vehicle Movement,Vehicle Continuing Dir,Vehicle Going Dir,Speed Limit,Vehicle Year,Vehicle Make,Wind Speed (MPH),TMP10-DK ,Relative Humidity (%),Rain (Inches)
Property Damage Crash,08-07-2022 12:33,County,FENTON ST,N/A,STRAIGHT MOVEMENT ANGLE,CLEAR,N/A,DARK LIGHTS ON,FLASHING TRAFFIC SIGNAL,Yes,NO APPARENT INJURY,NOT DISTRACTED,PASSENGER CAR,MOVING CONSTANT SPEED,West,West,35,2008,TOYOTA,0,0,0,0
Property Damage Crash,08-07-2022 14:55,Maryland (State),OLNEY LAYTONSVILLE RD,N/A,STRAIGHT MOVEMENT ANGLE,CLEAR,DRY,DAYLIGHT,STOP SIGN,Yes,NO APPARENT INJURY,LOOKED BUT DID NOT SEE,(SPORT) UTILITY VEHICLE,MAKING LEFT TURN,West,North,35,2012,HONDA,3.2,39.3,39.2,0
Injury Crash,08-07-2022 14:55,Maryland (State),GREAT SENECA HWY,GAITHERSBURG,STRAIGHT MOVEMENT ANGLE,CLEAR,DRY,DAYLIGHT,STOP SIGN,No,SUSPECTED MINOR INJURY,NOT DISTRACTED,(SPORT) UTILITY VEHICLE,MOVING CONSTANT SPEED,North,North,40,2021,FORD,1.7,34.2,30,0
Property Damage Crash,08-07-2022 15:23,,,,SAME DIRECTION SIDESWIPE,CLEAR,,DAYLIGHT,NO CONTROLS,No,NO APPARENT INJURY,NOT DISTRACTED,VAN,STARTING FROM PARKED,East,East,0,2016,CHEVROLET,7.1,166,8.2,0
Property Damage Crash,08-07-2022 15:23,,,,STRAIGHT MOVEMENT ANGLE,CLEAR,,DARK -- UNKNOWN LIGHTING,NO CONTROLS,No,NO APPARENT INJURY,NOT DISTRACTED,PASSENGER CAR,SLOWING OR STOPPING,East,East,10,2017,HONDA,1.8,60,23.9,0
Property Damage Crash,08-07-2022 18:30,County,BROADBIRCH DR,N/A,SINGLE VEHICLE,CLEAR,DRY,DARK LIGHTS ON,NO CONTROLS,No,NO APPARENT INJURY,NOT DISTRACTED,POLICE VEHICLE/EMERGENCY,MOVING CONSTANT SPEED,East,East,35,2014,DODGE,0,0,0,0
Property Damage Crash,08-07-2022 18:30,Maryland (State),QUINCE ORCHARD RD,GAITHERSBURG,SAME DIR REAR END,CLEAR,DRY,DAYLIGHT,TRAFFIC SIGNAL,No,NO APPARENT INJURY,NOT DISTRACTED,POLICE VEHICLE/NON EMERGENCY,STOPPED IN TRAFFIC LANE,North,North,40,2014,DODG,6.5,40.9,30.8,0
Property Damage Crash,08-07-2022 19:48,Maryland (State),EAST WEST HWY,N/A,SAME DIR REAR END,CLEAR,DRY,DAYLIGHT,NO CONTROLS,No,NO APPARENT INJURY,UNKNOWN,PASSENGER CAR,SLOWING OR STOPPING,West,West,35,2014,HONDA,3.5,40,28.1,0
Property Damage Crash,08-07-2022 19:48,Municipality,BRALAN CT,GAITHERSBURG,SINGLE VEHICLE,CLEAR,DRY,DARK LIGHTS ON,STOP SIGN,Yes,NO APPARENT INJURY,NOT DISTRACTED,PASSENGER CAR,MOVING CONSTANT SPEED,West,West,10,2017,NISSAN,3.1,34.5,25.6,0
Property Damage Crash,08-07-2022 19:53,,,,OTHER,CLEAR,,DAYLIGHT,NO CONTROLS,Yes,NO APPARENT INJURY,UNKNOWN,PASSENGER CAR,BACKING,Unknown,Unknown,0,2012,VOLKSWAGEN,7.5,291,27.5,0
Property Damage Crash,08-07-2022 22:27,County,ROCKLEDGE DR,N/A,STRAIGHT MOVEMENT ANGLE,CLEAR,DRY,DAYLIGHT,NO CONTROLS,Yes,NO APPARENT INJURY,NOT DISTRACTED,PASSENGER CAR,MAKING LEFT TURN,West,North,30,2018,TOYT,1.7,99,19.3,0
Injury Crash,09-07-2022 06:41,Municipality,MAPLE AVE,TAKOMA PARK,SAME DIR REAR END,RAINING,WET,DAYLIGHT,NO CONTROLS,Yes,NO APPARENT INJURY,NOT DISTRACTED,PASSENGER CAR,MOVING CONSTANT SPEED,North,North,25,2003,MAZDA,0,0,0,0
Injury Crash,09-07-2022 06:41,Maryland (State),GEORGIA AVE,N/A,STRAIGHT MOVEMENT ANGLE,CLEAR,DRY,DARK LIGHTS ON,N/A,Yes,NO APPARENT INJURY,NOT DISTRACTED,PICKUP TRUCK,MAKING LEFT TURN,West,North,40,2001,DODGE,2.6,40.2,29.5,0
Injury Crash,09-07-2022 07:41,Maryland (State),CONNECTICUT AVE,N/A,SAME DIR REAR END,CLEAR,DRY,DARK LIGHTS ON,TRAFFIC SIGNAL,No,NO APPARENT INJURY,NOT DISTRACTED,"OTHER LIGHT TRUCKS (10,000LBS (4,536KG) OR LESS)",STOPPED IN TRAFFIC LANE,North,North,35,2006,ISU,0,0,0,0
Injury Crash,09-07-2022 07:51,County,STEWARTOWN RD,N/A,HEAD ON,CLEAR,DRY,DAYLIGHT,N/A,Yes,NO APPARENT INJURY,NOT DISTRACTED,PASSENGER CAR,MOVING CONSTANT SPEED,East,East,30,2007,TOYT,4.4,35.8,26.5,0
Property Damage Crash,09-07-2022 07:51,County,RANDOLPH RD,N/A,STRAIGHT MOVEMENT ANGLE,CLOUDY,WET,DAYLIGHT,TRAFFIC SIGNAL,No,NO APPARENT INJURY,NOT DISTRACTED,VAN,MOVING CONSTANT SPEED,South,South,25,2009,CHEVROLET,5.6,322,49.4,0
Injury Crash,09-07-2022 11:57,Maryland (State),GEORGIA AVE,N/A,SAME DIRECTION LEFT TURN,CLOUDY,WET,DAYLIGHT,N/A,Yes,POSSIBLE INJURY,NOT DISTRACTED,PASSENGER CAR,MAKING LEFT TURN,East,South,35,2008,DODGE,0,0,0,0
Injury Crash,09-07-2022 11:57,Maryland (State),MONTGOMERY AVE,N/A,SAME DIR REAR END,CLEAR,DRY,DAYLIGHT,NO CONTROLS,Yes,NO APPARENT INJURY,UNKNOWN,(SPORT) UTILITY VEHICLE,MOVING CONSTANT SPEED,East,East,25,2015,BMW,3.9,39.4,26.8,0
Property Damage Crash,09-07-2022 12:02,County,SENECA MEADOWS PKWY,N/A,SINGLE VEHICLE,CLOUDY,WET,DARK LIGHTS ON,NO CONTROLS,Yes,NO APPARENT INJURY,UNKNOWN,PASSENGER CAR,NEGOTIATING A CURVE,South,South,35,2009,HONDA,8.5,41.4,26.1,0
Injury Crash,09-07-2022 12:02,Maryland (State),QUINCE ORCHARD RD,N/A,SAME DIRECTION LEFT TURN,SNOW,WET,DARK LIGHTS ON,TRAFFIC SIGNAL,Yes,POSSIBLE INJURY,NOT DISTRACTED,PASSENGER CAR,ACCELERATING,North,North,35,2003,TOYT,4.4,342,17.2,0
Property Damage Crash,09-07-2022 12:02,Maryland (State),RIVER RD,N/A,SAME DIR REAR END,CLEAR,DRY,DAYLIGHT,TRAFFIC SIGNAL,No,NO APPARENT INJURY,NOT DISTRACTED,PASSENGER CAR,STOPPED IN TRAFFIC LANE,East,East,35,2015,FORD,2.1,349,32,0
Property Damage Crash,09-07-2022 12:02,County,SEEK LA,N/A,SAME DIR REAR END,CLEAR,DRY,DAYLIGHT,NO CONTROLS,No,NO APPARENT INJURY,NOT DISTRACTED,(SPORT) UTILITY VEHICLE,SLOWING OR STOPPING,East,East,35,2019,FORD,3.7,264,28.6,0
Fatal Crash,09-07-2022 12:06,County,NICHOLSON LA,N/A,HEAD ON LEFT TURN,CLEAR,DRY,DAYLIGHT,TRAFFIC SIGNAL,Yes,FATAL INJURY,UNKNOWN,MOTORCYCLE,MOVING CONSTANT SPEED,West,West,35,2006,SUZUKI,13.9,175,22.8,0
Property Damage Crash,09-07-2022 12:06,,,,SINGLE VEHICLE,CLEAR,,DAYLIGHT,NO CONTROLS,Yes,NO APPARENT INJURY,UNKNOWN,FIRE VEHICLE/EMERGENCY,MAKING RIGHT TURN,South,West,5,2020,PIERCE,0,0,0,0
Property Damage Crash,09-07-2022 12:37,Other Public Roadway,GLENMONT CIR #1,N/A,SAME DIR REAR END,CLEAR,DRY,DAYLIGHT,OTHER,No,NO APPARENT INJURY,NOT DISTRACTED,PASSENGER CAR,MOVING CONSTANT SPEED,East,East,40,2020,KIA,1.5,6,42.1,0.14
Injury Crash,09-07-2022 12:53,County,PRINCE PHILIP DR,N/A,SINGLE VEHICLE,CLOUDY,WET,DAYLIGHT,NO CONTROLS,Yes,SUSPECTED MINOR INJURY,UNKNOWN,PASSENGER CAR,MOVING CONSTANT SPEED,West,East,30,2002,NISSAN,9.8,36.4,32.2,0
Injury Crash,09-07-2022 13:15,Maryland (State),GEORGIA AVE,N/A,SAME DIR REAR END,N/A,N/A,DAYLIGHT,NO CONTROLS,Yes,POSSIBLE INJURY,NOT DISTRACTED,PASSENGER CAR,MOVING CONSTANT SPEED,North,North,45,2004,BUICK,5.4,37,35,0.07
Property Damage Crash,09-07-2022 13:15,County,LOCKWOOD DR,N/A,SAME DIRECTION SIDESWIPE,CLEAR,DRY,DARK LIGHTS ON,TRAFFIC SIGNAL,No,NO APPARENT INJURY,NOT DISTRACTED,"CARGO VAN/LIGHT TRUCK 2 AXLES (OVER 10,000LBS (4,536 KG))",MAKING LEFT TURN,South,West,25,1995,GMC,5.9,325,28.7,0
Injury Crash,09-07-2022 13:20,Maryland (State),FREDERICK RD,N/A,STRAIGHT MOVEMENT ANGLE,CLEAR,DRY,DAYLIGHT,TRAFFIC SIGNAL,No,POSSIBLE INJURY,NOT DISTRACTED,PASSENGER CAR,ACCELERATING,East,East,40,2010,MAZD,8,49.1,43.4,0
Injury Crash,09-07-2022 13:35,County,FENTON ST,N/A,OTHER,CLEAR,DRY,DARK LIGHTS ON,TRAFFIC SIGNAL,Yes,NO APPARENT INJURY,LOOKED BUT DID NOT SEE,(SPORT) UTILITY VEHICLE,MAKING LEFT TURN,North,North,30,2019,HYUNDAI,11.6,199,43.1,0
Injury Crash,09-07-2022 13:35,County,BRIGGS CHANEY RD,N/A,HEAD ON LEFT TURN,CLOUDY,DRY,DARK LIGHTS ON,TRAFFIC SIGNAL,Yes,POSSIBLE INJURY,NOT DISTRACTED,PASSENGER CAR,MOVING CONSTANT SPEED,West,South,35,2010,DODGE,1.4,39.6,37,0
Property Damage Crash,09-07-2022 13:57,Maryland (State),ROCKVILLE PIKE,N/A,SAME DIRECTION SIDESWIPE,CLEAR,DRY,DAYLIGHT,N/A,Yes,NO APPARENT INJURY,LOOKED BUT DID NOT SEE,PASSENGER CAR,CHANGING LANES,South,South,35,2021,AUDI,4.8,322,32.1,0
Property Damage Crash,09-07-2022 13:57,Maryland (State),FREDERICK RD,N/A,SINGLE VEHICLE,CLEAR,DRY,DAYLIGHT,TRAFFIC SIGNAL,Yes,NO APPARENT INJURY,LOOKED BUT DID NOT SEE,FIRE VEHICLE/EMERGENCY,MOVING CONSTANT SPEED,South,South,30,2007,SPAT,0,0,0,0
Property Damage Crash,09-07-2022 14:54,Maryland (State),HUNGERFORD DR,ROCKVILLE,STRAIGHT MOVEMENT ANGLE,N/A,DRY,DAYLIGHT,TRAFFIC SIGNAL,No,NO APPARENT INJURY,NOT DISTRACTED,PASSENGER CAR,MOVING CONSTANT SPEED,East,East,30,2005,NISS,7.4,46.6,29.3,0
Property Damage Crash,09-07-2022 14:54,County,RANDOLPH RD,N/A,SAME DIR REAR END,CLEAR,DRY,DAYLIGHT,WARNING SIGN,No,NO APPARENT INJURY,NOT DISTRACTED,PASSENGER CAR,STOPPED IN TRAFFIC LANE,East,East,40,2006,TOYT,4.5,42.3,29.2,0
Injury Crash,09-07-2022 15:10,Maryland (State),FREDERICK RD,N/A,SAME DIR REAR END,CLEAR,DRY,DARK LIGHTS ON,TRAFFIC SIGNAL,Yes,NO APPARENT INJURY,NOT DISTRACTED,PASSENGER CAR,SLOWING OR STOPPING,North,North,40,2006,LAND ROVER,4.5,314,28.4,0
Injury Crash,09-07-2022 15:10,Maryland (State),W DIAMOND AVE,GAITHERSBURG,SAME DIR REAR END,CLEAR,DRY,DAYLIGHT,TRAFFIC SIGNAL,No,POSSIBLE INJURY,NOT DISTRACTED,PASSENGER CAR,STOPPED IN TRAFFIC LANE,West,West,35,2003,HOND,11.8,188,40.4,0
Property Damage Crash,09-07-2022 15:30,US (State),COLUMBIA PIKE,N/A,SAME DIR REAR END,CLEAR,DRY,DAYLIGHT,NO CONTROLS,No,NO APPARENT INJURY,NOT DISTRACTED,PASSENGER CAR,STOPPED IN TRAFFIC LANE,North,North,55,2015,TOYOTA,0,0,0,0
Property Damage Crash,09-07-2022 15:30,,,,SINGLE VEHICLE,CLEAR,,DARK LIGHTS ON,N/A,Yes,NO APPARENT INJURY,LOOKED BUT DID NOT SEE,POLICE VEHICLE/EMERGENCY,BACKING,West,North,15,2008,DODGE,7.5,40.3,24.7,0
Property Damage Crash,09-07-2022 15:30,County,AIRPARK RD,N/A,SINGLE VEHICLE,RAINING,WET,DAYLIGHT,NO CONTROLS,Yes,NO APPARENT INJURY,NOT DISTRACTED,PASSENGER CAR,MOVING CONSTANT SPEED,North,North,40,2003,TOYOTA,2.5,36.8,20.3,0
Property Damage Crash,09-07-2022 18:00,County,SEMINARY PL,N/A,ANGLE MEETS LEFT HEAD ON,CLEAR,DRY,DAYLIGHT,STOP SIGN,Yes,NO APPARENT INJURY,LOOKED BUT DID NOT SEE,"CARGO VAN/LIGHT TRUCK 2 AXLES (OVER 10,000LBS (4,536 KG))",MAKING LEFT TURN,North,North,35,2009,FORD,2.9,114,38.6,0
Property Damage Crash,09-07-2022 18:00,County,E RANDOLPH RD,N/A,SAME DIR REAR END,CLEAR,DRY,DAYLIGHT,TRAFFIC SIGNAL,No,NO APPARENT INJURY,NOT DISTRACTED,PASSENGER CAR,SLOWING OR STOPPING,East,East,35,2013,TOYT,11.2,180,3.6,0
Property Damage Crash,09-07-2022 18:20,Maryland (State),GEORGIA AVE,N/A,SAME DIR REAR END,N/A,DRY,DAYLIGHT,NO CONTROLS,Yes,NO APPARENT INJURY,UNKNOWN,PASSENGER CAR,MOVING CONSTANT SPEED,South,South,35,2009,HYUN,0,0,0,0
Property Damage Crash,09-07-2022 18:20,Maryland (State),UNIVERSITY BLVD W,KENSINGTON,SAME DIRECTION SIDESWIPE,CLEAR,DRY,DAYLIGHT,NO CONTROLS,No,NO APPARENT INJURY,NOT DISTRACTED,TRANSIT BUS,STOPPED IN TRAFFIC LANE,West,West,30,2014,GILLIG,6.4,352,27.5,0
Property Damage Crash,09-07-2022 19:41,Ramp,RAMP 6 FR RAMP 10 (FR IS270) TO MD 187,N/A,SAME DIR REAR END,CLEAR,DRY,DAYLIGHT,TRAFFIC SIGNAL,Yes,NO APPARENT INJURY,LOOKED BUT DID NOT SEE,PASSENGER CAR,MOVING CONSTANT SPEED,South,South,25,2017,VOLKSWAGON,4.3,354,18,0
Property Damage Crash,09-07-2022 20:00,County,RAILROAD ST,GAITHERSBURG,HEAD ON LEFT TURN,CLEAR,DRY,DAYLIGHT,NO CONTROLS,Yes,NO APPARENT INJURY,LOOKED BUT DID NOT SEE,PASSENGER CAR,MAKING LEFT TURN,East,South,25,2015,VOLK,4.6,316,18,0
Injury Crash,09-07-2022 20:00,Maryland (State),GEORGIA AVE,N/A,HEAD ON LEFT TURN,CLEAR,DRY,DARK LIGHTS ON,FLASHING TRAFFIC SIGNAL,Yes,NO APPARENT INJURY,INATTENTIVE OR LOST IN THOUGHT,PASSENGER CAR,MAKING LEFT TURN,South,West,30,1998,HONDA,4,165,41.2,0
Injury Crash,09-07-2022 22:14,County,COMUS RD,N/A,OTHER,CLEAR,DRY,DAYLIGHT,NO CONTROLS,No,POSSIBLE INJURY,NOT DISTRACTED,VAN,MAKING LEFT TURN,South,West,45,2016,CHEV,3.6,37.8,26.9,0
Property Damage Crash,09-07-2022 22:14,Maryland (State),FLOWER AVE,N/A,OPPOSITE DIRECTION SIDESWIPE,N/A,DRY,DARK LIGHTS ON,NO CONTROLS,Unknown,NO APPARENT INJURY,NOT DISTRACTED,PASSENGER CAR,MOVING CONSTANT SPEED,South,South,25,2011,GILL,0,0,0,0
Property Damage Crash,09-07-2022 22:51,Maryland (State),NEW HAMPSHIRE AVE,N/A,SAME DIR REAR END,CLEAR,DRY,DAYLIGHT,NO CONTROLS,Yes,NO APPARENT INJURY,UNKNOWN,"MEDIUM/HEAVY TRUCKS 3 AXLES (OVER 10,000LBS (4,536KG))",MOVING CONSTANT SPEED,South,South,40,2021,INTERNATIONAL,12.1,351,16.3,0
Property Damage Crash,10-07-2022 05:45,Maryland (State),NEW HAMPSHIRE AVE,N/A,SAME DIRECTION SIDESWIPE,CLEAR,DRY,DARK LIGHTS ON,N/A,No,NO APPARENT INJURY,NOT DISTRACTED,(SPORT) UTILITY VEHICLE,MOVING CONSTANT SPEED,North,North,40,2007,NISSAN,0,0,0,0
Injury Crash,10-07-2022 05:45,County,SAM EIG HWY,N/A,SAME DIR REAR END,CLEAR,DRY,DAYLIGHT,N/A,Yes,SUSPECTED MINOR INJURY,NOT DISTRACTED,PASSENGER CAR,SLOWING OR STOPPING,East,East,35,2017,HYUNDAI,2.9,35.9,23.5,0
Injury Crash,10-07-2022 06:46,Maryland (State),OLD GEORGETOWN RD,N/A,STRAIGHT MOVEMENT ANGLE,CLEAR,DRY,DAYLIGHT,FLASHING TRAFFIC SIGNAL,Yes,NO APPARENT INJURY,NOT DISTRACTED,PASSENGER CAR,MAKING LEFT TURN,West,North,40,2013,CHEVY,0,0,0,0
Property Damage Crash,10-07-2022 06:46,,,,SAME DIRECTION SIDESWIPE,CLEAR,,DARK LIGHTS ON,NO CONTROLS,Yes,NO APPARENT INJURY,UNKNOWN,,UNKNOWN,Unknown,Unknown,0,0,UNKNOWN,2,40.4,30.6,0
Injury Crash,10-07-2022 07:20,Interstate (State),EISENHOWER MEMORIAL HWY,N/A,SAME DIRECTION LEFT TURN,CLEAR,DRY,DARK NO LIGHTS,NO CONTROLS,No,NO APPARENT INJURY,NOT DISTRACTED,VAN,MOVING CONSTANT SPEED,South,South,55,2016,DODGE,0,0,0,0
Property Damage Crash,10-07-2022 07:20,Maryland (State),GEORGIA AVE,N/A,SAME DIR REAR END,CLEAR,DRY,DAYLIGHT,N/A,No,NO APPARENT INJURY,NOT DISTRACTED,PASSENGER CAR,SLOWING OR STOPPING,North,North,35,2008,TOYOTA,7.4,300,37.7,0
Property Damage Crash,10-07-2022 08:00,Maryland (State),FREDERICK RD,N/A,SAME DIRECTION SIDESWIPE,CLOUDY,DRY,DAYLIGHT,N/A,Yes,NO APPARENT INJURY,UNKNOWN,"CARGO VAN/LIGHT TRUCK 2 AXLES (OVER 10,000LBS (4,536 KG))",LEAVING TRAFFIC LANE,North,North,35,2004,GMC,6.1,136,30.5,0
Injury Crash,10-07-2022 08:01,Maryland (State),QUINCE ORCHARD RD,GAITHERSBURG,SAME DIRECTION LEFT TURN,CLEAR,DRY,DAYLIGHT,N/A,Yes,POSSIBLE INJURY,UNKNOWN,PASSENGER CAR,MAKING U TURN,South,North,40,2003,TOYOTA,6.6,41.7,31.8,0
Injury Crash,10-07-2022 08:01,US (State),COLUMBIA PIKE,N/A,SAME DIR REAR END,CLOUDY,DRY,DAYLIGHT,NO CONTROLS,Yes,NO APPARENT INJURY,NOT DISTRACTED,PASSENGER CAR,SLOWING OR STOPPING,North,North,50,2006,MERCEDES,4.9,24,34.6,0.03
Property Damage Crash,10-07-2022 08:04,Maryland (State),PINEY BRANCH RD,N/A,STRAIGHT MOVEMENT ANGLE,RAINING,WET,DARK LIGHTS ON,TRAFFIC SIGNAL,Unknown,NO APPARENT INJURY,UNKNOWN,PASSENGER CAR,MOVING CONSTANT SPEED,East,East,35,2013,TOYOTA,0,0,0,0
Property Damage Crash,10-07-2022 08:04,Government,SLIGO CREEK PKWY,N/A,STRAIGHT MOVEMENT ANGLE,RAINING,WET,DAYLIGHT,NO CONTROLS,Yes,NO APPARENT INJURY,LOOKED BUT DID NOT SEE,PASSENGER CAR,CHANGING LANES,East,East,35,2011,NISSAN,5.8,6,19.3,0
Property Damage Crash,10-07-2022 08:23,County,WATKINS MILL RD,N/A,STRAIGHT MOVEMENT ANGLE,CLOUDY,DRY,DAYLIGHT,TRAFFIC SIGNAL,Yes,NO APPARENT INJURY,LOOKED BUT DID NOT SEE,PASSENGER CAR,MAKING LEFT TURN,South,West,30,2002,TOYT,1.4,170,28.3,0
Property Damage Crash,10-07-2022 08:25,Maryland (State),W MONTGOMERY AVE,ROCKVILLE,STRAIGHT MOVEMENT ANGLE,CLEAR,DRY,DAYLIGHT,NO CONTROLS,No,NO APPARENT INJURY,NOT DISTRACTED,PASSENGER CAR,MOVING CONSTANT SPEED,East,East,45,1996,TOYT,4,173,21.6,0
Property Damage Crash,10-07-2022 08:25,Interstate (State),CAPITAL BELTWAY,N/A,STRAIGHT MOVEMENT ANGLE,FOGGY,WET,DAYLIGHT,NO CONTROLS,Yes,NO APPARENT INJURY,UNKNOWN,PICKUP TRUCK,SKIDDING,East,East,55,2006,NISSAN,0,0,0,0
Injury Crash,10-07-2022 09:11,Maryland (State),FREDERICK RD,N/A,SAME DIR REND RIGHT TURN,CLEAR,DRY,DAYLIGHT,TRAFFIC SIGNAL,Yes,NO APPARENT INJURY,LOOKED BUT DID NOT SEE,(SPORT) UTILITY VEHICLE,MAKING RIGHT TURN,South,East,40,2015,MERCEDES BENZ,0,0,0,0
Injury Crash,10-07-2022 09:11,Municipality,S SUMMIT AVE,GAITHERSBURG,OTHER,CLEAR,DRY,DAYLIGHT,TRAFFIC SIGNAL,Yes,SUSPECTED MINOR INJURY,EATING OR DRINKING,PASSENGER CAR,PARKED,,,35,2015,MERCEDES,3.9,52.6,51.5,0
Property Damage Crash,10-07-2022 09:45,Maryland (State),COLESVILLE RD,N/A,SAME DIRECTION SIDESWIPE,CLEAR,DRY,DAYLIGHT,TRAFFIC SIGNAL,Yes,NO APPARENT INJURY,UNKNOWN,(SPORT) UTILITY VEHICLE,UNKNOWN,North,North,35,2011,FORD,0,0,0,0
Property Damage Crash,10-07-2022 09:45,County,CENTERWAY RD,N/A,SAME DIRECTION LEFT TURN,CLEAR,DRY,DAYLIGHT,N/A,No,NO APPARENT INJURY,NOT DISTRACTED,PASSENGER CAR,PASSING,East,East,35,2009,TOYOTA,6.3,39.1,24.6,0
Injury Crash,10-07-2022 10:20,Maryland (State),NORBECK RD,N/A,HEAD ON LEFT TURN,CLEAR,DRY,DAYLIGHT,TRAFFIC SIGNAL,Yes,POSSIBLE INJURY,NOT DISTRACTED,PASSENGER CAR,MOVING CONSTANT SPEED,East,East,35,2021,MERCEDES BENZ,3.3,41.3,30.2,0
Property Damage Crash,10-07-2022 10:20,Maryland (State),CONNECTICUT AVE,N/A,SAME DIR REAR END,CLEAR,DRY,DAYLIGHT,NO CONTROLS,Yes,NO APPARENT INJURY,OTHER CELLULAR PHONE RELATED,PASSENGER CAR,MOVING CONSTANT SPEED,South,South,35,2011,TOYOTA,2.2,68,30.6,0
Property Damage Crash,10-07-2022 10:22,Maryland (State),ROCKVILLE PIKE,N/A,SAME DIRECTION LEFT TURN,CLEAR,DRY,DARK LIGHTS ON,TRAFFIC SIGNAL,No,NO APPARENT INJURY,NOT DISTRACTED,PASSENGER CAR,SLOWING OR STOPPING,North,North,45,1997,SUBARU,6.2,36.7,36.2,0
Injury Crash,10-07-2022 10:40,Maryland (State),FREDERICK RD,N/A,HEAD ON LEFT TURN,CLEAR,DRY,DAYLIGHT,TRAFFIC SIGNAL,No,SUSPECTED MINOR INJURY,NOT DISTRACTED,PASSENGER CAR,MAKING LEFT TURN,South,South,40,2005,HONDA,0,0,0,0
Property Damage Crash,10-07-2022 11:06,,LEISURE WORLD BLV,N/A,STRAIGHT MOVEMENT ANGLE,N/A,UNKNOWN,DAYLIGHT,STOP SIGN,Yes,NO APPARENT INJURY,LOOKED BUT DID NOT SEE,PASSENGER CAR,STARTING FROM LANE,South,West,30,2016,BMW,5.3,52,38.1,0
Property Damage Crash,10-07-2022 11:06,Maryland (State),METROPOLITAN AVE,KENSINGTON,OPPOSITE DIRECTION SIDESWIPE,CLEAR,DRY,DAYLIGHT,NO CONTROLS,Yes,NO APPARENT INJURY,UNKNOWN,,MOVING CONSTANT SPEED,North,North,25,0,UNKNOWN,3.5,124,43.8,0
Injury Crash,10-07-2022 11:31,Maryland (State),FREDERICK RD,N/A,SAME DIR REAR END,CLEAR,DRY,DARK LIGHTS ON,TRAFFIC SIGNAL,Yes,NO APPARENT INJURY,NOT DISTRACTED,PASSENGER CAR,MOVING CONSTANT SPEED,South,South,40,2007,BUICK,0,0,0,0
Property Damage Crash,10-07-2022 11:31,Maryland (State),GERMANTOWN RD,N/A,SAME DIR REAR END,CLEAR,DRY,DAYLIGHT,TRAFFIC SIGNAL,Yes,NO APPARENT INJURY,UNKNOWN,PASSENGER CAR,MOVING CONSTANT SPEED,North,North,40,2014,HONDA,8.6,39.8,27.8,0
Property Damage Crash,10-07-2022 11:55,Maryland (State),VEIRS MILL RD,N/A,SAME DIR REAR END,CLEAR,DRY,DAYLIGHT,PERSON,No,NO APPARENT INJURY,NOT DISTRACTED,PASSENGER CAR,SLOWING OR STOPPING,East,East,45,2004,TOYT,4.9,42.8,42.2,0.01
Property Damage Crash,10-07-2022 12:31,Maryland (State),NEW HAMPSHIRE AVE,N/A,HEAD ON LEFT TURN,CLEAR,DRY,DUSK,NO CONTROLS,Yes,NO APPARENT INJURY,LOOKED BUT DID NOT SEE,PASSENGER CAR,MAKING LEFT TURN,West,North,45,2015,MERZ,4.8,39.3,36.1,0
Injury Crash,10-07-2022 12:31,Maryland (State),E RANDOLPH RD,N/A,SAME DIR REAR END,N/A,DRY,DAYLIGHT,NO CONTROLS,Yes,NO APPARENT INJURY,INATTENTIVE OR LOST IN THOUGHT,PASSENGER CAR,MOVING CONSTANT SPEED,East,East,50,2017,TOYOTA,9.2,334,30.7,0
Property Damage Crash,10-07-2022 12:39,Maryland (State),LAYHILL RD,N/A,SAME DIR REAR END,RAINING,WET,DAYLIGHT,NO CONTROLS,No,NO APPARENT INJURY,NOT DISTRACTED,PASSENGER CAR,MOVING CONSTANT SPEED,South,South,40,2014,HONDA,1.1,276,41.5,0
Property Damage Crash,10-07-2022 13:20,Maryland (State),NEW HAMPSHIRE AVE,N/A,SAME DIRECTION SIDESWIPE,CLEAR,DRY,DARK LIGHTS ON,NO CONTROLS,Yes,NO APPARENT INJURY,LOOKED BUT DID NOT SEE,PASSENGER CAR,MOVING CONSTANT SPEED,North,North,45,2015,MERCEDES,0,0,0,0
Property Damage Crash,10-07-2022 13:20,Maryland (State),CLOPPER RD,N/A,SAME DIRECTION LEFT TURN,CLEAR,N/A,DUSK,UNKNOWN,Yes,NO APPARENT INJURY,NOT DISTRACTED,PASSENGER CAR,MOVING CONSTANT SPEED,West,West,35,2013,HYUNDAI,0,0,0,0
Injury Crash,10-07-2022 13:39,County,TWINBROOK PKWY,N/A,SAME DIR REAR END,CLEAR,DRY,DAYLIGHT,NO CONTROLS,Yes,NO APPARENT INJURY,USING OTHER DEVICE CONTROLS INTEGRAL TO VEHICLE,PICKUP TRUCK,MOVING CONSTANT SPEED,South,South,35,2016,FORD,2.1,33.1,24.2,0
Injury Crash,10-07-2022 13:39,County,MIDCOUNTY HWY,N/A,SAME DIR REAR END,CLEAR,DRY,DARK LIGHTS ON,FLASHING TRAFFIC SIGNAL,No,POSSIBLE INJURY,NOT DISTRACTED,PASSENGER CAR,STARTING FROM LANE,West,South,45,1992,HOND,8.2,192,23,0