ACRS Report Type,Date and Time,Route Type,Road Name,Municipality,Collision Type,Weather,Surface Condition,Light,Traffic Control,Driver At Fault,Injury Severity,Driver Distracted By,Vehicle Body Type,Vehicle Movement,Vehicle Continuing Dir,Vehicle Going Dir,Speed Limit,Vehicle Year,Vehicle Make,Wind Speed (MPH),TMP10-DK ,Relative Humidity (%),Rain (Inches)
Property Damage Crash,10-07-2022 14:57,,,,SINGLE VEHICLE,SNOW,,DARK LIGHTS ON,N/A,Yes,NO APPARENT INJURY,LOOKED BUT DID NOT SEE,POLICE VEHICLE/NON EMERGENCY,BACKING,South,South,15,2016,FORD,7.4,55.4,44.4,0
Property Damage Crash,10-07-2022 14:57,,,,OPPOSITE DIRECTION SIDESWIPE,CLEAR,,N/A,N/A,Yes,NO APPARENT INJURY,UNKNOWN,UNKNOWN,BACKING,South,South,0,0,UNKNOWN,3.7,17,30,0
Property Damage Crash,10-07-2022 15:13,Municipality,RAMSDELL CT,GAITHERSBURG,OTHER,CLEAR,DRY,DARK LIGHTS ON,N/A,Yes,NO APPARENT INJURY,NOT DISTRACTED,PASSENGER CAR,BACKING,South,South,15,2002,NISS,6.4,312,29.9,0
Injury Crash,10-07-2022 15:13,County,HUNTMASTER RD,N/A,SINGLE VEHICLE,CLEAR,DRY,DAYLIGHT,NO CONTROLS,Yes,SUSPECTED MINOR INJURY,UNKNOWN,PASSENGER CAR,MOVING CONSTANT SPEED,North,North,35,2004,ACURA,0,0,0,0
Injury Crash,10-07-2022 15:26,County,SNOWDEN FARM PKWY,N/A,STRAIGHT MOVEMENT ANGLE,CLEAR,DRY,DAYLIGHT,STOP SIGN,No,SUSPECTED SERIOUS INJURY,NOT DISTRACTED,PASSENGER CAR,MOVING CONSTANT SPEED,East,East,40,2011,HONDA,1.8,32,28.6,0
Injury Crash,10-07-2022 15:26,Maryland (State),FALLS RD,N/A,HEAD ON,RAINING,WET,DARK NO LIGHTS,NO CONTROLS,Yes,NO APPARENT INJURY,UNKNOWN,PASSENGER CAR,MOVING CONSTANT SPEED,South,South,35,2006,LEXUS,0,0,0,0
Property Damage Crash,10-07-2022 16:15,,,,OTHER,CLEAR,,DUSK,NO CONTROLS,Yes,NO APPARENT INJURY,LOOKED BUT DID NOT SEE,PASSENGER CAR,BACKING,South,South,5,2007,HONDA,0,0,0,0
Property Damage Crash,10-07-2022 16:15,Municipality,HARVARD AVE,N/A,OTHER,CLEAR,DRY,DAYLIGHT,NO CONTROLS,Yes,NO APPARENT INJURY,NOT DISTRACTED,PASSENGER CAR,PARKING,West,South,25,2000,TOYT,6.9,159,41.4,0
Property Damage Crash,10-07-2022 17:00,County,DEMOCRACY BLVD,N/A,SAME DIR REAR END,CLOUDY,WET,DAYLIGHT,TRAFFIC SIGNAL,No,NO APPARENT INJURY,NOT DISTRACTED,PASSENGER CAR,SLOWING OR STOPPING,West,West,35,2019,LEXUS,0,0,0,0
Property Damage Crash,10-07-2022 17:00,,,,SAME DIR REAR END,CLEAR,,DAYLIGHT,N/A,Yes,NO APPARENT INJURY,UNKNOWN,PICKUP TRUCK,PARKING,Unknown,Unknown,5,2016,FORD,2.1,37,25.6,0
Property Damage Crash,10-07-2022 17:04,Maryland (State),WISCONSIN AVE,N/A,SAME DIRECTION RIGHT TURN,CLEAR,DRY,DAYLIGHT,TRAFFIC SIGNAL,No,NO APPARENT INJURY,NOT DISTRACTED,TRANSIT BUS,MOVING CONSTANT SPEED,South,South,25,2022,NFLY,1.7,41,25.5,0
Property Damage Crash,10-07-2022 17:04,Maryland (State),GEORGIA AVE,N/A,HEAD ON LEFT TURN,CLEAR,DRY,DAYLIGHT,NO CONTROLS,No,NO APPARENT INJURY,NOT DISTRACTED,PASSENGER CAR,SLOWING OR STOPPING,North,North,35,2007,NISSAN,1.7,49.7,40.9,0
Property Damage Crash,10-07-2022 17:07,Maryland (State),MUNCASTER MILL RD,N/A,SAME DIR REAR END,N/A,N/A,DAYLIGHT,TRAFFIC SIGNAL,Yes,NO APPARENT INJURY,UNKNOWN,PASSENGER CAR,ACCELERATING,East,East,35,2013,TOYOTA,7.6,119,28.3,0
Injury Crash,10-07-2022 17:19,Maryland (State),GEORGIA AVE,N/A,SAME DIR REAR END,CLEAR,DRY,DARK LIGHTS ON,NO CONTROLS,Yes,NO APPARENT INJURY,UNKNOWN,PASSENGER CAR,UNKNOWN,West,South,35,2002,CHEVROLET,7.3,305,39.5,0
Property Damage Crash,10-07-2022 17:19,Municipality,TRAVIS AVE,N/A,SAME DIRECTION LEFT TURN,CLEAR,DRY,DARK LIGHTS ON,STOP SIGN,Yes,NO APPARENT INJURY,LOOKED BUT DID NOT SEE,PASSENGER CAR,MAKING LEFT TURN,South,West,25,1999,LEXUS,3.2,60.2,37.6,0
Injury Crash,10-07-2022 18:00,Maryland (State),GEORGIA AVE,N/A,STRAIGHT MOVEMENT ANGLE,CLEAR,DRY,DAYLIGHT,NO CONTROLS,No,SUSPECTED MINOR INJURY,NOT DISTRACTED,(SPORT) UTILITY VEHICLE,MOVING CONSTANT SPEED,South,South,45,2010,NISSAN,4,42.8,29.1,0
Injury Crash,10-07-2022 18:00,Maryland (State),NORBECK RD,N/A,HEAD ON LEFT TURN,CLEAR,DRY,DARK LIGHTS ON,TRAFFIC SIGNAL,No,SUSPECTED MINOR INJURY,NOT DISTRACTED,PASSENGER CAR,MOVING CONSTANT SPEED,East,East,35,2020,NISSAN,7.8,345,33.2,0.03
Property Damage Crash,10-07-2022 18:00,Maryland (State),MONTGOMERY VILLAGE AVE,GAITHERSBURG,SAME DIR REAR END,CLEAR,DRY,DAYLIGHT,TRAFFIC SIGNAL,No,NO APPARENT INJURY,NOT DISTRACTED,PASSENGER CAR,STOPPED IN TRAFFIC LANE,South,South,35,2006,CHRYSLER,5,60.5,39.1,0
Injury Crash,10-07-2022 18:00,County,GRENOBLE DR,N/A,SAME DIRECTION SIDESWIPE,CLEAR,DRY,DAYLIGHT,NO CONTROLS,No,NO APPARENT INJURY,NOT DISTRACTED,"OTHER LIGHT TRUCKS (10,000LBS (4,536KG) OR LESS)",STOPPED IN TRAFFIC LANE,Unknown,North,25,2019,MACK,1.2,348,19.5,0
Property Damage Crash,10-07-2022 18:17,Maryland (State),ROCKVILLE PIKE,N/A,HEAD ON LEFT TURN,CLOUDY,DRY,DAYLIGHT,TRAFFIC SIGNAL,No,NO APPARENT INJURY,NOT DISTRACTED,PASSENGER CAR,MOVING CONSTANT SPEED,South,South,35,2015,TOYOTA,12.1,323,31,0
Injury Crash,10-07-2022 18:17,Municipality,RUSSELL AVE,GAITHERSBURG,HEAD ON LEFT TURN,CLEAR,DRY,DARK LIGHTS ON,TRAFFIC SIGNAL,Yes,SUSPECTED MINOR INJURY,LOOKED BUT DID NOT SEE,PASSENGER CAR,MAKING LEFT TURN,East,South,30,2004,HOND,7.3,146,56.8,0.22
Property Damage Crash,10-07-2022 18:17,County,GLENOLDEN DR,N/A,SINGLE VEHICLE,CLEAR,DRY,DARK LIGHTS ON,NO CONTROLS,Yes,NO APPARENT INJURY,UNKNOWN,PICKUP TRUCK,MOVING CONSTANT SPEED,East,East,25,1999,GMC,3.5,45.1,22.5,0
Property Damage Crash,10-07-2022 19:13,County,LANDON LA,N/A,STRAIGHT MOVEMENT ANGLE,CLOUDY,DRY,DAYLIGHT,STOP SIGN,No,NO APPARENT INJURY,NOT DISTRACTED,POLICE VEHICLE/NON EMERGENCY,ACCELERATING,West,West,25,2018,DODGE,1.9,65,19.1,0
Injury Crash,10-07-2022 19:31,,,,SINGLE VEHICLE,CLEAR,,DAYLIGHT,NO CONTROLS,Unknown,NO APPARENT INJURY,LOOKED BUT DID NOT SEE,VAN,STARTING FROM LANE,North,East,5,2006,GMC,5.3,288,23.6,0
Injury Crash,10-07-2022 19:31,Maryland (State),EAST WEST HWY,N/A,SAME DIR REAR END,CLOUDY,DRY,DAYLIGHT,NO CONTROLS,No,POSSIBLE INJURY,NOT DISTRACTED,PASSENGER CAR,SLOWING OR STOPPING,West,West,35,2004,HONDA,0,0,0,0
Property Damage Crash,10-07-2022 19:42,Maryland (State),DARNESTOWN RD,N/A,HEAD ON LEFT TURN,N/A,DRY,DAYLIGHT,TRAFFIC SIGNAL,No,NO APPARENT INJURY,NOT DISTRACTED,PASSENGER CAR,MOVING CONSTANT SPEED,North,North,40,2018,CHEV,4.9,282,-2.1,0
Injury Crash,10-07-2022 19:42,County,WHITES FERRY RD,N/A,SINGLE VEHICLE,CLEAR,DRY,DAYLIGHT,NO CONTROLS,Yes,SUSPECTED SERIOUS INJURY,NOT DISTRACTED,OTHER,MAKING LEFT TURN,South,West,50,0,0,2.7,41.7,29.6,0
Property Damage Crash,10-07-2022 19:42,County,TWINBROOK PKWY,ROCKVILLE,SAME DIR REAR END,CLEAR,DRY,DARK NO LIGHTS,NO CONTROLS,No,NO APPARENT INJURY,NOT DISTRACTED,PASSENGER CAR,MOVING CONSTANT SPEED,South,South,30,2017,LEXUS,0,0,0,0
Property Damage Crash,10-07-2022 19:42,,,,OTHER,CLEAR,,DAYLIGHT,NO CONTROLS,No,NO APPARENT INJURY,NOT DISTRACTED,PASSENGER CAR,STOPPED IN TRAFFIC LANE,Unknown,Unknown,15,2014,MERCEDES BENZ,2.1,33,39,0
Injury Crash,10-07-2022 19:48,County,SHADY GROVE RD,N/A,HEAD ON LEFT TURN,CLEAR,DRY,DARK LIGHTS ON,TRAFFIC SIGNAL,No,POSSIBLE INJURY,NOT DISTRACTED,PASSENGER CAR,MOVING CONSTANT SPEED,North,North,40,2003,CHEVY,6.6,36.3,23,0
Injury Crash,10-07-2022 19:48,Maryland (State),GREAT SENECA HWY,N/A,SAME DIR REAR END,CLEAR,DRY,DAYLIGHT,N/A,Yes,SUSPECTED MINOR INJURY,UNKNOWN,PASSENGER CAR,MOVING CONSTANT SPEED,North,North,55,2015,TOYOTA,2.7,29,28.4,0
Injury Crash,10-07-2022 20:08,Service Road,W CAMPUS DR,N/A,HEAD ON LEFT TURN,CLEAR,DRY,DAYLIGHT,YIELD SIGN,Yes,SUSPECTED MINOR INJURY,UNKNOWN,PASSENGER CAR,MOVING CONSTANT SPEED,South,East,15,2013,BMW,15.8,174,38.3,0
Property Damage Crash,10-07-2022 20:08,Maryland (State),OLNEY SANDY SPRING RD,N/A,STRAIGHT MOVEMENT ANGLE,N/A,DRY,DAYLIGHT,TRAFFIC SIGNAL,No,NO APPARENT INJURY,NOT DISTRACTED,PASSENGER CAR,MOVING CONSTANT SPEED,East,East,40,2001,TOYT,10.3,65.1,57.2,0
Property Damage Crash,10-07-2022 20:23,Municipality,W EDMONSTON DR,N/A,SAME DIRECTION RIGHT TURN,RAINING,WET,DAYLIGHT,TRAFFIC SIGNAL,No,NO APPARENT INJURY,NOT DISTRACTED,PASSENGER CAR,STARTING FROM LANE,West,West,25,2003,HONDA,3.3,37.6,36.8,0
Injury Crash,10-07-2022 20:23,Maryland (State),W DIAMOND AVE,N/A,SAME DIR REAR END,CLEAR,DRY,DARK LIGHTS ON,TRAFFIC SIGNAL,No,POSSIBLE INJURY,NOT DISTRACTED,PASSENGER CAR,STOPPED IN TRAFFIC LANE,West,West,35,2012,CHEV,1.8,60.2,55.2,0
Property Damage Crash,10-07-2022 21:46,Municipality,S STONESTREET AVE,ROCKVILLE,SAME DIRECTION SIDESWIPE,CLEAR,DRY,DAYLIGHT,TRAFFIC SIGNAL,Yes,NO APPARENT INJURY,NOT DISTRACTED,TRANSIT BUS,MOVING CONSTANT SPEED,West,West,30,2014,GILL,1.7,278,46.9,0
Property Damage Crash,10-07-2022 21:46,Maryland (State),16TH ST,N/A,SAME DIRECTION RIGHT TURN,CLEAR,DRY,DARK LIGHTS ON,NO CONTROLS,No,NO APPARENT INJURY,NOT DISTRACTED,PASSENGER CAR,MOVING CONSTANT SPEED,North,North,35,2014,TOYOTA,6,38.2,26,0
Property Damage Crash,10-07-2022 22:15,County,FATHER HURLEY BLVD,N/A,HEAD ON LEFT TURN,RAINING,WET,DAYLIGHT,NO CONTROLS,Yes,NO APPARENT INJURY,LOOKED BUT DID NOT SEE,PASSENGER CAR,MAKING LEFT TURN,East,South,35,2006,MAZDA,11.5,27.7,18.7,0
Property Damage Crash,10-07-2022 22:15,,,,SAME DIRECTION LEFT TURN,RAINING,,DAYLIGHT,NO CONTROLS,Yes,NO APPARENT INJURY,NOT DISTRACTED,PASSENGER CAR,MOVING CONSTANT SPEED,Unknown,Unknown,15,2001,MERCEDES BENZ,5.4,170,21,0
Property Damage Crash,10-07-2022 23:18,Maryland (State),RIVER RD,N/A,HEAD ON LEFT TURN,RAINING,WET,DAYLIGHT,TRAFFIC SIGNAL,Yes,NO APPARENT INJURY,LOOKED BUT DID NOT SEE,PASSENGER CAR,MAKING LEFT TURN,East,South,30,2010,MAZDA,0,0,0,0
Property Damage Crash,10-07-2022 23:49,,,,SAME DIRECTION SIDESWIPE,RAINING,,DAYLIGHT,STOP SIGN,No,NO APPARENT INJURY,NOT DISTRACTED,SCHOOL BUS,MAKING RIGHT TURN,East,South,25,2019,FRHT,2.3,110,31.1,0
Injury Crash,11-07-2022 00:09,County,MONTROSE RD,N/A,HEAD ON LEFT TURN,CLEAR,DRY,DARK LIGHTS ON,TRAFFIC SIGNAL,No,SUSPECTED MINOR INJURY,NOT DISTRACTED,PASSENGER CAR,MAKING LEFT TURN,North,East,40,2017,TOYOTA,0,0,0,0
Property Damage Crash,11-07-2022 00:09,Maryland (State),OLNEY SANDY SPRING RD,N/A,SAME DIR REAR END,CLEAR,DRY,DAYLIGHT,NO CONTROLS,Yes,NO APPARENT INJURY,NOT DISTRACTED,PASSENGER CAR,PASSING,West,West,30,2003,BUIC,2.7,39,38.1,0
Injury Crash,11-07-2022 02:44,County,INDUSTRIAL PKWY,N/A,SAME DIR REAR END,CLEAR,DRY,DAYLIGHT,TRAFFIC SIGNAL,No,SUSPECTED MINOR INJURY,NOT DISTRACTED,PASSENGER CAR,MAKING LEFT TURN,West,West,30,2007,HONDA,2.3,36.9,22.6,0
Injury Crash,11-07-2022 02:45,Maryland (State),CLOPPER RD,N/A,SAME DIRECTION SIDESWIPE,RAINING,WET,DAYLIGHT,YIELD SIGN,No,SUSPECTED MINOR INJURY,NOT DISTRACTED,PASSENGER CAR,MOVING CONSTANT SPEED,West,West,35,2020,VOLK,11.7,341,19,0
Property Damage Crash,11-07-2022 04:51,,SNOWDEN FARM PARKWAY,N/A,SAME DIR REAR END,CLOUDY,DRY,DAYLIGHT,YIELD SIGN,Yes,NO APPARENT INJURY,UNKNOWN,OTHER,BACKING,West,West,30,2007,MERCEDES,3.5,41.2,41.2,0
Property Damage Crash,11-07-2022 05:15,,,,OTHER,RAINING,,DAYLIGHT,N/A,No,NO APPARENT INJURY,NOT DISTRACTED,"OTHER LIGHT TRUCKS (10,000LBS (4,536KG) OR LESS)",MOVING CONSTANT SPEED,South,South,5,2014,ISUZU,0,0,0,0
Property Damage Crash,11-07-2022 05:15,County,DEMOCRACY BLVD,N/A,SAME DIR REAR END,RAINING,WET,DAYLIGHT,TRAFFIC SIGNAL,Yes,NO APPARENT INJURY,UNKNOWN,(SPORT) UTILITY VEHICLE,SLOWING OR STOPPING,West,West,45,2021,NISSAN,8.6,326,39.6,0
Property Damage Crash,11-07-2022 06:28,Maryland (State),CONNECTICUT AVE,N/A,SAME DIRECTION RIGHT TURN,CLEAR,DRY,DAYLIGHT,NO CONTROLS,Yes,NO APPARENT INJURY,UNKNOWN,"CARGO VAN/LIGHT TRUCK 2 AXLES (OVER 10,000LBS (4,536 KG))",MOVING CONSTANT SPEED,North,North,30,2021,UU,0,0,0,0
Property Damage Crash,11-07-2022 06:28,,,,OTHER,CLEAR,,DAYLIGHT,NO CONTROLS,Yes,NO APPARENT INJURY,LOOKED BUT DID NOT SEE,UNKNOWN,BACKING,North,North,15,2019,UNKNOWN,3.7,10,31.7,0
Injury Crash,11-07-2022 06:55,County,BLACKBURN LA,N/A,OTHER,CLEAR,DRY,DAWN,N/A,Yes,POSSIBLE INJURY,INATTENTIVE OR LOST IN THOUGHT,PASSENGER CAR,MOVING CONSTANT SPEED,North,North,15,2015,LEXUS,0,0,0,0
Property Damage Crash,11-07-2022 06:55,Maryland (State),ROCKVILLE PIKE,ROCKVILLE,SAME DIR REND RIGHT TURN,CLEAR,DRY,DAYLIGHT,YIELD SIGN,No,NO APPARENT INJURY,NOT DISTRACTED,PICKUP TRUCK,STOPPED IN TRAFFIC LANE,East,North,35,2016,FORD,5.2,314,12.2,0
Property Damage Crash,11-07-2022 07:40,,,,STRAIGHT MOVEMENT ANGLE,CLEAR,,DAYLIGHT,NO CONTROLS,Yes,NO APPARENT INJURY,UNKNOWN,PASSENGER CAR,BACKING,South,South,10,2009,HONDA,0,0,0,0
Injury Crash,11-07-2022 07:50,County,AMITY DR,N/A,OTHER,CLEAR,DRY,DARK LIGHTS ON,NO CONTROLS,Yes,SUSPECTED MINOR INJURY,UNKNOWN,PASSENGER CAR,MOVING CONSTANT SPEED,North,North,25,2012,MERCEDES,0,0,0,0
Injury Crash,11-07-2022 07:50,County,LOG HOUSE RD,N/A,STRAIGHT MOVEMENT ANGLE,CLEAR,DRY,DARK NO LIGHTS,STOP SIGN,No,POSSIBLE INJURY,NOT DISTRACTED,(SPORT) UTILITY VEHICLE,MOVING CONSTANT SPEED,North,North,25,2016,NISSAN,9,294,19.5,0
Injury Crash,11-07-2022 08:00,Maryland (State),GERMANTOWN RD,N/A,SINGLE VEHICLE,SNOW,SNOW,DAYLIGHT,NO CONTROLS,Yes,POSSIBLE INJURY,NOT DISTRACTED,PASSENGER CAR,MOVING CONSTANT SPEED,South,South,40,2000,FORD,0,0,0,0
Property Damage Crash,11-07-2022 08:37,US (State),GEORGIA AVE,N/A,SAME DIR REAR END,CLEAR,DRY,DARK LIGHTS ON,N/A,Yes,NO APPARENT INJURY,NO DRIVER PRESENT,(SPORT) UTILITY VEHICLE,CHANGING LANES,South,South,35,0,UNKNOWN,1.6,16,28.8,0
Property Damage Crash,11-07-2022 08:37,County,DIAMONDBACK DR,N/A,SAME DIR REAR END,CLEAR,DRY,DAYLIGHT,TRAFFIC SIGNAL,No,NO APPARENT INJURY,NOT DISTRACTED,PASSENGER CAR,SLOWING OR STOPPING,East,East,35,2005,ACRUA,3.6,353,27.4,0
Injury Crash,11-07-2022 09:19,Maryland (State),GEORGIA AVE,N/A,OPPOSITE DIRECTION SIDESWIPE,CLEAR,DRY,DARK -- UNKNOWN LIGHTING,NO CONTROLS,Yes,NO APPARENT INJURY,UNKNOWN,,MOVING CONSTANT SPEED,West,West,25,0,UNKNOWN,12.1,307,23,0
Property Damage Crash,11-07-2022 09:19,Maryland (State),GREAT SENECA HWY,N/A,SAME DIRECTION SIDESWIPE,N/A,DRY,DAYLIGHT,YIELD SIGN,Yes,NO APPARENT INJURY,NOT DISTRACTED,PASSENGER CAR,MAKING RIGHT TURN,South,North,50,2005,TOYOTA,0,0,0,0
Property Damage Crash,11-07-2022 10:00,County,BEL PRE RD,N/A,SAME DIR REAR END,CLEAR,DRY,DAYLIGHT,NO CONTROLS,Yes,NO APPARENT INJURY,NOT DISTRACTED,(SPORT) UTILITY VEHICLE,MOVING CONSTANT SPEED,West,West,25,2005,HOND,3.5,199,44.1,0
Property Damage Crash,11-07-2022 10:00,US (State),COLESVILLE RD,N/A,SAME DIR REAR END,CLEAR,DRY,DARK LIGHTS ON,TRAFFIC SIGNAL,Yes,NO APPARENT INJURY,NOT DISTRACTED,PICKUP TRUCK,MOVING CONSTANT SPEED,South,South,25,2015,FORD,1.8,39.4,37.8,0
Property Damage Crash,11-07-2022 10:02,US (State),COLESVILLE RD,N/A,OTHER,CLEAR,DRY,DAYLIGHT,N/A,Yes,NO APPARENT INJURY,NOT DISTRACTED,PASSENGER CAR,CHANGING LANES,North,North,35,2012,HONDA,4.4,68,35.9,0
Property Damage Crash,11-07-2022 10:02,,,,SAME DIRECTION SIDESWIPE,RAINING,,DAYLIGHT,NO CONTROLS,Yes,NO APPARENT INJURY,UNKNOWN,,STARTING FROM PARKED,Unknown,Unknown,5,0,UNKNOWN,9.2,200,19.7,0
Injury Crash,11-07-2022 10:30,County,FERNWOOD RD,N/A,SAME DIR REAR END,CLEAR,DRY,DAYLIGHT,NO CONTROLS,No,NO APPARENT INJURY,NOT DISTRACTED,(SPORT) UTILITY VEHICLE,SLOWING OR STOPPING,North,North,30,2012,HONDA,0,0,0,0
Injury Crash,11-07-2022 10:30,Maryland (State),ROCKVILLE PIKE,ROCKVILLE,SAME DIRECTION RIGHT TURN,CLEAR,DRY,DAYLIGHT,NO CONTROLS,No,POSSIBLE INJURY,NOT DISTRACTED,PASSENGER CAR,MOVING CONSTANT SPEED,North,North,35,2013,TOYOTA,1.5,206,33,0
Property Damage Crash,11-07-2022 10:43,,,,OTHER,CLEAR,,DAYLIGHT,N/A,No,NO APPARENT INJURY,NOT DISTRACTED,PASSENGER CAR,MOVING CONSTANT SPEED,Unknown,Unknown,25,2019,HYNUDAI,6,37,36.7,0.05
Injury Crash,11-07-2022 11:20,Maryland (State),UNIVERSITY BLVD E,N/A,SAME DIR REAR END,CLEAR,DRY,DARK LIGHTS ON,TRAFFIC SIGNAL,No,POSSIBLE INJURY,NOT DISTRACTED,PASSENGER CAR,STOPPED IN TRAFFIC LANE,West,West,35,2010,HYUNDAI,0,0,0,0
Property Damage Crash,11-07-2022 11:20,County,EMORY GROVE RD,N/A,SAME DIR BOTH LEFT TURN,CLEAR,DRY,DAYLIGHT,TRAFFIC SIGNAL,Yes,NO APPARENT INJURY,UNKNOWN,PASSENGER CAR,MAKING LEFT TURN,West,South,35,1999,ACUR,8.4,37.5,16.4,0
Injury Crash,11-07-2022 12:33,Maryland (State),MUNCASTER MILL RD,N/A,SAME DIRECTION SIDESWIPE,CLEAR,DRY,DAYLIGHT,NO CONTROLS,Yes,NO APPARENT INJURY,LOOKED BUT DID NOT SEE,PASSENGER CAR,CHANGING LANES,East,East,40,2016,TOYT,7.4,38.2,24.2,0
Property Damage Crash,11-07-2022 12:33,Maryland (State),UNIVERSITY BLVD E,N/A,SINGLE VEHICLE,CLEAR,DRY,DAYLIGHT,TRAFFIC SIGNAL,Yes,NO APPARENT INJURY,NOT DISTRACTED,PASSENGER CAR,MOVING CONSTANT SPEED,West,West,35,2003,HOND,9.7,195,-0.1,0
Injury Crash,11-07-2022 12:35,Maryland (State),UNIVERSITY BLVD W,N/A,STRAIGHT MOVEMENT ANGLE,CLEAR,DRY,DAYLIGHT,TRAFFIC SIGNAL,No,NO APPARENT INJURY,UNKNOWN,PICKUP TRUCK,MOVING CONSTANT SPEED,East,East,35,2014,DODGE,2.3,34.1,27.4,0
Property Damage Crash,11-07-2022 12:35,Municipality,WATKINS MILL RD,N/A,SINGLE VEHICLE,CLEAR,DRY,DAWN,NO CONTROLS,Yes,NO APPARENT INJURY,UNKNOWN,(SPORT) UTILITY VEHICLE,MAKING RIGHT TURN,West,South,30,2007,TOYOTA,0,0,0,0
Property Damage Crash,11-07-2022 12:50,US (State),COLESVILLE RD,N/A,SAME DIRECTION SIDESWIPE,CLEAR,DRY,DAYLIGHT,N/A,Yes,NO APPARENT INJURY,NOT DISTRACTED,PASSENGER CAR,MOVING CONSTANT SPEED,North,North,35,2001,CHEV,5.2,56,30.5,0
Injury Crash,11-07-2022 12:50,Maryland (State),OLNEY SANDY SPRING RD,N/A,STRAIGHT MOVEMENT ANGLE,CLEAR,DRY,DAYLIGHT,STOP SIGN,No,NO APPARENT INJURY,NOT DISTRACTED,PASSENGER CAR,MOVING CONSTANT SPEED,West,West,30,2016,TOYT,12.9,34.3,20.4,0
Property Damage Crash,11-07-2022 13:14,County,EMORY GROVE RD,N/A,HEAD ON,N/A,DRY,DARK NO LIGHTS,NO CONTROLS,Yes,NO APPARENT INJURY,UNKNOWN,,UNKNOWN,Unknown,East,35,0,UNKNOWN,0,0,0,0
Injury Crash,11-07-2022 14:12,County,MIDDLEBROOK RD,N/A,STRAIGHT MOVEMENT ANGLE,CLEAR,DRY,DAYLIGHT,TRAFFIC SIGNAL,No,POSSIBLE INJURY,NOT DISTRACTED,PASSENGER CAR,MOVING CONSTANT SPEED,West,West,30,2004,TOYOTA,3.1,289,29,0
Property Damage Crash,11-07-2022 14:12,County,NEELEY RD,N/A,OTHER,CLEAR,DRY,DAYLIGHT,NO CONTROLS,Yes,NO APPARENT INJURY,NOT DISTRACTED,PASSENGER CAR,PARKED,,,25,2006,TOYOTA,7.5,344,19.1,0
Injury Crash,11-07-2022 14:25,County,FAIRLAND RD,N/A,SAME DIR REAR END,N/A,DRY,DAYLIGHT,TRAFFIC SIGNAL,Yes,NO APPARENT INJURY,UNKNOWN,UNKNOWN,UNKNOWN,North,North,40,0,UNKNOWN,0,0,0,0
Injury Crash,11-07-2022 14:25,County,NORBECK RD,N/A,STRAIGHT MOVEMENT ANGLE,N/A,DRY,DAYLIGHT,TRAFFIC SIGNAL,No,SUSPECTED MINOR INJURY,NOT DISTRACTED,PASSENGER CAR,MOVING CONSTANT SPEED,South,South,40,2012,JEEP,10.7,323,20,0
Injury Crash,11-07-2022 14:36,Maryland (State),QUINCE ORCHARD RD,N/A,SAME DIR REAR END,RAINING,WET,DAYLIGHT,TRAFFIC SIGNAL,Yes,NO APPARENT INJURY,NOT DISTRACTED,PASSENGER CAR,SLOWING OR STOPPING,South,South,35,2014,HYUNDAI,3.4,37.8,34.7,0
Property Damage Crash,11-07-2022 15:43,County,13TH ST,N/A,SAME DIR REAR END,RAINING,WET,DAYLIGHT,TRAFFIC SIGNAL,Yes,NO APPARENT INJURY,NO DRIVER PRESENT,PASSENGER CAR,MOVING CONSTANT SPEED,North,North,35,2015,NISSAN,2.2,34.4,23.9,0
Property Damage Crash,11-07-2022 16:04,US (State),COLESVILLE RD,N/A,SAME DIRECTION LEFT TURN,CLOUDY,DRY,DAYLIGHT,NO CONTROLS,Yes,NO APPARENT INJURY,LOOKED BUT DID NOT SEE,PASSENGER CAR,MAKING LEFT TURN,West,West,30,2018,INFINITI,3.2,210,29.4,0
Property Damage Crash,11-07-2022 16:05,Maryland (State),UNIVERSITY BLVD E,N/A,SAME DIR REAR END,CLEAR,DRY,DARK LIGHTS ON,TRAFFIC SIGNAL,Yes,NO APPARENT INJURY,UNKNOWN,PASSENGER CAR,MOVING CONSTANT SPEED,West,West,35,2000,NISSAN,0,0,0,0
Property Damage Crash,11-07-2022 16:05,County,BARRON ST,N/A,OTHER,N/A,WET,DAYLIGHT,NO CONTROLS,No,NO APPARENT INJURY,NOT DISTRACTED,PASSENGER CAR,STOPPED IN TRAFFIC LANE,North,North,30,2014,TOYT,7,43.8,28.9,0
Property Damage Crash,11-07-2022 16:07,County,CHERRY HILL RD,N/A,HEAD ON LEFT TURN,CLEAR,DRY,DAYLIGHT,TRAFFIC SIGNAL,No,NO APPARENT INJURY,NOT DISTRACTED,PASSENGER CAR,SLOWING OR STOPPING,South,South,40,2016,LEXU,1.6,48.2,45.6,0
Property Damage Crash,11-07-2022 16:07,,,,SAME DIR REAR END,RAINING,,DAYLIGHT,NO CONTROLS,No,NO APPARENT INJURY,NOT DISTRACTED,PASSENGER CAR,STOPPED IN TRAFFIC LANE,North,North,5,2017,HOND,5.8,358,41.6,0
Property Damage Crash,11-07-2022 16:15,US (State),COLUMBIA PIKE,N/A,SAME DIR REAR END,CLEAR,DRY,DAYLIGHT,NO CONTROLS,No,NO APPARENT INJURY,NOT DISTRACTED,PASSENGER CAR,SLOWING OR STOPPING,North,North,40,2004,TOYOTA,4.4,33.4,19.9,0