ACRS Report Type,Date and Time,Route Type,Road Name,Municipality,Collision Type,Weather,Surface Condition,Light,Traffic Control,Driver At Fault,Injury Severity,Driver Distracted By,Vehicle Body Type,Vehicle Movement,Vehicle Continuing Dir,Vehicle Going Dir,Speed Limit,Vehicle Year,Vehicle Make,Wind Speed (MPH),TMP10-DK ,Relative Humidity (%),Rain (Inches)
Injury Crash,11-07-2022 16:15,Maryland (State),CONNECTICUT AVE,N/A,STRAIGHT MOVEMENT ANGLE,CLEAR,DRY,DAYLIGHT,STOP SIGN,No,POSSIBLE INJURY,NOT DISTRACTED,PASSENGER CAR,MOVING CONSTANT SPEED,North,North,45,2008,INFI,3.7,129,40,0
Property Damage Crash,11-07-2022 16:15,Maryland (State),UNIVERSITY BLVD W,N/A,SAME DIR REAR END,CLEAR,DRY,DARK LIGHTS ON,TRAFFIC SIGNAL,Yes,NO APPARENT INJURY,UNKNOWN,PASSENGER CAR,SLOWING OR STOPPING,West,West,40,2017,HYUNDAI,1.9,40.4,28.5,0
Property Damage Crash,11-07-2022 16:30,County,FENTON ST,N/A,OTHER,N/A,DRY,DAYLIGHT,TRAFFIC SIGNAL,Yes,NO APPARENT INJURY,UNKNOWN,"CARGO VAN/LIGHT TRUCK 2 AXLES (OVER 10,000LBS (4,536 KG))",MOVING CONSTANT SPEED,East,East,25,2008,GMC,1.5,42,29.2,0
Injury Crash,11-07-2022 16:30,Maryland (State),WISCONSIN AVE,N/A,HEAD ON LEFT TURN,CLEAR,DRY,DAYLIGHT,TRAFFIC SIGNAL,No,SUSPECTED SERIOUS INJURY,NOT DISTRACTED,PASSENGER CAR,ACCELERATING,South,South,25,2018,FORD,0.7,29.9,23.8,0
Injury Crash,11-07-2022 16:33,Municipality,REDLAND BLVD,N/A,SAME DIR REAR END,N/A,DRY,DAYLIGHT,OTHER,No,POSSIBLE INJURY,NOT DISTRACTED,PASSENGER CAR,SLOWING OR STOPPING,East,East,30,2014,TOYT,0,0,0,0
Property Damage Crash,11-07-2022 16:58,Maryland (State),FREDERICK RD,ROCKVILLE,HEAD ON LEFT TURN,CLOUDY,DRY,DAYLIGHT,TRAFFIC SIGNAL,No,NO APPARENT INJURY,NOT DISTRACTED,PASSENGER CAR,MOVING CONSTANT SPEED,South,South,35,2014,NISS,5.6,138,30.5,0
Property Damage Crash,11-07-2022 17:09,County,DENFELD AVE,N/A,SAME DIR REAR END,CLEAR,DRY,DAYLIGHT,NO CONTROLS,No,NO APPARENT INJURY,NOT DISTRACTED,PICKUP TRUCK,SLOWING OR STOPPING,East,East,30,2007,FORD,7.9,43.2,23.7,0
Injury Crash,11-07-2022 17:09,Maryland (State),WOODFIELD RD,N/A,STRAIGHT MOVEMENT ANGLE,CLEAR,DRY,DARK LIGHTS ON,TRAFFIC SIGNAL,No,NO APPARENT INJURY,NOT DISTRACTED,(SPORT) UTILITY VEHICLE,STOPPED IN TRAFFIC LANE,North,West,30,2005,CHEV,0,0,0,0
Injury Crash,11-07-2022 17:39,County,BEL PRE RD,N/A,SAME DIR REAR END,CLEAR,DRY,DAYLIGHT,NO CONTROLS,No,NO APPARENT INJURY,NOT DISTRACTED,PASSENGER CAR,STOPPED IN TRAFFIC LANE,East,East,35,2004,TOYOTAT,3.7,30.6,20.8,0
Property Damage Crash,11-07-2022 17:39,,,,OTHER,SNOW,,DAYLIGHT,NO CONTROLS,Yes,NO APPARENT INJURY,NOT DISTRACTED,PASSENGER CAR,BACKING,Unknown,Unknown,15,2003,TOYOTA,0,0,0,0
Property Damage Crash,11-07-2022 18:13,,,,OTHER,CLEAR,,DAYLIGHT,NO CONTROLS,Yes,NO APPARENT INJURY,UNKNOWN,PASSENGER CAR,BACKING,North,East,5,2014,TOYOTA,0,0,0,0
Property Damage Crash,11-07-2022 20:06,County,ALLAN TERR,N/A,SAME DIRECTION SIDESWIPE,CLEAR,DRY,DAYLIGHT,NO CONTROLS,No,NO APPARENT INJURY,NOT DISTRACTED,SCHOOL BUS,MAKING LEFT TURN,South,West,15,2008,THOMAS,4.2,32.8,22,0
Property Damage Crash,11-07-2022 20:06,County,WHITTIER BLVD,N/A,STRAIGHT MOVEMENT ANGLE,CLEAR,DRY,DAYLIGHT,STOP SIGN,No,NO APPARENT INJURY,NOT DISTRACTED,PASSENGER CAR,MOVING CONSTANT SPEED,South,South,30,2003,VOLK,8.9,45.8,28.8,0
Property Damage Crash,11-07-2022 20:10,County,RIDGE RD,N/A,SAME DIR REAR END,CLEAR,DRY,DAYLIGHT,TRAFFIC SIGNAL,Yes,NO APPARENT INJURY,NOT DISTRACTED,PASSENGER CAR,MOVING CONSTANT SPEED,West,West,35,2011,CHRY,0,0,0,0
Property Damage Crash,11-07-2022 20:10,Maryland (State),RIVER RD,N/A,SAME DIR REAR END,CLEAR,DRY,DAYLIGHT,TRAFFIC SIGNAL,Yes,NO APPARENT INJURY,NOT DISTRACTED,PASSENGER CAR,MOVING CONSTANT SPEED,West,West,35,2010,MERCEDES-BENZ,3.8,316,28.9,0
Property Damage Crash,12-07-2022 00:35,Maryland (State),GERMANTOWN RD,N/A,STRAIGHT MOVEMENT ANGLE,CLEAR,DRY,DAYLIGHT,TRAFFIC SIGNAL,No,NO APPARENT INJURY,NOT DISTRACTED,PASSENGER CAR,MAKING LEFT TURN,North,East,30,2009,FORD,1.1,25.7,21.3,0
Property Damage Crash,12-07-2022 03:19,Maryland (State),ROCKVILLE PIKE,ROCKVILLE,HEAD ON LEFT TURN,CLEAR,DRY,DAYLIGHT,NO CONTROLS,Yes,NO APPARENT INJURY,NOT DISTRACTED,PASSENGER CAR,MAKING LEFT TURN,West,North,35,2011,MINI,7.8,319,12.6,0
Injury Crash,12-07-2022 05:29,Maryland (State),MONTGOMERY VILLAGE AVE,GAITHERSBURG,SAME DIR REAR END,CLOUDY,DRY,DAYLIGHT,TRAFFIC SIGNAL,No,NO APPARENT INJURY,NOT DISTRACTED,PASSENGER CAR,STOPPED IN TRAFFIC LANE,South,South,35,2006,FORD,1.7,46.8,14,0
Injury Crash,12-07-2022 05:29,Municipality,E GUDE DR,ROCKVILLE,SINGLE VEHICLE,RAINING,WET,DAYLIGHT,TRAFFIC SIGNAL,Yes,NO APPARENT INJURY,LOOKED BUT DID NOT SEE,PASSENGER CAR,MAKING LEFT TURN,East,South,40,2011,MAZD,4,122,30.2,0
Injury Crash,12-07-2022 06:49,Maryland (State),OLD GEORGETOWN RD,N/A,SAME DIR REAR END,CLEAR,DRY,DAYLIGHT,TRAFFIC SIGNAL,No,NO APPARENT INJURY,NOT DISTRACTED,(SPORT) UTILITY VEHICLE,SLOWING OR STOPPING,South,South,40,2007,LEXUS,6.4,101,38.3,0.03
Property Damage Crash,12-07-2022 06:49,Maryland (State),DAMASCUS RD,N/A,ANGLE MEETS LEFT HEAD ON,CLEAR,DRY,DAYLIGHT,NO CONTROLS,Yes,NO APPARENT INJURY,USING DEVICE OBJECT BROUGHT INTO VEHICLE,PASSENGER CAR,MAKING LEFT TURN,East,South,50,2010,NISSAN,5.3,143,30.8,0
Injury Crash,12-07-2022 06:49,Maryland (State),FREDERICK RD,N/A,HEAD ON LEFT TURN,N/A,DRY,DARK NO LIGHTS,OTHER,No,SUSPECTED MINOR INJURY,NOT DISTRACTED,POLICE VEHICLE/EMERGENCY,MOVING CONSTANT SPEED,South,South,45,2014,VOLK,1.4,40,25.9,0
Injury Crash,12-07-2022 06:49,County,DOXDAM TERR,N/A,SINGLE VEHICLE,CLEAR,DRY,DARK LIGHTS ON,N/A,Yes,NO APPARENT INJURY,NOT DISTRACTED,PASSENGER CAR,ACCELERATING,West,West,30,1999,BMW,2.3,55.7,54.3,0
Property Damage Crash,12-07-2022 06:49,Maryland (State),MUNCASTER MILL RD,N/A,HEAD ON LEFT TURN,CLEAR,DRY,DAYLIGHT,NO CONTROLS,Yes,NO APPARENT INJURY,NOT DISTRACTED,PICKUP TRUCK,MAKING LEFT TURN,North,North,35,2019,FORD,2.4,33.8,33.1,0
Property Damage Crash,12-07-2022 07:30,County,BROOKEVILLE RD,N/A,OTHER,CLEAR,DRY,DAYLIGHT,NO CONTROLS,Yes,NO APPARENT INJURY,UNKNOWN,PASSENGER CAR,SLOWING OR STOPPING,East,East,35,2004,ACURA,7,305,47.1,0
Injury Crash,12-07-2022 07:30,Municipality,FIRSTFIELD RD,N/A,STRAIGHT MOVEMENT ANGLE,SNOW,SNOW,DAYLIGHT,TRAFFIC SIGNAL,Yes,NO APPARENT INJURY,LOOKED BUT DID NOT SEE,PASSENGER CAR,MOVING CONSTANT SPEED,East,East,35,2016,VOLK,0,0,0,0
Injury Crash,12-07-2022 07:34,County,SHADY GROVE RD,N/A,SAME DIR REAR END,CLEAR,DRY,DAYLIGHT,TRAFFIC SIGNAL,No,POSSIBLE INJURY,NOT DISTRACTED,PASSENGER CAR,STOPPED IN TRAFFIC LANE,East,East,40,2009,SMART,2.8,303,30.1,0
Property Damage Crash,12-07-2022 08:00,Maryland (State),GEORGIA AVE,N/A,SAME DIR REAR END,CLEAR,DRY,DARK LIGHTS ON,TRAFFIC SIGNAL,No,NO APPARENT INJURY,NOT DISTRACTED,PASSENGER CAR,SLOWING OR STOPPING,North,North,35,2003,TOYT,10.4,42,30.5,0
Property Damage Crash,12-07-2022 08:00,County,SHADY GROVE RD,N/A,OTHER,CLEAR,DRY,DAYLIGHT,TRAFFIC SIGNAL,No,NO APPARENT INJURY,NOT DISTRACTED,PASSENGER CAR,STOPPED IN TRAFFIC LANE,East,South,40,2015,BMW,0.9,352,27.2,0
Injury Crash,12-07-2022 08:36,County,BRIARDALE RD,N/A,SINGLE VEHICLE,CLOUDY,DRY,DAYLIGHT,TRAFFIC SIGNAL,Yes,NO APPARENT INJURY,LOOKED BUT DID NOT SEE,(SPORT) UTILITY VEHICLE,MAKING RIGHT TURN,East,North,25,2011,FORD,2.3,37.8,37.2,0.03
Property Damage Crash,12-07-2022 08:36,County,E WAYNE AVE,N/A,SAME DIR REND LEFT TURN,N/A,DRY,DAYLIGHT,NO CONTROLS,Yes,NO APPARENT INJURY,NOT DISTRACTED,POLICE VEHICLE/NON EMERGENCY,SLOWING OR STOPPING,North,East,25,2005,FORD,12.8,51.7,50.4,0.02
Property Damage Crash,12-07-2022 08:36,County,MIDDLEBROOK RD,N/A,HEAD ON LEFT TURN,FOGGY,WET,DAWN,N/A,No,NO APPARENT INJURY,NOT DISTRACTED,ALL TERRAIN VEHICLE (ATV),MOVING CONSTANT SPEED,South,South,40,2013,FORD,2.7,46,29.4,0
Property Damage Crash,12-07-2022 08:42,Maryland (State),RIDGE RD,N/A,SINGLE VEHICLE,CLOUDY,DRY,DAYLIGHT,NO CONTROLS,Yes,NO APPARENT INJURY,UNKNOWN,PASSENGER CAR,MOVING CONSTANT SPEED,North,North,40,2007,FORD,1,42.1,36.5,0
Property Damage Crash,12-07-2022 08:42,County,BRIGGS CHANEY RD,N/A,OTHER,CLEAR,DRY,DAYLIGHT,NO CONTROLS,Yes,NO APPARENT INJURY,NOT DISTRACTED,PASSENGER CAR,MAKING U TURN,East,West,35,2003,SATURN,5.1,61.7,56.7,0
Property Damage Crash,12-07-2022 10:05,Maryland (State),UNIVERSITY BLVD E,N/A,SAME DIRECTION SIDESWIPE,N/A,DRY,DAYLIGHT,TRAFFIC SIGNAL,Yes,NO APPARENT INJURY,UNKNOWN,PASSENGER CAR,CHANGING LANES,West,West,35,2017,TOYOTA,7.1,61.5,57.7,0
Injury Crash,12-07-2022 10:05,County,RANDOLPH RD,N/A,STRAIGHT MOVEMENT ANGLE,CLEAR,DRY,DAYLIGHT,TRAFFIC SIGNAL,Yes,NO APPARENT INJURY,OTHER ELECTRONIC DEVICE (NAVIGATIONAL PALM PILOT),VAN,MOVING CONSTANT SPEED,West,West,30,2010,CHEVROLET,4.4,132,39.4,0
Property Damage Crash,12-07-2022 10:07,Municipality,PERRY PKWY,N/A,SINGLE VEHICLE,RAINING,WET,DAYLIGHT,NO CONTROLS,Yes,NO APPARENT INJURY,NOT DISTRACTED,PASSENGER CAR,MOVING CONSTANT SPEED,North,North,35,2002,VOLK,10,331,29.2,0
Injury Crash,12-07-2022 10:56,County,MIDDLEBROOK RD,N/A,HEAD ON LEFT TURN,CLEAR,DRY,DUSK,TRAFFIC SIGNAL,No,SUSPECTED MINOR INJURY,NOT DISTRACTED,PASSENGER CAR,MOVING CONSTANT SPEED,East,East,40,2000,JEEP,5.3,285,22.7,0
Injury Crash,12-07-2022 10:56,Maryland (State),QUINCE ORCHARD RD,N/A,SAME DIR REAR END,N/A,DRY,DAYLIGHT,TRAFFIC SIGNAL,No,POSSIBLE INJURY,NOT DISTRACTED,(SPORT) UTILITY VEHICLE,STOPPED IN TRAFFIC LANE,South,South,40,2011,KIA,4.7,37.5,22.7,0
Property Damage Crash,12-07-2022 11:10,Municipality,N WASHINGTON ST,ROCKVILLE,SAME DIRECTION RIGHT TURN,N/A,DRY,DAYLIGHT,TRAFFIC SIGNAL,Yes,NO APPARENT INJURY,LOOKED BUT DID NOT SEE,PASSENGER CAR,MAKING RIGHT TURN,South,South,35,2016,FORD,0,0,0,0
Property Damage Crash,12-07-2022 11:10,Other Public Roadway,CRABBS BRANCH WAY,N/A,SAME DIRECTION SIDESWIPE,CLEAR,DRY,DAYLIGHT,NO CONTROLS,Unknown,NO APPARENT INJURY,LOOKED BUT DID NOT SEE,PASSENGER CAR,MOVING CONSTANT SPEED,South,South,25,2017,TOYOTA,7.6,35.3,20.1,0
Injury Crash,12-07-2022 11:30,County,GRAND PRE RD,N/A,ANGLE MEETS LEFT HEAD ON,RAINING,WET,DAYLIGHT,N/A,No,NO APPARENT INJURY,NOT DISTRACTED,PASSENGER CAR,MOVING CONSTANT SPEED,North,North,35,2006,HONDA,7.7,346,34.7,0
Property Damage Crash,12-07-2022 11:50,County,DEMOCRACY BLVD,N/A,STRAIGHT MOVEMENT ANGLE,CLOUDY,DRY,DAYLIGHT,TRAFFIC SIGNAL,No,NO APPARENT INJURY,NOT DISTRACTED,(SPORT) UTILITY VEHICLE,MOVING CONSTANT SPEED,East,East,45,2008,HONDA,1.2,38.1,20.2,0
Property Damage Crash,12-07-2022 11:50,County,TUCKERMAN LA,N/A,OTHER,CLEAR,DRY,DAYLIGHT,NO CONTROLS,Yes,NO APPARENT INJURY,LOOKED BUT DID NOT SEE,TRANSIT BUS,MAKING RIGHT TURN,South,East,25,2008,GILLIG,0,0,0,0
Injury Crash,12-07-2022 11:50,Maryland (State),GEORGIA AVE,N/A,ANGLE MEETS LEFT TURN,RAINING,WET,DARK LIGHTS ON,NO CONTROLS,No,POSSIBLE INJURY,NOT DISTRACTED,PASSENGER CAR,MOVING CONSTANT SPEED,South,South,35,2019,HONDA,7.8,169,7.8,0
Injury Crash,12-07-2022 11:53,Maryland (State),GEORGIA AVE,N/A,SAME DIR REAR END,RAINING,WET,DAYLIGHT,TRAFFIC SIGNAL,No,POSSIBLE INJURY,NOT DISTRACTED,PASSENGER CAR,MOVING CONSTANT SPEED,South,South,35,1998,NISSAN,1.8,95,24.4,0
Property Damage Crash,12-07-2022 11:53,,UNIVERSITY BOULEVARD,N/A,SAME DIRECTION LEFT TURN,CLEAR,DRY,DARK LIGHTS ON,TRAFFIC SIGNAL,Yes,NO APPARENT INJURY,LOOKED BUT DID NOT SEE,PASSENGER CAR,MAKING LEFT TURN,South,West,35,2007,TOYOTA,6.4,53.7,41.3,0
Property Damage Crash,12-07-2022 11:53,Maryland (State),GEORGIA AVE,N/A,STRAIGHT MOVEMENT ANGLE,CLEAR,DRY,DAYLIGHT,TRAFFIC SIGNAL,Unknown,NO APPARENT INJURY,LOOKED BUT DID NOT SEE,PASSENGER CAR,MAKING LEFT TURN,West,West,35,2017,TOYOTA,0,0,0,0
Property Damage Crash,12-07-2022 12:30,Maryland (State),GEORGIA AVE,N/A,SAME DIR REAR END,CLEAR,DRY,DARK LIGHTS ON,TRAFFIC SIGNAL,No,NO APPARENT INJURY,NOT DISTRACTED,PASSENGER CAR,SLOWING OR STOPPING,South,South,35,2015,TOYOTA,0,0,0,0
Injury Crash,12-07-2022 12:30,County,MACARTHUR BLVD,N/A,STRAIGHT MOVEMENT ANGLE,RAINING,WET,DARK LIGHTS ON,FLASHING TRAFFIC SIGNAL,Yes,NO APPARENT INJURY,LOOKED BUT DID NOT SEE,PASSENGER CAR,N/A,North,North,30,2012,LEXUS,10.3,45.9,37.3,0
Property Damage Crash,12-07-2022 12:30,Maryland (State),PINEY BRANCH RD,N/A,SAME DIRECTION LEFT TURN,CLEAR,DRY,DAYLIGHT,N/A,No,NO APPARENT INJURY,NOT DISTRACTED,VAN,MOVING CONSTANT SPEED,South,South,35,2000,FORD,0,0,0,0
Property Damage Crash,12-07-2022 12:41,,,,SAME DIR REAR END,CLEAR,,DARK LIGHTS ON,N/A,Yes,NO APPARENT INJURY,NOT DISTRACTED,PICKUP TRUCK,BACKING,Unknown,Unknown,0,2004,FORD,1.9,215,23.8,0
Injury Crash,12-07-2022 12:41,County,FATHER HURLEY BLVD,N/A,STRAIGHT MOVEMENT ANGLE,CLEAR,DRY,DARK LIGHTS ON,TRAFFIC SIGNAL,Yes,NO APPARENT INJURY,INATTENTIVE OR LOST IN THOUGHT,PASSENGER CAR,MOVING CONSTANT SPEED,West,West,45,2006,CHEV,12.6,36.4,25.8,0
Property Damage Crash,12-07-2022 12:56,County,WILLOW LA,CHEVY CHASE #4,STRAIGHT MOVEMENT ANGLE,CLEAR,DRY,DAWN,STOP SIGN,Unknown,NO APPARENT INJURY,LOOKED BUT DID NOT SEE,PASSENGER CAR,ACCELERATING,East,East,25,2010,CADI,0,0,0,0
Injury Crash,12-07-2022 12:59,County,SEVEN LOCKS RD,N/A,HEAD ON,N/A,DRY,DARK LIGHTS ON,FLASHING TRAFFIC SIGNAL,No,NO APPARENT INJURY,NOT DISTRACTED,PASSENGER CAR,ACCELERATING,South,South,35,2012,MERZ,0,0,0,0
Property Damage Crash,12-07-2022 12:59,US (State),COLESVILLE RD,N/A,SAME DIRECTION RIGHT TURN,CLEAR,DRY,DAYLIGHT,NO CONTROLS,No,NO APPARENT INJURY,NOT DISTRACTED,PASSENGER CAR,MOVING CONSTANT SPEED,North,North,35,2003,HONDA,1.9,319,27.1,0
Property Damage Crash,12-07-2022 13:15,County,SUTHERLAND RD,N/A,SINGLE VEHICLE,CLEAR,DRY,DAYLIGHT,NO CONTROLS,Yes,NO APPARENT INJURY,OTHER DISTRACTION,"MEDIUM/HEAVY TRUCKS 3 AXLES (OVER 10,000LBS (4,536KG))",MOVING CONSTANT SPEED,North,North,25,2009,MACK,3.7,39.5,39.6,0
Injury Crash,12-07-2022 13:43,County,BEL PRE RD,N/A,SAME DIR REAR END,CLEAR,DRY,DAYLIGHT,TRAFFIC SIGNAL,No,POSSIBLE INJURY,NOT DISTRACTED,PASSENGER CAR,STOPPED IN TRAFFIC LANE,West,West,35,2006,HONDA,2.4,16,23.6,0
Property Damage Crash,12-07-2022 13:43,Maryland (State),NEW HAMPSHIRE AVE,N/A,STRAIGHT MOVEMENT ANGLE,RAINING,WET,DARK NO LIGHTS,STOP SIGN,No,NO APPARENT INJURY,NOT DISTRACTED,(SPORT) UTILITY VEHICLE,MOVING CONSTANT SPEED,North,North,45,2021,TOYT,0,0,0,0
Property Damage Crash,12-07-2022 14:05,County,LOST KNIFE RD,N/A,SAME DIR REAR END,CLEAR,DRY,DAYLIGHT,TRAFFIC SIGNAL,Yes,NO APPARENT INJURY,NOT DISTRACTED,PASSENGER CAR,SLOWING OR STOPPING,South,South,30,2016,TOYT,6.6,43.3,38.8,0
Property Damage Crash,12-07-2022 14:05,County,CLARKSBURG RD,N/A,OPPOSITE DIRECTION SIDESWIPE,CLEAR,DRY,DAYLIGHT,OTHER,Yes,NO APPARENT INJURY,NOT DISTRACTED,"OTHER LIGHT TRUCKS (10,000LBS (4,536KG) OR LESS)",MOVING CONSTANT SPEED,South,South,35,0,CHEVROLET,7.3,38.9,26.8,0
Property Damage Crash,12-07-2022 14:10,Maryland (State),UNIVERSITY BLVD E,N/A,SAME DIR REAR END,SNOW,WET,DAYLIGHT,TRAFFIC SIGNAL,No,NO APPARENT INJURY,NOT DISTRACTED,PASSENGER CAR,STOPPED IN TRAFFIC LANE,East,East,35,2005,NISS,0,0,0,0
Injury Crash,12-07-2022 14:10,Maryland (State),FALLS RD,N/A,SAME DIR REAR END,CLEAR,DRY,DAYLIGHT,TRAFFIC SIGNAL,No,POSSIBLE INJURY,NOT DISTRACTED,PASSENGER CAR,STOPPED IN TRAFFIC LANE,North,North,40,2014,TOYT,5.8,114,19.6,0
Injury Crash,12-07-2022 14:31,Maryland (State),GEORGIA AVE,N/A,STRAIGHT MOVEMENT ANGLE,CLEAR,DRY,DAYLIGHT,TRAFFIC SIGNAL,Yes,NO APPARENT INJURY,BY MOVING OBJECT IN VEHICLE,(SPORT) UTILITY VEHICLE,MOVING CONSTANT SPEED,South,South,35,2013,TOYOTA,2.4,325,40.4,0
Property Damage Crash,12-07-2022 14:31,County,HOWARD AVE,N/A,STRAIGHT MOVEMENT ANGLE,CLEAR,DRY,DAYLIGHT,NO CONTROLS,Yes,NO APPARENT INJURY,UNKNOWN,"CARGO VAN/LIGHT TRUCK 2 AXLES (OVER 10,000LBS (4,536 KG))",BACKING,South,East,25,2014,CHEVY,0,0,0,0
Property Damage Crash,12-07-2022 14:50,Municipality,RUSSELL AVE,N/A,SAME DIR REAR END,CLEAR,DRY,DAYLIGHT,YIELD SIGN,No,NO APPARENT INJURY,NOT DISTRACTED,PASSENGER CAR,ACCELERATING,South,East,25,2015,FORD,3.2,38.7,23.5,0
Property Damage Crash,12-07-2022 14:50,Maryland (State),UNIVERSITY BLVD W,N/A,STRAIGHT MOVEMENT ANGLE,CLEAR,DRY,DARK LIGHTS ON,STOP SIGN,No,NO APPARENT INJURY,NOT DISTRACTED,VAN,MOVING CONSTANT SPEED,West,West,35,2005,DODGE,0,0,0,0
Property Damage Crash,12-07-2022 14:50,Maryland (State),W MONTGOMERY AVE,ROCKVILLE,ANGLE MEETS RIGHT TURN,CLEAR,DRY,DARK LIGHTS ON,NO CONTROLS,No,NO APPARENT INJURY,NOT DISTRACTED,"MEDIUM/HEAVY TRUCKS 3 AXLES (OVER 10,000LBS (4,536KG))",MOVING CONSTANT SPEED,East,East,45,2019,KW,1,40.5,37,0
Injury Crash,12-07-2022 15:37,Maryland (State),UNIVERSITY BLVD E,N/A,SINGLE VEHICLE,RAINING,WET,DARK LIGHTS ON,TRAFFIC SIGNAL,Yes,NO APPARENT INJURY,NOT DISTRACTED,PASSENGER CAR,MOVING CONSTANT SPEED,North,East,35,2014,HYUNDAI,7,36.3,23.7,0
Property Damage Crash,12-07-2022 15:37,County,REEDIE DR,N/A,SAME DIRECTION SIDESWIPE,CLEAR,DRY,DAYLIGHT,OTHER,Yes,NO APPARENT INJURY,INATTENTIVE OR LOST IN THOUGHT,PASSENGER CAR,CHANGING LANES,North,North,15,2019,GMC,2.2,344,38.6,0
Injury Crash,12-07-2022 16:17,US (State),COLESVILLE RD,N/A,STRAIGHT MOVEMENT ANGLE,CLEAR,DRY,DAYLIGHT,TRAFFIC SIGNAL,No,NO APPARENT INJURY,NOT DISTRACTED,PASSENGER CAR,MOVING CONSTANT SPEED,South,South,40,2015,TOYOTA,4,110,23,0
Property Damage Crash,12-07-2022 16:21,Interstate (State),CAPITAL BELTWAY,N/A,SAME DIR REAR END,RAINING,N/A,DAYLIGHT,N/A,Yes,NO APPARENT INJURY,INATTENTIVE OR LOST IN THOUGHT,PASSENGER CAR,MOVING CONSTANT SPEED,East,East,55,2004,MAZDA,0,0,0,0
Injury Crash,12-07-2022 16:21,Maryland (State),NORBECK RD,ROCKVILLE,SAME DIR REAR END,CLEAR,DRY,DAYLIGHT,NO CONTROLS,Yes,NO APPARENT INJURY,NOT DISTRACTED,PASSENGER CAR,MOVING CONSTANT SPEED,East,East,50,2006,TOYT,4,168,41.1,0
Property Damage Crash,12-07-2022 16:23,Maryland (State),FALLS RD,N/A,SAME DIR REAR END,CLEAR,DRY,DARK LIGHTS ON,N/A,No,NO APPARENT INJURY,UNKNOWN,PASSENGER CAR,SLOWING OR STOPPING,East,East,35,2010,HONDA,0,0,0,0
Property Damage Crash,12-07-2022 17:40,Maryland (State),WOODFIELD RD,N/A,SINGLE VEHICLE,CLEAR,DRY,DARK LIGHTS ON,N/A,No,NO APPARENT INJURY,NOT DISTRACTED,POLICE VEHICLE/EMERGENCY,MOVING CONSTANT SPEED,South,South,45,2012,DODGE,0,0,0,0
Property Damage Crash,12-07-2022 17:40,County,LORAIN AVE,N/A,STRAIGHT MOVEMENT ANGLE,CLEAR,DRY,DAYLIGHT,NO CONTROLS,Yes,NO APPARENT INJURY,LOOKED BUT DID NOT SEE,PASSENGER CAR,SLOWING OR STOPPING,North,East,45,1991,FORD,0,0,0,0
Property Damage Crash,12-07-2022 17:44,US (State),COLUMBIA PIKE,N/A,SAME DIR REAR END,CLEAR,DRY,DAYLIGHT,TRAFFIC SIGNAL,No,NO APPARENT INJURY,NOT DISTRACTED,PASSENGER CAR,STOPPED IN TRAFFIC LANE,North,North,50,2007,HONDA,3.6,39.2,37.6,0
Injury Crash,12-07-2022 17:44,County,DARNESTOWN RD,N/A,HEAD ON LEFT TURN,CLEAR,DRY,DAYLIGHT,TRAFFIC SIGNAL,No,SUSPECTED MINOR INJURY,NOT DISTRACTED,PASSENGER CAR,MOVING CONSTANT SPEED,West,West,40,2010,HONDA,15.6,182,27.6,0
Injury Crash,12-07-2022 18:08,US (State),COLUMBIA PIKE,N/A,STRAIGHT MOVEMENT ANGLE,RAINING,WET,DARK LIGHTS ON,TRAFFIC SIGNAL,No,POSSIBLE INJURY,NOT DISTRACTED,PASSENGER CAR,MOVING CONSTANT SPEED,South,South,45,2020,DODGE,11.1,34.5,24.4,0
Injury Crash,12-07-2022 18:08,US (State),COLESVILLE RD,N/A,SAME DIR REAR END,CLEAR,N/A,DUSK,TRAFFIC SIGNAL,No,POSSIBLE INJURY,NOT DISTRACTED,PASSENGER CAR,SLOWING OR STOPPING,East,South,30,2014,DODGE,9.6,28.6,17,0
Property Damage Crash,12-07-2022 18:09,Interstate (State),CAPITAL BELTWAY,N/A,SAME DIR REAR END,CLEAR,DRY,DAYLIGHT,N/A,No,NO APPARENT INJURY,NOT DISTRACTED,PASSENGER CAR,MOVING CONSTANT SPEED,East,East,55,2016,HONDA,7.2,198,49.6,0
Property Damage Crash,12-07-2022 23:00,US (State),COLUMBIA PIKE,N/A,HEAD ON LEFT TURN,RAINING,WET,N/A,TRAFFIC SIGNAL,No,NO APPARENT INJURY,NOT DISTRACTED,PICKUP TRUCK,SLOWING OR STOPPING,North,North,40,1997,FORD,3.1,55.4,41.4,0
Property Damage Crash,12-07-2022 23:00,County,ASPEN HILL RD,N/A,SAME DIR REAR END,CLEAR,DRY,DARK NO LIGHTS,NO CONTROLS,No,NO APPARENT INJURY,NOT DISTRACTED,PASSENGER CAR,SLOWING OR STOPPING,North,North,35,2013,TOYOTA,8.9,139,32,0
Property Damage Crash,12-07-2022 23:45,County,DARNESTOWN RD,N/A,HEAD ON LEFT TURN,CLEAR,DRY,DAYLIGHT,TRAFFIC SIGNAL,No,NO APPARENT INJURY,NOT DISTRACTED,PASSENGER CAR,MOVING CONSTANT SPEED,East,East,40,2019,BMW,9.7,339,18.8,0
Property Damage Crash,01-08-2022 05:06,Maryland (State),UNIVERSITY BLVD W,N/A,SAME DIRECTION RIGHT TURN,CLEAR,WET,DAYLIGHT,TRAFFIC SIGNAL,No,NO APPARENT INJURY,NOT DISTRACTED,TRANSIT BUS,STOPPED IN TRAFFIC LANE,East,East,40,2006,NEW FLYER,16.1,168,39.6,0