ACRS Report Type,Date and Time,Route Type,Road Name,Municipality,Collision Type,Weather,Surface Condition,Light,Traffic Control,Driver At Fault,Injury Severity,Driver Distracted By,Vehicle Body Type,Vehicle Movement,Vehicle Continuing Dir,Vehicle Going Dir,Speed Limit,Vehicle Year,Vehicle Make,Wind Speed (MPH),TMP10-DK ,Relative Humidity (%),Rain (Inches)
Injury Crash,01-08-2022 07:58,County,SHADY GROVE RD,N/A,SAME DIR REAR END,CLEAR,DRY,DAYLIGHT,TRAFFIC SIGNAL,Yes,NO APPARENT INJURY,OTHER DISTRACTION,PASSENGER CAR,SLOWING OR STOPPING,South,South,45,2012,HONDA,3.7,31.9,16.9,0
Injury Crash,01-08-2022 09:05,County,FLOWER AVE,N/A,HEAD ON LEFT TURN,RAINING,WET,DAYLIGHT,NO CONTROLS,Yes,NO APPARENT INJURY,NOT DISTRACTED,PASSENGER CAR,MOVING CONSTANT SPEED,North,North,30,2001,NISSAN,0,0,0,0
Injury Crash,01-08-2022 09:05,County,WARING STATION RD,N/A,SAME DIRECTION RIGHT TURN,RAINING,WET,DAYLIGHT,TRAFFIC SIGNAL,No,NO APPARENT INJURY,NOT DISTRACTED,SCHOOL BUS,STARTING FROM LANE,West,South,30,2011,THOMAS,4,332,28.2,0
Property Damage Crash,01-08-2022 09:05,Maryland (State),VEIRS MILL RD,N/A,SAME DIR REAR END,RAINING,WET,DAYLIGHT,TRAFFIC SIGNAL,Yes,NO APPARENT INJURY,NOT DISTRACTED,PASSENGER CAR,MOVING CONSTANT SPEED,East,East,40,2013,JEEP,2,34.8,21.7,0
Property Damage Crash,01-08-2022 10:15,County,TWINBROOK PKWY,N/A,HEAD ON LEFT TURN,CLEAR,DRY,DAYLIGHT,TRAFFIC SIGNAL,No,NO APPARENT INJURY,NOT DISTRACTED,PASSENGER CAR,MOVING CONSTANT SPEED,South,South,35,2005,HYUNDAI,0,0,0,0
Property Damage Crash,01-08-2022 10:15,Maryland (State),OLNEY LAYTONSVILLE RD,N/A,SAME DIR REAR END,CLOUDY,WET,DAYLIGHT,TRAFFIC SIGNAL,Yes,NO APPARENT INJURY,NOT DISTRACTED,PASSENGER CAR,SLOWING OR STOPPING,West,West,40,2004,TOYOTA,0,0,0,0
Property Damage Crash,01-08-2022 10:47,,,,SINGLE VEHICLE,CLEAR,,DAYLIGHT,NO CONTROLS,Yes,NO APPARENT INJURY,LOOKED BUT DID NOT SEE,SCHOOL BUS,BACKING,West,West,0,2012,THOMAS,0,0,0,0
Injury Crash,01-08-2022 10:47,Maryland (State),CLOPPER RD,GAITHERSBURG,HEAD ON,CLEAR,DRY,DAYLIGHT,TRAFFIC SIGNAL,No,NO APPARENT INJURY,NOT DISTRACTED,PASSENGER CAR,MOVING CONSTANT SPEED,North,North,35,2009,HONDA,1.1,37.6,36.7,0
Injury Crash,01-08-2022 11:06,US (State),COLESVILLE RD,N/A,STRAIGHT MOVEMENT ANGLE,CLEAR,N/A,DARK LIGHTS ON,TRAFFIC SIGNAL,Yes,NO APPARENT INJURY,NOT DISTRACTED,PASSENGER CAR,MOVING CONSTANT SPEED,East,East,40,2017,DODGE,3.8,84,35,0
Injury Crash,01-08-2022 12:00,Interstate (State),EISENHOWER MEMORIAL HWY,N/A,OTHER,CLEAR,DRY,DAYLIGHT,NO CONTROLS,No,NO APPARENT INJURY,NOT DISTRACTED,PASSENGER CAR,SLOWING OR STOPPING,South,South,0,2000,CHEV,6.1,41.6,29.8,0
Property Damage Crash,01-08-2022 12:00,Other Public Roadway,TECH RD,N/A,SAME DIR REAR END,CLEAR,DRY,DAYLIGHT,NO CONTROLS,No,NO APPARENT INJURY,NOT DISTRACTED,TRANSIT BUS,MOVING CONSTANT SPEED,North,North,30,2013,METRO,6.9,60.7,56.4,0
Property Damage Crash,01-08-2022 12:00,Maryland (State),HUNGERFORD DR,ROCKVILLE,SAME DIR BOTH LEFT TURN,N/A,N/A,DARK LIGHTS ON,TRAFFIC SIGNAL,Yes,NO APPARENT INJURY,UNKNOWN,PASSENGER CAR,CHANGING LANES,West,South,35,2021,JEEP,0,0,0,0
Property Damage Crash,01-08-2022 12:04,Maryland (State),UNIVERSITY BLVD W,N/A,HEAD ON,CLEAR,DRY,DAYLIGHT,NO CONTROLS,Unknown,NO APPARENT INJURY,UNKNOWN,PASSENGER CAR,MOVING CONSTANT SPEED,North,North,15,2007,MERCEDES,5.3,260,35.8,0
Property Damage Crash,01-08-2022 12:15,County,E GUDE DR,N/A,OTHER,CLEAR,DRY,DAYLIGHT,TRAFFIC SIGNAL,Yes,NO APPARENT INJURY,UNKNOWN,"MEDIUM/HEAVY TRUCKS 3 AXLES (OVER 10,000LBS (4,536KG))",MAKING RIGHT TURN,North,West,40,2017,PEN,0,0,0,0
Injury Crash,01-08-2022 12:15,County,AIRPARK RD,N/A,SINGLE VEHICLE,RAINING,WET,DAYLIGHT,NO CONTROLS,Yes,SUSPECTED MINOR INJURY,UNKNOWN,(SPORT) UTILITY VEHICLE,SKIDDING,South,South,40,2004,JEEP,0,0,0,0
Property Damage Crash,01-08-2022 12:40,Maryland (State),SANDY SPRING RD,N/A,STRAIGHT MOVEMENT ANGLE,CLEAR,DRY,DAYLIGHT,TRAFFIC SIGNAL,Yes,NO APPARENT INJURY,NOT DISTRACTED,PASSENGER CAR,MOVING CONSTANT SPEED,East,East,40,2014,HONDA,0,0,0,0
Injury Crash,01-08-2022 12:40,County,TRAVILAH RD,N/A,STRAIGHT MOVEMENT ANGLE,CLEAR,DRY,DAYLIGHT,STOP SIGN,Yes,NO APPARENT INJURY,UNKNOWN,PASSENGER CAR,MOVING CONSTANT SPEED,West,West,30,2012,HYUN,6.9,47.9,42.3,0
Property Damage Crash,01-08-2022 13:11,Maryland (State),CONNECTICUT AVE,N/A,STRAIGHT MOVEMENT ANGLE,CLEAR,DRY,DAYLIGHT,STOP SIGN,No,NO APPARENT INJURY,NOT DISTRACTED,PASSENGER CAR,MOVING CONSTANT SPEED,South,South,35,2009,TOYT,4.3,99,30.5,0
Property Damage Crash,01-08-2022 13:11,Maryland (State),FREDERICK RD,GAITHERSBURG,OTHER,CLEAR,DRY,DAYLIGHT,NO CONTROLS,No,NO APPARENT INJURY,NOT DISTRACTED,PASSENGER CAR,MOVING CONSTANT SPEED,North,North,40,2017,HONDA,10.8,27.6,18.6,0
Property Damage Crash,01-08-2022 13:18,County,SCHAEFFER RD,N/A,HEAD ON LEFT TURN,CLEAR,DRY,DAYLIGHT,NO CONTROLS,Yes,NO APPARENT INJURY,NOT DISTRACTED,(SPORT) UTILITY VEHICLE,MAKING LEFT TURN,East,East,35,2016,MERZ,3,42.3,34,0
Property Damage Crash,01-08-2022 13:18,Maryland (State),FALLS RD,ROCKVILLE,SAME DIR REAR END,CLEAR,DRY,DAYLIGHT,TRAFFIC SIGNAL,No,NO APPARENT INJURY,NOT DISTRACTED,PASSENGER CAR,SLOWING OR STOPPING,South,South,35,2010,HOND,3.7,177,40.8,0
Property Damage Crash,01-08-2022 13:51,Maryland (State),GEORGIA AVE,N/A,SAME DIR REAR END,CLEAR,N/A,DARK LIGHTS ON,N/A,No,NO APPARENT INJURY,NOT DISTRACTED,PASSENGER CAR,SLOWING OR STOPPING,North,North,35,2012,TOYOTA,8.1,343,36.1,0
Property Damage Crash,01-08-2022 14:00,County,EVANS PKWY,N/A,UNKNOWN,CLEAR,DRY,DAYLIGHT,NO CONTROLS,Yes,NO APPARENT INJURY,UNKNOWN,,UNKNOWN,West,West,25,0,UNKNOWN,3.2,42.1,39.8,0
Property Damage Crash,01-08-2022 14:00,Maryland (State),HUNGERFORD DR,ROCKVILLE,SAME DIR REAR END,N/A,DRY,DARK LIGHTS ON,TRAFFIC SIGNAL,No,NO APPARENT INJURY,NOT DISTRACTED,(SPORT) UTILITY VEHICLE,MOVING CONSTANT SPEED,South,South,40,2015,TOTY,0,0,0,0
Property Damage Crash,01-08-2022 14:10,Maryland (State),LAYHILL RD,N/A,SAME DIR REAR END,CLEAR,DRY,DAYLIGHT,N/A,No,NO APPARENT INJURY,NOT DISTRACTED,(SPORT) UTILITY VEHICLE,SLOWING OR STOPPING,South,South,40,2008,HONDA,10.1,45,30.6,0
Injury Crash,01-08-2022 14:10,County,FENTON ST,N/A,SAME DIR REAR END,CLEAR,DRY,DAYLIGHT,NO CONTROLS,Yes,POSSIBLE INJURY,NOT DISTRACTED,PASSENGER CAR,MOVING CONSTANT SPEED,East,East,25,2013,HONDA,3.6,60.2,39.1,0
Injury Crash,01-08-2022 14:20,County,BAEDERWOOD LA,N/A,SINGLE VEHICLE,N/A,DRY,DAYLIGHT,NO CONTROLS,Yes,POSSIBLE INJURY,INATTENTIVE OR LOST IN THOUGHT,PASSENGER CAR,MOVING CONSTANT SPEED,North,North,25,2013,TOYOTA,5.3,40.5,26.4,0
Injury Crash,01-08-2022 14:20,Maryland (State),WISCONSIN AVE,N/A,OTHER,CLEAR,DRY,DAYLIGHT,TRAFFIC SIGNAL,No,NO APPARENT INJURY,NOT DISTRACTED,PASSENGER CAR,STOPPED IN TRAFFIC LANE,West,West,35,2015,TOYOTA,11.7,178,23.8,0
Injury Crash,01-08-2022 14:54,County,BRINK RD,N/A,SAME DIR REND LEFT TURN,CLEAR,DRY,DAYLIGHT,NO CONTROLS,No,NO APPARENT INJURY,NOT DISTRACTED,PASSENGER CAR,STOPPED IN TRAFFIC LANE,South,West,35,2007,SUBARU,0,0,0,0
Property Damage Crash,01-08-2022 14:54,County,GRANDVIEW AVE,N/A,OTHER,N/A,WET,DARK LIGHTS ON,NO CONTROLS,Yes,NO APPARENT INJURY,LOOKED BUT DID NOT SEE,PASSENGER CAR,BACKING,South,North,25,2006,HOND,3,242,46.7,0
Property Damage Crash,01-08-2022 14:54,Maryland (State),OLNEY LAYTONSVILLE RD,N/A,STRAIGHT MOVEMENT ANGLE,CLEAR,DRY,DARK LIGHTS ON,NO CONTROLS,No,NO APPARENT INJURY,NOT DISTRACTED,PASSENGER CAR,MOVING CONSTANT SPEED,East,East,30,2000,HOND,1.9,37.8,36.6,0.02
Property Damage Crash,01-08-2022 14:56,County,SEVEN LOCKS RD,N/A,SAME DIR REAR END,CLEAR,DRY,DAYLIGHT,NO CONTROLS,No,NO APPARENT INJURY,NOT DISTRACTED,PASSENGER CAR,SLOWING OR STOPPING,North,North,40,2013,GMC,7.8,49.8,36,0
Injury Crash,01-08-2022 14:56,County,CRABBS BRANCH WAY,N/A,HEAD ON,CLEAR,DRY,DAYLIGHT,TRAFFIC SIGNAL,No,NO APPARENT INJURY,NOT DISTRACTED,(SPORT) UTILITY VEHICLE,STOPPED IN TRAFFIC LANE,North,North,35,2014,HONDA,0,0,0,0
Injury Crash,01-08-2022 15:08,Maryland (State),DARNESTOWN RD,N/A,SAME DIR REAR END,RAINING,WET,DARK LIGHTS ON,TRAFFIC SIGNAL,Yes,POSSIBLE INJURY,UNKNOWN,,N/A,East,East,0,0,UNKNOWN,7.3,207,18.2,0
Injury Crash,01-08-2022 15:08,Maryland (State),CONNECTICUT AVE,N/A,STRAIGHT MOVEMENT ANGLE,CLEAR,DRY,DAYLIGHT,NO CONTROLS,No,SUSPECTED MINOR INJURY,NOT DISTRACTED,PASSENGER CAR,MOVING CONSTANT SPEED,North,North,40,2015,CHEVROLET,3.9,126,-1.7,0
Property Damage Crash,01-08-2022 15:31,Maryland (State),NEW HAMPSHIRE AVE,N/A,SAME DIR REAR END,CLEAR,DRY,DAYLIGHT,TRAFFIC SIGNAL,No,NO APPARENT INJURY,NOT DISTRACTED,"CARGO VAN/LIGHT TRUCK 2 AXLES (OVER 10,000LBS (4,536 KG))",ACCELERATING,South,South,50,2019,MACK,0,0,0,0
Injury Crash,01-08-2022 15:31,US (State),COLUMBIA PIKE,N/A,STRAIGHT MOVEMENT ANGLE,CLEAR,DRY,DARK LIGHTS ON,TRAFFIC SIGNAL,Yes,NO APPARENT INJURY,LOOKED BUT DID NOT SEE,(SPORT) UTILITY VEHICLE,ACCELERATING,East,South,50,2014,JEEP,8.7,37.8,32.4,0.02
Injury Crash,01-08-2022 15:31,Maryland (State),OLD GEORGETOWN RD,N/A,SAME DIRECTION LEFT TURN,RAINING,WET,DAYLIGHT,TRAFFIC SIGNAL,Yes,NO APPARENT INJURY,INATTENTIVE OR LOST IN THOUGHT,PASSENGER CAR,MAKING LEFT TURN,North,East,45,1997,FORD,0,0,0,0
Property Damage Crash,01-08-2022 16:45,,,,OTHER,CLEAR,,DAYLIGHT,NO CONTROLS,Yes,NO APPARENT INJURY,LOOKED BUT DID NOT SEE,PASSENGER CAR,PARKING,Unknown,Unknown,5,2010,TOYOTA,7,43.3,24.8,0
Property Damage Crash,01-08-2022 17:25,Maryland (State),RIVER RD,N/A,SAME DIR REAR END,CLEAR,DRY,DAYLIGHT,NO CONTROLS,No,NO APPARENT INJURY,NOT DISTRACTED,(SPORT) UTILITY VEHICLE,STOPPED IN TRAFFIC LANE,East,East,40,2000,JEEP,6.5,45,28.6,0
Injury Crash,01-08-2022 17:25,Municipality,ERSKINE ST,N/A,STRAIGHT MOVEMENT ANGLE,RAINING,WET,DAYLIGHT,TRAFFIC SIGNAL,No,NO APPARENT INJURY,NOT DISTRACTED,(SPORT) UTILITY VEHICLE,ACCELERATING,West,West,35,2007,AUDI,0,0,0,0
Injury Crash,01-08-2022 19:25,County,CRYSTAL ROCK DR,N/A,SAME DIR REND RIGHT TURN,CLEAR,DRY,DAYLIGHT,TRAFFIC SIGNAL,No,POSSIBLE INJURY,NOT DISTRACTED,PASSENGER CAR,SLOWING OR STOPPING,East,North,35,2016,HONDA,6.7,120,37.9,0.03
Injury Crash,01-08-2022 21:58,Maryland (State),UNIVERSITY BLVD W,N/A,HEAD ON LEFT TURN,N/A,DRY,DAYLIGHT,NO CONTROLS,No,SUSPECTED MINOR INJURY,NOT DISTRACTED,(SPORT) UTILITY VEHICLE,MOVING CONSTANT SPEED,East,East,40,2006,NISSAN,0,0,0,0
Property Damage Crash,01-08-2022 21:58,Maryland (State),GEORGIA AVE,N/A,STRAIGHT MOVEMENT ANGLE,FOGGY,WET,DAYLIGHT,TRAFFIC SIGNAL,Yes,NO APPARENT INJURY,NOT DISTRACTED,PASSENGER CAR,MAKING RIGHT TURN,East,North,35,2016,FORD,3.2,230,43.5,0
Injury Crash,01-08-2022 22:11,Maryland (State),UNIVERSITY BLVD E,N/A,SAME DIR REAR END,CLEAR,DRY,DAYLIGHT,TRAFFIC SIGNAL,Yes,NO APPARENT INJURY,UNKNOWN,PASSENGER CAR,MOVING CONSTANT SPEED,East,East,35,2005,VOLKSWAGEN,3.3,61.6,39.2,0
Injury Crash,01-08-2022 23:32,Maryland (State),ROCKVILLE PIKE,ROCKVILLE,OTHER,N/A,DRY,DARK LIGHTS ON,TRAFFIC SIGNAL,Yes,NO APPARENT INJURY,UNKNOWN,PICKUP TRUCK,MAKING U TURN,East,South,35,2009,CHEVY,4.5,45.6,34.6,0
Property Damage Crash,01-08-2022 23:45,,,,SAME DIR REAR END,CLEAR,,DARK LIGHTS ON,NO CONTROLS,Yes,NO APPARENT INJURY,LOOKED BUT DID NOT SEE,PASSENGER CAR,ACCELERATING,North,North,0,2018,NISSAN,3.9,39.3,37.6,0
Injury Crash,02-08-2022 06:01,Maryland (State),NEW HAMPSHIRE AVE,N/A,HEAD ON LEFT TURN,CLEAR,DRY,DAYLIGHT,TRAFFIC SIGNAL,Yes,NO APPARENT INJURY,NOT DISTRACTED,PASSENGER CAR,MOVING CONSTANT SPEED,West,North,40,2008,TOYOTA,4.1,169,31.9,0
Injury Crash,02-08-2022 07:00,Maryland (State),UNIVERSITY BLVD E,N/A,SAME DIR REAR END,FOGGY,WET,DARK LIGHTS ON,NO CONTROLS,No,NO APPARENT INJURY,NOT DISTRACTED,(SPORT) UTILITY VEHICLE,STOPPED IN TRAFFIC LANE,East,East,35,2017,TOYOTA,0,0,0,0
Injury Crash,02-08-2022 07:30,County,BRIGGS CHANEY RD,N/A,HEAD ON LEFT TURN,CLEAR,DRY,DAYLIGHT,TRAFFIC SIGNAL,No,NO APPARENT INJURY,NOT DISTRACTED,PICKUP TRUCK,MOVING CONSTANT SPEED,East,East,45,2005,FORD,6,291,28.6,0
Injury Crash,02-08-2022 08:00,Maryland (State),FREDERICK RD,N/A,SAME DIR REAR END,CLEAR,DRY,DAYLIGHT,YIELD SIGN,No,POSSIBLE INJURY,NOT DISTRACTED,PASSENGER CAR,SLOWING OR STOPPING,South,East,35,2010,TOYT,0,0,0,0
Property Damage Crash,02-08-2022 08:00,Maryland (State),ETHAN ALLEN AVE,TAKOMA PARK,STRAIGHT MOVEMENT ANGLE,RAINING,WET,DARK LIGHTS ON,N/A,Yes,NO APPARENT INJURY,LOOKED BUT DID NOT SEE,PASSENGER CAR,ACCELERATING,North,North,25,2015,FORD,2.1,43,25.8,0
Property Damage Crash,02-08-2022 08:00,Maryland (State),OLD HUNDRED RD,N/A,HEAD ON LEFT TURN,CLEAR,DRY,DAYLIGHT,NO CONTROLS,No,NO APPARENT INJURY,NOT DISTRACTED,PASSENGER CAR,MOVING CONSTANT SPEED,West,West,40,2008,CHEV,9.5,317,-2,0
Injury Crash,02-08-2022 08:00,Maryland (State),VEIRS MILL RD,N/A,SINGLE VEHICLE,CLEAR,DRY,DAYLIGHT,NO CONTROLS,Yes,SUSPECTED SERIOUS INJURY,NOT DISTRACTED,MOTORCYCLE,ACCELERATING,East,East,45,2006,SUZUKI,2.8,49.7,46,0
Property Damage Crash,02-08-2022 08:06,Maryland (State),BARNESVILLE RD,N/A,SAME DIR REAR END,CLEAR,DRY,DAYLIGHT,NO CONTROLS,No,NO APPARENT INJURY,NOT DISTRACTED,(SPORT) UTILITY VEHICLE,MOVING CONSTANT SPEED,West,West,30,2016,TOYT,0,0,0,0
Property Damage Crash,02-08-2022 08:25,County,CLARKSBURG RD,N/A,SAME DIRECTION SIDESWIPE,CLOUDY,DRY,DAYLIGHT,NO CONTROLS,No,NO APPARENT INJURY,NOT DISTRACTED,OTHER,MOVING CONSTANT SPEED,South,South,35,2004,VOLK,5.2,192,21.9,0
Injury Crash,02-08-2022 08:25,Maryland (State),GEORGIA AVE,N/A,SAME DIR REAR END,CLEAR,DRY,DARK LIGHTS ON,N/A,Yes,NO APPARENT INJURY,NOT DISTRACTED,PASSENGER CAR,SLOWING OR STOPPING,North,North,35,2016,MAZDA,2.3,43,29.6,0
Property Damage Crash,02-08-2022 08:26,Maryland (State),UNIVERSITY BLVD W,N/A,STRAIGHT MOVEMENT ANGLE,CLEAR,DRY,DARK LIGHTS ON,TRAFFIC SIGNAL,No,NO APPARENT INJURY,NOT DISTRACTED,PASSENGER CAR,ACCELERATING,West,West,30,2010,FORD,4.4,59.2,47.2,0
Property Damage Crash,02-08-2022 08:26,,,,OTHER,CLEAR,,DAYLIGHT,N/A,No,NO APPARENT INJURY,NOT DISTRACTED,SCHOOL BUS,STOPPED IN TRAFFIC LANE,North,North,5,2007,THOM,9.6,177,57.4,0
Injury Crash,02-08-2022 09:15,County,E RANDOLPH RD,N/A,STRAIGHT MOVEMENT ANGLE,CLEAR,DRY,DAYLIGHT,STOP SIGN,No,POSSIBLE INJURY,NOT DISTRACTED,(SPORT) UTILITY VEHICLE,MOVING CONSTANT SPEED,West,West,35,2002,HONDA,1.1,32.2,27.5,0
Injury Crash,02-08-2022 09:21,Maryland (State),FREDERICK RD,N/A,HEAD ON,CLEAR,DRY,DARK NO LIGHTS,NO CONTROLS,Yes,POSSIBLE INJURY,NOT DISTRACTED,PASSENGER CAR,PASSING,South,South,45,2015,NISS,0,0,0,0
Property Damage Crash,02-08-2022 09:27,County,SEVEN LOCKS RD,N/A,HEAD ON LEFT TURN,CLEAR,DRY,DAYLIGHT,TRAFFIC SIGNAL,No,NO APPARENT INJURY,NOT DISTRACTED,PASSENGER CAR,MOVING CONSTANT SPEED,North,North,35,2006,LEXU,7.3,45.1,23.2,0
Injury Crash,02-08-2022 09:27,US (State),GEORGIA AVE,N/A,STRAIGHT MOVEMENT ANGLE,N/A,DRY,DAYLIGHT,TRAFFIC SIGNAL,Yes,POSSIBLE INJURY,LOOKED BUT DID NOT SEE,(SPORT) UTILITY VEHICLE,ACCELERATING,North,North,5,2022,TOYOTA,4.3,208,41.5,0
Property Damage Crash,02-08-2022 12:20,County,LAKE WINDS WAY,N/A,STRAIGHT MOVEMENT ANGLE,CLEAR,DRY,DAYLIGHT,STOP SIGN,No,NO APPARENT INJURY,NOT DISTRACTED,PASSENGER CAR,MAKING LEFT TURN,East,South,35,2018,TOYOTA,7.2,316,12.6,0
Injury Crash,02-08-2022 12:20,County,RANDOLPH RD,N/A,SAME DIR REAR END,CLEAR,DRY,DAYLIGHT,N/A,No,NO APPARENT INJURY,NOT DISTRACTED,PASSENGER CAR,SLOWING OR STOPPING,East,East,35,2005,TOYT,3.1,41.4,39.6,0
Property Damage Crash,02-08-2022 14:43,Maryland (State),QUINCE ORCHARD RD,N/A,SAME DIR REAR END,CLEAR,N/A,DAYLIGHT,TRAFFIC SIGNAL,Yes,NO APPARENT INJURY,LOOKED BUT DID NOT SEE,PASSENGER CAR,SLOWING OR STOPPING,East,East,35,2000,ACUR,5.2,4,34.4,0
Property Damage Crash,02-08-2022 14:43,County,BROOKVILLE RD,N/A,SAME DIR REAR END,CLEAR,DRY,DAYLIGHT,NO CONTROLS,No,NO APPARENT INJURY,NOT DISTRACTED,"CARGO VAN/LIGHT TRUCK 2 AXLES (OVER 10,000LBS (4,536 KG))",SLOWING OR STOPPING,North,North,25,2005,GMC,4.3,193,43.3,0
Injury Crash,02-08-2022 14:46,Maryland (State),GEORGIA AVE,N/A,SAME DIR REAR END,CLEAR,DRY,DAYLIGHT,TRAFFIC SIGNAL,No,NO APPARENT INJURY,NOT DISTRACTED,PASSENGER CAR,STOPPED IN TRAFFIC LANE,South,South,35,2002,LEXUS,4.4,0,32.1,0
Injury Crash,02-08-2022 14:46,Maryland (State),16TH ST,N/A,OTHER,CLEAR,DRY,DARK LIGHTS ON,TRAFFIC SIGNAL,Yes,POSSIBLE INJURY,UNKNOWN,PASSENGER CAR,MAKING LEFT TURN,East,South,35,2004,TOYT,1.8,95,24.4,0
Injury Crash,02-08-2022 14:46,County,SHADY GROVE RD,N/A,HEAD ON LEFT TURN,CLEAR,DRY,DUSK,TRAFFIC SIGNAL,No,SUSPECTED MINOR INJURY,UNKNOWN,PASSENGER CAR,MOVING CONSTANT SPEED,North,North,40,2016,BMW,11.7,44.6,28.8,0
Property Damage Crash,02-08-2022 14:46,County,SNOUFFERS SCHOOL RD,N/A,SAME DIR REAR END,CLEAR,WET,DAYLIGHT,NO CONTROLS,Yes,NO APPARENT INJURY,NOT DISTRACTED,PASSENGER CAR,MOVING CONSTANT SPEED,North,North,35,2013,HOND,7.2,325,33.5,0
Property Damage Crash,02-08-2022 14:46,County,E GUDE DR,N/A,OPPOSITE DIRECTION SIDESWIPE,N/A,DRY,DAYLIGHT,TRAFFIC SIGNAL,No,NO APPARENT INJURY,NOT DISTRACTED,PASSENGER CAR,MOVING CONSTANT SPEED,East,East,45,2005,TOYOTA,0,0,0,0
Injury Crash,02-08-2022 15:05,County,FATHER HURLEY BLVD,N/A,SAME DIR REAR END,CLEAR,DRY,DAYLIGHT,TRAFFIC SIGNAL,No,POSSIBLE INJURY,NOT DISTRACTED,PASSENGER CAR,SLOWING OR STOPPING,East,South,35,2012,TOYOTA,8.5,44.9,29.2,0
Property Damage Crash,02-08-2022 15:05,Maryland (State),GEORGIA AVE,N/A,SAME DIR REAR END,CLEAR,DRY,DAYLIGHT,TRAFFIC SIGNAL,No,NO APPARENT INJURY,NOT DISTRACTED,SCHOOL BUS,STOPPED IN TRAFFIC LANE,South,South,30,2013,THOMAS,2,40.5,37,0
Property Damage Crash,02-08-2022 15:45,County,RANDOLPH RD,N/A,SINGLE VEHICLE,RAINING,WET,DARK LIGHTS ON,TRAFFIC SIGNAL,Unknown,NO APPARENT INJURY,NOT DISTRACTED,PASSENGER CAR,MOVING CONSTANT SPEED,West,West,35,2016,TOYT,4.4,38,31.4,0
Property Damage Crash,02-08-2022 15:45,Maryland (State),PHILADELPHIA AVE,TAKOMA PARK,OTHER,UNKNOWN,N/A,DAYLIGHT,STOP SIGN,Yes,NO APPARENT INJURY,UNKNOWN,,MOVING CONSTANT SPEED,West,West,25,0,UNKNOWN,0,0,0,0
Property Damage Crash,02-08-2022 15:50,Maryland (State),CLOPPER RD,N/A,SAME DIRECTION LEFT TURN,CLEAR,DRY,DAYLIGHT,NO CONTROLS,Yes,NO APPARENT INJURY,OTHER DISTRACTION,VAN,CHANGING LANES,East,East,40,2004,TOYOTA,0,0,0,0
Injury Crash,02-08-2022 15:50,County,OLD COLUMBIA PIKE,N/A,SAME DIR REAR END,CLEAR,DRY,DARK LIGHTS ON,NO CONTROLS,No,SUSPECTED MINOR INJURY,NOT DISTRACTED,(SPORT) UTILITY VEHICLE,SLOWING OR STOPPING,East,North,35,2017,NISSSAN,13.4,184,42.6,0
Injury Crash,02-08-2022 16:06,Maryland (State),DARNESTOWN RD,N/A,HEAD ON LEFT TURN,CLEAR,DRY,DAYLIGHT,TRAFFIC SIGNAL,No,SUSPECTED MINOR INJURY,NOT DISTRACTED,PASSENGER CAR,MOVING CONSTANT SPEED,West,West,40,2014,PORS,4.4,43.6,39.3,0
Property Damage Crash,02-08-2022 16:06,Maryland (State),CONNECTICUT AVE,N/A,SAME DIR REAR END,CLEAR,DRY,DAYLIGHT,NO CONTROLS,No,NO APPARENT INJURY,NOT DISTRACTED,PASSENGER CAR,STOPPED IN TRAFFIC LANE,North,North,35,2019,HONDA,8,185,17.7,0
Injury Crash,02-08-2022 16:45,County,E RANDOLPH RD,N/A,SINGLE VEHICLE,CLEAR,DRY,DARK LIGHTS ON,NO CONTROLS,Yes,POSSIBLE INJURY,OTHER DISTRACTION,PASSENGER CAR,NEGOTIATING A CURVE,West,West,35,2007,NISSAN,5.8,36,35.6,0.01
Property Damage Crash,02-08-2022 16:45,County,MIDCOUNTY HWY,N/A,SAME DIR REAR END,N/A,DRY,DAYLIGHT,TRAFFIC SIGNAL,Yes,NO APPARENT INJURY,NOT DISTRACTED,PASSENGER CAR,SLOWING OR STOPPING,South,South,45,2007,NISS,5,348,33.6,0.01
Property Damage Crash,02-08-2022 16:49,Maryland (State),ROCKVILLE PIKE,N/A,SAME DIRECTION SIDESWIPE,RAINING,WET,DARK LIGHTS ON,TRAFFIC SIGNAL,No,NO APPARENT INJURY,NOT DISTRACTED,PASSENGER CAR,STOPPED IN TRAFFIC LANE,South,South,40,2013,TOYOTA,17.3,180,50.4,0
Property Damage Crash,02-08-2022 16:49,County,OLD COLUMBIA PIKE,N/A,SAME DIRECTION LEFT TURN,CLEAR,DRY,DAYLIGHT,NO CONTROLS,Unknown,NO APPARENT INJURY,UNKNOWN,PICKUP TRUCK,SLOWING OR STOPPING,North,North,35,2005,FORD,0,0,0,0
Property Damage Crash,02-08-2022 17:02,Maryland (State),GEORGIA AVE,N/A,SAME DIRECTION SIDESWIPE,N/A,DRY,DAYLIGHT,TRAFFIC SIGNAL,No,NO APPARENT INJURY,NOT DISTRACTED,PASSENGER CAR,MOVING CONSTANT SPEED,North,North,35,2008,INFINITI,1.9,173,40.7,0
Injury Crash,02-08-2022 17:02,County,FATHER HURLEY BLVD,N/A,STRAIGHT MOVEMENT ANGLE,CLOUDY,DRY,DAYLIGHT,TRAFFIC SIGNAL,Yes,NO APPARENT INJURY,OTHER DISTRACTION,PASSENGER CAR,MOVING CONSTANT SPEED,South,East,40,2018,HYUN,12.8,308,23.8,0