ACRS Report Type,Date and Time,Route Type,Road Name,Municipality,Collision Type,Weather,Surface Condition,Light,Traffic Control,Driver At Fault,Injury Severity,Driver Distracted By,Vehicle Body Type,Vehicle Movement,Vehicle Continuing Dir,Vehicle Going Dir,Speed Limit,Vehicle Year,Vehicle Make,Wind Speed (MPH),TMP10-DK ,Relative Humidity (%),Rain (Inches)
Property Damage Crash,02-08-2022 17:34,,,,OTHER,N/A,,DAYLIGHT,N/A,No,NO APPARENT INJURY,NOT DISTRACTED,"OTHER LIGHT TRUCKS (10,000LBS (4,536KG) OR LESS)",PARKED,,,0,2006,TOYT,1.2,31.8,24.5,0
Injury Crash,02-08-2022 17:34,Municipality,PERRY PKWY,N/A,STRAIGHT MOVEMENT ANGLE,RAINING,WET,DARK LIGHTS ON,TRAFFIC SIGNAL,Unknown,POSSIBLE INJURY,UNKNOWN,PASSENGER CAR,MAKING LEFT TURN,West,North,30,2007,SATURN,3,54,23.9,0
Property Damage Crash,02-08-2022 18:07,County,RANDOLPH RD,N/A,SAME DIR REAR END,CLEAR,DRY,DAYLIGHT,N/A,No,NO APPARENT INJURY,NOT DISTRACTED,PASSENGER CAR,SLOWING OR STOPPING,East,East,35,2000,NISSAN,0,0,0,0
Property Damage Crash,02-08-2022 18:07,County,WISTERIA DR,N/A,SAME DIRECTION SIDESWIPE,CLEAR,DRY,DAYLIGHT,NO CONTROLS,No,NO APPARENT INJURY,NOT DISTRACTED,PASSENGER CAR,MOVING CONSTANT SPEED,East,East,30,2010,NISSAN,4.9,132,39.4,0
Property Damage Crash,02-08-2022 19:00,County,SEMINARY RD,N/A,STRAIGHT MOVEMENT ANGLE,CLEAR,DRY,DAYLIGHT,STOP SIGN,Yes,NO APPARENT INJURY,NOT DISTRACTED,PASSENGER CAR,MAKING LEFT TURN,West,West,30,2011,HONDA,0,0,0,0
Injury Crash,02-08-2022 19:00,Maryland (State),FREDERICK RD,N/A,SAME DIR REAR END,CLEAR,DRY,DAYLIGHT,NO CONTROLS,No,POSSIBLE INJURY,NOT DISTRACTED,(SPORT) UTILITY VEHICLE,STOPPED IN TRAFFIC LANE,South,South,30,2003,FORD,0,0,0,0
Property Damage Crash,02-08-2022 21:05,County,FATHER HURLEY BLVD,N/A,SAME DIR REAR END,CLOUDY,WET,DAYLIGHT,N/A,Yes,NO APPARENT INJURY,NOT DISTRACTED,POLICE VEHICLE/NON EMERGENCY,SLOWING OR STOPPING,South,South,45,2014,DODGE,0,0,0,0
Property Damage Crash,02-08-2022 21:05,Maryland (State),RIVER RD,N/A,SAME DIRECTION SIDESWIPE,SNOW,SNOW,DAYLIGHT,TRAFFIC SIGNAL,No,NO APPARENT INJURY,NOT DISTRACTED,PASSENGER CAR,SLOWING OR STOPPING,West,West,45,2010,TOYOTA,1.7,36.1,30,0
Property Damage Crash,02-08-2022 21:19,Maryland (State),GEORGIA AVE,N/A,SAME DIR REAR END,CLEAR,DRY,DAYLIGHT,NO CONTROLS,Yes,NO APPARENT INJURY,NOT DISTRACTED,PASSENGER CAR,SLOWING OR STOPPING,North,North,25,2005,LEXUS,0,0,0,0
Injury Crash,02-08-2022 22:15,County,WESTLAKE TERR,N/A,SAME DIR REAR END,RAINING,WET,DAYLIGHT,TRAFFIC SIGNAL,Yes,POSSIBLE INJURY,DISTRACTED BY OUTSIDE PERSON OBJECT OR EVENT,PASSENGER CAR,SLOWING OR STOPPING,West,West,35,2016,HYUN,4.2,224,42.9,0
Property Damage Crash,03-08-2022 00:10,Maryland (State),MUNCASTER MILL RD,N/A,HEAD ON LEFT TURN,CLOUDY,DRY,DAYLIGHT,NO CONTROLS,Yes,NO APPARENT INJURY,NOT DISTRACTED,PASSENGER CAR,MAKING LEFT TURN,North,East,35,2015,NISSAN,0,0,0,0
Injury Crash,03-08-2022 03:15,Maryland (State),GEORGIA AVE,N/A,SAME DIR REAR END,CLEAR,N/A,DARK LIGHTS ON,TRAFFIC SIGNAL,No,SUSPECTED SERIOUS INJURY,NOT DISTRACTED,PASSENGER CAR,STOPPED IN TRAFFIC LANE,South,South,30,2013,TOYOTA,1.3,29,24,0
Injury Crash,03-08-2022 04:21,US (State),COLUMBIA PIKE,N/A,OTHER,RAINING,WET,DARK LIGHTS ON,NO CONTROLS,No,NO APPARENT INJURY,NOT DISTRACTED,PASSENGER CAR,MOVING CONSTANT SPEED,South,South,55,2006,TOYOTA,0,0,0,0
Injury Crash,03-08-2022 04:21,Maryland (State),OLD GEORGETOWN RD,N/A,OTHER,CLEAR,DRY,DAYLIGHT,NO CONTROLS,No,SUSPECTED MINOR INJURY,NOT DISTRACTED,PASSENGER CAR,MOVING CONSTANT SPEED,South,South,35,2015,HONDA,0,0,0,0
Injury Crash,03-08-2022 06:30,Maryland (State),RIVER RD,N/A,STRAIGHT MOVEMENT ANGLE,CLEAR,DRY,DARK LIGHTS ON,TRAFFIC SIGNAL,No,NO APPARENT INJURY,NOT DISTRACTED,AUTOCYCLE,ACCELERATING,West,West,5,2016,VOLVO,1.7,26.5,22.5,0
Property Damage Crash,03-08-2022 06:30,Maryland (State),GEORGIA AVE,N/A,SAME DIRECTION RIGHT TURN,CLEAR,DRY,DARK LIGHTS ON,NO CONTROLS,No,NO APPARENT INJURY,NOT DISTRACTED,PASSENGER CAR,MOVING CONSTANT SPEED,South,South,35,2004,TOYT,3.8,116,26.9,0
Injury Crash,03-08-2022 08:06,US (State),COLUMBIA PIKE,N/A,SAME DIR REAR END,N/A,DRY,DAYLIGHT,NO CONTROLS,No,SUSPECTED MINOR INJURY,NOT DISTRACTED,PASSENGER CAR,STOPPED IN TRAFFIC LANE,North,North,60,2015,JEEP,0,0,0,0
Property Damage Crash,03-08-2022 08:06,Municipality,EDMONSTON DR,ROCKVILLE,OTHER,CLEAR,DRY,DAYLIGHT,NO CONTROLS,Yes,NO APPARENT INJURY,OTHER DISTRACTION,PASSENGER CAR,MOVING CONSTANT SPEED,West,West,25,2016,HOND,1.6,55.3,54.1,0
Property Damage Crash,03-08-2022 08:20,Maryland (State),EAST WEST HWY,N/A,SAME DIR REAR END,CLEAR,DRY,DAYLIGHT,TRAFFIC SIGNAL,Yes,NO APPARENT INJURY,UNKNOWN,PASSENGER CAR,SLOWING OR STOPPING,West,West,35,2008,HONDA,2.2,36.1,35.7,0.07
Injury Crash,03-08-2022 08:20,County,CINNAMON DR,N/A,SINGLE VEHICLE,CLOUDY,DRY,DARK LIGHTS ON,NO CONTROLS,Yes,SUSPECTED MINOR INJURY,UNKNOWN,PASSENGER CAR,MOVING CONSTANT SPEED,South,South,25,1993,HONDA,0,0,0,0
Property Damage Crash,03-08-2022 08:42,Maryland (State),UNIVERSITY BLVD E,TAKOMA PARK,STRAIGHT MOVEMENT ANGLE,CLOUDY,WET,DAYLIGHT,NO CONTROLS,Yes,NO APPARENT INJURY,LOOKED BUT DID NOT SEE,PASSENGER CAR,MOVING CONSTANT SPEED,East,East,30,2014,HONDA,3.5,37.7,32.1,0
Property Damage Crash,03-08-2022 08:42,Maryland (State),FALLS RD,N/A,SAME DIR REAR END,CLEAR,DRY,DAYLIGHT,NO CONTROLS,Yes,NO APPARENT INJURY,NOT DISTRACTED,"CARGO VAN/LIGHT TRUCK 2 AXLES (OVER 10,000LBS (4,536 KG))",SLOWING OR STOPPING,South,South,35,2017,FORD,1.5,39.7,23.5,0
Property Damage Crash,03-08-2022 08:42,,,,OTHER,CLEAR,,DAYLIGHT,NO CONTROLS,Yes,NO APPARENT INJURY,UNKNOWN,PASSENGER CAR,MAKING LEFT TURN,North,East,10,2010,TOYOTA,0,0,0,0
Injury Crash,03-08-2022 08:44,Maryland (State),NEW HAMPSHIRE AVE,N/A,SAME DIR REAR END,WINTRY MIX,WET,DAYLIGHT,N/A,Yes,NO APPARENT INJURY,NOT DISTRACTED,PASSENGER CAR,SLOWING OR STOPPING,North,North,40,2015,MITSUBISHI,1.4,266,24.9,0
Property Damage Crash,03-08-2022 08:44,,,,OTHER,CLEAR,,DAYLIGHT,N/A,Yes,NO APPARENT INJURY,UNKNOWN,(SPORT) UTILITY VEHICLE,BACKING,Unknown,Unknown,0,2014,TOYT,1.5,39.8,39.9,0
Property Damage Crash,03-08-2022 09:07,Ramp,RAMP 9 FR RAMP 1 TO REDLAND BLVD,N/A,SINGLE VEHICLE,RAINING,WET,DAYLIGHT,NO CONTROLS,Yes,NO APPARENT INJURY,NOT DISTRACTED,PASSENGER CAR,MAKING RIGHT TURN,North,North,30,2997,TOYOTA,2,33,24.2,0
Injury Crash,03-08-2022 09:07,Maryland (State),NEW HAMPSHIRE AVE,N/A,SAME DIR REAR END,CLEAR,DRY,DAYLIGHT,NO CONTROLS,Yes,NO APPARENT INJURY,OTHER DISTRACTION,PASSENGER CAR,SLOWING OR STOPPING,North,North,40,1998,AUDI,2.5,44.9,41,0
Property Damage Crash,03-08-2022 09:15,Maryland (State),WOODFIELD RD,N/A,SAME DIRECTION SIDESWIPE,CLOUDY,WET,DAYLIGHT,TRAFFIC SIGNAL,No,NO APPARENT INJURY,NOT DISTRACTED,TRUCK TRACTOR,MAKING LEFT TURN,East,South,35,2020,KENILWORTH,7.9,129,37.7,0
Injury Crash,03-08-2022 09:15,Maryland (State),OLD GEORGETOWN RD,N/A,HEAD ON LEFT TURN,CLOUDY,DRY,DAYLIGHT,TRAFFIC SIGNAL,Yes,POSSIBLE INJURY,LOOKED BUT DID NOT SEE,PASSENGER CAR,MAKING LEFT TURN,West,North,35,2015,TOYOTA,0,0,0,0
Property Damage Crash,03-08-2022 09:22,,,,SINGLE VEHICLE,CLEAR,,DAYLIGHT,NO CONTROLS,Yes,NO APPARENT INJURY,NOT DISTRACTED,VAN,MOVING CONSTANT SPEED,Unknown,Unknown,0,2000,FORD,9,205,19.6,0
Property Damage Crash,03-08-2022 09:22,US (State),COLUMBIA PIKE,N/A,SAME DIR REAR END,CLEAR,DRY,DAYLIGHT,TRAFFIC SIGNAL,No,NO APPARENT INJURY,NOT DISTRACTED,PASSENGER CAR,SLOWING OR STOPPING,South,South,45,2015,FORD,0,0,0,0
Injury Crash,03-08-2022 09:22,County,HUGHES RD,N/A,SINGLE VEHICLE,CLEAR,DRY,DARK NO LIGHTS,N/A,Yes,POSSIBLE INJURY,UNKNOWN,(SPORT) UTILITY VEHICLE,MOVING CONSTANT SPEED,South,South,30,2011,TOYOTA,2.3,102,30.4,0
Property Damage Crash,03-08-2022 10:30,County,SHADY GROVE RD,N/A,STRAIGHT MOVEMENT ANGLE,CLEAR,DRY,DAYLIGHT,N/A,Yes,NO APPARENT INJURY,UNKNOWN,,MOVING CONSTANT SPEED,West,South,40,0,UNKNOWN,3.6,9,30.9,0
Property Damage Crash,03-08-2022 10:30,Municipality,WASHINGTONIAN BLVD,N/A,SINGLE VEHICLE,CLEAR,N/A,DARK LIGHTS ON,NO CONTROLS,Yes,NO APPARENT INJURY,UNKNOWN,PASSENGER CAR,MOVING CONSTANT SPEED,North,North,25,2012,HONDA,7.7,151,34.6,0
Property Damage Crash,03-08-2022 11:46,Maryland (State),NEW HAMPSHIRE AVE,N/A,SAME DIR REAR END,CLEAR,DRY,DARK LIGHTS ON,TRAFFIC SIGNAL,No,NO APPARENT INJURY,NOT DISTRACTED,PASSENGER CAR,STOPPED IN TRAFFIC LANE,South,South,35,2019,KIA,0,0,0,0
Property Damage Crash,03-08-2022 11:46,Maryland (State),QUINCE ORCHARD RD,N/A,SAME DIR REAR END,CLEAR,DRY,DAYLIGHT,YIELD SIGN,Yes,NO APPARENT INJURY,UNKNOWN,PASSENGER CAR,MAKING RIGHT TURN,East,North,35,2009,MAZDA,0,0,0,0
Property Damage Crash,03-08-2022 12:00,Municipality,HOLLY AVE,TAKOMA PARK,SINGLE VEHICLE,RAINING,WET,DAYLIGHT,NO CONTROLS,No,NO APPARENT INJURY,LOOKED BUT DID NOT SEE,OTHER,SLOWING OR STOPPING,West,West,25,2006,CHRYS,2.2,59.7,48.2,0
Property Damage Crash,03-08-2022 12:00,Maryland (State),WOODFIELD RD,N/A,HEAD ON LEFT TURN,CLEAR,DRY,DARK LIGHTS ON,NO CONTROLS,No,NO APPARENT INJURY,NOT DISTRACTED,PASSENGER CAR,MOVING CONSTANT SPEED,South,South,35,2010,NISS,15.6,194,43,0
Injury Crash,03-08-2022 12:07,Maryland (State),DAMASCUS RD,N/A,HEAD ON LEFT TURN,RAINING,WET,DAYLIGHT,STOP SIGN,Yes,SUSPECTED MINOR INJURY,UNKNOWN,PASSENGER CAR,MAKING LEFT TURN,West,North,30,2014,CHEV,0,0,0,0
Property Damage Crash,03-08-2022 12:07,Maryland (State),ROCKVILLE PIKE,N/A,SAME DIR REAR END,CLEAR,DRY,DARK LIGHTS ON,TRAFFIC SIGNAL,No,NO APPARENT INJURY,NOT DISTRACTED,PASSENGER CAR,STOPPED IN TRAFFIC LANE,South,South,45,2022,NISSAN,0,0,0,0
Property Damage Crash,03-08-2022 12:27,County,WAYNE AVE,N/A,SAME DIR REAR END,CLOUDY,WET,DAYLIGHT,TRAFFIC SIGNAL,No,NO APPARENT INJURY,NOT DISTRACTED,POLICE VEHICLE/EMERGENCY,SLOWING OR STOPPING,West,West,35,2013,FORD,5.7,39.2,26.6,0
Injury Crash,03-08-2022 12:56,Maryland (State),GEORGIA AVE,N/A,STRAIGHT MOVEMENT ANGLE,CLEAR,DRY,DAYLIGHT,N/A,Yes,NO APPARENT INJURY,NOT DISTRACTED,PASSENGER CAR,OTHER,South,South,35,2016,HYUNDAI,5.1,265,19.1,0
Property Damage Crash,03-08-2022 13:08,County,SEVEN LOCKS RD,N/A,SAME DIR REAR END,CLEAR,DRY,DAYLIGHT,TRAFFIC SIGNAL,Yes,NO APPARENT INJURY,BY OTHER OCCUPANTS,STATION WAGON,OTHER,South,South,35,2009,SUBA,5.9,46.1,42.3,0
Property Damage Crash,03-08-2022 13:08,Maryland (State),GEORGIA AVE,N/A,SAME DIRECTION SIDESWIPE,CLEAR,DRY,DARK LIGHTS ON,TRAFFIC SIGNAL,Unknown,NO APPARENT INJURY,NOT DISTRACTED,AMBULANCE/EMERGENCY,MOVING CONSTANT SPEED,South,South,35,2015,INTL,1.4,102,33.4,0
Property Damage Crash,03-08-2022 15:16,Interstate (State),EISENHOWER MEMORIAL HWY,N/A,SAME DIR REAR END,CLEAR,DRY,DAYLIGHT,NO CONTROLS,No,NO APPARENT INJURY,NOT DISTRACTED,PICKUP TRUCK,SLOWING OR STOPPING,North,North,55,2008,CHEV,2.2,40,17.3,0
Property Damage Crash,03-08-2022 15:16,Municipality,RUSSELL AVE,GAITHERSBURG,ANGLE MEETS RIGHT TURN,CLEAR,DRY,DAYLIGHT,NO CONTROLS,Yes,NO APPARENT INJURY,LOOKED BUT DID NOT SEE,PASSENGER CAR,MAKING RIGHT TURN,North,North,25,2010,VOLK,,,,
Injury Crash,03-08-2022 15:17,County,MAYFIELD DR,N/A,SAME DIR REAR END,CLEAR,DRY,DAYLIGHT,TRAFFIC SIGNAL,No,POSSIBLE INJURY,NOT DISTRACTED,PASSENGER CAR,STOPPED IN TRAFFIC LANE,East,East,35,2006,HYANDAI,1.8,264,36.2,0
Property Damage Crash,03-08-2022 15:17,Maryland (State),GEORGIA AVE,N/A,SAME DIR REAR END,OTHER,WET,DAYLIGHT,TRAFFIC SIGNAL,Yes,NO APPARENT INJURY,NOT DISTRACTED,PASSENGER CAR,STARTING FROM LANE,South,South,30,2007,TOYT,2.9,39,27.1,0
Property Damage Crash,03-08-2022 15:25,Maryland (State),QUINCE ORCHARD RD,N/A,SAME DIR REAR END,CLEAR,DRY,DAYLIGHT,NO CONTROLS,Yes,NO APPARENT INJURY,NOT DISTRACTED,PASSENGER CAR,MOVING CONSTANT SPEED,East,East,35,2005,CHRYSLER,7.7,171,37.6,0
Property Damage Crash,03-08-2022 15:25,Maryland (State),CAPITOL VIEW AVE,N/A,SAME DIR REAR END,CLEAR,DRY,DAYLIGHT,NO CONTROLS,Yes,NO APPARENT INJURY,NOT DISTRACTED,"OTHER LIGHT TRUCKS (10,000LBS (4,536KG) OR LESS)",MOVING CONSTANT SPEED,West,West,25,2010,HYUN,0,0,0,0
Property Damage Crash,03-08-2022 15:28,Maryland (State),GEORGIA AVE,N/A,SAME DIRECTION SIDESWIPE,CLEAR,DRY,DAYLIGHT,NO CONTROLS,No,NO APPARENT INJURY,NOT DISTRACTED,PASSENGER CAR,MOVING CONSTANT SPEED,North,North,35,2020,TOYOTA,2,153,24,0
Injury Crash,03-08-2022 15:28,Maryland (State),ROCKVILLE PIKE,N/A,SAME DIRECTION SIDESWIPE,CLEAR,DRY,DAYLIGHT,N/A,No,POSSIBLE INJURY,NOT DISTRACTED,PICKUP TRUCK,STARTING FROM LANE,North,North,45,2008,FORD,0,0,0,0
Property Damage Crash,03-08-2022 16:08,,,,SAME DIR REAR END,CLEAR,,DAYLIGHT,NO CONTROLS,Yes,NO APPARENT INJURY,UNKNOWN,,UNKNOWN,Unknown,Unknown,25,0,UNKNOWN,4,40,38.1,0
Property Damage Crash,03-08-2022 16:08,US (State),GEORGIA AVE,N/A,OTHER,RAINING,WET,DARK LIGHTS ON,TRAFFIC SIGNAL,Yes,NO APPARENT INJURY,UNKNOWN,PASSENGER CAR,MOVING CONSTANT SPEED,South,South,35,2016,CHEVROLET,0,0,0,0
Injury Crash,03-08-2022 16:15,County,MUNCASTER RD,N/A,SAME DIR REAR END,CLEAR,DRY,DAYLIGHT,NO CONTROLS,No,POSSIBLE INJURY,NOT DISTRACTED,PICKUP TRUCK,STOPPED IN TRAFFIC LANE,South,South,30,2018,RAM,2.3,39,39,0.01
Property Damage Crash,03-08-2022 16:15,,,,OTHER,CLEAR,,DAYLIGHT,N/A,Yes,NO APPARENT INJURY,UNKNOWN,PASSENGER CAR,BACKING,Unknown,Unknown,10,2011,NISSAN,0,0,0,0
Injury Crash,03-08-2022 16:54,County,PARKLAND DR,N/A,STRAIGHT MOVEMENT ANGLE,CLEAR,WET,DAYLIGHT,STOP SIGN,Yes,POSSIBLE INJURY,LOOKED BUT DID NOT SEE,(SPORT) UTILITY VEHICLE,ACCELERATING,North,East,25,2015,HOND,2.2,36.7,31.8,0
Injury Crash,03-08-2022 16:54,Maryland (State),KEY WEST AVE,N/A,STRAIGHT MOVEMENT ANGLE,CLEAR,DRY,DAYLIGHT,STOP SIGN,No,NO APPARENT INJURY,NOT DISTRACTED,PASSENGER CAR,ACCELERATING,East,East,25,2010,HONDA,10.1,41.5,30.4,0
Injury Crash,03-08-2022 17:07,US (State),COLUMBIA PIKE,N/A,SAME DIR REAR END,CLEAR,DRY,DAYLIGHT,TRAFFIC SIGNAL,Yes,SUSPECTED SERIOUS INJURY,INATTENTIVE OR LOST IN THOUGHT,PASSENGER CAR,ACCELERATING,East,South,50,2017,CHEVY,2.2,241,44.2,0
Injury Crash,03-08-2022 18:10,Maryland (State),ETHAN ALLEN AVE,TAKOMA PARK,SAME DIR REAR END,N/A,DRY,DAYLIGHT,OTHER,No,POSSIBLE INJURY,NOT DISTRACTED,PASSENGER CAR,SLOWING OR STOPPING,East,East,25,2014,HONDA,0,0,0,0
Property Damage Crash,03-08-2022 18:10,Maryland (State),RIVER RD,N/A,HEAD ON LEFT TURN,CLEAR,DRY,DUSK,TRAFFIC SIGNAL,Yes,NO APPARENT INJURY,LOOKED BUT DID NOT SEE,VAN,MAKING LEFT TURN,South,West,45,2015,DODGE,0,0,0,0
Injury Crash,03-08-2022 20:12,,,,STRAIGHT MOVEMENT ANGLE,CLEAR,,DAYLIGHT,NO CONTROLS,No,POSSIBLE INJURY,NOT DISTRACTED,PASSENGER CAR,MOVING CONSTANT SPEED,West,West,0,2014,TOYOTA,12.3,29.3,17,0
Property Damage Crash,03-08-2022 20:12,Maryland (State),OLNEY LAYTONSVILLE RD,N/A,STRAIGHT MOVEMENT ANGLE,CLEAR,DRY,DAYLIGHT,STOP SIGN,Yes,NO APPARENT INJURY,LOOKED BUT DID NOT SEE,PASSENGER CAR,MAKING LEFT TURN,East,South,45,2005,MERCURY,2.4,11,33,0
Injury Crash,03-08-2022 20:12,Maryland (State),W DIAMOND AVE,N/A,HEAD ON LEFT TURN,RAINING,WET,DARK LIGHTS ON,NO CONTROLS,No,POSSIBLE INJURY,NOT DISTRACTED,PASSENGER CAR,MOVING CONSTANT SPEED,West,West,35,2019,HOND,6.4,43.6,30.6,0
Property Damage Crash,03-08-2022 20:15,County,NEBEL ST,N/A,SAME DIR REAR END,N/A,ICE,DARK LIGHTS ON,NO CONTROLS,No,NO APPARENT INJURY,NOT DISTRACTED,PASSENGER CAR,STOPPED IN TRAFFIC LANE,North,North,30,2013,MINIVAL2013,5.4,36,26.5,0
Property Damage Crash,03-08-2022 20:15,Maryland (State),FOREST GLEN RD,N/A,SAME DIR REAR END,CLEAR,DRY,DAYLIGHT,NO CONTROLS,No,NO APPARENT INJURY,NOT DISTRACTED,PASSENGER CAR,STOPPED IN TRAFFIC LANE,North,East,30,2017,JEEP,6,200,31.3,0
Property Damage Crash,03-08-2022 21:22,Maryland (State),GEORGIA AVE,N/A,SAME DIR REAR END,CLEAR,DRY,DARK LIGHTS ON,NO CONTROLS,No,NO APPARENT INJURY,UNKNOWN,PASSENGER CAR,SLOWING OR STOPPING,North,North,35,2014,SUBARU,0,0,0,0
Property Damage Crash,03-08-2022 21:51,County,TUCKERMAN LA,N/A,SAME DIRECTION LEFT TURN,CLEAR,DRY,DARK LIGHTS ON,TRAFFIC SIGNAL,No,NO APPARENT INJURY,NOT DISTRACTED,PASSENGER CAR,ACCELERATING,South,West,35,2015,AUDI,11.2,37,20,0
Injury Crash,03-08-2022 22:00,Maryland (State),NEW HAMPSHIRE AVE,N/A,SAME DIR REAR END,CLEAR,DRY,DAYLIGHT,NO CONTROLS,Yes,NO APPARENT INJURY,NOT DISTRACTED,PASSENGER CAR,SLOWING OR STOPPING,North,North,40,2016,NISSAN,5.7,180,39.1,0
Property Damage Crash,03-08-2022 22:00,Maryland (State),CONNECTICUT AVE,CHEVY CHASE #3,SAME DIRECTION SIDESWIPE,CLEAR,DRY,DAYLIGHT,NO CONTROLS,Yes,NO APPARENT INJURY,UNKNOWN,UNKNOWN,MOVING CONSTANT SPEED,North,North,35,0,UNKNOWN,12.6,307,-1.4,0
Property Damage Crash,03-08-2022 23:40,Maryland (State),PINEY BRANCH RD,N/A,SAME DIR REAR END,CLEAR,DRY,DAYLIGHT,TRAFFIC SIGNAL,No,NO APPARENT INJURY,NOT DISTRACTED,PASSENGER CAR,STOPPED IN TRAFFIC LANE,South,South,30,2006,CHRYSLER,1.2,116,-0.8,0
Injury Crash,03-08-2022 23:40,County,RIDGE RD,N/A,SAME DIRECTION LEFT TURN,CLEAR,DRY,DAYLIGHT,N/A,No,NO APPARENT INJURY,NOT DISTRACTED,PASSENGER CAR,MOVING CONSTANT SPEED,South,South,45,2015,TOYOTA,1.2,21,12.3,0
Injury Crash,04-08-2022 00:47,Maryland (State),HUNGERFORD DR,ROCKVILLE,SAME DIR REAR END,CLEAR,DRY,DAYLIGHT,NO CONTROLS,No,NO APPARENT INJURY,NOT DISTRACTED,PASSENGER CAR,STOPPED IN TRAFFIC LANE,South,South,35,2009,AUDI,0,0,0,0
Property Damage Crash,04-08-2022 00:47,,NB 270,N/A,SAME DIRECTION LEFT TURN,CLEAR,DRY,DAYLIGHT,NO CONTROLS,No,NO APPARENT INJURY,NOT DISTRACTED,(SPORT) UTILITY VEHICLE,MOVING CONSTANT SPEED,North,North,55,2010,TOYOTA,1.6,69,38.3,0
Property Damage Crash,04-08-2022 05:44,Maryland (State),HUNGERFORD DR,ROCKVILLE,SAME DIR REAR END,RAINING,WET,DAYLIGHT,TRAFFIC SIGNAL,Yes,NO APPARENT INJURY,INATTENTIVE OR LOST IN THOUGHT,PASSENGER CAR,SLOWING OR STOPPING,South,South,40,2022,JEEP,0,0,0,0
Property Damage Crash,04-08-2022 05:44,Maryland (State),EAST WEST HWY,N/A,SAME DIR REAR END,CLEAR,DRY,DAYLIGHT,NO CONTROLS,No,NO APPARENT INJURY,NOT DISTRACTED,PASSENGER CAR,SLOWING OR STOPPING,East,East,30,2018,MAZDA,5.5,173,42.2,0
Injury Crash,04-08-2022 06:33,Maryland (State),OLD GEORGETOWN RD,N/A,HEAD ON LEFT TURN,CLEAR,DRY,DARK LIGHTS ON,TRAFFIC SIGNAL,Yes,SUSPECTED SERIOUS INJURY,LOOKED BUT DID NOT SEE,PASSENGER CAR,MAKING LEFT TURN,East,South,40,2006,ACURA,3.2,36.2,24.6,0
Injury Crash,04-08-2022 06:33,,,,N/A,RAINING,,DARK LIGHTS ON,STOP SIGN,No,NO APPARENT INJURY,LOOKED BUT DID NOT SEE,PASSENGER CAR,MAKING LEFT TURN,West,West,5,2011,TOYOTA,11.5,43.5,33.1,0
Property Damage Crash,04-08-2022 07:30,,,,SINGLE VEHICLE,RAINING,,DARK LIGHTS ON,NO CONTROLS,Yes,NO APPARENT INJURY,UNKNOWN,OTHER,ACCELERATING,North,North,20,2014,HOND,0,0,0,0
Property Damage Crash,04-08-2022 07:30,Municipality,RESEARCH CT,ROCKVILLE,SINGLE VEHICLE,CLEAR,DRY,DAYLIGHT,OTHER,Yes,NO APPARENT INJURY,LOOKED BUT DID NOT SEE,PASSENGER CAR,MAKING RIGHT TURN,East,East,35,2013,VW,1.6,210,32,0
Injury Crash,04-08-2022 08:10,County,RIDGE RD,N/A,SAME DIR REAR END,CLEAR,DRY,DAYLIGHT,NO CONTROLS,Yes,POSSIBLE INJURY,OTHER DISTRACTION,VAN,MOVING CONSTANT SPEED,South,South,45,2013,FORD,7.8,46.7,32.9,0
Property Damage Crash,04-08-2022 08:10,Municipality,PURCHASE ST,GAITHERSBURG,HEAD ON,CLEAR,DRY,DARK LIGHTS ON,NO CONTROLS,Yes,NO APPARENT INJURY,OTHER DISTRACTION,PASSENGER CAR,MOVING CONSTANT SPEED,West,West,15,2021,BMW,2.5,35.7,34.6,0
Property Damage Crash,04-08-2022 08:15,County,BEL PRE RD,N/A,SAME DIR REND LEFT TURN,CLEAR,DRY,DAYLIGHT,NO CONTROLS,No,NO APPARENT INJURY,NOT DISTRACTED,PASSENGER CAR,MAKING LEFT TURN,South,West,35,2014,HONDA,4,32.9,24.2,0
Property Damage Crash,04-08-2022 08:15,Maryland (State),OLNEY SANDY SPRING RD,N/A,SAME DIR REAR END,CLEAR,DRY,DAYLIGHT,TRAFFIC SIGNAL,No,NO APPARENT INJURY,NOT DISTRACTED,(SPORT) UTILITY VEHICLE,STOPPED IN TRAFFIC LANE,East,East,30,2011,TOYT,0,0,0,0
Property Damage Crash,04-08-2022 08:15,Maryland (State),FREDERICK RD,N/A,SAME DIR REAR END,CLEAR,DRY,DARK LIGHTS ON,NO CONTROLS,Yes,NO APPARENT INJURY,UNKNOWN,PASSENGER CAR,MOVING CONSTANT SPEED,North,North,40,2002,HONDA,5.1,44.3,23.6,0
Injury Crash,04-08-2022 09:46,Municipality,CHESTNUT ST,GAITHERSBURG,STRAIGHT MOVEMENT ANGLE,OTHER,DRY,DAYLIGHT,STOP SIGN,Yes,NO APPARENT INJURY,UNKNOWN,PASSENGER CAR,MOVING CONSTANT SPEED,North,North,25,2008,HONDA,9.8,40.5,16.8,0
Property Damage Crash,04-08-2022 09:46,Maryland (State),E JEFFERSON ST,ROCKVILLE,SAME DIRECTION SIDESWIPE,CLOUDY,DRY,DAYLIGHT,NO CONTROLS,No,NO APPARENT INJURY,NOT DISTRACTED,PASSENGER CAR,STOPPED IN TRAFFIC LANE,East,East,30,2020,TOYOTA,0,0,0,0