ACRS Report Type,Date and Time,Route Type,Road Name,Municipality,Collision Type,Weather,Surface Condition,Light,Traffic Control,Driver At Fault,Injury Severity,Driver Distracted By,Vehicle Body Type,Vehicle Movement,Vehicle Continuing Dir,Vehicle Going Dir,Speed Limit,Vehicle Year,Vehicle Make,Wind Speed (MPH),TMP10-DK ,Relative Humidity (%),Rain (Inches)
Property Damage Crash,04-08-2022 09:59,Municipality,NELSON ST,ROCKVILLE,OTHER,CLEAR,DRY,DUSK,STOP SIGN,Unknown,NO APPARENT INJURY,NOT DISTRACTED,TRANSIT BUS,MAKING LEFT TURN,East,South,25,2013,GILL,2.2,53.3,50.2,0
Injury Crash,04-08-2022 09:59,US (State),COLUMBIA PIKE,N/A,SAME DIR REAR END,CLEAR,N/A,DAYLIGHT,TRAFFIC SIGNAL,No,POSSIBLE INJURY,NOT DISTRACTED,PASSENGER CAR,STOPPED IN TRAFFIC LANE,South,South,40,2013,HOND,4.4,2,40.3,0
Injury Crash,04-08-2022 10:45,Maryland (State),NEW HAMPSHIRE AVE,N/A,SINGLE VEHICLE,CLEAR,DRY,DAWN,NO CONTROLS,Unknown,SUSPECTED SERIOUS INJURY,UNKNOWN,PASSENGER CAR,MOVING CONSTANT SPEED,South,South,40,2019,NISSAN,4.2,61.3,38.5,0
Property Damage Crash,04-08-2022 10:45,County,MIDDLEBROOK RD,N/A,SAME DIR REND RIGHT TURN,CLEAR,DRY,DAYLIGHT,TRAFFIC SIGNAL,Yes,NO APPARENT INJURY,UNKNOWN,,CHANGING LANES,West,West,40,0,UNKNOWN,0,0,0,0
Property Damage Crash,04-08-2022 12:15,Maryland (State),GEORGIA AVE,N/A,SAME DIR REAR END,CLEAR,DRY,DARK LIGHTS ON,N/A,No,NO APPARENT INJURY,NOT DISTRACTED,PASSENGER CAR,MOVING CONSTANT SPEED,South,South,35,2019,JEEP,0,0,0,0
Property Damage Crash,04-08-2022 12:15,County,JEFFRY ST,N/A,STRAIGHT MOVEMENT ANGLE,CLEAR,DRY,DAYLIGHT,NO CONTROLS,No,NO APPARENT INJURY,NOT DISTRACTED,PASSENGER CAR,MOVING CONSTANT SPEED,East,East,20,2016,TOYT,6.4,150,31.8,0
Property Damage Crash,04-08-2022 12:30,County,VEIRS MILL RD,N/A,SAME DIR REAR END,CLEAR,DRY,DAYLIGHT,TRAFFIC SIGNAL,No,NO APPARENT INJURY,NOT DISTRACTED,PASSENGER CAR,STOPPED IN TRAFFIC LANE,South,South,35,2008,NISSAN,8.8,189,18.3,0
Injury Crash,04-08-2022 12:45,County,RANDOLPH RD,N/A,STRAIGHT MOVEMENT ANGLE,CLEAR,DRY,DAYLIGHT,TRAFFIC SIGNAL,No,POSSIBLE INJURY,NOT DISTRACTED,PASSENGER CAR,MAKING RIGHT TURN,East,North,35,2013,CHRY,4,10,42.7,0.03
Injury Crash,04-08-2022 13:30,County,GOSHEN RD,N/A,STRAIGHT MOVEMENT ANGLE,RAINING,WET,DAYLIGHT,NO CONTROLS,Yes,SUSPECTED MINOR INJURY,NOT DISTRACTED,VAN,MAKING LEFT TURN,North,East,35,2015,TOYOTA,0,0,0,0
Property Damage Crash,04-08-2022 13:33,Maryland (State),NEW HAMPSHIRE AVE,N/A,STRAIGHT MOVEMENT ANGLE,CLEAR,DRY,DAYLIGHT,N/A,No,NO APPARENT INJURY,NOT DISTRACTED,(SPORT) UTILITY VEHICLE,MOVING CONSTANT SPEED,South,South,40,2017,HYUNAI,4.9,296,33.4,0
Injury Crash,04-08-2022 14:30,,,,STRAIGHT MOVEMENT ANGLE,CLEAR,,DAYLIGHT,NO CONTROLS,Yes,NO APPARENT INJURY,UNKNOWN,PASSENGER CAR,OTHER,Unknown,West,15,2007,BMW,2.7,357,31.8,0
Property Damage Crash,04-08-2022 16:11,US (State),GEORGIA AVE,N/A,SAME DIR BOTH LEFT TURN,RAINING,WET,DARK LIGHTS ON,NO CONTROLS,Yes,NO APPARENT INJURY,LOOKED BUT DID NOT SEE,AMBULANCE/NON EMERGENCY,MAKING U TURN,North,South,35,2016,FREIGHT,2.7,185,32.8,0
Injury Crash,04-08-2022 16:11,Maryland (State),RIVER RD,N/A,HEAD ON LEFT TURN,CLOUDY,WET,DAYLIGHT,TRAFFIC SIGNAL,Yes,POSSIBLE INJURY,LOOKED BUT DID NOT SEE,PICKUP TRUCK,MAKING LEFT TURN,South,West,45,1997,CHEV,6.4,35.2,20.3,0
Property Damage Crash,04-08-2022 16:11,Maryland (State),GREAT SENECA HWY,GAITHERSBURG,SAME DIR REAR END,CLEAR,DRY,DAWN,NO CONTROLS,Yes,NO APPARENT INJURY,NOT DISTRACTED,PASSENGER CAR,SLOWING OR STOPPING,South,South,50,2015,TOYOTA,4.1,41.9,36.7,0
Injury Crash,04-08-2022 16:26,Maryland (State),VEIRS MILL RD,N/A,STRAIGHT MOVEMENT ANGLE,CLEAR,DRY,DAYLIGHT,TRAFFIC SIGNAL,No,POSSIBLE INJURY,NOT DISTRACTED,PASSENGER CAR,STARTING FROM LANE,East,East,25,2009,TOYOTA,5.2,47.2,46.4,0.07
Property Damage Crash,04-08-2022 16:26,Maryland (State),EAST WEST HWY,N/A,ANGLE MEETS LEFT HEAD ON,N/A,DRY,DARK LIGHTS ON,TRAFFIC SIGNAL,Yes,NO APPARENT INJURY,NOT DISTRACTED,PASSENGER CAR,MAKING LEFT TURN,West,West,35,2016,AUDI,3.3,38,31.8,0
Property Damage Crash,04-08-2022 17:10,County,BEL PRE RD,N/A,HEAD ON,CLEAR,DRY,DAYLIGHT,TRAFFIC SIGNAL,No,NO APPARENT INJURY,NOT DISTRACTED,PASSENGER CAR,MOVING CONSTANT SPEED,East,East,35,2019,MAZD,7.6,63.4,57.7,0
Property Damage Crash,04-08-2022 17:10,Maryland (State),RIDGE RD,N/A,SAME DIR REAR END,N/A,DRY,DAYLIGHT,NO CONTROLS,No,NO APPARENT INJURY,NOT DISTRACTED,"OTHER LIGHT TRUCKS (10,000LBS (4,536KG) OR LESS)",SLOWING OR STOPPING,North,North,40,2014,FORD,0,0,0,0
Property Damage Crash,04-08-2022 17:20,County,DAVIS MILL RD,N/A,STRAIGHT MOVEMENT ANGLE,CLEAR,DRY,DAYLIGHT,NO CONTROLS,No,NO APPARENT INJURY,NOT DISTRACTED,OTHER,MOVING CONSTANT SPEED,North,North,40,2005,TOYT,3.2,7,39,0.01
Property Damage Crash,04-08-2022 17:49,County,DAWSON FARM RD,N/A,SINGLE VEHICLE,CLEAR,DRY,DARK LIGHTS ON,N/A,Yes,NO APPARENT INJURY,OTHER DISTRACTION,PASSENGER CAR,OTHER,North,North,25,2008,HONDA,5,193,44.2,0
Property Damage Crash,04-08-2022 17:49,Municipality,WEST SIDE DR,N/A,SAME DIRECTION LEFT TURN,N/A,DRY,DAYLIGHT,NO CONTROLS,Yes,NO APPARENT INJURY,LOOKED BUT DID NOT SEE,PASSENGER CAR,MAKING LEFT TURN,West,North,35,2012,HOND,1.8,46.7,44.6,0
Injury Crash,04-08-2022 19:15,Maryland (State),BRADLEY BLVD,N/A,STRAIGHT MOVEMENT ANGLE,CLOUDY,WET,DAYLIGHT,TRAFFIC SIGNAL,No,POSSIBLE INJURY,NOT DISTRACTED,PASSENGER CAR,MOVING CONSTANT SPEED,North,North,25,2015,ACUR,9,65.1,56.3,0
Property Damage Crash,04-08-2022 19:15,Maryland (State),GEORGIA AVE,N/A,SINGLE VEHICLE,CLOUDY,DRY,DAYLIGHT,TRAFFIC SIGNAL,Yes,NO APPARENT INJURY,NOT DISTRACTED,PASSENGER CAR,MAKING RIGHT TURN,South,East,35,2003,HYUNDAI,3.7,36.4,26.8,0
Property Damage Crash,04-08-2022 19:15,Maryland (State),FREDERICK RD,N/A,SAME DIR REAR END,CLEAR,DRY,DAYLIGHT,NO CONTROLS,No,NO APPARENT INJURY,NOT DISTRACTED,PICKUP TRUCK,SLOWING OR STOPPING,North,North,45,2011,DODG,1.8,23,18.6,0
Property Damage Crash,04-08-2022 19:52,Maryland (State),OLNEY LAYTONSVILLE RD,N/A,HEAD ON LEFT TURN,CLEAR,DRY,DAYLIGHT,NO CONTROLS,Yes,NO APPARENT INJURY,NOT DISTRACTED,PASSENGER CAR,MAKING LEFT TURN,South,West,30,2002,LEXUS,9.6,310,-2.4,0
Property Damage Crash,04-08-2022 20:05,County,JONES BRIDGE RD,N/A,SAME DIR REAR END,CLEAR,DRY,DAYLIGHT,TRAFFIC SIGNAL,Yes,NO APPARENT INJURY,ADJUSTING AUDIO AND OR CLIMATE CONTROLS,PASSENGER CAR,ACCELERATING,West,West,30,2008,FORD,3.3,39.9,26.2,0
Property Damage Crash,04-08-2022 20:05,Maryland (State),NORBECK RD,N/A,STRAIGHT MOVEMENT ANGLE,CLEAR,DRY,DAYLIGHT,STOP SIGN,No,NO APPARENT INJURY,NOT DISTRACTED,PASSENGER CAR,MOVING CONSTANT SPEED,West,West,40,2012,HONDA,7.4,61.8,56.6,0
Property Damage Crash,04-08-2022 20:43,Municipality,PINNEBERG AVE,ROCKVILLE,STRAIGHT MOVEMENT ANGLE,CLEAR,DRY,DARK LIGHTS ON,NO CONTROLS,Yes,NO APPARENT INJURY,UNKNOWN,PASSENGER CAR,MOVING CONSTANT SPEED,South,South,30,2021,FORD,4.9,174,41.7,0
Property Damage Crash,04-08-2022 20:43,Maryland (State),GEORGIA AVE,N/A,STRAIGHT MOVEMENT ANGLE,CLEAR,DRY,DARK LIGHTS ON,STOP SIGN,No,NO APPARENT INJURY,NOT DISTRACTED,PASSENGER CAR,MOVING CONSTANT SPEED,North,North,45,2007,TOYOTA,15.2,313,1.9,0
Property Damage Crash,04-08-2022 20:53,Maryland (State),ROCKVILLE PIKE,N/A,STRAIGHT MOVEMENT ANGLE,CLEAR,DRY,DAYLIGHT,STOP SIGN,No,NO APPARENT INJURY,NOT DISTRACTED,PASSENGER CAR,MOVING CONSTANT SPEED,South,South,35,2016,MERZ,8.5,41.9,17.2,0
Injury Crash,04-08-2022 20:53,County,WOODMONT AVE,N/A,SINGLE VEHICLE,CLEAR,DRY,DAYLIGHT,TRAFFIC SIGNAL,Yes,NO APPARENT INJURY,NOT DISTRACTED,OTHER,RIGHT TURN ON RED,North,North,25,2015,CHEV,4,58.6,42.1,0
Property Damage Crash,04-08-2022 21:20,County,MONTGOMERY VILLAGE AVE,N/A,SAME DIRECTION SIDESWIPE,CLEAR,DRY,DAYLIGHT,NO CONTROLS,No,NO APPARENT INJURY,NOT DISTRACTED,PASSENGER CAR,MOVING CONSTANT SPEED,East,South,35,2009,SCION,5.5,182,28.6,0
Injury Crash,04-08-2022 21:25,County,CHENNAULT WAY,N/A,HEAD ON LEFT TURN,CLEAR,DRY,DAYLIGHT,STOP SIGN,No,POSSIBLE INJURY,NOT DISTRACTED,PASSENGER CAR,MAKING LEFT TURN,North,West,25,2014,KIA,0,0,0,0
Property Damage Crash,04-08-2022 21:25,,,,OTHER,CLEAR,,DAYLIGHT,NO CONTROLS,Yes,NO APPARENT INJURY,UNKNOWN,PASSENGER CAR,BACKING,Unknown,Unknown,0,2014,DODGE,3.1,217,32.6,0
Property Damage Crash,04-08-2022 23:00,Municipality,VINSON ST,ROCKVILLE,OTHER,CLEAR,DRY,DAYLIGHT,N/A,Yes,NO APPARENT INJURY,LOOKED BUT DID NOT SEE,PASSENGER CAR,MAKING U TURN,West,West,25,2016,NISSAN,6,43.7,33.8,0
Property Damage Crash,05-08-2022 01:30,,,,OPPOSITE DIRECTION SIDESWIPE,CLEAR,,DAYLIGHT,NO CONTROLS,Unknown,NO APPARENT INJURY,NOT DISTRACTED,PASSENGER CAR,ACCELERATING,South,South,10,2002,TOYT,7.8,41.3,26.1,0
Injury Crash,05-08-2022 01:30,Maryland (State),GREAT SENECA HWY,N/A,SAME DIR REAR END,CLEAR,DRY,DAYLIGHT,N/A,Yes,POSSIBLE INJURY,LOOKED BUT DID NOT SEE,(SPORT) UTILITY VEHICLE,CHANGING LANES,South,South,50,2006,VOLV,0,0,0,0
Property Damage Crash,05-08-2022 01:31,Maryland (State),RIDGE RD,N/A,SINGLE VEHICLE,CLEAR,DRY,DAYLIGHT,NO CONTROLS,Unknown,NO APPARENT INJURY,UNKNOWN,,UNKNOWN,North,North,40,0,UNKNOWN,8.2,303,39.7,0
Property Damage Crash,05-08-2022 01:31,Maryland (State),FIRST ST,ROCKVILLE,SAME DIRECTION SIDESWIPE,CLEAR,DRY,DAWN,NO CONTROLS,Yes,NO APPARENT INJURY,LOOKED BUT DID NOT SEE,PASSENGER CAR,MOVING CONSTANT SPEED,West,West,30,2009,HONDA,11,40.2,26.4,0
Injury Crash,05-08-2022 05:45,Municipality,N HORNERS LA,ROCKVILLE,STRAIGHT MOVEMENT ANGLE,CLEAR,DRY,DAYLIGHT,STOP SIGN,Yes,NO APPARENT INJURY,NOT DISTRACTED,(SPORT) UTILITY VEHICLE,ACCELERATING,East,East,25,2003,LEXUS,0,0,0,0
Injury Crash,05-08-2022 08:39,Maryland (State),OLD GEORGETOWN RD,N/A,HEAD ON LEFT TURN,CLOUDY,DRY,DAYLIGHT,TRAFFIC SIGNAL,Yes,POSSIBLE INJURY,UNKNOWN,PASSENGER CAR,MAKING LEFT TURN,East,South,40,2009,MERZ,10.5,43.9,33.2,0
Injury Crash,05-08-2022 10:00,Government,BEACH DR,N/A,SAME DIR REAR END,CLEAR,DRY,DAYLIGHT,NO CONTROLS,Yes,NO APPARENT INJURY,NOT DISTRACTED,OTHER,SLOWING OR STOPPING,North,North,25,2003,FREIGHT,6.2,40,25.7,0
Injury Crash,05-08-2022 10:08,County,RANDOLPH RD,N/A,HEAD ON LEFT TURN,RAINING,WET,DUSK,TRAFFIC SIGNAL,Yes,NO APPARENT INJURY,NOT DISTRACTED,PASSENGER CAR,MAKING LEFT TURN,North,East,40,2007,TOYOTA,6.8,42.4,37.8,0
Injury Crash,05-08-2022 10:35,Maryland (State),CLOPPER RD,N/A,SINGLE VEHICLE,CLEAR,DRY,DARK LIGHTS ON,N/A,Yes,SUSPECTED SERIOUS INJURY,UNKNOWN,OTHER,MOVING CONSTANT SPEED,West,West,45,0,KAWASAKI,0,0,0,0
Injury Crash,05-08-2022 10:35,US (State),COLESVILLE RD,N/A,SAME DIR REAR END,SNOW,SNOW,DAYLIGHT,N/A,No,SUSPECTED MINOR INJURY,NOT DISTRACTED,PASSENGER CAR,STOPPED IN TRAFFIC LANE,South,South,35,2003,TOYOTA,4.5,41.3,29.3,0
Property Damage Crash,05-08-2022 10:49,Municipality,PLYERS MILL RD,KENSINGTON,SAME DIR REAR END,CLEAR,DRY,DAYLIGHT,NO CONTROLS,Yes,NO APPARENT INJURY,LOOKED BUT DID NOT SEE,(SPORT) UTILITY VEHICLE,SLOWING OR STOPPING,South,South,25,1999,TOYOTA,5,61.2,39.3,0
Injury Crash,05-08-2022 11:47,County,SHADY GROVE RD,ROCKVILLE,SAME DIR REAR END,CLEAR,DRY,DAYLIGHT,NO CONTROLS,No,POSSIBLE INJURY,NOT DISTRACTED,PASSENGER CAR,SLOWING OR STOPPING,North,North,45,2006,LEXUS,9.2,51.7,36.4,0
Injury Crash,05-08-2022 12:30,County,SANGAMORE RD,N/A,STRAIGHT MOVEMENT ANGLE,N/A,DRY,DARK LIGHTS ON,STOP SIGN,Yes,NO APPARENT INJURY,BY OTHER OCCUPANTS,PASSENGER CAR,ACCELERATING,West,West,30,2004,HONDA,11.3,33.3,23.7,0
Injury Crash,05-08-2022 12:30,,,,N/A,SNOW,,DAYLIGHT,NO CONTROLS,Yes,NO APPARENT INJURY,LOOKED BUT DID NOT SEE,PASSENGER CAR,BACKING,South,South,5,2004,MERZ,5.4,253,36.9,0
Property Damage Crash,05-08-2022 12:40,Municipality,ATLANTIC AVE,ROCKVILLE,OPPOSITE DIRECTION SIDESWIPE,CLEAR,DRY,DAYLIGHT,N/A,Yes,NO APPARENT INJURY,NOT DISTRACTED,PASSENGER CAR,MOVING CONSTANT SPEED,South,South,25,2011,KIA,7.4,299,48.1,0.03
Property Damage Crash,05-08-2022 13:04,Maryland (State),DARNESTOWN RD,N/A,SINGLE VEHICLE,SNOW,SNOW,DARK NO LIGHTS,NO CONTROLS,Yes,NO APPARENT INJURY,NOT DISTRACTED,PASSENGER CAR,MOVING CONSTANT SPEED,East,East,50,2016,HOND,8,176,14.5,0
Property Damage Crash,05-08-2022 13:18,Ramp,RAMP 7 FR RAMP 2 (FR IS 495) TO MD 97 SB,N/A,SAME DIRECTION SIDESWIPE,RAINING,WET,DAYLIGHT,TRAFFIC SIGNAL,No,NO APPARENT INJURY,NOT DISTRACTED,PASSENGER CAR,MOVING CONSTANT SPEED,South,West,35,2013,TOYOTA,5.5,40.6,17.5,0
Property Damage Crash,05-08-2022 13:18,US (State),COLUMBIA PIKE,N/A,HEAD ON LEFT TURN,CLEAR,WET,DARK LIGHTS ON,TRAFFIC SIGNAL,No,NO APPARENT INJURY,NOT DISTRACTED,PASSENGER CAR,MAKING LEFT TURN,South,East,50,2016,TOYT,0,0,0,0
Property Damage Crash,05-08-2022 14:28,Maryland (State),CLARKSBURG RD,N/A,SAME DIR REAR END,CLEAR,DRY,DAYLIGHT,TRAFFIC SIGNAL,Yes,NO APPARENT INJURY,EATING OR DRINKING,PASSENGER CAR,MOVING CONSTANT SPEED,South,South,40,2006,TOYT,3.2,42.6,20.4,0
Injury Crash,05-08-2022 14:28,Maryland (State),UNIVERSITY BLVD E,TAKOMA PARK,SAME DIR REAR END,CLOUDY,DRY,DUSK,NO CONTROLS,No,NO APPARENT INJURY,NOT DISTRACTED,PASSENGER CAR,SLOWING OR STOPPING,East,East,35,2009,TOYO,4,185,33.1,0
Injury Crash,05-08-2022 15:25,County,MONTROSE RD,ROCKVILLE,HEAD ON LEFT TURN,CLEAR,DRY,DAYLIGHT,TRAFFIC SIGNAL,No,NO APPARENT INJURY,NOT DISTRACTED,PASSENGER CAR,MOVING CONSTANT SPEED,East,East,40,2013,MAZDA,0,0,0,0
Property Damage Crash,05-08-2022 15:25,County,OMEGA DR,N/A,SAME DIR REAR END,RAINING,WET,DAYLIGHT,TRAFFIC SIGNAL,Yes,NO APPARENT INJURY,NOT DISTRACTED,PASSENGER CAR,SLOWING OR STOPPING,North,North,45,2012,TOYOTA,6.8,43.9,41,0
Injury Crash,05-08-2022 16:00,Maryland (State),CONNECTICUT AVE,N/A,SAME DIR REAR END,CLEAR,DRY,DARK LIGHTS ON,TRAFFIC SIGNAL,Yes,NO APPARENT INJURY,NOT DISTRACTED,PICKUP TRUCK,MOVING CONSTANT SPEED,North,North,40,2002,FORD,4.4,55.5,41.6,0
Injury Crash,05-08-2022 16:00,Maryland (State),FREDERICK RD,N/A,SAME DIR REAR END,CLEAR,DRY,DAYLIGHT,TRAFFIC SIGNAL,No,POSSIBLE INJURY,NOT DISTRACTED,PASSENGER CAR,STOPPED IN TRAFFIC LANE,East,South,40,2007,CHRY,4.1,61.1,47.6,0
Property Damage Crash,05-08-2022 17:45,Maryland (State),OLD GEORGETOWN RD,N/A,SAME DIR REAR END,RAINING,WET,DARK LIGHTS ON,YIELD SIGN,Yes,NO APPARENT INJURY,LOOKED BUT DID NOT SEE,TRANSIT BUS,MAKING RIGHT TURN,South,North,40,2014,GILL,10.8,304,30.8,0
Injury Crash,05-08-2022 17:45,County,REEDIE DR,N/A,SINGLE VEHICLE,CLEAR,DRY,DAYLIGHT,NO CONTROLS,Yes,POSSIBLE INJURY,UNKNOWN,PASSENGER CAR,MOVING CONSTANT SPEED,South,South,30,2011,TOYOTA,6.6,40.4,26.9,0
Property Damage Crash,05-08-2022 19:50,County,CALVERTON BLVD,N/A,SAME DIRECTION LEFT TURN,CLEAR,DRY,DAYLIGHT,NO CONTROLS,Yes,NO APPARENT INJURY,LOOKED BUT DID NOT SEE,PASSENGER CAR,ENTERING TRAFFIC LANE,South,South,30,2009,TOYOTA,0,0,0,0
Property Damage Crash,05-08-2022 19:50,County,SHADY GROVE RD,N/A,STRAIGHT MOVEMENT ANGLE,CLEAR,DRY,DAYLIGHT,TRAFFIC SIGNAL,No,NO APPARENT INJURY,NOT DISTRACTED,PASSENGER CAR,MOVING CONSTANT SPEED,South,South,40,2006,TOYOTA,1.4,312,24.2,0
Injury Crash,05-08-2022 20:00,,,,SAME DIR REAR END,CLEAR,,N/A,N/A,Yes,NO APPARENT INJURY,NOT DISTRACTED,PASSENGER CAR,MOVING CONSTANT SPEED,East,East,30,2002,SATURN,5.3,44.4,26.5,0
Property Damage Crash,05-08-2022 20:00,US (State),COLUMBIA PIKE,N/A,SAME DIR REAR END,CLEAR,DRY,DAYLIGHT,NO CONTROLS,Yes,NO APPARENT INJURY,SMOKING RELATED,PASSENGER CAR,SLOWING OR STOPPING,North,North,55,2015,CHEVY,7,46,23.8,0
Property Damage Crash,05-08-2022 20:15,,,,UNKNOWN,UNKNOWN,,UNKNOWN,UNKNOWN,Yes,NO APPARENT INJURY,UNKNOWN,POLICE VEHICLE/NON EMERGENCY,UNKNOWN,Unknown,Unknown,0,2019,DODGE,2.2,84,31.3,0
Injury Crash,05-08-2022 20:15,County,DIAMONDBACK DR,GAITHERSBURG,STRAIGHT MOVEMENT ANGLE,CLEAR,DRY,DAYLIGHT,TRAFFIC SIGNAL,Unknown,POSSIBLE INJURY,UNKNOWN,PASSENGER CAR,MOVING CONSTANT SPEED,West,West,30,2015,HYUNDAI,0,0,0,0
Property Damage Crash,05-08-2022 20:53,County,TWINBROOK PKWY,N/A,SAME DIR BOTH LEFT TURN,CLEAR,DRY,DARK LIGHTS ON,TRAFFIC SIGNAL,No,NO APPARENT INJURY,UNKNOWN,PASSENGER CAR,MAKING LEFT TURN,South,West,35,2003,TOYOTA,1.9,2,38.3,0
Property Damage Crash,05-08-2022 20:53,,EAST FALKLAND LN,N/A,SAME DIRECTION SIDESWIPE,N/A,DRY,DARK -- UNKNOWN LIGHTING,N/A,Yes,NO APPARENT INJURY,NOT DISTRACTED,(SPORT) UTILITY VEHICLE,STARTING FROM PARKED,East,East,25,2012,HONDA,8.7,171,4.8,0
Property Damage Crash,05-08-2022 22:35,County,RANDOLPH RD,N/A,SAME DIRECTION SIDESWIPE,CLEAR,DRY,DAYLIGHT,WARNING SIGN,Yes,NO APPARENT INJURY,NOT DISTRACTED,PASSENGER CAR,MOVING CONSTANT SPEED,West,West,35,2004,VOLV,0,0,0,0
Property Damage Crash,05-08-2022 22:35,County,LONGMEAD CROSSING DR,N/A,SAME DIR REAR END,CLEAR,DRY,DARK LIGHTS ON,N/A,No,NO APPARENT INJURY,NOT DISTRACTED,PASSENGER CAR,PARKED,,,0,2014,GMC,4.3,148,44.4,0
Injury Crash,05-08-2022 23:45,Maryland (State),GEORGIA AVE,N/A,HEAD ON LEFT TURN,CLEAR,DRY,DARK LIGHTS ON,TRAFFIC SIGNAL,Yes,POSSIBLE INJURY,UNKNOWN,PASSENGER CAR,MOVING CONSTANT SPEED,West,West,45,2014,TOYOTA,11.9,321,13.2,0
Injury Crash,06-08-2022 06:54,Maryland (State),FREDERICK RD,N/A,STRAIGHT MOVEMENT ANGLE,CLEAR,DRY,DARK LIGHTS ON,STOP SIGN,No,SUSPECTED MINOR INJURY,NOT DISTRACTED,POLICE VEHICLE/EMERGENCY,MOVING CONSTANT SPEED,North,North,40,2006,FORD,0,0,0,0
Injury Crash,06-08-2022 06:54,US (State),COLUMBIA PIKE,N/A,SAME DIR REAR END,CLEAR,DRY,DAYLIGHT,N/A,No,POSSIBLE INJURY,NOT DISTRACTED,PASSENGER CAR,PARKED,,,55,2013,CHEVROLET,2.6,96,29.6,0
Injury Crash,06-08-2022 07:45,County,FATHER HURLEY BLVD,N/A,SAME DIR REAR END,CLEAR,DRY,DAYLIGHT,N/A,No,POSSIBLE INJURY,NOT DISTRACTED,PASSENGER CAR,STARTING FROM LANE,North,North,30,2008,VOLSWAGON,3.5,101,26.1,0
Property Damage Crash,06-08-2022 07:45,Maryland (State),ROCKVILLE PIKE,ROCKVILLE,STRAIGHT MOVEMENT ANGLE,CLEAR,DRY,DARK LIGHTS ON,FLASHING TRAFFIC SIGNAL,No,NO APPARENT INJURY,NOT DISTRACTED,PASSENGER CAR,MOVING CONSTANT SPEED,North,North,40,2013,HYUNDAI,5.6,185,43.4,0
Property Damage Crash,06-08-2022 07:45,Maryland (State),RIVER RD,N/A,SAME DIR BOTH LEFT TURN,CLOUDY,DRY,DAYLIGHT,TRAFFIC SIGNAL,No,NO APPARENT INJURY,NOT DISTRACTED,TRANSIT BUS,ACCELERATING,West,West,45,2009,GILL,0,0,0,0
Injury Crash,06-08-2022 08:10,US (State),COLESVILLE RD,N/A,SINGLE VEHICLE,CLEAR,DRY,DARK LIGHTS ON,N/A,Yes,POSSIBLE INJURY,UNKNOWN,PASSENGER CAR,MOVING CONSTANT SPEED,North,North,35,2016,VOLKSWAGON,0,0,0,0
Injury Crash,06-08-2022 08:10,Maryland (State),GEORGIA AVE,N/A,SINGLE VEHICLE,N/A,DRY,DAYLIGHT,NO CONTROLS,Yes,SUSPECTED MINOR INJURY,NOT DISTRACTED,PASSENGER CAR,MAKING LEFT TURN,East,North,35,201,MAZDA,5.6,135,40.3,0
Property Damage Crash,06-08-2022 08:10,Municipality,HOLLY AVE,N/A,OTHER,CLEAR,DRY,DARK LIGHTS ON,NO CONTROLS,Yes,NO APPARENT INJURY,UNKNOWN,PASSENGER CAR,MOVING CONSTANT SPEED,East,East,15,2010,HYD,13,304,-0.4,0
Property Damage Crash,06-08-2022 08:15,County,RANDOLPH RD,N/A,ANGLE MEETS RIGHT TURN,CLEAR,DRY,DAYLIGHT,STOP SIGN,No,NO APPARENT INJURY,NOT DISTRACTED,PASSENGER CAR,MOVING CONSTANT SPEED,East,East,35,2019,KIA,0,0,0,0
Injury Crash,06-08-2022 08:47,County,LOST KNIFE RD,N/A,N/A,CLEAR,N/A,DARK LIGHTS ON,OTHER,No,NO APPARENT INJURY,NOT DISTRACTED,TRANSIT BUS,ACCELERATING,South,South,25,2016,GILL BU,11.6,35.4,20,0
Property Damage Crash,06-08-2022 09:18,Interstate (State),CAPITAL BELTWAY,N/A,SINGLE VEHICLE,N/A,WET,DARK LIGHTS ON,NO CONTROLS,Yes,NO APPARENT INJURY,NOT DISTRACTED,PASSENGER CAR,SLOWING OR STOPPING,West,West,55,2006,CHEVY,5.7,45.6,33.4,0
Property Damage Crash,06-08-2022 10:02,County,SHADY GROVE RD,N/A,SINGLE VEHICLE,CLEAR,DRY,DARK LIGHTS ON,NO CONTROLS,Yes,NO APPARENT INJURY,NOT DISTRACTED,PASSENGER CAR,MOVING CONSTANT SPEED,East,East,35,2013,BUICK,0,0,0,0
Property Damage Crash,06-08-2022 10:02,,,,SINGLE VEHICLE,CLEAR,,DARK LIGHTS ON,NO CONTROLS,Yes,NO APPARENT INJURY,NOT DISTRACTED,PASSENGER CAR,MOVING CONSTANT SPEED,East,East,5,2019,KIA,3.7,39.9,37.8,0
Property Damage Crash,06-08-2022 10:16,County,REEDIE DR,N/A,SAME DIRECTION SIDESWIPE,RAINING,WET,DAYLIGHT,TRAFFIC SIGNAL,Yes,NO APPARENT INJURY,UNKNOWN,,MOVING CONSTANT SPEED,East,East,25,0,UNKNOWN,5.3,27,51.4,0.27
Property Damage Crash,06-08-2022 10:16,,,,OPPOSITE DIRECTION SIDESWIPE,RAINING,,DARK LIGHTS ON,NO CONTROLS,Yes,NO APPARENT INJURY,NOT DISTRACTED,PICKUP TRUCK,OTHER,West,West,0,2002,FORD,4.6,40.9,16.6,0
Property Damage Crash,06-08-2022 11:30,US (State),GEORGIA AVE,N/A,SAME DIRECTION SIDESWIPE,CLEAR,WET,DARK LIGHTS ON,NO CONTROLS,No,NO APPARENT INJURY,NOT DISTRACTED,PASSENGER CAR,MOVING CONSTANT SPEED,North,North,35,2007,TOYOTA,0,0,0,0