ACRS Report Type,Date and Time,Route Type,Road Name,Municipality,Collision Type,Weather,Surface Condition,Light,Traffic Control,Driver At Fault,Injury Severity,Driver Distracted By,Vehicle Body Type,Vehicle Movement,Vehicle Continuing Dir,Vehicle Going Dir,Speed Limit,Vehicle Year,Vehicle Make,Wind Speed (MPH),TMP10-DK ,Relative Humidity (%),Rain (Inches)
Injury Crash,06-08-2022 11:30,Maryland (State),UNIVERSITY BLVD W,KENSINGTON,SAME DIR REAR END,CLEAR,DRY,DAYLIGHT,N/A,Yes,NO APPARENT INJURY,UNKNOWN,PASSENGER CAR,MOVING CONSTANT SPEED,North,North,35,2016,HONDA,8,42.1,28.9,0
Property Damage Crash,06-08-2022 11:33,Maryland (State),ROCKVILLE PIKE,N/A,SAME DIRECTION SIDESWIPE,CLEAR,DRY,DAYLIGHT,NO CONTROLS,Yes,NO APPARENT INJURY,LOOKED BUT DID NOT SEE,PASSENGER CAR,MAKING LEFT TURN,South,West,35,2015,JEEP,9.7,168,30.3,0
Property Damage Crash,06-08-2022 11:33,Maryland (State),GOLDSBORO RD,N/A,ANGLE MEETS LEFT HEAD ON,SNOW,WET,DAYLIGHT,STOP SIGN,Yes,NO APPARENT INJURY,LOOKED BUT DID NOT SEE,PASSENGER CAR,STARTING FROM PARKED,North,East,35,2006,SCION,0,0,0,0
Injury Crash,06-08-2022 12:15,Maryland (State),MUNCASTER MILL RD,N/A,OPPOSITE DIRECTION SIDESWIPE,CLOUDY,DRY,DAYLIGHT,NO CONTROLS,No,SUSPECTED MINOR INJURY,NOT DISTRACTED,(SPORT) UTILITY VEHICLE,SLOWING OR STOPPING,East,East,35,2022,HONDA,0,0,0,0
Injury Crash,06-08-2022 12:15,Maryland (State),NORBECK RD,N/A,SAME DIR REAR END,CLEAR,DRY,DAYLIGHT,NO CONTROLS,No,POSSIBLE INJURY,NOT DISTRACTED,PASSENGER CAR,STOPPED IN TRAFFIC LANE,East,East,50,2016,TOYOTA,0,0,0,0
Property Damage Crash,06-08-2022 14:45,Maryland (State),OLNEY SANDY SPRING RD,N/A,SAME DIRECTION LEFT TURN,CLEAR,DRY,DAYLIGHT,N/A,Yes,NO APPARENT INJURY,LOOKED BUT DID NOT SEE,PASSENGER CAR,CHANGING LANES,South,West,30,2011,HONDA,3.3,36.3,20.2,0
Property Damage Crash,06-08-2022 14:45,Maryland (State),VEIRS MILL RD,N/A,SAME DIR REAR END,CLEAR,DRY,DAYLIGHT,NO CONTROLS,Yes,NO APPARENT INJURY,NOT DISTRACTED,PASSENGER CAR,MOVING CONSTANT SPEED,West,West,45,2017,FORD,0,0,0,0
Property Damage Crash,06-08-2022 15:45,County,DARNESTOWN RD,N/A,HEAD ON LEFT TURN,CLEAR,WET,DARK LIGHTS ON,TRAFFIC SIGNAL,No,NO APPARENT INJURY,NOT DISTRACTED,(SPORT) UTILITY VEHICLE,ACCELERATING,East,South,35,2005,HYUN,1.4,71,31.8,0
Property Damage Crash,06-08-2022 15:45,Ramp,RAMP 4 FR IS 270 NB TO MIDDLEBROOK RD EB,N/A,SAME DIR REAR END,CLEAR,DRY,DARK LIGHTS ON,NO CONTROLS,Yes,NO APPARENT INJURY,LOOKED BUT DID NOT SEE,PASSENGER CAR,MOVING CONSTANT SPEED,East,East,40,2005,SCION,0,0,0,0
Property Damage Crash,06-08-2022 15:56,Maryland (State),ROCKVILLE PIKE,ROCKVILLE,SAME DIRECTION SIDESWIPE,CLEAR,WET,DARK LIGHTS ON,NO CONTROLS,No,NO APPARENT INJURY,NOT DISTRACTED,POLICE VEHICLE/NON EMERGENCY,MOVING CONSTANT SPEED,South,South,35,2008,CHEVROLET,7.8,176,9.5,0
Property Damage Crash,06-08-2022 15:56,US (State),COLUMBIA PIKE,N/A,SAME DIR REAR END,N/A,DRY,DAYLIGHT,TRAFFIC SIGNAL,Yes,NO APPARENT INJURY,NOT DISTRACTED,PASSENGER CAR,SLOWING OR STOPPING,South,South,50,2005,HONDA,4.4,286,30.7,0
Property Damage Crash,06-08-2022 15:58,Maryland (State),ROCKVILLE PIKE,N/A,SAME DIR REAR END,CLEAR,DRY,DAYLIGHT,TRAFFIC SIGNAL,No,NO APPARENT INJURY,NOT DISTRACTED,OTHER,SLOWING OR STOPPING,South,South,35,2015,HOND,0,0,0,0
Property Damage Crash,06-08-2022 15:58,,,,STRAIGHT MOVEMENT ANGLE,CLEAR,,DARK NO LIGHTS,NO CONTROLS,Yes,NO APPARENT INJURY,UNKNOWN,PASSENGER CAR,STARTING FROM LANE,Unknown,Unknown,10,2017,MITS,1.1,233,30.6,0
Property Damage Crash,06-08-2022 16:41,Maryland (State),UNIVERSITY BLVD E,N/A,STRAIGHT MOVEMENT ANGLE,CLEAR,DRY,DAYLIGHT,NO CONTROLS,No,NO APPARENT INJURY,NOT DISTRACTED,PASSENGER CAR,MOVING CONSTANT SPEED,East,East,40,2014,HOND,6.7,43.2,29.7,0
Injury Crash,06-08-2022 16:41,Maryland (State),GEORGIA AVE,N/A,SAME DIR REAR END,CLEAR,DRY,DAYLIGHT,NO CONTROLS,No,SUSPECTED MINOR INJURY,DISTRACTED BY OUTSIDE PERSON OBJECT OR EVENT,PASSENGER CAR,SLOWING OR STOPPING,South,South,40,2019,FORD,0,0,0,0
Property Damage Crash,06-08-2022 17:08,Municipality,MAIN ST,GAITHERSBURG,SAME DIRECTION SIDESWIPE,CLEAR,DRY,DAYLIGHT,NO CONTROLS,Yes,NO APPARENT INJURY,LOOKED BUT DID NOT SEE,,MOVING CONSTANT SPEED,South,South,25,0,UNKNOWN,2.2,53.3,44,0
Injury Crash,06-08-2022 17:20,Maryland (State),VEIRS MILL RD,ROCKVILLE,SAME DIR REAR END,RAINING,WET,DARK LIGHTS ON,N/A,No,POSSIBLE INJURY,NOT DISTRACTED,PASSENGER CAR,SLOWING OR STOPPING,East,East,40,2006,DODG,8.1,334,13,0
Property Damage Crash,06-08-2022 17:20,Municipality,PARK AVE,GAITHERSBURG,OTHER,CLOUDY,DRY,DAYLIGHT,NO CONTROLS,Yes,NO APPARENT INJURY,UNKNOWN,PASSENGER CAR,STARTING FROM PARKED,North,North,15,2013,VW,3.6,7,39,0
Property Damage Crash,06-08-2022 17:51,County,CEDAR LA,N/A,OTHER,CLEAR,DRY,DAYLIGHT,TRAFFIC SIGNAL,No,NO APPARENT INJURY,NOT DISTRACTED,PASSENGER CAR,STOPPED IN TRAFFIC LANE,West,West,25,2008,TOYOTA,0,0,0,0
Property Damage Crash,06-08-2022 17:51,,,,SAME DIRECTION SIDESWIPE,CLOUDY,,DAYLIGHT,NO CONTROLS,Yes,NO APPARENT INJURY,NOT DISTRACTED,SCHOOL BUS,PASSING,North,North,15,2012,THOM,9.2,358,34.1,0.13
Property Damage Crash,06-08-2022 18:25,Maryland (State),GEORGIA AVE,N/A,OPPOSITE DIRECTION SIDESWIPE,CLEAR,DRY,DAYLIGHT,N/A,Yes,NO APPARENT INJURY,UNKNOWN,,MOVING CONSTANT SPEED,South,South,35,0,UNKNOWN,8.8,44.1,24.6,0
Property Damage Crash,06-08-2022 18:25,Maryland (State),KNOWLES AVE,N/A,SAME DIR REAR END,CLEAR,DRY,DARK LIGHTS ON,TRAFFIC SIGNAL,No,NO APPARENT INJURY,NOT DISTRACTED,TRANSIT BUS,MOVING CONSTANT SPEED,East,East,25,2016,GILL,0,0,0,0
Property Damage Crash,06-08-2022 18:33,County,CAVANAUGH DR,N/A,STRAIGHT MOVEMENT ANGLE,CLEAR,DRY,DARK LIGHTS ON,FLASHING TRAFFIC SIGNAL,Yes,NO APPARENT INJURY,NOT DISTRACTED,N/A,ACCELERATING,South,South,30,2013,AUDI,7.4,143,31.8,0
Property Damage Crash,06-08-2022 18:33,Maryland (State),GEORGIA AVE,N/A,SAME DIR REAR END,CLEAR,DRY,DARK LIGHTS ON,N/A,Yes,NO APPARENT INJURY,DISTRACTED BY OUTSIDE PERSON OBJECT OR EVENT,STATION WAGON,MOVING CONSTANT SPEED,North,North,35,1998,VOLVO,2.7,48.3,10.9,0
Property Damage Crash,06-08-2022 18:56,Municipality,CLERMONT AVE,GARRETT PARK,SINGLE VEHICLE,CLEAR,WET,DAYLIGHT,NO CONTROLS,Yes,NO APPARENT INJURY,OTHER DISTRACTION,"CARGO VAN/LIGHT TRUCK 2 AXLES (OVER 10,000LBS (4,536 KG))",MOVING CONSTANT SPEED,South,South,25,2002,GMC,8.5,175,4,0
Property Damage Crash,06-08-2022 18:56,Maryland (State),LAYHILL RD,N/A,HEAD ON LEFT TURN,CLEAR,DRY,DARK LIGHTS ON,TRAFFIC SIGNAL,Yes,NO APPARENT INJURY,LOOKED BUT DID NOT SEE,(SPORT) UTILITY VEHICLE,MOVING CONSTANT SPEED,South,South,35,2022,TOYOTA,9.4,39.5,29.1,0
Property Damage Crash,06-08-2022 19:50,County,RANDOLPH RD,N/A,SAME DIRECTION SIDESWIPE,CLEAR,DRY,DAYLIGHT,OTHER,No,NO APPARENT INJURY,NOT DISTRACTED,(SPORT) UTILITY VEHICLE,MOVING CONSTANT SPEED,West,West,35,2012,TOYOTA,13.5,40.4,29.4,0
Property Damage Crash,06-08-2022 19:50,Maryland (State),OLD GEORGETOWN RD,N/A,SAME DIR REAR END,CLEAR,DRY,DAYLIGHT,TRAFFIC SIGNAL,No,NO APPARENT INJURY,NOT DISTRACTED,PASSENGER CAR,SLOWING OR STOPPING,South,South,40,2015,TOYOTA,8,328,13.4,0
Injury Crash,06-08-2022 19:50,County,WATKINS MILL RD,N/A,HEAD ON,CLEAR,DRY,DUSK,N/A,Yes,NO APPARENT INJURY,BY OTHER OCCUPANTS,PASSENGER CAR,MOVING CONSTANT SPEED,North,North,35,2019,TOYOTA,0,0,0,0
Injury Crash,06-08-2022 20:02,County,NORTHAMPTON DR,N/A,OTHER,CLOUDY,DRY,DAYLIGHT,NO CONTROLS,No,POSSIBLE INJURY,NOT DISTRACTED,TRANSIT BUS,MOVING CONSTANT SPEED,South,South,25,2016,GILL,5.6,31.3,17,0
Property Damage Crash,06-08-2022 20:02,Maryland (State),OLNEY SANDY SPRING RD,N/A,HEAD ON LEFT TURN,CLEAR,DRY,DAYLIGHT,TRAFFIC SIGNAL,Yes,NO APPARENT INJURY,NOT DISTRACTED,PASSENGER CAR,MAKING LEFT TURN,South,South,30,2010,TOYOTA,0,0,0,0
Property Damage Crash,06-08-2022 23:07,Interstate (State),EISENHOWER MEMORIAL HWY,N/A,SAME DIR REAR END,RAINING,WET,DAYLIGHT,NO CONTROLS,Yes,NO APPARENT INJURY,NOT DISTRACTED,"CARGO VAN/LIGHT TRUCK 2 AXLES (OVER 10,000LBS (4,536 KG))",MOVING CONSTANT SPEED,South,South,55,2015,DODGE,6.9,45.3,41.6,0
Property Damage Crash,06-08-2022 23:41,County,NEERWINDER ST,N/A,SAME DIR REAR END,CLEAR,DRY,DARK LIGHTS ON,NO CONTROLS,Yes,NO APPARENT INJURY,UNKNOWN,PASSENGER CAR,MOVING CONSTANT SPEED,West,West,15,2013,TOYOTA,10,293,-0.5,0
Property Damage Crash,06-08-2022 23:41,County,WARING STATION RD,N/A,SINGLE VEHICLE,CLEAR,DRY,DAYLIGHT,N/A,Yes,NO APPARENT INJURY,UNKNOWN,PASSENGER CAR,MAKING LEFT TURN,West,West,40,2017,DODGE,5,339,18,0
Property Damage Crash,07-08-2022 07:00,Maryland (State),DARNESTOWN RD,N/A,SAME DIR REAR END,CLEAR,DRY,DAYLIGHT,STOP SIGN,Yes,NO APPARENT INJURY,DISTRACTED BY OUTSIDE PERSON OBJECT OR EVENT,VAN,MOVING CONSTANT SPEED,West,West,40,2007,HOND,4.2,205,31.7,0
Injury Crash,07-08-2022 08:00,Maryland (State),RIDGE RD,N/A,SAME DIR REAR END,N/A,DRY,DAYLIGHT,NO CONTROLS,No,SUSPECTED MINOR INJURY,NOT DISTRACTED,PASSENGER CAR,STOPPED IN TRAFFIC LANE,West,North,40,2015,MERZ,2.4,42.3,39.2,0
Injury Crash,07-08-2022 08:09,County,RIDGE RD,N/A,SAME DIR REAR END,RAINING,WET,DAYLIGHT,TRAFFIC SIGNAL,No,NO APPARENT INJURY,NOT DISTRACTED,PASSENGER CAR,SLOWING OR STOPPING,West,West,40,2024,SUBARU,6.3,343,34.6,0.09
Injury Crash,07-08-2022 08:09,Maryland (State),WOODFIELD RD,N/A,STRAIGHT MOVEMENT ANGLE,N/A,DRY,DAYLIGHT,TRAFFIC SIGNAL,No,POSSIBLE INJURY,NOT DISTRACTED,PASSENGER CAR,STOPPED IN TRAFFIC LANE,East,South,35,2015,TOYOTA,0,0,0,0
Property Damage Crash,07-08-2022 08:45,County,E RANDOLPH RD,N/A,SAME DIR REAR END,CLOUDY,DRY,DAYLIGHT,TRAFFIC SIGNAL,Yes,NO APPARENT INJURY,INATTENTIVE OR LOST IN THOUGHT,SCHOOL BUS,SLOWING OR STOPPING,East,East,35,2013,THOMAS,1.5,182,44.4,0
Property Damage Crash,07-08-2022 09:30,County,SHADY GROVE RD,N/A,SAME DIR REAR END,CLEAR,WET,DAYLIGHT,TRAFFIC SIGNAL,No,NO APPARENT INJURY,NOT DISTRACTED,PASSENGER CAR,STOPPED IN TRAFFIC LANE,South,South,40,2017,HOND,8.1,307,40.3,0
Injury Crash,07-08-2022 09:30,County,CRYSTAL ROCK DR,N/A,STRAIGHT MOVEMENT ANGLE,CLEAR,DRY,DAYLIGHT,STOP SIGN,Yes,NO APPARENT INJURY,NOT DISTRACTED,PASSENGER CAR,MAKING LEFT TURN,East,South,25,2015,NISS,4.9,39.4,27.1,0
Property Damage Crash,07-08-2022 10:58,Municipality,ARDENNES AVE,ROCKVILLE,SAME DIR REAR END,CLEAR,DRY,DARK NO LIGHTS,NO CONTROLS,Yes,NO APPARENT INJURY,NOT DISTRACTED,PASSENGER CAR,MOVING CONSTANT SPEED,South,South,25,2012,FORD,3.9,36.2,33.4,0
Injury Crash,07-08-2022 10:58,US (State),COLUMBIA PIKE,N/A,STRAIGHT MOVEMENT ANGLE,CLEAR,DRY,DARK LIGHTS ON,TRAFFIC SIGNAL,Yes,NO APPARENT INJURY,NOT DISTRACTED,PASSENGER CAR,MOVING CONSTANT SPEED,East,East,50,1999,TOYOTA,2.6,228,48.7,0
Property Damage Crash,07-08-2022 12:30,Maryland (State),UNIVERSITY BLVD E,N/A,SAME DIRECTION SIDESWIPE,CLEAR,DRY,DARK LIGHTS ON,N/A,No,NO APPARENT INJURY,NOT DISTRACTED,PASSENGER CAR,MOVING CONSTANT SPEED,West,West,40,2017,ACURA,7.2,353,34.1,0.07
Injury Crash,07-08-2022 12:30,Maryland (State),FREDERICK RD,N/A,STRAIGHT MOVEMENT ANGLE,CLEAR,DRY,DAYLIGHT,TRAFFIC SIGNAL,Yes,SUSPECTED MINOR INJURY,NOT DISTRACTED,POLICE VEHICLE/EMERGENCY,UNKNOWN,West,North,45,2014,DODGE,8.7,43.2,31.6,0
Property Damage Crash,07-08-2022 12:39,Maryland (State),FREDERICK RD,N/A,SAME DIRECTION RIGHT TURN,RAINING,WET,DAYLIGHT,TRAFFIC SIGNAL,Yes,NO APPARENT INJURY,UNKNOWN,PASSENGER CAR,MAKING RIGHT TURN,East,North,45,2011,INFINITI,4.7,38.6,25.7,0
Property Damage Crash,07-08-2022 12:39,Municipality,RITCHIE AVE,TAKOMA PARK,OTHER,CLEAR,DRY,DARK LIGHTS ON,NO CONTROLS,Yes,NO APPARENT INJURY,OTHER DISTRACTION,PASSENGER CAR,MOVING CONSTANT SPEED,East,East,25,2003,HYUNDAI,7.5,36.3,31.4,0
Injury Crash,07-08-2022 13:02,US (State),GEORGIA AVE,N/A,SAME DIR REAR END,CLEAR,DRY,DAWN,N/A,No,SUSPECTED MINOR INJURY,NOT DISTRACTED,PASSENGER CAR,SLOWING OR STOPPING,South,South,35,2020,TOYOTA,0,0,0,0
Injury Crash,07-08-2022 13:06,County,SHADY GROVE RD,N/A,SAME DIR REAR END,CLEAR,DRY,DAYLIGHT,NO CONTROLS,No,POSSIBLE INJURY,NOT DISTRACTED,PASSENGER CAR,SLOWING OR STOPPING,South,South,45,2015,FORD,0,0,0,0
Property Damage Crash,07-08-2022 13:06,Maryland (State),NEW HAMPSHIRE AVE,N/A,SAME DIR REAR END,CLEAR,DRY,DUSK,N/A,Unknown,NO APPARENT INJURY,NOT DISTRACTED,VAN,MOVING CONSTANT SPEED,South,South,40,2010,VOLKSWAGEN,7.8,52,28.2,0
Property Damage Crash,07-08-2022 15:15,Maryland (State),COLESVILLE RD,N/A,SAME DIRECTION LEFT TURN,CLEAR,DRY,DAYLIGHT,TRAFFIC SIGNAL,Yes,NO APPARENT INJURY,NOT DISTRACTED,VAN,MOVING CONSTANT SPEED,North,North,30,2013,FORD,2.5,50,19.6,0
Injury Crash,07-08-2022 15:15,County,WATKINS MILL RD,N/A,HEAD ON,RAINING,WET,DAYLIGHT,NO CONTROLS,Yes,POSSIBLE INJURY,NOT DISTRACTED,PASSENGER CAR,MOVING CONSTANT SPEED,North,North,35,2007,TOYOTA,0,0,0,0
Injury Crash,07-08-2022 15:15,Maryland (State),UNIVERSITY BLVD W,N/A,SAME DIR REAR END,CLEAR,DRY,DAYLIGHT,N/A,Yes,POSSIBLE INJURY,LOOKED BUT DID NOT SEE,PASSENGER CAR,SLOWING OR STOPPING,East,East,40,1997,TOYT,2,74,33.6,0
Injury Crash,07-08-2022 15:19,Municipality,WOOTTON PKWY,N/A,SAME DIR REAR END,RAINING,WET,DAYLIGHT,TRAFFIC SIGNAL,No,NO APPARENT INJURY,UNKNOWN,PASSENGER CAR,STOPPED IN TRAFFIC LANE,East,East,40,2004,NISSAN,9.8,310,20.7,0
Property Damage Crash,07-08-2022 16:08,County,SEVEN LOCKS RD,N/A,SAME DIRECTION LEFT TURN,CLEAR,N/A,DAYLIGHT,TRAFFIC SIGNAL,Yes,NO APPARENT INJURY,LOOKED BUT DID NOT SEE,PASSENGER CAR,CHANGING LANES,South,South,35,2008,FORD,1.9,63,41.8,0
Property Damage Crash,07-08-2022 16:08,County,CLARKSBURG RD,N/A,SINGLE VEHICLE,CLEAR,DRY,DARK LIGHTS ON,N/A,No,NO APPARENT INJURY,NOT DISTRACTED,POLICE VEHICLE/NON EMERGENCY,MOVING CONSTANT SPEED,North,North,35,2017,FORD,8,42.3,37.6,0
Injury Crash,07-08-2022 16:17,Maryland (State),CLOPPER RD,N/A,HEAD ON LEFT TURN,RAINING,WET,DAYLIGHT,TRAFFIC SIGNAL,Yes,POSSIBLE INJURY,UNKNOWN,PASSENGER CAR,MAKING LEFT TURN,North,East,30,2003,PONT,0,0,0,0
Property Damage Crash,07-08-2022 16:17,Maryland (State),ROCKVILLE PIKE,N/A,SINGLE VEHICLE,RAINING,WET,DAYLIGHT,NO CONTROLS,Yes,NO APPARENT INJURY,NOT DISTRACTED,,MOVING CONSTANT SPEED,North,North,35,0,UNKNOWN,0,0,0,0
Property Damage Crash,07-08-2022 16:17,US (State),COLUMBIA PIKE,N/A,OTHER,CLEAR,WET,DARK LIGHTS ON,TRAFFIC SIGNAL,Yes,NO APPARENT INJURY,LOOKED BUT DID NOT SEE,PASSENGER CAR,MOVING CONSTANT SPEED,North,North,50,2011,HYUN,0,0,0,0
Injury Crash,07-08-2022 16:17,Maryland (State),GREAT SENECA HWY,N/A,SAME DIR REAR END,CLEAR,DRY,DARK LIGHTS ON,TRAFFIC SIGNAL,No,SUSPECTED MINOR INJURY,NOT DISTRACTED,PASSENGER CAR,STOPPED IN TRAFFIC LANE,North,North,50,2017,MAZDA,3,53.8,39,0
Injury Crash,07-08-2022 16:26,Maryland (State),CONNECTICUT AVE,N/A,SAME DIR REAR END,RAINING,WET,DAYLIGHT,NO CONTROLS,No,NO APPARENT INJURY,NOT DISTRACTED,PASSENGER CAR,STOPPED IN TRAFFIC LANE,West,West,35,2018,HONDA,3.7,36.6,25,0
Property Damage Crash,07-08-2022 16:26,County,TUCKERMAN LA,N/A,SAME DIRECTION LEFT TURN,CLEAR,DRY,DARK LIGHTS ON,TRAFFIC SIGNAL,Yes,NO APPARENT INJURY,OTHER DISTRACTION,PASSENGER CAR,ACCELERATING,South,West,35,2008,HYUN,14.1,187,42.6,0
Property Damage Crash,07-08-2022 16:37,Maryland (State),MONTGOMERY VILLAGE AVE,N/A,SAME DIR REAR END,CLEAR,DRY,DARK LIGHTS ON,NO CONTROLS,Yes,NO APPARENT INJURY,NOT DISTRACTED,PASSENGER CAR,MOVING CONSTANT SPEED,North,North,30,2006,HOND,0,0,0,0
Property Damage Crash,07-08-2022 16:37,County,BOWIE MILL RD,N/A,STRAIGHT MOVEMENT ANGLE,CLEAR,DRY,DARK LIGHTS ON,STOP SIGN,No,NO APPARENT INJURY,NOT DISTRACTED,PASSENGER CAR,STARTING FROM LANE,West,West,30,2002,TOYT,0,0,0,0
Injury Crash,07-08-2022 18:38,Maryland (State),VEIRS MILL RD,N/A,ANGLE MEETS LEFT TURN,CLOUDY,DRY,DAYLIGHT,TRAFFIC SIGNAL,Yes,SUSPECTED MINOR INJURY,UNKNOWN,PASSENGER CAR,MOVING CONSTANT SPEED,South,South,40,2004,ACUR,2.3,162,32,0
Injury Crash,07-08-2022 18:38,Maryland (State),ROCKVILLE PIKE,N/A,STRAIGHT MOVEMENT ANGLE,RAINING,WET,DARK LIGHTS ON,TRAFFIC SIGNAL,No,SUSPECTED MINOR INJURY,NOT DISTRACTED,PASSENGER CAR,MOVING CONSTANT SPEED,South,South,45,2009,MERCURY,1.7,5,38.7,0.01
Property Damage Crash,07-08-2022 19:02,Interstate (State),EISENHOWER MEMORIAL HWY,N/A,SAME DIR REAR END,CLEAR,DRY,DAYLIGHT,NO CONTROLS,No,NO APPARENT INJURY,NOT DISTRACTED,(SPORT) UTILITY VEHICLE,SLOWING OR STOPPING,North,North,55,2007,LEXU,1.9,29.3,22.7,0
Property Damage Crash,07-08-2022 19:02,County,PLYERS MILL RD,N/A,SAME DIRECTION RIGHT TURN,N/A,DRY,DARK LIGHTS ON,TRAFFIC SIGNAL,No,NO APPARENT INJURY,NOT DISTRACTED,PASSENGER CAR,STARTING FROM LANE,West,West,25,2012,NISSAN,0,0,0,0
Property Damage Crash,07-08-2022 21:20,Maryland (State),NEW HAMPSHIRE AVE,N/A,SINGLE VEHICLE,SNOW,WET,DAYLIGHT,N/A,No,NO APPARENT INJURY,NOT DISTRACTED,PASSENGER CAR,MOVING CONSTANT SPEED,South,South,40,2012,HYUNDAI,4.2,41.7,40.7,0
Injury Crash,07-08-2022 21:20,Maryland (State),DARNESTOWN RD,N/A,SAME DIR REAR END,CLOUDY,DRY,DAYLIGHT,STOP SIGN,No,SUSPECTED MINOR INJURY,NOT DISTRACTED,PASSENGER CAR,MOVING CONSTANT SPEED,East,East,40,2016,MERCEDEZ BENZ,4.2,35.7,24.7,0
Property Damage Crash,07-08-2022 22:05,County,RUATAN ST,N/A,STRAIGHT MOVEMENT ANGLE,RAINING,WET,DAYLIGHT,STOP SIGN,No,NO APPARENT INJURY,NOT DISTRACTED,PICKUP TRUCK,MOVING CONSTANT SPEED,West,West,25,1998,TOYT,5.7,41.5,29.7,0
Property Damage Crash,07-08-2022 22:05,County,PRINCE PHILIP DR,N/A,SINGLE VEHICLE,CLEAR,DRY,DARK LIGHTS ON,N/A,Yes,NO APPARENT INJURY,NOT DISTRACTED,PASSENGER CAR,ACCELERATING,North,North,40,1999,PONTIAC,3.3,2,39,0
Injury Crash,07-08-2022 22:09,Maryland (State),GEORGIA AVE,N/A,STRAIGHT MOVEMENT ANGLE,CLEAR,DRY,DAYLIGHT,TRAFFIC SIGNAL,No,POSSIBLE INJURY,NOT DISTRACTED,PASSENGER CAR,STARTING FROM LANE,North,East,35,2018,ACURA,10.3,28.7,17.1,0
Property Damage Crash,07-08-2022 23:15,County,REDLAND RD,N/A,STRAIGHT MOVEMENT ANGLE,OTHER,DRY,DAYLIGHT,TRAFFIC SIGNAL,No,NO APPARENT INJURY,NOT DISTRACTED,PASSENGER CAR,MOVING CONSTANT SPEED,East,East,40,2015,TOYT,0,0,0,0
Injury Crash,08-08-2022 01:00,Maryland (State),FREDERICK RD,N/A,HEAD ON LEFT TURN,N/A,WET,DAYLIGHT,TRAFFIC SIGNAL,No,SUSPECTED MINOR INJURY,NOT DISTRACTED,VAN,ACCELERATING,South,South,45,2006,DODGE,0,0,0,0
Injury Crash,08-08-2022 04:41,Maryland (State),BRADLEY BLVD,N/A,STRAIGHT MOVEMENT ANGLE,CLEAR,DRY,DARK NO LIGHTS,TRAFFIC SIGNAL,Unknown,SUSPECTED MINOR INJURY,NOT DISTRACTED,PASSENGER CAR,MOVING CONSTANT SPEED,North,North,35,2018,TOYOTA,13,65.7,56.8,0
Property Damage Crash,08-08-2022 04:41,Maryland (State),E JEFFERSON ST,ROCKVILLE,SAME DIRECTION SIDESWIPE,CLEAR,DRY,DAYLIGHT,TRAFFIC SIGNAL,No,NO APPARENT INJURY,NOT DISTRACTED,TRANSIT BUS,MAKING LEFT TURN,North,North,25,2017,GILG,2.4,36.4,35.9,0.01
Property Damage Crash,08-08-2022 05:08,County,SNOUFFERS SCHOOL RD,N/A,SAME DIRECTION RIGHT TURN,CLEAR,DRY,DAYLIGHT,NO CONTROLS,Yes,NO APPARENT INJURY,UNKNOWN,PASSENGER CAR,MOVING CONSTANT SPEED,South,South,40,2006,JAGU,7.3,130,33.3,0
Property Damage Crash,08-08-2022 05:08,Maryland (State),SANDY SPRING RD,N/A,STRAIGHT MOVEMENT ANGLE,CLEAR,DRY,DAYLIGHT,TRAFFIC SIGNAL,No,NO APPARENT INJURY,NOT DISTRACTED,(SPORT) UTILITY VEHICLE,STARTING FROM LANE,West,West,50,2008,CHEVROLET,0,0,0,0
Injury Crash,08-08-2022 07:28,US (State),COLUMBIA PIKE,N/A,OTHER,RAINING,WET,DARK NO LIGHTS,NO CONTROLS,No,NO APPARENT INJURY,NOT DISTRACTED,PASSENGER CAR,MOVING CONSTANT SPEED,North,North,50,2006,INFI,8.4,37.1,17,0
Property Damage Crash,08-08-2022 07:28,County,DEMOCRACY BLVD,N/A,STRAIGHT MOVEMENT ANGLE,CLEAR,DRY,DAYLIGHT,STOP SIGN,Yes,NO APPARENT INJURY,LOOKED BUT DID NOT SEE,PICKUP TRUCK,MAKING LEFT TURN,South,West,30,2011,CHEVY,5.6,357,28.2,0
Property Damage Crash,08-08-2022 07:28,,,,OTHER,CLEAR,,DAYLIGHT,NO CONTROLS,Yes,NO APPARENT INJURY,UNKNOWN,PASSENGER CAR,BACKING,West,West,25,1996,FORD,4.5,193,19.4,0
Property Damage Crash,08-08-2022 08:07,US (State),COLESVILLE RD,N/A,SAME DIR REAR END,CLEAR,DRY,DAYLIGHT,NO CONTROLS,No,NO APPARENT INJURY,NOT DISTRACTED,PASSENGER CAR,SLOWING OR STOPPING,North,North,35,2014,CHEV,14.5,183,53,0
Injury Crash,08-08-2022 09:54,Maryland (State),GEORGIA AVE,N/A,SAME DIR REAR END,CLEAR,DRY,DAYLIGHT,NO CONTROLS,Yes,SUSPECTED MINOR INJURY,NOT DISTRACTED,PASSENGER CAR,SLOWING OR STOPPING,North,North,45,1999,TOYT,0,0,0,0
Property Damage Crash,08-08-2022 09:54,Maryland (State),SPENCERVILLE RD,N/A,SAME DIR REAR END,CLEAR,DRY,DAYLIGHT,NO CONTROLS,No,NO APPARENT INJURY,NOT DISTRACTED,(SPORT) UTILITY VEHICLE,STOPPED IN TRAFFIC LANE,East,East,40,2019,HONDA,3.5,31.3,27.9,0