ACRS Report Type,Date and Time,Route Type,Road Name,Municipality,Collision Type,Weather,Surface Condition,Light,Traffic Control,Driver At Fault,Injury Severity,Driver Distracted By,Vehicle Body Type,Vehicle Movement,Vehicle Continuing Dir,Vehicle Going Dir,Speed Limit,Vehicle Year,Vehicle Make,Wind Speed (MPH),TMP10-DK ,Relative Humidity (%),Rain (Inches)
Property Damage Crash,08-08-2022 10:20,,,,SAME DIRECTION SIDESWIPE,RAINING,,DAYLIGHT,NO CONTROLS,Yes,NO APPARENT INJURY,UNKNOWN,PASSENGER CAR,PARKING,Unknown,Unknown,5,2007,HUMMER,7.8,39.3,15.7,0
Injury Crash,08-08-2022 10:20,Maryland (State),16TH ST,N/A,STRAIGHT MOVEMENT ANGLE,CLOUDY,DRY,DAYLIGHT,NO CONTROLS,Yes,NO APPARENT INJURY,NOT DISTRACTED,PASSENGER CAR,MAKING LEFT TURN,South,West,35,2012,BMW,0,0,0,0
Property Damage Crash,08-08-2022 11:30,Municipality,RUSSELL AVE,GAITHERSBURG,HEAD ON LEFT TURN,CLEAR,DRY,DAYLIGHT,TRAFFIC SIGNAL,Yes,NO APPARENT INJURY,LOOKED BUT DID NOT SEE,POLICE VEHICLE/EMERGENCY,MAKING LEFT TURN,South,West,30,2004,LINC,1.9,35.5,32.8,0
Injury Crash,08-08-2022 12:00,County,CENTURY BLVD,N/A,OTHER,CLEAR,DRY,DAYLIGHT,TRAFFIC SIGNAL,No,NO APPARENT INJURY,NOT DISTRACTED,PASSENGER CAR,ACCELERATING,South,South,15,2013,TOYOTA,0,0,0,0
Injury Crash,08-08-2022 12:00,County,EAST VILLAGE AVE,N/A,SINGLE VEHICLE,CLEAR,DRY,DAYLIGHT,N/A,Yes,SUSPECTED MINOR INJURY,BY OTHER OCCUPANTS,PASSENGER CAR,MOVING CONSTANT SPEED,West,West,30,2003,VOLKSWAGON,2.1,49.2,45.6,0
Property Damage Crash,08-08-2022 13:39,County,ST JOHNSBURY LA,N/A,OPPOSITE DIRECTION SIDESWIPE,CLEAR,DRY,DARK LIGHTS ON,NO CONTROLS,Yes,NO APPARENT INJURY,UNKNOWN,PASSENGER CAR,MAKING LEFT TURN,East,South,25,2011,CHEVY,3.9,33.3,20.3,0
Property Damage Crash,08-08-2022 13:39,,,,SAME DIR REAR END,N/A,,DAYLIGHT,NO CONTROLS,Yes,NO APPARENT INJURY,UNKNOWN,PASSENGER CAR,MOVING CONSTANT SPEED,North,North,25,2010,HONDA,2.3,36.9,24.2,0
Injury Crash,08-08-2022 14:46,Maryland (State),UNIVERSITY BLVD W,N/A,SAME DIR REAR END,RAINING,WET,DAYLIGHT,TRAFFIC SIGNAL,No,NO APPARENT INJURY,NOT DISTRACTED,PASSENGER CAR,STOPPED IN TRAFFIC LANE,East,East,0,2015,GMC,0,0,0,0
Property Damage Crash,08-08-2022 15:44,Service Road,N CAMPUS DR,N/A,STRAIGHT MOVEMENT ANGLE,CLEAR,DRY,DAYLIGHT,N/A,No,NO APPARENT INJURY,USING DEVICE OBJECT BROUGHT INTO VEHICLE,TRUCK TRACTOR,MOVING CONSTANT SPEED,West,West,25,2000,MACK,2.4,34.7,24.1,0
Property Damage Crash,08-08-2022 17:08,Maryland (State),GEORGIA AVE,N/A,SAME DIRECTION SIDESWIPE,CLEAR,DRY,DAYLIGHT,NO CONTROLS,No,NO APPARENT INJURY,NOT DISTRACTED,PASSENGER CAR,OTHER,South,South,35,2009,NISSAN,7.4,306,39.5,0.4
Injury Crash,08-08-2022 17:08,Maryland (State),GREAT SENECA HWY,N/A,HEAD ON LEFT TURN,CLEAR,DRY,DARK NO LIGHTS,NO CONTROLS,Yes,NO APPARENT INJURY,LOOKED BUT DID NOT SEE,PASSENGER CAR,MAKING LEFT TURN,East,South,45,2019,HONDA,2.8,197,40.4,0
Property Damage Crash,08-08-2022 17:09,Maryland (State),GEORGIA AVE,N/A,SAME DIR REAR END,CLEAR,WET,DARK LIGHTS ON,TRAFFIC SIGNAL,Yes,NO APPARENT INJURY,LOOKED BUT DID NOT SEE,PASSENGER CAR,MOVING CONSTANT SPEED,North,North,35,2007,TOYT,0,0,0,0
Injury Crash,08-08-2022 17:09,US (State),COLESVILLE RD,N/A,SAME DIR REAR END,RAINING,WET,DAYLIGHT,NO CONTROLS,Yes,POSSIBLE INJURY,UNKNOWN,PASSENGER CAR,SLOWING OR STOPPING,East,East,15,2013,FORD,8.4,199,24.3,0
Property Damage Crash,08-08-2022 17:09,Other Public Roadway,CENTURY BLVD,N/A,OPPOSITE DIRECTION SIDESWIPE,CLEAR,DRY,DAYLIGHT,NO CONTROLS,No,NO APPARENT INJURY,NOT DISTRACTED,PICKUP TRUCK,MOVING CONSTANT SPEED,South,South,25,1980,FORD,3.3,56.6,53.5,0
Injury Crash,08-08-2022 17:09,Maryland (State),NEW HAMPSHIRE AVE,N/A,SAME DIR REND LEFT TURN,CLEAR,DRY,DARK LIGHTS ON,N/A,No,POSSIBLE INJURY,NOT DISTRACTED,PICKUP TRUCK,STOPPED IN TRAFFIC LANE,North,North,40,2004,HONDA,0,0,0,0
Property Damage Crash,08-08-2022 17:09,Other Public Roadway,MONTROSE PKWY,N/A,STRAIGHT MOVEMENT ANGLE,CLEAR,DRY,DAWN,TRAFFIC SIGNAL,No,NO APPARENT INJURY,NOT DISTRACTED,PASSENGER CAR,STARTING FROM LANE,North,North,35,2015,TOYOTA,6.4,304,36.8,0
Injury Crash,08-08-2022 17:09,Maryland (State),NEW HAMPSHIRE AVE,N/A,SAME DIR REAR END,CLOUDY,DRY,DAYLIGHT,TRAFFIC SIGNAL,Yes,NO APPARENT INJURY,LOOKED BUT DID NOT SEE,PASSENGER CAR,SLOWING OR STOPPING,South,South,40,2016,NISSAN,1.1,80,29,0
Injury Crash,08-08-2022 17:09,US (State),COLUMBIA PIKE,N/A,SAME DIR REAR END,CLEAR,DRY,DAYLIGHT,TRAFFIC SIGNAL,No,NO APPARENT INJURY,NOT DISTRACTED,PASSENGER CAR,STOPPED IN TRAFFIC LANE,East,South,50,2018,BMW,3.1,123,26.3,0
Injury Crash,08-08-2022 17:10,Maryland (State),KEY WEST AVE,N/A,STRAIGHT MOVEMENT ANGLE,CLEAR,DRY,DAYLIGHT,NO CONTROLS,No,NO APPARENT INJURY,NOT DISTRACTED,PASSENGER CAR,MOVING CONSTANT SPEED,East,East,25,2010,TOYT,2.3,214,25.2,0
Property Damage Crash,08-08-2022 17:36,,,,SAME DIR REAR END,SNOW,,DARK LIGHTS ON,N/A,Yes,NO APPARENT INJURY,NOT DISTRACTED,POLICE VEHICLE/NON EMERGENCY,PARKING,Unknown,Unknown,15,2016,FORD,8.4,136,28.9,0
Injury Crash,08-08-2022 18:25,County,MUDDY BRANCH RD,GAITHERSBURG,HEAD ON LEFT TURN,RAINING,WET,DARK LIGHTS ON,TRAFFIC SIGNAL,Yes,SUSPECTED MINOR INJURY,INATTENTIVE OR LOST IN THOUGHT,PASSENGER CAR,MOVING CONSTANT SPEED,North,North,30,1997,GEO,0,0,0,0
Property Damage Crash,08-08-2022 18:25,,,,OTHER,CLEAR,,DUSK,NO CONTROLS,Yes,NO APPARENT INJURY,LOOKED BUT DID NOT SEE,PASSENGER CAR,BACKING,North,North,15,2012,HONDA,5.5,138,30.6,0
Property Damage Crash,08-08-2022 20:23,Maryland (State),EAST WEST HWY,N/A,SAME DIR REND LEFT TURN,CLEAR,DRY,DAYLIGHT,TRAFFIC SIGNAL,Yes,NO APPARENT INJURY,UNKNOWN,PASSENGER CAR,MAKING LEFT TURN,South,South,30,2019,TOYOTA,6.1,37.1,33.2,0
Injury Crash,08-08-2022 20:47,Maryland (State),CLOPPER RD,N/A,SAME DIR REAR END,CLEAR,DRY,DAYLIGHT,NO CONTROLS,No,POSSIBLE INJURY,NOT DISTRACTED,PICKUP TRUCK,SLOWING OR STOPPING,East,East,35,2002,TOYT,0,0,0,0
Injury Crash,08-08-2022 21:52,Maryland (State),W MONTGOMERY AVE,ROCKVILLE,OTHER,RAINING,WET,DAYLIGHT,NO CONTROLS,No,SUSPECTED MINOR INJURY,NOT DISTRACTED,PASSENGER CAR,STOPPED IN TRAFFIC LANE,West,North,30,2019,TOYOTA,1,43,19.2,0
Injury Crash,08-08-2022 21:52,Maryland (State),VEIRS MILL RD,N/A,SAME DIR REAR END,RAINING,WET,DAYLIGHT,TRAFFIC SIGNAL,Yes,NO APPARENT INJURY,UNKNOWN,PASSENGER CAR,MOVING CONSTANT SPEED,East,East,40,2012,NISSAN,5.1,42.4,41.5,0
Property Damage Crash,08-08-2022 22:29,County,GOSHEN RD,N/A,HEAD ON,CLEAR,DRY,DARK NO LIGHTS,NO CONTROLS,Yes,NO APPARENT INJURY,UNKNOWN,PASSENGER CAR,MOVING CONSTANT SPEED,North,North,35,2016,HOND,5.2,38.3,23.8,0
Property Damage Crash,08-08-2022 22:29,Maryland (State),UNIVERSITY BLVD E,N/A,SAME DIR REAR END,RAINING,WET,DARK LIGHTS ON,TRAFFIC SIGNAL,No,NO APPARENT INJURY,NOT DISTRACTED,PASSENGER CAR,STOPPED IN TRAFFIC LANE,East,East,35,2013,FORD,5.6,341,35.4,0
Property Damage Crash,09-08-2022 01:40,Maryland (State),NEW HAMPSHIRE AVE,N/A,STRAIGHT MOVEMENT ANGLE,CLEAR,DRY,DAYLIGHT,NO CONTROLS,No,NO APPARENT INJURY,NOT DISTRACTED,PASSENGER CAR,MOVING CONSTANT SPEED,North,North,40,2006,HOND,0,0,0,0
Property Damage Crash,09-08-2022 01:40,County,BRIGGS CHANEY RD,N/A,SAME DIRECTION SIDESWIPE,CLEAR,DRY,DAWN,TRAFFIC SIGNAL,No,NO APPARENT INJURY,NOT DISTRACTED,TRANSIT BUS,STOPPED IN TRAFFIC LANE,West,West,50,2009,NEW FLYER,4.9,183,30.1,0
Injury Crash,09-08-2022 07:03,Maryland (State),FREDERICK RD,N/A,HEAD ON LEFT TURN,CLEAR,DRY,DARK LIGHTS ON,TRAFFIC SIGNAL,No,POSSIBLE INJURY,NOT DISTRACTED,PASSENGER CAR,MAKING LEFT TURN,West,North,30,2018,JEEP,5.2,38.4,26.4,0
Injury Crash,09-08-2022 07:03,Maryland (State),FREDERICK RD,N/A,SINGLE VEHICLE,CLEAR,DRY,DARK LIGHTS ON,NO CONTROLS,Yes,SUSPECTED MINOR INJURY,NOT DISTRACTED,(SPORT) UTILITY VEHICLE,MOVING CONSTANT SPEED,North,North,40,2003,JEEP,2,38.3,32.3,0
Property Damage Crash,09-08-2022 07:57,Maryland (State),FREDERICK RD,N/A,STRAIGHT MOVEMENT ANGLE,CLEAR,DRY,DARK LIGHTS ON,TRAFFIC SIGNAL,No,NO APPARENT INJURY,NOT DISTRACTED,PASSENGER CAR,MOVING CONSTANT SPEED,North,North,40,2006,HONDA,0,0,0,0
Property Damage Crash,09-08-2022 08:00,Maryland (State),UNIVERSITY BLVD E,N/A,SAME DIR REAR END,CLEAR,DRY,DAYLIGHT,NO CONTROLS,No,NO APPARENT INJURY,NOT DISTRACTED,(SPORT) UTILITY VEHICLE,SLOWING OR STOPPING,East,East,35,2007,HOND,0,0,0,0
Property Damage Crash,09-08-2022 08:00,Maryland (State),FREDERICK RD,N/A,SAME DIR REAR END,CLEAR,DRY,DARK LIGHTS ON,NO CONTROLS,No,NO APPARENT INJURY,NOT DISTRACTED,PICKUP TRUCK,SLOWING OR STOPPING,South,South,35,2017,RAM,1.3,164,15.9,0
Property Damage Crash,09-08-2022 08:13,Interstate (State),EISENHOWER MEMORIAL HWY,N/A,SAME DIR REAR END,CLEAR,DRY,DAYLIGHT,NO CONTROLS,No,NO APPARENT INJURY,NOT DISTRACTED,PASSENGER CAR,SLOWING OR STOPPING,North,North,55,2010,TOYT,6.8,4,31.6,0
Property Damage Crash,09-08-2022 08:13,County,ASHBURTON LA,N/A,SAME DIR REAR END,CLEAR,DRY,DAYLIGHT,STOP SIGN,No,NO APPARENT INJURY,NOT DISTRACTED,PASSENGER CAR,STOPPED IN TRAFFIC LANE,South,South,25,2017,TOYOTA,0,0,0,0
Property Damage Crash,09-08-2022 08:34,County,EXECUTIVE BLVD,N/A,OTHER,CLEAR,DRY,DAYLIGHT,N/A,No,NO APPARENT INJURY,NOT DISTRACTED,PASSENGER CAR,PARKED,,,0,2012,NISSAN,15.8,174,47.3,0
Injury Crash,09-08-2022 08:34,County,DEMOCRACY BLVD,N/A,SAME DIR REAR END,CLEAR,DRY,DAYLIGHT,N/A,No,NO APPARENT INJURY,NOT DISTRACTED,PASSENGER CAR,SLOWING OR STOPPING,East,East,35,2018,FORD,8.8,338,15,0
Property Damage Crash,09-08-2022 11:14,County,TRAVILAH RD,N/A,SAME DIR REAR END,CLEAR,DRY,DAYLIGHT,NO CONTROLS,Yes,NO APPARENT INJURY,NOT DISTRACTED,PASSENGER CAR,SLOWING OR STOPPING,North,North,30,2007,HONDA,7.8,127,30.2,0
Injury Crash,09-08-2022 11:14,Maryland (State),RIVER RD,N/A,STRAIGHT MOVEMENT ANGLE,CLEAR,DRY,DARK LIGHTS ON,FLASHING TRAFFIC SIGNAL,No,SUSPECTED MINOR INJURY,NOT DISTRACTED,PASSENGER CAR,MOVING CONSTANT SPEED,West,West,45,2014,CHEVY,2.3,100,30.8,0
Injury Crash,09-08-2022 11:14,Maryland (State),ASHTON RD,N/A,SAME DIR REAR END,CLEAR,DRY,DAYLIGHT,NO CONTROLS,Yes,NO APPARENT INJURY,LOOKED BUT DID NOT SEE,PASSENGER CAR,MOVING CONSTANT SPEED,East,East,45,2022,TOYOTA,1.3,53.3,41.5,0
Property Damage Crash,09-08-2022 12:32,Maryland (State),FREDERICK RD,N/A,SAME DIR REAR END,CLEAR,DRY,DARK LIGHTS ON,NO CONTROLS,No,NO APPARENT INJURY,NOT DISTRACTED,PASSENGER CAR,STOPPED IN TRAFFIC LANE,North,North,40,2013,CHEVROLET,0,0,0,0
Injury Crash,09-08-2022 13:41,County,ASPEN HILL RD,N/A,STRAIGHT MOVEMENT ANGLE,CLOUDY,DRY,DAYLIGHT,N/A,Yes,NO APPARENT INJURY,LOOKED BUT DID NOT SEE,PASSENGER CAR,BACKING,North,North,30,2016,JEEP,9.7,122,32.8,0
Injury Crash,09-08-2022 13:55,Maryland (State),ROCKVILLE PIKE,N/A,SAME DIR REAR END,CLEAR,DRY,DAYLIGHT,TRAFFIC SIGNAL,Yes,POSSIBLE INJURY,INATTENTIVE OR LOST IN THOUGHT,PASSENGER CAR,MOVING CONSTANT SPEED,North,North,40,2011,TOYOTA,0,0,0,0
Injury Crash,09-08-2022 13:55,County,PARKLAWN DR,N/A,OTHER,CLEAR,DRY,DAYLIGHT,TRAFFIC SIGNAL,No,NO APPARENT INJURY,NOT DISTRACTED,TRANSIT BUS,MAKING LEFT TURN,North,East,35,2013,GILL,0,0,0,0
Property Damage Crash,09-08-2022 15:55,County,GALT AVE,N/A,STRAIGHT MOVEMENT ANGLE,CLEAR,DRY,DARK LIGHTS ON,N/A,Unknown,NO APPARENT INJURY,NOT DISTRACTED,PASSENGER CAR,MOVING CONSTANT SPEED,North,North,20,2008,BMW,8.4,119,37.8,0
Property Damage Crash,09-08-2022 15:55,,,,N/A,CLEAR,,DAYLIGHT,NO CONTROLS,Yes,NO APPARENT INJURY,NOT DISTRACTED,"CARGO VAN/LIGHT TRUCK 2 AXLES (OVER 10,000LBS (4,536 KG))",PARKING,Unknown,Unknown,10,2007,CHEVROLET,2.4,45.2,39.4,0
Property Damage Crash,09-08-2022 16:16,Maryland (State),GREAT SENECA HWY,N/A,STRAIGHT MOVEMENT ANGLE,N/A,DRY,DARK LIGHTS ON,TRAFFIC SIGNAL,No,NO APPARENT INJURY,NOT DISTRACTED,PASSENGER CAR,MOVING CONSTANT SPEED,North,North,45,2006,INFI,5.4,148,32.5,0
Property Damage Crash,09-08-2022 16:16,County,TRAVILAH RD,N/A,HEAD ON,RAINING,WET,DARK LIGHTS ON,NO CONTROLS,No,NO APPARENT INJURY,NOT DISTRACTED,PASSENGER CAR,MOVING CONSTANT SPEED,South,South,35,2016,MERCEDEZ,0,0,0,0
Property Damage Crash,09-08-2022 16:40,,,,STRAIGHT MOVEMENT ANGLE,CLEAR,,DARK LIGHTS ON,N/A,No,NO APPARENT INJURY,NOT DISTRACTED,PASSENGER CAR,BACKING,South,South,5,2005,ACURA,0,0,0,0
Property Damage Crash,09-08-2022 16:40,Maryland (State),NEW HAMPSHIRE AVE,N/A,STRAIGHT MOVEMENT ANGLE,RAINING,WET,DAYLIGHT,TRAFFIC SIGNAL,Yes,NO APPARENT INJURY,OTHER CELLULAR PHONE RELATED,(SPORT) UTILITY VEHICLE,MOVING CONSTANT SPEED,South,South,40,2020,HYUN,8.9,348,23.1,0
Property Damage Crash,09-08-2022 17:06,US (State),COLUMBIA PIKE,N/A,SAME DIR REAR END,CLEAR,DRY,DAYLIGHT,TRAFFIC SIGNAL,Yes,NO APPARENT INJURY,OTHER DISTRACTION,PASSENGER CAR,SLOWING OR STOPPING,South,South,50,2007,TOYT,13.4,41.7,30.4,0
Property Damage Crash,09-08-2022 17:06,Municipality,GOLDEN ASH WAY,GAITHERSBURG,STRAIGHT MOVEMENT ANGLE,CLOUDY,DRY,DAYLIGHT,STOP SIGN,No,NO APPARENT INJURY,NOT DISTRACTED,PASSENGER CAR,MOVING CONSTANT SPEED,East,East,30,2008,MAZDA,0,0,0,0
Property Damage Crash,09-08-2022 17:36,,,,OTHER,CLEAR,,DAYLIGHT,N/A,No,NO APPARENT INJURY,NOT DISTRACTED,POLICE VEHICLE/NON EMERGENCY,PARKED,,,0,2016,FORD,5.5,37.8,25.8,0
Property Damage Crash,09-08-2022 17:36,County,OAKMONT AVE,N/A,SINGLE VEHICLE,CLOUDY,DRY,DAYLIGHT,N/A,Yes,NO APPARENT INJURY,NOT DISTRACTED,PASSENGER CAR,MAKING RIGHT TURN,North,North,30,2014,HOND,0,0,0,0
Injury Crash,09-08-2022 17:37,County,AVERY RD,N/A,STRAIGHT MOVEMENT ANGLE,RAINING,WET,DAYLIGHT,STOP SIGN,Yes,SUSPECTED MINOR INJURY,NOT DISTRACTED,PASSENGER CAR,MOVING CONSTANT SPEED,South,South,35,2002,TOYOTA,11.5,40.7,19.5,0
Property Damage Crash,09-08-2022 17:37,US (State),COLUMBIA PIKE,N/A,SAME DIR REAR END,CLEAR,DRY,DAYLIGHT,TRAFFIC SIGNAL,No,NO APPARENT INJURY,NOT DISTRACTED,PASSENGER CAR,STOPPED IN TRAFFIC LANE,South,South,40,2012,NISSAN,2.6,41.3,41.2,0
Injury Crash,09-08-2022 17:56,County,FIELDS RD,N/A,STRAIGHT MOVEMENT ANGLE,RAINING,WET,DARK LIGHTS ON,TRAFFIC SIGNAL,No,NO APPARENT INJURY,NOT DISTRACTED,PASSENGER CAR,MOVING CONSTANT SPEED,West,West,35,2012,CHEVY,3.6,266,-1.1,0
Injury Crash,09-08-2022 18:20,County,SECOND AVE,N/A,STRAIGHT MOVEMENT ANGLE,CLEAR,DRY,DAYLIGHT,NO CONTROLS,Yes,NO APPARENT INJURY,LOOKED BUT DID NOT SEE,PASSENGER CAR,STARTING FROM LANE,West,West,30,2011,DODG,3.2,358,51.8,0
Injury Crash,09-08-2022 18:20,Maryland (State),CONNECTICUT AVE,N/A,HEAD ON,CLEAR,DRY,DARK -- UNKNOWN LIGHTING,TRAFFIC SIGNAL,Yes,SUSPECTED MINOR INJURY,UNKNOWN,(SPORT) UTILITY VEHICLE,MAKING LEFT TURN,West,North,35,2019,TOYOTA,1.7,45,33,0
Property Damage Crash,09-08-2022 19:10,County,FATHER HURLEY BLVD,N/A,OTHER,CLEAR,DRY,DARK LIGHTS ON,NO CONTROLS,No,NO APPARENT INJURY,NOT DISTRACTED,POLICE VEHICLE/NON EMERGENCY,MOVING CONSTANT SPEED,North,North,35,2015,FORD,0,0,0,0
Injury Crash,09-08-2022 19:10,Maryland (State),ROCKVILLE PIKE,N/A,STRAIGHT MOVEMENT ANGLE,CLEAR,DRY,DAYLIGHT,NO CONTROLS,No,NO APPARENT INJURY,NOT DISTRACTED,PASSENGER CAR,MOVING CONSTANT SPEED,South,South,40,2012,BUICK,5.3,312,12.6,0
Property Damage Crash,09-08-2022 19:13,County,NORTHAMPTON DR,N/A,SAME DIRECTION SIDESWIPE,CLEAR,DRY,DAYLIGHT,N/A,No,NO APPARENT INJURY,NOT DISTRACTED,TRANSIT BUS,STOPPED IN TRAFFIC LANE,North,North,35,2016,NEW FLYER,8.8,309,30.7,0
Injury Crash,09-08-2022 19:13,Maryland (State),GEORGIA AVE,N/A,SAME DIR REAR END,CLEAR,DRY,DAYLIGHT,NO CONTROLS,Yes,POSSIBLE INJURY,UNKNOWN,PASSENGER CAR,MOVING CONSTANT SPEED,South,South,40,1999,MERCEDEZ,5.5,36.8,22.7,0
Injury Crash,09-08-2022 19:13,Maryland (State),RIDGE RD,N/A,SAME DIR REAR END,CLEAR,DRY,DUSK,NO CONTROLS,Yes,NO APPARENT INJURY,INATTENTIVE OR LOST IN THOUGHT,PASSENGER CAR,MOVING CONSTANT SPEED,South,South,40,2013,MAZD,5,155,31.9,0
Property Damage Crash,09-08-2022 19:13,County,GOOD HOPE RD,N/A,N/A,CLEAR,DRY,DARK LIGHTS ON,NO CONTROLS,No,NO APPARENT INJURY,NOT DISTRACTED,STATION WAGON,SLOWING OR STOPPING,North,North,30,2012,HOND,16,32.7,22.4,0
Injury Crash,09-08-2022 20:27,Interstate (State),EISENHOWER MEMORIAL HWY,N/A,SAME DIR REAR END,OTHER,DRY,DAYLIGHT,NO CONTROLS,No,NO APPARENT INJURY,NOT DISTRACTED,PASSENGER CAR,MOVING CONSTANT SPEED,South,South,55,2012,CHEV,7,180,18.5,0
Property Damage Crash,10-08-2022 00:30,Maryland (State),MONTGOMERY AVE,N/A,SAME DIRECTION LEFT TURN,CLEAR,DRY,N/A,TRAFFIC SIGNAL,No,NO APPARENT INJURY,NOT DISTRACTED,PASSENGER CAR,MOVING CONSTANT SPEED,East,East,25,2017,HONDA,15.4,325,7.9,0
Injury Crash,10-08-2022 01:13,Maryland (State),NORBECK RD,N/A,STRAIGHT MOVEMENT ANGLE,CLEAR,DRY,DARK NO LIGHTS,TRAFFIC SIGNAL,Yes,NO APPARENT INJURY,LOOKED BUT DID NOT SEE,PASSENGER CAR,MAKING LEFT TURN,North,East,45,2008,TOYT,8.4,174,6.7,0
Injury Crash,10-08-2022 01:30,Maryland (State),NORBECK RD,N/A,SAME DIR REAR END,CLEAR,DRY,DAYLIGHT,TRAFFIC SIGNAL,No,SUSPECTED SERIOUS INJURY,NOT DISTRACTED,(SPORT) UTILITY VEHICLE,SLOWING OR STOPPING,West,West,45,2004,JEEP,6.7,48.6,38.6,0
Property Damage Crash,10-08-2022 02:29,Maryland (State),RIVER RD,N/A,SAME DIRECTION RIGHT TURN,CLEAR,DRY,DAYLIGHT,NO CONTROLS,Yes,NO APPARENT INJURY,NOT DISTRACTED,(SPORT) UTILITY VEHICLE,CHANGING LANES,East,East,35,2017,FORD,1.3,35.2,26.9,0
Property Damage Crash,10-08-2022 02:29,County,CASTLE BLVD,N/A,SAME DIRECTION LEFT TURN,N/A,DRY,DAYLIGHT,NO CONTROLS,No,NO APPARENT INJURY,NOT DISTRACTED,PASSENGER CAR,MOVING CONSTANT SPEED,South,South,35,2016,DODGE,7,46,36.7,0
Property Damage Crash,10-08-2022 05:10,,,,OTHER,CLOUDY,,N/A,N/A,Yes,NO APPARENT INJURY,UNKNOWN,VAN,ACCELERATING,North,South,5,2001,FORD,4,189,33.6,0
Injury Crash,10-08-2022 06:28,Maryland (State),RIDGE RD,N/A,SAME DIR REAR END,CLEAR,DRY,DAYLIGHT,NO CONTROLS,No,NO APPARENT INJURY,NOT DISTRACTED,PASSENGER CAR,MOVING CONSTANT SPEED,South,South,45,2017,NISSAN,10.1,303,31.7,0
Property Damage Crash,10-08-2022 06:28,Maryland (State),NEW HAMPSHIRE AVE,TAKOMA PARK,SAME DIR REAR END,CLOUDY,DRY,DAYLIGHT,TRAFFIC SIGNAL,No,NO APPARENT INJURY,NOT DISTRACTED,PASSENGER CAR,STOPPED IN TRAFFIC LANE,South,South,35,2021,TOYOTA,7.1,128,29.8,0
Injury Crash,10-08-2022 08:19,Maryland (State),NEW HAMPSHIRE AVE,N/A,SAME DIR REAR END,CLEAR,DRY,DAYLIGHT,NO CONTROLS,No,NO APPARENT INJURY,NOT DISTRACTED,PASSENGER CAR,MOVING CONSTANT SPEED,East,North,25,2008,FORD,2.5,190,42.2,0
Injury Crash,10-08-2022 08:19,County,LOST KNIFE RD,N/A,STRAIGHT MOVEMENT ANGLE,CLEAR,DRY,DARK LIGHTS ON,STOP SIGN,Yes,POSSIBLE INJURY,UNKNOWN,PASSENGER CAR,MAKING LEFT TURN,West,West,30,2016,TOYT,0,0,0,0
Property Damage Crash,10-08-2022 11:19,Maryland (State),DAMASCUS RD,N/A,STRAIGHT MOVEMENT ANGLE,CLEAR,DRY,DAYLIGHT,STOP SIGN,No,NO APPARENT INJURY,NOT DISTRACTED,PICKUP TRUCK,MOVING CONSTANT SPEED,North,North,40,1999,FORD,4.5,155,22.6,0
Injury Crash,10-08-2022 11:55,County,CAPE MAY RD,N/A,SINGLE VEHICLE,RAINING,WET,DAYLIGHT,NO CONTROLS,Yes,NO APPARENT INJURY,NOT DISTRACTED,PASSENGER CAR,MOVING CONSTANT SPEED,North,North,35,2012,TOYOTA,0,0,0,0
Injury Crash,10-08-2022 11:55,Maryland (State),MUNCASTER MILL RD,N/A,SAME DIR REAR END,CLEAR,DRY,DARK NO LIGHTS,NO CONTROLS,No,NO APPARENT INJURY,NOT DISTRACTED,(SPORT) UTILITY VEHICLE,STOPPED IN TRAFFIC LANE,West,West,40,2013,JEEP,0,0,0,0
Property Damage Crash,10-08-2022 12:00,Maryland (State),GEORGIA AVE,N/A,OTHER,CLEAR,DRY,DAYLIGHT,NO CONTROLS,No,NO APPARENT INJURY,NOT DISTRACTED,VAN,STOPPED IN TRAFFIC LANE,South,South,35,2015,DODGE,10.8,45,33.8,0
Injury Crash,10-08-2022 12:00,County,MONTROSE RD,ROCKVILLE,STRAIGHT MOVEMENT ANGLE,CLOUDY,OTHER,DAYLIGHT,TRAFFIC SIGNAL,Yes,SUSPECTED MINOR INJURY,LOOKED BUT DID NOT SEE,(SPORT) UTILITY VEHICLE,MAKING LEFT TURN,North,East,35,2015,HONDA,0,0,0,0
Injury Crash,10-08-2022 12:02,County,CLARKSBURG RD,N/A,SAME DIR REAR END,CLEAR,DRY,DAYLIGHT,NO CONTROLS,Yes,NO APPARENT INJURY,UNKNOWN,PASSENGER CAR,MOVING CONSTANT SPEED,North,North,40,2016,TOYOTA,0.9,38.7,37.4,0
Property Damage Crash,10-08-2022 12:02,Maryland (State),16TH ST,N/A,STRAIGHT MOVEMENT ANGLE,CLEAR,DRY,DARK LIGHTS ON,YIELD SIGN,No,NO APPARENT INJURY,NOT DISTRACTED,PASSENGER CAR,MOVING CONSTANT SPEED,West,West,30,2007,AUDI,0,0,0,0
Property Damage Crash,10-08-2022 12:24,,,,STRAIGHT MOVEMENT ANGLE,CLEAR,,DAYLIGHT,NO CONTROLS,No,NO APPARENT INJURY,NOT DISTRACTED,PASSENGER CAR,MOVING CONSTANT SPEED,East,East,5,2011,NISS,0,0,0,0
Injury Crash,10-08-2022 12:24,Maryland (State),GEORGIA AVE,N/A,ANGLE MEETS LEFT TURN,CLEAR,N/A,DAYLIGHT,TRAFFIC SIGNAL,No,SUSPECTED SERIOUS INJURY,NOT DISTRACTED,PASSENGER CAR,MAKING LEFT TURN,North,North,40,2017,VOLKS,12.2,184,54.2,0