ACRS Report Type,Date and Time,Route Type,Road Name,Municipality,Collision Type,Weather,Surface Condition,Light,Traffic Control,Driver At Fault,Injury Severity,Driver Distracted By,Vehicle Body Type,Vehicle Movement,Vehicle Continuing Dir,Vehicle Going Dir,Speed Limit,Vehicle Year,Vehicle Make,Wind Speed (MPH),TMP10-DK ,Relative Humidity (%),Rain (Inches)
Property Damage Crash,10-08-2022 12:45,Municipality,FIRSTFIELD RD,N/A,ANGLE MEETS LEFT TURN,CLEAR,DRY,DAYLIGHT,STOP SIGN,No,NO APPARENT INJURY,NOT DISTRACTED,PASSENGER CAR,MOVING CONSTANT SPEED,South,South,25,2011,TOYOTA,5.2,147,32,0
Property Damage Crash,10-08-2022 12:45,Interstate (State),EISENHOWER MEMORIAL HWY,N/A,SAME DIR REAR END,CLEAR,DRY,DAYLIGHT,NO CONTROLS,Yes,NO APPARENT INJURY,NOT DISTRACTED,PASSENGER CAR,CHANGING LANES,North,North,55,2021,JEEP,2.9,35.2,23.6,0
Property Damage Crash,10-08-2022 14:29,County,ALTA VISTA RD,N/A,SAME DIRECTION SIDESWIPE,CLEAR,DRY,DARK LIGHTS ON,TRAFFIC SIGNAL,Yes,NO APPARENT INJURY,UNKNOWN,TRUCK TRACTOR,MOVING CONSTANT SPEED,South,South,35,2001,WANT,4.1,43.4,28,0
Property Damage Crash,10-08-2022 14:35,Maryland (State),NEW HAMPSHIRE AVE,N/A,SAME DIR REAR END,RAINING,WET,DAYLIGHT,NO CONTROLS,No,NO APPARENT INJURY,NOT DISTRACTED,PASSENGER CAR,STOPPED IN TRAFFIC LANE,North,North,40,2012,TOYOTA,0,0,0,0
Property Damage Crash,10-08-2022 14:35,Maryland (State),FREDERICK RD,N/A,HEAD ON LEFT TURN,RAINING,WET,DARK LIGHTS ON,TRAFFIC SIGNAL,Yes,NO APPARENT INJURY,UNKNOWN,PASSENGER CAR,MAKING LEFT TURN,East,South,40,2001,TOYT,2,34.8,24.6,0
Injury Crash,10-08-2022 15:13,County,GLENALLAN AVE,N/A,SAME DIR REAR END,SLEET,ICE,DARK LIGHTS ON,NO CONTROLS,No,SUSPECTED MINOR INJURY,NOT DISTRACTED,PASSENGER CAR,SLOWING OR STOPPING,East,East,30,2009,TOYOTA,4.2,32.9,17.3,0
Property Damage Crash,10-08-2022 15:13,County,ROCK SPRING DR,N/A,STRAIGHT MOVEMENT ANGLE,CLEAR,DRY,DARK LIGHTS ON,TRAFFIC SIGNAL,Yes,NO APPARENT INJURY,NOT DISTRACTED,PASSENGER CAR,MOVING CONSTANT SPEED,East,East,30,2011,VOLKS,2.2,19,30.9,0
Property Damage Crash,10-08-2022 16:31,Maryland (State),GEORGIA AVE,N/A,SAME DIR REND LEFT TURN,CLEAR,DRY,DARK LIGHTS ON,NO CONTROLS,Yes,NO APPARENT INJURY,NOT DISTRACTED,PASSENGER CAR,MOVING CONSTANT SPEED,North,North,35,2000,PONTIAC,0,0,0,0
Property Damage Crash,10-08-2022 16:31,Maryland (State),ROCKVILLE PIKE,N/A,SAME DIRECTION SIDESWIPE,CLEAR,DRY,DAYLIGHT,NO CONTROLS,Yes,NO APPARENT INJURY,LOOKED BUT DID NOT SEE,PASSENGER CAR,MOVING CONSTANT SPEED,North,North,40,2014,FORD,1.6,42,20,0
Property Damage Crash,10-08-2022 17:10,County,BEL PRE RD,N/A,SAME DIRECTION LEFT TURN,CLEAR,DRY,DAYLIGHT,NO CONTROLS,No,NO APPARENT INJURY,NOT DISTRACTED,PASSENGER CAR,MOVING CONSTANT SPEED,West,West,25,2012,NISSIAN,4.3,129,32,0
Injury Crash,10-08-2022 17:10,County,AIRPARK RD,N/A,HEAD ON,CLOUDY,WET,DAYLIGHT,NO CONTROLS,No,SUSPECTED SERIOUS INJURY,NOT DISTRACTED,PASSENGER CAR,SLOWING OR STOPPING,North,North,50,2005,MAZDA,0,0,0,0
Property Damage Crash,10-08-2022 17:10,County,GRUBB RD,N/A,OPPOSITE DIRECTION SIDESWIPE,RAINING,WET,DAYLIGHT,NO CONTROLS,No,NO APPARENT INJURY,NOT DISTRACTED,(SPORT) UTILITY VEHICLE,PARKED,,,10,2015,JEEP,8.9,50.9,27.8,0
Injury Crash,10-08-2022 18:00,County,BONIFANT RD,N/A,SAME DIR REAR END,CLEAR,DRY,DARK LIGHTS ON,NO CONTROLS,No,SUSPECTED MINOR INJURY,NOT DISTRACTED,PASSENGER CAR,SLOWING OR STOPPING,West,West,35,2012,TOYOTA,4.1,337,18.3,0
Property Damage Crash,10-08-2022 18:41,Maryland (State),UNIVERSITY BLVD E,N/A,STRAIGHT MOVEMENT ANGLE,CLEAR,DRY,DAYLIGHT,STOP SIGN,Yes,NO APPARENT INJURY,LOOKED BUT DID NOT SEE,PASSENGER CAR,ACCELERATING,North,North,40,2011,TOYTOTA,6.4,346,34.9,0.09
Property Damage Crash,10-08-2022 18:41,County,N SUMMIT AVE,GAITHERSBURG,STRAIGHT MOVEMENT ANGLE,N/A,DRY,DARK LIGHTS ON,STOP SIGN,No,NO APPARENT INJURY,NOT DISTRACTED,PASSENGER CAR,MOVING CONSTANT SPEED,South,South,25,2012,HONDA,0,0,0,0
Property Damage Crash,10-08-2022 19:25,County,ODENDHAL AVE,N/A,SAME DIR REAR END,N/A,N/A,DARK LIGHTS ON,NO CONTROLS,Yes,NO APPARENT INJURY,UNKNOWN,"CARGO VAN/LIGHT TRUCK 2 AXLES (OVER 10,000LBS (4,536 KG))",PARKED,,,35,2008,CHEVROLET,0,0,0,0
Property Damage Crash,10-08-2022 19:25,County,ASPEN HILL RD,N/A,SAME DIR REAR END,CLEAR,DRY,DAYLIGHT,NO CONTROLS,Yes,NO APPARENT INJURY,UNKNOWN,PASSENGER CAR,MOVING CONSTANT SPEED,East,East,35,2003,HONDA,3.1,53.1,46,0.03
Property Damage Crash,10-08-2022 20:12,Maryland (State),GEORGIA AVE,N/A,HEAD ON,CLEAR,DRY,DAYLIGHT,TRAFFIC SIGNAL,No,NO APPARENT INJURY,NOT DISTRACTED,PASSENGER CAR,MOVING CONSTANT SPEED,East,East,40,2003,ACURA,2.8,70,-2.4,0
Injury Crash,10-08-2022 22:17,Maryland (State),WOODFIELD RD,N/A,SAME DIR REAR END,CLOUDY,DRY,DAYLIGHT,NO CONTROLS,Yes,NO APPARENT INJURY,INATTENTIVE OR LOST IN THOUGHT,PICKUP TRUCK,SLOWING OR STOPPING,South,South,40,2006,NISSAN,5.9,135,28.9,0
Property Damage Crash,10-08-2022 23:11,County,BRIGGS CHANEY RD,N/A,ANGLE MEETS RIGHT TURN,CLEAR,ICE,DARK LIGHTS ON,NO CONTROLS,No,NO APPARENT INJURY,UNKNOWN,PASSENGER CAR,MOVING CONSTANT SPEED,West,West,35,2009,TOYOTA,7.4,319,36.4,0
Injury Crash,11-08-2022 01:20,Maryland (State),CONNECTICUT AVE,N/A,SAME DIR REAR END,CLEAR,WET,DARK LIGHTS ON,TRAFFIC SIGNAL,Yes,NO APPARENT INJURY,NOT DISTRACTED,PASSENGER CAR,MOVING CONSTANT SPEED,North,North,35,2006,TOYT,5.6,279,29.2,0
Injury Crash,11-08-2022 05:16,Maryland (State),ROCKVILLE PIKE,N/A,SAME DIR REAR END,CLEAR,DRY,DAYLIGHT,TRAFFIC SIGNAL,Yes,NO APPARENT INJURY,NOT DISTRACTED,PASSENGER CAR,CHANGING LANES,North,North,40,2006,TOYOTA,0,0,0,0
Property Damage Crash,11-08-2022 07:20,US (State),COLUMBIA PIKE,N/A,SAME DIR REAR END,CLEAR,DRY,DARK LIGHTS ON,NO CONTROLS,Yes,NO APPARENT INJURY,NOT DISTRACTED,PASSENGER CAR,MOVING CONSTANT SPEED,North,North,50,1998,BMW,2.3,35.6,33.3,0
Property Damage Crash,11-08-2022 07:55,County,GREENCASTLE RD,N/A,SAME DIR REAR END,CLEAR,N/A,DARK LIGHTS ON,N/A,No,NO APPARENT INJURY,NOT DISTRACTED,PASSENGER CAR,STOPPED IN TRAFFIC LANE,West,West,30,2010,MINI,0,0,0,0
Property Damage Crash,11-08-2022 07:55,Maryland (State),EAST WEST HWY,N/A,SAME DIR REAR END,CLOUDY,WET,DAWN,N/A,No,NO APPARENT INJURY,NOT DISTRACTED,TRANSIT BUS,STOPPED IN TRAFFIC LANE,West,West,35,2008,NEW FLYER,0,0,0,0
Property Damage Crash,11-08-2022 08:10,County,PINEY MEETINGHOUSE RD,N/A,STRAIGHT MOVEMENT ANGLE,CLEAR,DRY,DAYLIGHT,FLASHING TRAFFIC SIGNAL,Yes,NO APPARENT INJURY,LOOKED BUT DID NOT SEE,VAN,STARTING FROM LANE,South,South,40,2010,HOND,1.5,60.3,53.3,0
Injury Crash,11-08-2022 08:10,Maryland (State),RIVER RD,N/A,SAME DIR REAR END,CLEAR,DRY,DARK LIGHTS ON,TRAFFIC SIGNAL,Yes,NO APPARENT INJURY,NOT DISTRACTED,PASSENGER CAR,MOVING CONSTANT SPEED,West,West,45,2009,KIA,2.1,287,38.9,0
Injury Crash,11-08-2022 09:30,,,,SINGLE VEHICLE,CLEAR,,DARK LIGHTS ON,NO CONTROLS,Yes,NO APPARENT INJURY,NOT DISTRACTED,PASSENGER CAR,ACCELERATING,North,South,25,2004,FORD,10.3,324,21.3,0
Property Damage Crash,11-08-2022 11:00,Maryland (State),CLOPPER RD,GAITHERSBURG,SAME DIR REAR END,CLOUDY,DRY,DAYLIGHT,TRAFFIC SIGNAL,No,NO APPARENT INJURY,NOT DISTRACTED,PASSENGER CAR,STOPPED IN TRAFFIC LANE,West,West,35,2014,TOYOTA,11.6,164,43.3,0
Injury Crash,11-08-2022 11:00,County,GOSHEN RD,N/A,HEAD ON LEFT TURN,CLEAR,DRY,DARK LIGHTS ON,TRAFFIC SIGNAL,No,NO APPARENT INJURY,NOT DISTRACTED,PASSENGER CAR,MOVING CONSTANT SPEED,North,North,35,2011,HONDA,0,0,0,0
Injury Crash,11-08-2022 11:45,Maryland (State),DICKERSON RD,N/A,SAME DIR REAR END,RAINING,WET,DAYLIGHT,NO CONTROLS,Yes,NO APPARENT INJURY,NOT DISTRACTED,TRUCK TRACTOR,SLOWING OR STOPPING,East,East,40,1999,INTERNATIONAL,0,0,0,0
Property Damage Crash,11-08-2022 11:45,US (State),COLUMBIA PIKE,N/A,SAME DIR REAR END,CLEAR,DRY,DARK LIGHTS ON,TRAFFIC SIGNAL,Yes,NO APPARENT INJURY,NOT DISTRACTED,(SPORT) UTILITY VEHICLE,MOVING CONSTANT SPEED,South,South,40,2004,DODGE,2.5,268,21.2,0
Property Damage Crash,11-08-2022 12:31,,,,SINGLE VEHICLE,CLEAR,,DARK LIGHTS ON,NO CONTROLS,Yes,NO APPARENT INJURY,NOT DISTRACTED,PASSENGER CAR,N/A,North,North,25,2001,HYUNDAI,13.4,314,21.1,0
Property Damage Crash,11-08-2022 12:35,Maryland (State),QUINCE ORCHARD RD,GAITHERSBURG,SAME DIR REAR END,CLEAR,DRY,DAYLIGHT,NO CONTROLS,Yes,NO APPARENT INJURY,OTHER DISTRACTION,POLICE VEHICLE/NON EMERGENCY,SLOWING OR STOPPING,East,East,35,2016,FORD,11,181,22.8,0
Property Damage Crash,11-08-2022 12:35,County,FATHER HURLEY BLVD,N/A,SAME DIR REAR END,CLEAR,N/A,DARK LIGHTS ON,TRAFFIC SIGNAL,Yes,NO APPARENT INJURY,NOT DISTRACTED,PASSENGER CAR,SLOWING OR STOPPING,South,South,45,2012,TOYOTA,10.4,48.4,47.6,0.04
Injury Crash,11-08-2022 12:35,County,MIDDLEBROOK RD,N/A,HEAD ON LEFT TURN,CLEAR,DRY,DARK LIGHTS ON,TRAFFIC SIGNAL,No,SUSPECTED MINOR INJURY,NOT DISTRACTED,PASSENGER CAR,MOVING CONSTANT SPEED,North,North,40,2013,FORD,2.3,98,39.5,0
Property Damage Crash,11-08-2022 12:35,Ramp,RAMP 1 FR IS 270 NB TO MD 28 WB,N/A,SINGLE VEHICLE,RAINING,WET,DAYLIGHT,NO CONTROLS,Yes,NO APPARENT INJURY,NOT DISTRACTED,PASSENGER CAR,MOVING CONSTANT SPEED,North,North,30,2010,NISS,4,196,48,0
Property Damage Crash,11-08-2022 12:57,Maryland (State),CONNECTICUT AVE,N/A,SAME DIR REAR END,RAINING,WET,DAYLIGHT,NO CONTROLS,Yes,NO APPARENT INJURY,UNKNOWN,PICKUP TRUCK,MOVING CONSTANT SPEED,South,South,35,2005,CHEVY,0,0,0,0
Injury Crash,11-08-2022 13:15,Maryland (State),UNIVERSITY BLVD W,N/A,SAME DIR REAR END,CLEAR,DRY,DAYLIGHT,N/A,Yes,NO APPARENT INJURY,UNKNOWN,PASSENGER CAR,STOPPED IN TRAFFIC LANE,West,West,35,2016,HONDA,3.6,20,25.8,0
Injury Crash,11-08-2022 13:15,Maryland (State),ROCKVILLE PIKE,N/A,SAME DIR REAR END,RAINING,WET,DARK LIGHTS ON,NO CONTROLS,Yes,POSSIBLE INJURY,INATTENTIVE OR LOST IN THOUGHT,(SPORT) UTILITY VEHICLE,SLOWING OR STOPPING,South,South,40,2011,CADI,0,0,0,0
Property Damage Crash,11-08-2022 13:27,County,MONTGOMERY VILLAGE AVE,N/A,SAME DIR REAR END,CLEAR,DRY,DAYLIGHT,N/A,No,NO APPARENT INJURY,NOT DISTRACTED,PASSENGER CAR,ACCELERATING,South,South,35,2000,NISSAN,5.5,194,42.8,0
Property Damage Crash,11-08-2022 13:27,,,,OTHER,CLEAR,,DARK LIGHTS ON,NO CONTROLS,No,NO APPARENT INJURY,NOT DISTRACTED,PASSENGER CAR,STOPPED IN TRAFFIC LANE,West,West,15,2021,HONDA,0,0,0,0
Property Damage Crash,11-08-2022 13:27,County,OBSERVATION DR,N/A,SAME DIRECTION SIDESWIPE,CLEAR,DRY,DAYLIGHT,NO CONTROLS,No,NO APPARENT INJURY,NOT DISTRACTED,PASSENGER CAR,MOVING CONSTANT SPEED,North,North,25,2015,TOYOTA,0,0,0,0
Property Damage Crash,11-08-2022 13:38,,,,OTHER,CLEAR,,DAYLIGHT,N/A,Unknown,NO APPARENT INJURY,UNKNOWN,(SPORT) UTILITY VEHICLE,BACKING,Unknown,East,5,2016,NISSAN,6,170,12.4,0
Property Damage Crash,11-08-2022 13:38,Maryland (State),LAYHILL RD,N/A,HEAD ON LEFT TURN,CLEAR,DRY,DAYLIGHT,TRAFFIC SIGNAL,No,NO APPARENT INJURY,NOT DISTRACTED,PASSENGER CAR,MOVING CONSTANT SPEED,North,North,35,2015,TOYOTA,1.1,41.6,37.4,0
Property Damage Crash,11-08-2022 13:47,County,WISTERIA DR,N/A,STRAIGHT MOVEMENT ANGLE,CLEAR,DRY,DARK LIGHTS ON,STOP SIGN,Yes,NO APPARENT INJURY,UNKNOWN,VAN,MAKING RIGHT TURN,West,South,30,2003,DODGE,0,0,0,0
Property Damage Crash,11-08-2022 13:47,,,,OTHER,CLEAR,,DAYLIGHT,N/A,Yes,NO APPARENT INJURY,NOT DISTRACTED,PASSENGER CAR,PARKING,Unknown,Unknown,5,2007,FORD,6.4,278,16.9,0
Property Damage Crash,11-08-2022 14:30,Maryland (State),FREDERICK RD,N/A,SAME DIRECTION SIDESWIPE,RAINING,WET,DAYLIGHT,N/A,No,NO APPARENT INJURY,NOT DISTRACTED,SCHOOL BUS,MOVING CONSTANT SPEED,South,South,35,2016,THOMAS,0,0,0,0
Injury Crash,11-08-2022 14:30,County,SCHAEFFER RD,N/A,SAME DIR REAR END,RAINING,WET,DAYLIGHT,STOP SIGN,Yes,NO APPARENT INJURY,NOT DISTRACTED,(SPORT) UTILITY VEHICLE,SLOWING OR STOPPING,North,North,25,2011,NISS,1.8,41.5,41.5,0
Property Damage Crash,11-08-2022 15:06,US (State),GEORGIA AVE,N/A,SAME DIRECTION SIDESWIPE,CLEAR,DRY,DAYLIGHT,NO CONTROLS,No,NO APPARENT INJURY,NOT DISTRACTED,PASSENGER CAR,MOVING CONSTANT SPEED,South,South,35,2007,LEXUS,4.2,140,32.1,0
Property Damage Crash,11-08-2022 15:06,Maryland (State),FIRST ST,ROCKVILLE,OTHER,CLEAR,DRY,DARK LIGHTS ON,TRAFFIC SIGNAL,No,NO APPARENT INJURY,NOT DISTRACTED,PASSENGER CAR,MOVING CONSTANT SPEED,West,West,40,2015,ACURA,5.6,39.1,15.7,0
Property Damage Crash,11-08-2022 15:13,Maryland (State),CLOPPER RD,N/A,OTHER,CLEAR,DRY,DAYLIGHT,NO CONTROLS,No,NO APPARENT INJURY,NOT DISTRACTED,PASSENGER CAR,MOVING CONSTANT SPEED,East,East,40,2017,HOND,7,39.2,27.1,0
Injury Crash,11-08-2022 15:13,Maryland (State),OLD GEORGETOWN RD,N/A,SINGLE VEHICLE,CLOUDY,DRY,DAYLIGHT,TRAFFIC SIGNAL,Yes,NO APPARENT INJURY,UNKNOWN,TRANSIT BUS,MAKING LEFT TURN,North,East,30,2007,GILLIG,1.9,27.4,24.4,0
Property Damage Crash,11-08-2022 15:14,County,FENTON ST,N/A,SAME DIRECTION SIDESWIPE,CLEAR,DRY,DUSK,TRAFFIC SIGNAL,Yes,NO APPARENT INJURY,NOT DISTRACTED,PASSENGER CAR,STARTING FROM PARKED,South,South,25,2021,SUBARU,0,0,0,0
Property Damage Crash,11-08-2022 15:15,County,WELLER RD,N/A,SAME DIR REAR END,RAINING,WET,DARK NO LIGHTS,NO CONTROLS,Yes,NO APPARENT INJURY,NOT DISTRACTED,PASSENGER CAR,MOVING CONSTANT SPEED,South,South,30,2012,SCION,6,42.1,29.1,0
Property Damage Crash,11-08-2022 15:15,US (State),COLUMBIA PIKE,N/A,SINGLE VEHICLE,CLEAR,DRY,DARK NO LIGHTS,NO CONTROLS,No,NO APPARENT INJURY,NOT DISTRACTED,PASSENGER CAR,MOVING CONSTANT SPEED,North,North,55,2018,MAZA,9.9,191,35.1,0
Property Damage Crash,11-08-2022 15:15,County,DEMOCRACY BLVD,N/A,SAME DIRECTION SIDESWIPE,RAINING,WET,DAYLIGHT,N/A,No,NO APPARENT INJURY,NOT DISTRACTED,PASSENGER CAR,MOVING CONSTANT SPEED,East,East,35,2006,CADILLAC,8.7,192,40.7,0
Injury Crash,11-08-2022 15:15,Maryland (State),MONTGOMERY VILLAGE AVE,N/A,SAME DIR REAR END,CLEAR,DRY,DAYLIGHT,NO CONTROLS,No,POSSIBLE INJURY,NOT DISTRACTED,OTHER,MOVING CONSTANT SPEED,South,South,35,2016,TOYOTA,12.9,308,30.7,0
Property Damage Crash,11-08-2022 16:25,County,CHRISTOPHER AVE,N/A,STRAIGHT MOVEMENT ANGLE,CLEAR,DRY,DAYLIGHT,NO CONTROLS,No,NO APPARENT INJURY,NOT DISTRACTED,PASSENGER CAR,MOVING CONSTANT SPEED,South,South,35,2008,VOLK,3.9,46.7,42,0
Injury Crash,11-08-2022 16:25,Maryland (State),DARNESTOWN RD,N/A,SINGLE VEHICLE,CLEAR,DRY,DAYLIGHT,NO CONTROLS,Yes,SUSPECTED MINOR INJURY,NOT DISTRACTED,PASSENGER CAR,MOVING CONSTANT SPEED,West,West,40,2016,TOYT,8.7,177,25.4,0
Property Damage Crash,11-08-2022 16:25,County,GREENCASTLE RD,N/A,SAME DIR REAR END,CLEAR,DRY,DARK LIGHTS ON,TRAFFIC SIGNAL,No,NO APPARENT INJURY,NOT DISTRACTED,PASSENGER CAR,STOPPED IN TRAFFIC LANE,South,South,55,2014,CHEV,1.3,31.7,23.3,0
Property Damage Crash,11-08-2022 17:18,County,AIRCRAFT DR,N/A,SAME DIR REND LEFT TURN,CLEAR,DRY,DAYLIGHT,STOP SIGN,No,NO APPARENT INJURY,NOT DISTRACTED,"CARGO VAN/LIGHT TRUCK 2 AXLES (OVER 10,000LBS (4,536 KG))",MOVING CONSTANT SPEED,North,North,40,2013,ISUZU,,,,
Property Damage Crash,11-08-2022 17:18,County,OBSERVATION DR,N/A,HEAD ON LEFT TURN,CLEAR,DRY,DAYLIGHT,NO CONTROLS,Yes,NO APPARENT INJURY,NOT DISTRACTED,PASSENGER CAR,MAKING LEFT TURN,South,West,30,2017,NISSAN,0,0,0,0
Injury Crash,11-08-2022 17:23,Maryland (State),EAST WEST HWY,N/A,STRAIGHT MOVEMENT ANGLE,N/A,DRY,DAYLIGHT,N/A,Yes,POSSIBLE INJURY,LOOKED BUT DID NOT SEE,PASSENGER CAR,OTHER,South,South,35,2012,BMW,1.9,175,34.5,0
Property Damage Crash,11-08-2022 17:23,Maryland (State),OLNEY SANDY SPRING RD,N/A,SAME DIR REAR END,RAINING,WET,DAYLIGHT,NO CONTROLS,Yes,NO APPARENT INJURY,NOT DISTRACTED,VAN,SLOWING OR STOPPING,East,East,30,2009,TOYT,14.6,182,39,0
Injury Crash,11-08-2022 17:29,County,RANDOLPH RD,N/A,SAME DIRECTION SIDESWIPE,RAINING,WET,DARK LIGHTS ON,NO CONTROLS,Yes,NO APPARENT INJURY,LOOKED BUT DID NOT SEE,PASSENGER CAR,CHANGING LANES,North,West,35,2008,CHEVY,5.4,152,32.4,0
Property Damage Crash,11-08-2022 17:29,County,RANDOLPH RD,N/A,SAME DIR REAR END,CLEAR,DRY,DARK NO LIGHTS,NO CONTROLS,No,NO APPARENT INJURY,NOT DISTRACTED,PASSENGER CAR,SLOWING OR STOPPING,East,East,35,2016,HOND,0,0,0,0
Injury Crash,11-08-2022 17:29,Maryland (State),FREDERICK RD,GAITHERSBURG,SAME DIR REAR END,CLEAR,DRY,DARK LIGHTS ON,TRAFFIC SIGNAL,No,POSSIBLE INJURY,NOT DISTRACTED,(SPORT) UTILITY VEHICLE,ACCELERATING,South,South,40,2015,TOYT,0,0,0,0
Injury Crash,11-08-2022 17:35,Maryland (State),RIVER RD,N/A,SAME DIR REAR END,CLEAR,DRY,DAYLIGHT,NO CONTROLS,No,NO APPARENT INJURY,NOT DISTRACTED,PASSENGER CAR,SLOWING OR STOPPING,East,East,40,2007,HONDA,3,286,39.3,0.01
Injury Crash,11-08-2022 17:35,Municipality,FIRSTFIELD RD,N/A,SAME DIR REAR END,CLOUDY,DRY,DAYLIGHT,TRAFFIC SIGNAL,No,NO APPARENT INJURY,NOT DISTRACTED,STATION WAGON,STOPPED IN TRAFFIC LANE,West,West,35,2012,SUBARU,0,0,0,0
Property Damage Crash,11-08-2022 17:46,Maryland (State),RIDGE RD,N/A,SAME DIR REAR END,CLEAR,DRY,DAYLIGHT,NO CONTROLS,No,NO APPARENT INJURY,OTHER DISTRACTION,PASSENGER CAR,MOVING CONSTANT SPEED,North,North,40,2016,KIA,0,0,0,0
Injury Crash,11-08-2022 17:46,Maryland (State),QUINCE ORCHARD RD,GAITHERSBURG,SAME DIR REAR END,CLEAR,DRY,DAYLIGHT,NO CONTROLS,Yes,NO APPARENT INJURY,OTHER DISTRACTION,PICKUP TRUCK,SLOWING OR STOPPING,North,North,35,2006,NISSAN,3.2,114,42.6,0
Injury Crash,11-08-2022 19:52,County,SHADY GROVE RD,N/A,SAME DIR REAR END,N/A,N/A,DAYLIGHT,TRAFFIC SIGNAL,No,SUSPECTED MINOR INJURY,NOT DISTRACTED,(SPORT) UTILITY VEHICLE,SLOWING OR STOPPING,South,South,40,2010,TOYOTA,15.7,191,53.8,0
Property Damage Crash,11-08-2022 19:52,Municipality,W DEER PARK RD,GAITHERSBURG,STRAIGHT MOVEMENT ANGLE,CLOUDY,DRY,DAYLIGHT,NO CONTROLS,Yes,NO APPARENT INJURY,LOOKED BUT DID NOT SEE,PASSENGER CAR,MAKING LEFT TURN,East,East,25,2016,ACURA,0,0,0,0
Property Damage Crash,12-08-2022 04:47,,,,SAME DIRECTION SIDESWIPE,CLEAR,,DAYLIGHT,NO CONTROLS,Yes,NO APPARENT INJURY,NOT DISTRACTED,PASSENGER CAR,MOVING CONSTANT SPEED,East,East,5,2011,HYUNDAI,1.2,57,52.1,0.04
Injury Crash,12-08-2022 07:17,County,MACARTHUR BLVD,N/A,SAME DIRECTION SIDESWIPE,CLEAR,DRY,DAYLIGHT,NO CONTROLS,No,NO APPARENT INJURY,NOT DISTRACTED,"CARGO VAN/LIGHT TRUCK 2 AXLES (OVER 10,000LBS (4,536 KG))",STOPPED IN TRAFFIC LANE,North,North,35,2013,FORD,0,0,0,0
Injury Crash,12-08-2022 07:17,County,STEEPLE RD,N/A,OTHER,CLEAR,DRY,DUSK,NO CONTROLS,Yes,POSSIBLE INJURY,LOOKED BUT DID NOT SEE,PASSENGER CAR,MOVING CONSTANT SPEED,West,West,25,2014,HONDA,0,0,0,0
Property Damage Crash,12-08-2022 07:28,Interstate (State),CAPITAL BELTWAY,N/A,SAME DIR REAR END,CLEAR,DRY,DAYLIGHT,N/A,Yes,NO APPARENT INJURY,INATTENTIVE OR LOST IN THOUGHT,PICKUP TRUCK,MOVING CONSTANT SPEED,East,East,25,1993,FORD,5.7,38.5,17.1,0
Property Damage Crash,12-08-2022 07:28,Municipality,ROTHGEB DR,ROCKVILLE,SAME DIR REAR END,CLEAR,DRY,DAYLIGHT,TRAFFIC SIGNAL,No,NO APPARENT INJURY,NOT DISTRACTED,PICKUP TRUCK,STOPPED IN TRAFFIC LANE,North,West,5,2020,PK,4.7,348,27.6,0
Property Damage Crash,12-08-2022 08:05,Interstate (State),CAPITAL BELTWAY,N/A,SINGLE VEHICLE,RAINING,WATER(STANDING/MOVING),DARK LIGHTS ON,N/A,No,NO APPARENT INJURY,NOT DISTRACTED,POLICE VEHICLE/NON EMERGENCY,MOVING CONSTANT SPEED,South,West,25,2010,FORD,6,266,20.8,0
Injury Crash,12-08-2022 08:05,County,BRINK RD,N/A,SAME DIR REAR END,CLOUDY,WET,DAYLIGHT,N/A,No,NO APPARENT INJURY,NOT DISTRACTED,(SPORT) UTILITY VEHICLE,STOPPED IN TRAFFIC LANE,East,East,40,2018,TOYOTA,10.6,323,15.9,0
Property Damage Crash,12-08-2022 08:10,Maryland (State),GREAT SENECA HWY,N/A,SAME DIRECTION RIGHT TURN,CLEAR,DRY,DAYLIGHT,OTHER,Yes,NO APPARENT INJURY,NOT DISTRACTED,PASSENGER CAR,MOVING CONSTANT SPEED,North,North,50,2020,CHEVROLET,0,0,0,0
Property Damage Crash,12-08-2022 08:10,County,MUDDY BRANCH RD,GAITHERSBURG,HEAD ON LEFT TURN,RAINING,WET,DARK LIGHTS ON,TRAFFIC SIGNAL,No,NO APPARENT INJURY,NOT DISTRACTED,PASSENGER CAR,MOVING CONSTANT SPEED,North,North,45,2013,MINI,0,0,0,0
Property Damage Crash,12-08-2022 08:47,Municipality,WEST SIDE DR,N/A,SINGLE VEHICLE,CLEAR,DRY,DAYLIGHT,NO CONTROLS,Yes,NO APPARENT INJURY,NOT DISTRACTED,PASSENGER CAR,MOVING CONSTANT SPEED,South,South,25,2006,HONDA,10.3,318,39.8,0
Property Damage Crash,12-08-2022 09:18,,,,OTHER,RAINING,,DAYLIGHT,NO CONTROLS,Yes,NO APPARENT INJURY,LOOKED BUT DID NOT SEE,PASSENGER CAR,BACKING,North,North,15,2020,TOYOTA,6.9,116,23.6,0