ACRS Report Type,Date and Time,Route Type,Road Name,Municipality,Collision Type,Weather,Surface Condition,Light,Traffic Control,Driver At Fault,Injury Severity,Driver Distracted By,Vehicle Body Type,Vehicle Movement,Vehicle Continuing Dir,Vehicle Going Dir,Speed Limit,Vehicle Year,Vehicle Make,Wind Speed (MPH),TMP10-DK ,Relative Humidity (%),Rain (Inches)
Property Damage Crash,12-08-2022 09:18,Maryland (State),FREDERICK RD,N/A,OPPOSITE DIRECTION SIDESWIPE,CLEAR,DRY,DAYLIGHT,NO CONTROLS,No,NO APPARENT INJURY,NOT DISTRACTED,PASSENGER CAR,MOVING CONSTANT SPEED,North,North,30,2015,MERZ,0,0,0,0
Injury Crash,12-08-2022 09:50,Maryland (State),NEW HAMPSHIRE AVE,N/A,SAME DIR REAR END,CLEAR,DRY,DAYLIGHT,NO CONTROLS,No,SUSPECTED MINOR INJURY,NOT DISTRACTED,PASSENGER CAR,STOPPED IN TRAFFIC LANE,North,North,40,1992,MERCEDES,7.8,294,43,0
Injury Crash,12-08-2022 09:50,Maryland (State),E JEFFERSON ST,ROCKVILLE,SAME DIR REAR END,RAINING,WET,DARK LIGHTS ON,TRAFFIC SIGNAL,No,NO APPARENT INJURY,NOT DISTRACTED,PASSENGER CAR,SLOWING OR STOPPING,South,East,30,2008,HONDA,6.4,180,0.4,0
Injury Crash,12-08-2022 09:50,Maryland (State),MONTGOMERY VILLAGE AVE,N/A,SAME DIR REAR END,CLEAR,DRY,DARK LIGHTS ON,TRAFFIC SIGNAL,Yes,NO APPARENT INJURY,UNKNOWN,PICKUP TRUCK,SLOWING OR STOPPING,South,South,35,2015,CHEVY,4.3,40,26,0
Injury Crash,12-08-2022 10:00,County,WISTERIA DR,N/A,STRAIGHT MOVEMENT ANGLE,FOGGY,WET,DARK LIGHTS ON,N/A,Yes,SUSPECTED MINOR INJURY,UNKNOWN,PASSENGER CAR,ACCELERATING,West,West,45,2009,HONDA,0,0,0,0
Injury Crash,12-08-2022 10:00,Maryland (State),FREDERICK RD,GAITHERSBURG,STRAIGHT MOVEMENT ANGLE,CLEAR,DRY,DARK LIGHTS ON,FLASHING TRAFFIC SIGNAL,Yes,NO APPARENT INJURY,LOOKED BUT DID NOT SEE,PASSENGER CAR,SLOWING OR STOPPING,East,East,35,2014,ACURA,4.4,346,37.8,0.01
Injury Crash,12-08-2022 11:47,County,FATHER HURLEY BLVD,N/A,SAME DIR REAR END,CLEAR,DRY,DAYLIGHT,TRAFFIC SIGNAL,No,POSSIBLE INJURY,NOT DISTRACTED,PASSENGER CAR,STOPPED IN TRAFFIC LANE,South,South,45,1989,VOKSWAGON,7.7,33.9,19,0
Property Damage Crash,12-08-2022 11:47,County,MARIANNA DR,N/A,STRAIGHT MOVEMENT ANGLE,CLEAR,DRY,DARK NO LIGHTS,STOP SIGN,Yes,NO APPARENT INJURY,UNKNOWN,,UNKNOWN,North,North,25,0,UNKNOWN,2.3,244,55.4,0.04
Property Damage Crash,12-08-2022 11:50,Municipality,HALPINE RD,N/A,HEAD ON LEFT TURN,CLEAR,DRY,DAYLIGHT,TRAFFIC SIGNAL,No,NO APPARENT INJURY,NOT DISTRACTED,PASSENGER CAR,MOVING CONSTANT SPEED,East,East,25,2009,ACUR,8.6,325,19.5,0
Property Damage Crash,12-08-2022 11:50,County,WYNNFIELD DR,N/A,OPPOSITE DIRECTION SIDESWIPE,CLEAR,DRY,DAYLIGHT,NO CONTROLS,No,NO APPARENT INJURY,NOT DISTRACTED,PICKUP TRUCK,MOVING CONSTANT SPEED,East,East,35,2013,FORD,1.6,27,41,0
Property Damage Crash,12-08-2022 12:35,County,MONTGOMERY VILLAGE AVE,N/A,SAME DIR REAR END,CLEAR,DRY,DAYLIGHT,TRAFFIC SIGNAL,Yes,NO APPARENT INJURY,DISTRACTED BY OUTSIDE PERSON OBJECT OR EVENT,POLICE VEHICLE/NON EMERGENCY,SLOWING OR STOPPING,North,North,35,2006,DODGE,1.6,83,28.1,0
Injury Crash,12-08-2022 12:35,Maryland (State),MASSACHUSETTS AVE,N/A,SAME DIR REAR END,N/A,DRY,DARK LIGHTS ON,TRAFFIC SIGNAL,No,SUSPECTED MINOR INJURY,NOT DISTRACTED,PASSENGER CAR,STOPPED IN TRAFFIC LANE,West,West,35,2011,HYUNDAI,2.5,142,22.3,0
Property Damage Crash,12-08-2022 14:39,County,CHESHIRE DR,N/A,OTHER,CLEAR,DRY,DAYLIGHT,N/A,Yes,NO APPARENT INJURY,LOOKED BUT DID NOT SEE,PASSENGER CAR,MAKING RIGHT TURN,West,South,25,2017,HONDA,9.2,195,27.8,0
Property Damage Crash,12-08-2022 14:39,County,SEVEN LOCKS RD,N/A,STRAIGHT MOVEMENT ANGLE,CLEAR,DRY,DAYLIGHT,TRAFFIC SIGNAL,Yes,NO APPARENT INJURY,LOOKED BUT DID NOT SEE,PASSENGER CAR,MAKING LEFT TURN,North,East,35,2004,HONDA,0,0,0,0
Property Damage Crash,12-08-2022 15:35,County,MONTGOMERY VILLAGE AVE,N/A,STRAIGHT MOVEMENT ANGLE,CLEAR,DRY,DAYLIGHT,TRAFFIC SIGNAL,Yes,NO APPARENT INJURY,UNKNOWN,PASSENGER CAR,MOVING CONSTANT SPEED,East,South,35,2020,TOYOTA,12.7,179,33.2,0
Property Damage Crash,12-08-2022 15:35,Maryland (State),GEORGIA AVE,N/A,SAME DIR REAR END,CLEAR,N/A,DARK LIGHTS ON,NO CONTROLS,Yes,NO APPARENT INJURY,NOT DISTRACTED,PASSENGER CAR,MOVING CONSTANT SPEED,North,North,35,2008,GMC,3.2,38.8,25.2,0
Property Damage Crash,12-08-2022 16:00,County,RIDGE RD,N/A,SAME DIR REAR END,RAINING,WET,DAYLIGHT,N/A,Yes,NO APPARENT INJURY,NOT DISTRACTED,PASSENGER CAR,SLOWING OR STOPPING,North,North,45,1997,TOYOTACE,0,0,0,0
Injury Crash,12-08-2022 16:00,Maryland (State),FREDERICK RD,N/A,SAME DIR REAR END,CLEAR,DRY,DAYLIGHT,TRAFFIC SIGNAL,No,SUSPECTED MINOR INJURY,NOT DISTRACTED,PASSENGER CAR,STOPPED IN TRAFFIC LANE,South,South,40,2019,CHEVEROLET,6.2,62.3,58,0
Injury Crash,12-08-2022 17:00,Maryland (State),FREDERICK RD,GAITHERSBURG,STRAIGHT MOVEMENT ANGLE,RAINING,WET,DARK LIGHTS ON,TRAFFIC SIGNAL,No,SUSPECTED MINOR INJURY,NOT DISTRACTED,(SPORT) UTILITY VEHICLE,MOVING CONSTANT SPEED,North,North,35,2001,JEEP,0,0,0,0
Injury Crash,12-08-2022 17:00,Maryland (State),ROCKVILLE PIKE,N/A,SAME DIR REAR END,CLEAR,DRY,DARK LIGHTS ON,TRAFFIC SIGNAL,No,NO APPARENT INJURY,NOT DISTRACTED,PASSENGER CAR,STOPPED IN TRAFFIC LANE,North,North,40,2021,TOYOTA,0,0,0,0
Property Damage Crash,12-08-2022 17:11,US (State),COLUMBIA PIKE,N/A,SAME DIR REAR END,N/A,DRY,DAYLIGHT,NO CONTROLS,No,NO APPARENT INJURY,NOT DISTRACTED,VAN,MOVING CONSTANT SPEED,North,North,55,2014,FORD,0,0,0,0
Property Damage Crash,12-08-2022 17:11,County,SAM EIG HWY,N/A,SAME DIRECTION LEFT TURN,CLEAR,DRY,DARK LIGHTS ON,N/A,No,NO APPARENT INJURY,NOT DISTRACTED,PASSENGER CAR,MOVING CONSTANT SPEED,North,North,60,2016,TOYT,4.8,39.7,37.2,0
Injury Crash,12-08-2022 17:24,US (State),COLUMBIA PIKE,N/A,SAME DIR REAR END,CLEAR,DRY,DAYLIGHT,TRAFFIC SIGNAL,Yes,SUSPECTED MINOR INJURY,NOT DISTRACTED,PASSENGER CAR,MOVING CONSTANT SPEED,South,South,40,2021,NISSAN,3.2,42.1,38.7,0
Injury Crash,12-08-2022 17:32,County,CLARIDGE RD,N/A,STRAIGHT MOVEMENT ANGLE,SNOW,SNOW,DARK NO LIGHTS,NO CONTROLS,Yes,NO APPARENT INJURY,NOT DISTRACTED,PASSENGER CAR,SKIDDING,North,North,30,1999,NISSAN,1.2,222,30.9,0
Property Damage Crash,12-08-2022 17:32,Maryland (State),OLD GEORGETOWN RD,N/A,SAME DIRECTION SIDESWIPE,CLEAR,DRY,DAYLIGHT,TRAFFIC SIGNAL,Yes,NO APPARENT INJURY,UNKNOWN,UNKNOWN,MOVING CONSTANT SPEED,North,North,40,0,UNKNOWN,0,0,0,0
Injury Crash,12-08-2022 18:01,Maryland (State),GEORGIA AVE,N/A,SAME DIR REAR END,RAINING,WET,DAWN,TRAFFIC SIGNAL,Yes,NO APPARENT INJURY,NOT DISTRACTED,PASSENGER CAR,SLOWING OR STOPPING,North,North,45,2007,MAZDA,3.2,32.6,19.8,0
Property Damage Crash,12-08-2022 19:49,County,FENTON ST,N/A,SAME DIRECTION SIDESWIPE,RAINING,WET,DUSK,N/A,Yes,NO APPARENT INJURY,NOT DISTRACTED,OTHER BUS,MOVING CONSTANT SPEED,East,East,25,2011,NWFL,0,0,0,0
Injury Crash,12-08-2022 20:18,Maryland (State),GEORGIA AVE,N/A,STRAIGHT MOVEMENT ANGLE,CLEAR,DRY,DAYLIGHT,STOP SIGN,No,NO APPARENT INJURY,NOT DISTRACTED,PASSENGER CAR,MOVING CONSTANT SPEED,North,North,35,2004,TOYOTA,5.8,272,21.5,0
Property Damage Crash,12-08-2022 20:18,County,RANDOLPH RD,N/A,SAME DIRECTION SIDESWIPE,CLEAR,DRY,DAYLIGHT,N/A,No,NO APPARENT INJURY,NOT DISTRACTED,TRANSIT BUS,MOVING CONSTANT SPEED,East,East,35,2021,METRO,0,0,0,0
Property Damage Crash,01-09-2022 00:18,County,MOTOR CITY DR,N/A,SAME DIR REAR END,CLEAR,DRY,DAYLIGHT,TRAFFIC SIGNAL,No,NO APPARENT INJURY,NOT DISTRACTED,PASSENGER CAR,SLOWING OR STOPPING,North,North,35,2005,MITS,3.1,130,55.7,0.09
Injury Crash,01-09-2022 00:18,County,SNOUFFERS SCHOOL RD,N/A,SINGLE VEHICLE,CLEAR,DRY,DAYLIGHT,TRAFFIC SIGNAL,Yes,NO APPARENT INJURY,UNKNOWN,,ACCELERATING,South,South,40,0,UNKNOWN,1.4,91,28.4,0
Property Damage Crash,01-09-2022 00:29,Maryland (State),NORBECK RD,N/A,SAME DIR REAR END,CLEAR,DRY,DAYLIGHT,TRAFFIC SIGNAL,No,NO APPARENT INJURY,NOT DISTRACTED,PICKUP TRUCK,SLOWING OR STOPPING,East,East,45,2011,DODGE,0,0,0,0
Property Damage Crash,01-09-2022 00:29,Maryland (State),CONNECTICUT AVE,N/A,SAME DIR REAR END,CLEAR,DRY,DAYLIGHT,TRAFFIC SIGNAL,No,NO APPARENT INJURY,NOT DISTRACTED,PASSENGER CAR,STOPPED IN TRAFFIC LANE,South,South,40,2011,HOND,3.9,259,50,0
Property Damage Crash,01-09-2022 03:06,County,GRANDVIEW AVE,N/A,SAME DIRECTION SIDESWIPE,CLOUDY,WET,DAYLIGHT,NO CONTROLS,Yes,NO APPARENT INJURY,LOOKED BUT DID NOT SEE,PASSENGER CAR,STARTING FROM LANE,South,East,30,2016,HONDA,0,0,0,0
Injury Crash,01-09-2022 05:19,Maryland (State),GEORGIA AVE,N/A,SAME DIR REAR END,CLEAR,DRY,DAYLIGHT,NO CONTROLS,No,SUSPECTED MINOR INJURY,NOT DISTRACTED,"MEDIUM/HEAVY TRUCKS 3 AXLES (OVER 10,000LBS (4,536KG))",STOPPED IN TRAFFIC LANE,South,South,40,2006,INT,0,0,0,0
Property Damage Crash,01-09-2022 10:15,County,SEVEN LOCKS RD,N/A,STRAIGHT MOVEMENT ANGLE,CLOUDY,DRY,DAYLIGHT,NO CONTROLS,Yes,NO APPARENT INJURY,LOOKED BUT DID NOT SEE,PASSENGER CAR,MAKING LEFT TURN,East,East,35,2014,LEXS,3.4,39.2,24.7,0
Injury Crash,01-09-2022 11:40,Maryland (State),OLD GEORGETOWN RD,N/A,HEAD ON LEFT TURN,RAINING,WET,N/A,TRAFFIC SIGNAL,Yes,POSSIBLE INJURY,LOOKED BUT DID NOT SEE,PASSENGER CAR,MAKING LEFT TURN,East,South,30,2005,FORD,3.3,38.3,19.6,0
Injury Crash,01-09-2022 12:00,Maryland (State),RIDGE RD,N/A,ANGLE MEETS LEFT HEAD ON,CLEAR,DRY,DARK LIGHTS ON,STOP SIGN,Yes,POSSIBLE INJURY,UNKNOWN,PASSENGER CAR,MAKING LEFT TURN,South,West,40,2008,NISSAN,7,274,25.2,0
Property Damage Crash,01-09-2022 12:00,County,ARLISS ST,N/A,OTHER,CLEAR,DRY,DAYLIGHT,NO CONTROLS,Yes,NO APPARENT INJURY,UNKNOWN,PASSENGER CAR,SLOWING OR STOPPING,West,North,10,2012,TOYOTA,5.1,36.5,23.6,0
Injury Crash,01-09-2022 13:15,County,WATKINS MILL RD,GAITHERSBURG,STRAIGHT MOVEMENT ANGLE,CLEAR,DRY,DARK LIGHTS ON,TRAFFIC SIGNAL,No,NO APPARENT INJURY,NOT DISTRACTED,PASSENGER CAR,MAKING LEFT TURN,South,West,35,2008,TOYT,2.5,41.1,40.7,0
Injury Crash,01-09-2022 14:37,US (State),COLUMBIA PIKE,N/A,SAME DIR REAR END,CLEAR,DRY,DAYLIGHT,NO CONTROLS,Yes,NO APPARENT INJURY,NOT DISTRACTED,PASSENGER CAR,SLOWING OR STOPPING,North,North,40,2014,MERCEDES,3.6,39.1,27.1,0
Injury Crash,01-09-2022 14:37,Municipality,E JEFFERSON ST,ROCKVILLE,STRAIGHT MOVEMENT ANGLE,CLOUDY,DRY,DAYLIGHT,N/A,Yes,NO APPARENT INJURY,LOOKED BUT DID NOT SEE,VAN,MAKING LEFT TURN,South,West,35,2017,CHRYSLER,0,0,0,0
Injury Crash,01-09-2022 17:34,County,BEL PRE RD,N/A,SAME DIR REAR END,CLEAR,DRY,DAYLIGHT,NO CONTROLS,Yes,POSSIBLE INJURY,NOT DISTRACTED,PASSENGER CAR,MOVING CONSTANT SPEED,East,East,30,2020,HYUNDAI,7.5,170,38.2,0
Property Damage Crash,01-09-2022 17:45,Maryland (State),ROCKVILLE PIKE,N/A,STRAIGHT MOVEMENT ANGLE,CLEAR,DRY,DARK LIGHTS ON,FLASHING TRAFFIC SIGNAL,Yes,NO APPARENT INJURY,UNKNOWN,PASSENGER CAR,MAKING LEFT TURN,South,West,45,2019,TOYOTA,9.4,296,29.8,0
Injury Crash,01-09-2022 17:56,Maryland (State),CLOPPER RD,N/A,ANGLE MEETS LEFT TURN,CLOUDY,DRY,DAYLIGHT,STOP SIGN,No,NO APPARENT INJURY,NOT DISTRACTED,PASSENGER CAR,MOVING CONSTANT SPEED,West,West,45,2013,MERZ,5.9,283,29.1,0
Property Damage Crash,01-09-2022 17:56,Maryland (State),RIDGE RD,N/A,SAME DIR REAR END,CLEAR,DRY,DAYLIGHT,PERSON,Yes,NO APPARENT INJURY,NOT DISTRACTED,VAN,MOVING CONSTANT SPEED,North,North,50,2004,TOYT,0,0,0,0
Injury Crash,01-09-2022 18:33,Maryland (State),OLNEY LAYTONSVILLE RD,N/A,STRAIGHT MOVEMENT ANGLE,CLEAR,DRY,DAYLIGHT,STOP SIGN,No,SUSPECTED SERIOUS INJURY,NOT DISTRACTED,PASSENGER CAR,MOVING CONSTANT SPEED,East,East,40,1997,CHEVROLET,0,0,0,0
Property Damage Crash,01-09-2022 18:33,Interstate (State),EISENHOWER MEMORIAL HWY,N/A,SAME DIRECTION LEFT TURN,RAINING,WET,DAYLIGHT,N/A,No,NO APPARENT INJURY,NOT DISTRACTED,"CARGO VAN/LIGHT TRUCK 2 AXLES (OVER 10,000LBS (4,536 KG))",MOVING CONSTANT SPEED,South,South,55,2010,FORD,0,0,0,0
Property Damage Crash,01-09-2022 18:43,Maryland (State),GREAT SENECA HWY,N/A,OTHER,CLEAR,DRY,DAYLIGHT,PERSON,Yes,NO APPARENT INJURY,NOT DISTRACTED,TRUCK TRACTOR,BACKING,South,South,50,2008,INTL,0,0,0,0
Property Damage Crash,01-09-2022 18:43,County,MIDDLEBROOK RD,N/A,HEAD ON LEFT TURN,RAINING,WET,DAYLIGHT,TRAFFIC SIGNAL,Yes,NO APPARENT INJURY,NOT DISTRACTED,PASSENGER CAR,MAKING LEFT TURN,North,East,40,2017,MAZDA,3.2,29,26.4,0
Property Damage Crash,01-09-2022 18:43,Maryland (State),NEW HAMPSHIRE AVE,N/A,STRAIGHT MOVEMENT ANGLE,RAINING,WET,DARK LIGHTS ON,NO CONTROLS,No,NO APPARENT INJURY,NOT DISTRACTED,PASSENGER CAR,MOVING CONSTANT SPEED,North,North,40,2009,SCION,3.3,42.1,25,0
Property Damage Crash,01-09-2022 18:43,Maryland (State),WISCONSIN AVE,SOMERSET,SAME DIRECTION RIGHT TURN,CLEAR,DRY,DAYLIGHT,NO CONTROLS,Yes,NO APPARENT INJURY,UNKNOWN,PASSENGER CAR,CHANGING LANES,West,South,25,2020,VOLVO,4.4,44.5,25.2,0
Property Damage Crash,01-09-2022 19:00,County,WELLER RD,N/A,STRAIGHT MOVEMENT ANGLE,CLEAR,DRY,DARK NO LIGHTS,STOP SIGN,No,NO APPARENT INJURY,LOOKED BUT DID NOT SEE,PASSENGER CAR,ACCELERATING,North,North,25,2011,HYUNDAI,8,176,11.1,0
Injury Crash,01-09-2022 20:15,County,NORTHAMPTON DR,N/A,OTHER,CLEAR,DRY,DUSK,NO CONTROLS,No,NO APPARENT INJURY,NOT DISTRACTED,PASSENGER CAR,MOVING CONSTANT SPEED,East,East,25,2011,CHEVROLET,8.5,39.9,26.1,0
Property Damage Crash,01-09-2022 20:15,US (State),COLESVILLE RD,N/A,SAME DIRECTION LEFT TURN,CLEAR,DRY,DARK LIGHTS ON,TRAFFIC SIGNAL,No,NO APPARENT INJURY,NOT DISTRACTED,PASSENGER CAR,MOVING CONSTANT SPEED,North,North,35,2002,TOYT,3.4,175,17.1,0
Injury Crash,01-09-2022 20:39,,,,SAME DIRECTION SIDESWIPE,CLEAR,,DARK LIGHTS ON,N/A,Yes,POSSIBLE INJURY,LOOKED BUT DID NOT SEE,PASSENGER CAR,BACKING,Unknown,Unknown,5,2004,CHEVY,0,0,0,0
Property Damage Crash,01-09-2022 22:00,County,DAVIS MILL RD,N/A,SAME DIR REAR END,CLEAR,DRY,DAYLIGHT,STOP SIGN,No,NO APPARENT INJURY,NOT DISTRACTED,PASSENGER CAR,SLOWING OR STOPPING,North,North,20,2016,NISSAN,0,0,0,0
Property Damage Crash,01-09-2022 22:44,Maryland (State),BRADLEY BLVD,N/A,HEAD ON LEFT TURN,CLEAR,DRY,DAYLIGHT,NO CONTROLS,Yes,NO APPARENT INJURY,LOOKED BUT DID NOT SEE,PASSENGER CAR,MAKING LEFT TURN,South,West,35,2014,FORD,0,0,0,0
Property Damage Crash,01-09-2022 22:44,County,VEIRS MILL RD,N/A,SINGLE VEHICLE,CLEAR,N/A,DARK LIGHTS ON,TRAFFIC SIGNAL,Yes,NO APPARENT INJURY,NOT DISTRACTED,PASSENGER CAR,MOVING CONSTANT SPEED,East,East,45,2002,DODGE,6.8,182,39.5,0
Property Damage Crash,02-09-2022 00:30,Municipality,CHRISTOPHER AVE,N/A,SAME DIRECTION SIDESWIPE,CLEAR,DRY,DAYLIGHT,STOP SIGN,Yes,NO APPARENT INJURY,LOOKED BUT DID NOT SEE,PASSENGER CAR,MAKING RIGHT TURN,North,West,30,2013,NISS,4.3,358,25.4,0
Property Damage Crash,02-09-2022 05:05,County,ROCKING HORSE RD,N/A,SINGLE VEHICLE,CLEAR,DRY,DARK LIGHTS ON,NO CONTROLS,Yes,NO APPARENT INJURY,UNKNOWN,PASSENGER CAR,UNKNOWN,Unknown,Unknown,25,2003,TOYOTA,0,0,0,0
Injury Crash,02-09-2022 05:05,Maryland (State),FALLS RD,N/A,HEAD ON LEFT TURN,CLEAR,DRY,DAYLIGHT,TRAFFIC SIGNAL,No,SUSPECTED MINOR INJURY,NOT DISTRACTED,PASSENGER CAR,MOVING CONSTANT SPEED,North,North,35,2022,TELSA,0,0,0,0
Property Damage Crash,02-09-2022 06:45,Maryland (State),QUINCE ORCHARD RD,GAITHERSBURG,SAME DIR REAR END,CLEAR,DRY,DAYLIGHT,TRAFFIC SIGNAL,No,NO APPARENT INJURY,NOT DISTRACTED,(SPORT) UTILITY VEHICLE,STOPPED IN TRAFFIC LANE,East,South,35,2011,NISS,0,0,0,0
Property Damage Crash,02-09-2022 06:45,Maryland (State),NORBECK RD,N/A,SAME DIR REAR END,CLEAR,DRY,DAYLIGHT,NO CONTROLS,No,NO APPARENT INJURY,NOT DISTRACTED,PASSENGER CAR,SLOWING OR STOPPING,East,East,40,2015,DODGE,8.8,285,30.2,0
Injury Crash,02-09-2022 06:45,Maryland (State),MUNCASTER MILL RD,N/A,HEAD ON,CLEAR,DRY,DAYLIGHT,N/A,Yes,SUSPECTED MINOR INJURY,OTHER DISTRACTION,PASSENGER CAR,MOVING CONSTANT SPEED,North,East,40,2018,TOYOTA,0,0,0,0
Property Damage Crash,02-09-2022 06:45,County,WASHINGTONIAN BLVD,N/A,SAME DIR REAR END,CLEAR,DRY,DARK NO LIGHTS,TRAFFIC SIGNAL,Yes,NO APPARENT INJURY,UNKNOWN,PASSENGER CAR,MOVING CONSTANT SPEED,South,South,25,2021,GMC,14.3,180,27.2,0
Injury Crash,02-09-2022 06:45,Maryland (State),WHITES FERRY RD,N/A,SINGLE VEHICLE,CLEAR,DRY,DARK NO LIGHTS,NO CONTROLS,Yes,POSSIBLE INJURY,NOT DISTRACTED,(SPORT) UTILITY VEHICLE,MOVING CONSTANT SPEED,West,West,40,2012,HONDA,1.5,27.5,23.5,0
Injury Crash,02-09-2022 07:27,Maryland (State),FALLS RD,N/A,SAME DIR REAR END,RAINING,WET,DUSK,NO CONTROLS,No,NO APPARENT INJURY,NOT DISTRACTED,PASSENGER CAR,SLOWING OR STOPPING,North,North,35,2013,TOYT,2.6,37.5,37.2,0.05
Property Damage Crash,02-09-2022 07:27,County,TWINBROOK PKWY,N/A,SAME DIR REAR END,CLEAR,DRY,DARK NO LIGHTS,TRAFFIC SIGNAL,No,NO APPARENT INJURY,NOT DISTRACTED,PASSENGER CAR,SLOWING OR STOPPING,South,South,35,2007,INFINITI,,,,
Property Damage Crash,02-09-2022 07:46,County,OLD COLUMBIA PIKE,N/A,STRAIGHT MOVEMENT ANGLE,CLEAR,N/A,DARK NO LIGHTS,STOP SIGN,No,NO APPARENT INJURY,NOT DISTRACTED,PASSENGER CAR,MOVING CONSTANT SPEED,Unknown,North,35,2014,FORD,4.7,356,42.7,0
Injury Crash,02-09-2022 07:46,County,BARGENE WAY,N/A,STRAIGHT MOVEMENT ANGLE,CLEAR,DRY,DAYLIGHT,STOP SIGN,No,NO APPARENT INJURY,LOOKED BUT DID NOT SEE,(SPORT) UTILITY VEHICLE,STARTING FROM LANE,West,South,30,2017,LAND ROVER,0,0,0,0
Injury Crash,02-09-2022 08:35,Maryland (State),OLD GEORGETOWN RD,N/A,SAME DIR REAR END,CLEAR,DRY,DAYLIGHT,TRAFFIC SIGNAL,No,POSSIBLE INJURY,NOT DISTRACTED,PASSENGER CAR,STARTING FROM LANE,East,South,40,2013,HOND,7.7,45.4,29.6,0
Injury Crash,02-09-2022 08:35,Maryland (State),PINEY BRANCH RD,N/A,SAME DIR REAR END,CLOUDY,DRY,DAYLIGHT,TRAFFIC SIGNAL,No,NO APPARENT INJURY,NOT DISTRACTED,PASSENGER CAR,STOPPED IN TRAFFIC LANE,West,West,30,1997,HONDA,3.3,40.1,39.7,0
Property Damage Crash,02-09-2022 10:25,Maryland (State),ROCKVILLE PIKE,ROCKVILLE,HEAD ON LEFT TURN,RAINING,WET,DAYLIGHT,TRAFFIC SIGNAL,No,NO APPARENT INJURY,NOT DISTRACTED,PASSENGER CAR,STOPPED IN TRAFFIC LANE,South,East,5,2013,HYUN,1.1,294,25.5,0
Injury Crash,02-09-2022 10:25,Maryland (State),NORBECK RD,N/A,HEAD ON LEFT TURN,CLEAR,DRY,DAYLIGHT,TRAFFIC SIGNAL,No,SUSPECTED MINOR INJURY,NOT DISTRACTED,PASSENGER CAR,MOVING CONSTANT SPEED,East,East,40,2014,BMW,7,149,22.3,0
Property Damage Crash,02-09-2022 10:29,Maryland (State),HUNGERFORD DR,N/A,SINGLE VEHICLE,CLEAR,DRY,DAYLIGHT,NO CONTROLS,Yes,NO APPARENT INJURY,NOT DISTRACTED,POLICE VEHICLE/NON EMERGENCY,MAKING U TURN,South,North,35,2019,DODGE,3.3,204,31.2,0
Injury Crash,02-09-2022 10:29,Maryland (State),ROCKVILLE PIKE,ROCKVILLE,OTHER,RAINING,WET,DAYLIGHT,TRAFFIC SIGNAL,No,SUSPECTED MINOR INJURY,NOT DISTRACTED,SNOWMOBILE,MOVING CONSTANT SPEED,South,South,35,2015,HOND,6.3,194,39.8,0
Injury Crash,02-09-2022 10:40,County,RANDOLPH RD,N/A,HEAD ON LEFT TURN,CLEAR,DRY,DARK LIGHTS ON,NO CONTROLS,No,POSSIBLE INJURY,NOT DISTRACTED,PASSENGER CAR,MOVING CONSTANT SPEED,East,East,40,2012,TOYOTA,0,0,0,0
Property Damage Crash,02-09-2022 11:05,Maryland (State),NEW HAMPSHIRE AVE,N/A,SAME DIRECTION SIDESWIPE,CLEAR,DRY,DAYLIGHT,N/A,Yes,NO APPARENT INJURY,UNKNOWN,PASSENGER CAR,PASSING,East,East,25,2011,NISSAN,4.1,39.2,37.1,0
Injury Crash,02-09-2022 11:05,Municipality,S STONESTREET AVE,ROCKVILLE,SAME DIRECTION RIGHT TURN,RAINING,WET,DAYLIGHT,TRAFFIC SIGNAL,Yes,SUSPECTED MINOR INJURY,INATTENTIVE OR LOST IN THOUGHT,PASSENGER CAR,ACCELERATING,South,South,35,2011,BMW,2.2,60,28.1,0
Property Damage Crash,02-09-2022 11:31,US (State),COLUMBIA PIKE,N/A,SAME DIR REAR END,CLOUDY,DRY,DAYLIGHT,YIELD SIGN,No,NO APPARENT INJURY,NOT DISTRACTED,PASSENGER CAR,STOPPED IN TRAFFIC LANE,South,South,35,2008,HONDA,13.1,181,2.8,0
Property Damage Crash,02-09-2022 11:31,County,NORBECK RD,N/A,SAME DIR REAR END,CLEAR,WET,DARK NO LIGHTS,TRAFFIC SIGNAL,Yes,NO APPARENT INJURY,INATTENTIVE OR LOST IN THOUGHT,PASSENGER CAR,SLOWING OR STOPPING,East,East,40,2010,NISSAN,16.9,196,29.5,0
Injury Crash,02-09-2022 11:40,Maryland (State),CONNECTICUT AVE,N/A,SAME DIR REAR END,RAINING,WET,DAYLIGHT,NO CONTROLS,No,NO APPARENT INJURY,NOT DISTRACTED,PASSENGER CAR,SLOWING OR STOPPING,North,North,35,2011,TOYOTA,3,110,31.2,0
Injury Crash,02-09-2022 11:40,County,E GUDE DR,N/A,SAME DIR REAR END,N/A,DRY,DAYLIGHT,NO CONTROLS,No,POSSIBLE INJURY,NOT DISTRACTED,PASSENGER CAR,STOPPED IN TRAFFIC LANE,East,East,40,2010,NISSAN,7.7,45.6,30.7,0
Property Damage Crash,02-09-2022 12:21,Maryland (State),DARNESTOWN RD,N/A,SINGLE VEHICLE,RAINING,WET,DARK LIGHTS ON,NO CONTROLS,No,NO APPARENT INJURY,NOT DISTRACTED,POLICE VEHICLE/NON EMERGENCY,MOVING CONSTANT SPEED,East,East,35,2010,FORD,0,0,0,0
Injury Crash,02-09-2022 12:21,Ramp,RAMP 6 FR IS 495 EB TO MD 355 SB,N/A,SAME DIR REAR END,CLEAR,DRY,DARK LIGHTS ON,TRAFFIC SIGNAL,No,SUSPECTED MINOR INJURY,NOT DISTRACTED,PASSENGER CAR,STOPPED IN TRAFFIC LANE,South,South,55,2012,MERZ,8.5,353,33.6,0.04