ACRS Report Type,Date and Time,Route Type,Road Name,Municipality,Collision Type,Weather,Surface Condition,Light,Traffic Control,Driver At Fault,Injury Severity,Driver Distracted By,Vehicle Body Type,Vehicle Movement,Vehicle Continuing Dir,Vehicle Going Dir,Speed Limit,Vehicle Year,Vehicle Make,Wind Speed (MPH),TMP10-DK ,Relative Humidity (%),Rain (Inches)
Injury Crash,02-09-2022 12:33,Interstate (State),EISENHOWER MEMORIAL HWY,N/A,SAME DIR REAR END,CLEAR,DRY,DAYLIGHT,NO CONTROLS,No,NO APPARENT INJURY,NOT DISTRACTED,PASSENGER CAR,SLOWING OR STOPPING,North,North,65,2012,CHRYSLER,15.8,319,1.7,0
Injury Crash,02-09-2022 12:33,County,MARSTON LA,N/A,SINGLE VEHICLE,CLEAR,DRY,DAYLIGHT,N/A,Yes,SUSPECTED MINOR INJURY,UNKNOWN,PASSENGER CAR,ACCELERATING,North,North,15,2016,TOYT,0,0,0,0
Property Damage Crash,02-09-2022 13:40,Maryland (State),LAYHILL RD,N/A,SAME DIR REAR END,CLEAR,DRY,N/A,TRAFFIC SIGNAL,Yes,NO APPARENT INJURY,NOT DISTRACTED,PASSENGER CAR,SLOWING OR STOPPING,South,South,45,2013,CHRYSTLER,0,0,0,0
Property Damage Crash,02-09-2022 14:15,Maryland (State),GERMANTOWN RD,N/A,SAME DIRECTION SIDESWIPE,CLEAR,DRY,DAYLIGHT,TRAFFIC SIGNAL,Yes,NO APPARENT INJURY,LOOKED BUT DID NOT SEE,PASSENGER CAR,CHANGING LANES,North,North,40,2010,ACURA,2.3,20,18.3,0
Injury Crash,02-09-2022 14:15,Maryland (State),NEW HAMPSHIRE AVE,N/A,SAME DIR REAR END,CLEAR,DRY,DAYLIGHT,TRAFFIC SIGNAL,No,NO APPARENT INJURY,NOT DISTRACTED,(SPORT) UTILITY VEHICLE,STOPPED IN TRAFFIC LANE,North,North,40,2019,TOYOTA,1.1,37.7,36.9,0
Property Damage Crash,02-09-2022 14:15,Maryland (State),NORBECK RD,N/A,SAME DIR REAR END,N/A,N/A,DAYLIGHT,TRAFFIC SIGNAL,No,NO APPARENT INJURY,NOT DISTRACTED,POLICE VEHICLE/NON EMERGENCY,STOPPED IN TRAFFIC LANE,West,West,40,2015,FORD,2.5,40.1,39.7,0.05
Injury Crash,02-09-2022 14:53,Maryland (State),FREDERICK RD,N/A,SAME DIR REAR END,CLOUDY,DRY,DAYLIGHT,YIELD SIGN,Yes,NO APPARENT INJURY,NOT DISTRACTED,(SPORT) UTILITY VEHICLE,MAKING RIGHT TURN,West,South,45,2018,AUDI,12.9,33.1,22,0
Property Damage Crash,02-09-2022 15:12,,,,SINGLE VEHICLE,N/A,,DAYLIGHT,NO CONTROLS,Yes,NO APPARENT INJURY,NOT DISTRACTED,FIRE VEHICLE/NON EMERGENCY,BACKING,Unknown,Unknown,5,2008,SPARTIN,2.2,44.3,39.3,0
Property Damage Crash,02-09-2022 15:12,Maryland (State),GOLDSBORO RD,N/A,OTHER,CLEAR,DRY,DAYLIGHT,YIELD SIGN,No,NO APPARENT INJURY,NOT DISTRACTED,PASSENGER CAR,MOVING CONSTANT SPEED,North,North,15,2002,MERCEDES,0,0,0,0
Injury Crash,02-09-2022 15:15,Maryland (State),S FREDERICK RD,GAITHERSBURG,SAME DIR REAR END,CLEAR,N/A,DAYLIGHT,NO CONTROLS,Yes,NO APPARENT INJURY,LOOKED BUT DID NOT SEE,PASSENGER CAR,SLOWING OR STOPPING,South,South,30,2015,TOYOTA,0,0,0,0
Property Damage Crash,02-09-2022 15:15,County,GREENLANE DR,N/A,STRAIGHT MOVEMENT ANGLE,CLEAR,DRY,DARK -- UNKNOWN LIGHTING,NO CONTROLS,Yes,NO APPARENT INJURY,UNKNOWN,PASSENGER CAR,NEGOTIATING A CURVE,West,West,25,2016,NISSAN,1.8,101,24.7,0
Property Damage Crash,02-09-2022 15:18,,EMERALD GREEN DRIVE,N/A,STRAIGHT MOVEMENT ANGLE,CLEAR,DRY,DAYLIGHT,STOP SIGN,Yes,NO APPARENT INJURY,NOT DISTRACTED,PASSENGER CAR,MAKING LEFT TURN,South,West,30,2013,HONDA,2.4,121,32.9,0
Property Damage Crash,02-09-2022 15:18,County,MIDDLEBROOK RD,N/A,HEAD ON LEFT TURN,CLEAR,DRY,DAYLIGHT,TRAFFIC SIGNAL,No,NO APPARENT INJURY,LOOKED BUT DID NOT SEE,PASSENGER CAR,MOVING CONSTANT SPEED,East,East,35,2008,HYUNDAI,6.5,62.1,38.4,0
Property Damage Crash,02-09-2022 15:36,Maryland (State),W DIAMOND AVE,N/A,SAME DIRECTION SIDESWIPE,CLEAR,DRY,DARK LIGHTS ON,TRAFFIC SIGNAL,Yes,NO APPARENT INJURY,UNKNOWN,PASSENGER CAR,CHANGING LANES,West,West,35,2021,LEXUS,2.4,327,34.9,0
Property Damage Crash,02-09-2022 15:45,County,PATUXENT DR,N/A,HEAD ON,CLEAR,DRY,DAYLIGHT,NO CONTROLS,Yes,NO APPARENT INJURY,USING OTHER DEVICE CONTROLS INTEGRAL TO VEHICLE,SCHOOL BUS,MOVING CONSTANT SPEED,North,North,25,2006,THOMAS BUS,5.3,43.2,30.3,0
Injury Crash,02-09-2022 15:45,Maryland (State),MASSACHUSETTS AVE,N/A,SAME DIR REAR END,CLEAR,DRY,DAYLIGHT,TRAFFIC SIGNAL,Yes,NO APPARENT INJURY,NOT DISTRACTED,PASSENGER CAR,SLOWING OR STOPPING,West,West,35,2006,DODG,0,0,0,0
Property Damage Crash,02-09-2022 17:25,Maryland (State),RIVER RD,N/A,SINGLE VEHICLE,CLEAR,DRY,DARK LIGHTS ON,TRAFFIC SIGNAL,Yes,NO APPARENT INJURY,UNKNOWN,PASSENGER CAR,MOVING CONSTANT SPEED,East,East,30,1999,HONDA,4,359,30.9,0
Property Damage Crash,02-09-2022 17:25,County,FAIRLAND RD,N/A,SINGLE VEHICLE,CLEAR,DRY,DARK LIGHTS ON,NO CONTROLS,Yes,NO APPARENT INJURY,INATTENTIVE OR LOST IN THOUGHT,PASSENGER CAR,MAKING LEFT TURN,West,East,35,2012,KIA,4,201,49.7,0
Injury Crash,02-09-2022 17:30,Maryland (State),FREDERICK RD,N/A,SAME DIR REAR END,CLEAR,DRY,DAYLIGHT,NO CONTROLS,Yes,POSSIBLE INJURY,NOT DISTRACTED,PASSENGER CAR,SLOWING OR STOPPING,South,South,40,2015,MERZ,4.4,7,31.1,0
Injury Crash,02-09-2022 17:30,Maryland (State),OLNEY LAYTONSVILLE RD,N/A,OTHER,CLEAR,DRY,DAYLIGHT,NO CONTROLS,Yes,NO APPARENT INJURY,LOOKED BUT DID NOT SEE,(SPORT) UTILITY VEHICLE,MAKING LEFT TURN,South,West,35,2011,VOLVO,2,84,23.3,0
Property Damage Crash,02-09-2022 17:30,,,,HEAD ON,CLEAR,,DARK LIGHTS ON,NO CONTROLS,Yes,NO APPARENT INJURY,UNKNOWN,PICKUP TRUCK,MOVING CONSTANT SPEED,North,North,25,2005,TOYOTA,0,0,0,0
Property Damage Crash,02-09-2022 17:34,US (State),GEORGIA AVE,N/A,SAME DIR REAR END,CLOUDY,WET,DAYLIGHT,NO CONTROLS,Yes,NO APPARENT INJURY,LOOKED BUT DID NOT SEE,PASSENGER CAR,SLOWING OR STOPPING,South,South,35,2011,SUBARU,0,0,0,0
Property Damage Crash,02-09-2022 17:34,Maryland (State),UNIVERSITY BLVD E,N/A,STRAIGHT MOVEMENT ANGLE,CLEAR,DRY,DAYLIGHT,NO CONTROLS,No,NO APPARENT INJURY,NOT DISTRACTED,(SPORT) UTILITY VEHICLE,MOVING CONSTANT SPEED,West,West,40,2016,BMW,0,0,0,0
Injury Crash,02-09-2022 17:36,Maryland (State),FREDERICK RD,N/A,SAME DIR REAR END,CLEAR,DRY,DAYLIGHT,N/A,No,POSSIBLE INJURY,NOT DISTRACTED,PASSENGER CAR,SLOWING OR STOPPING,West,South,35,2015,MERZ,3.7,18,30.4,0
Injury Crash,02-09-2022 17:36,Municipality,THOMPSON AVE,N/A,SINGLE VEHICLE,CLOUDY,DRY,DAYLIGHT,STOP SIGN,Yes,NO APPARENT INJURY,LOOKED BUT DID NOT SEE,(SPORT) UTILITY VEHICLE,STARTING FROM LANE,West,West,5,2008,CHEVROLET,4.7,135,25.6,0
Property Damage Crash,02-09-2022 19:35,County,WESTLAKE DR,N/A,ANGLE MEETS RIGHT TURN,CLEAR,DRY,DAYLIGHT,TRAFFIC SIGNAL,No,NO APPARENT INJURY,NOT DISTRACTED,PASSENGER CAR,MOVING CONSTANT SPEED,North,North,30,2016,BMW,0,0,0,0
Injury Crash,02-09-2022 19:35,Maryland (State),FREDERICK RD,N/A,HEAD ON,CLEAR,DRY,DARK LIGHTS ON,NO CONTROLS,No,NO APPARENT INJURY,NOT DISTRACTED,PASSENGER CAR,SLOWING OR STOPPING,North,North,45,2015,HONDA,1.7,30.6,23.4,0
Property Damage Crash,02-09-2022 20:46,County,CLARKSBURG RD,N/A,SINGLE VEHICLE,CLOUDY,WET,DAYLIGHT,N/A,Yes,NO APPARENT INJURY,NOT DISTRACTED,PASSENGER CAR,MOVING CONSTANT SPEED,North,North,35,2012,HONDA,1,100,25.6,0
Property Damage Crash,02-09-2022 21:12,Maryland (State),OLD HUNDRED RD,N/A,STRAIGHT MOVEMENT ANGLE,CLEAR,DRY,DAYLIGHT,STOP SIGN,Yes,NO APPARENT INJURY,NOT DISTRACTED,STATION WAGON,STARTING FROM LANE,East,East,30,2016,SUBARU,2.5,34,43,0
Injury Crash,02-09-2022 21:45,Maryland (State),NEW HAMPSHIRE AVE,N/A,SINGLE VEHICLE,CLEAR,DRY,DARK NO LIGHTS,NO CONTROLS,Yes,SUSPECTED MINOR INJURY,UNKNOWN,(SPORT) UTILITY VEHICLE,MOVING CONSTANT SPEED,South,South,45,2015,LEXUS,0,0,0,0
Injury Crash,03-09-2022 03:03,County,LOCKWOOD DR,N/A,ANGLE MEETS LEFT TURN,CLEAR,DRY,DAYLIGHT,N/A,No,POSSIBLE INJURY,NOT DISTRACTED,PASSENGER CAR,MOVING CONSTANT SPEED,North,North,35,2003,HOND,6.8,310,22.8,0
Injury Crash,03-09-2022 05:09,,,,OTHER,CLEAR,,DAYLIGHT,NO CONTROLS,Yes,NO APPARENT INJURY,LOOKED BUT DID NOT SEE,VAN,BACKING,Unknown,Unknown,5,2007,CHRYSLER,5.7,48.3,46.1,0
Injury Crash,03-09-2022 05:09,Maryland (State),GEORGIA AVE,N/A,SAME DIR REAR END,CLEAR,DRY,DAYLIGHT,NO CONTROLS,No,POSSIBLE INJURY,NOT DISTRACTED,PASSENGER CAR,STOPPED IN TRAFFIC LANE,South,South,35,2004,LEXUS,5.5,150,41.9,0
Injury Crash,03-09-2022 07:00,Maryland (State),EAST WEST HWY,N/A,SAME DIR REAR END,CLEAR,DRY,DAYLIGHT,TRAFFIC SIGNAL,Yes,NO APPARENT INJURY,UNKNOWN,PASSENGER CAR,MOVING CONSTANT SPEED,East,East,35,2006,TOYT,3.2,7,29.6,0
Property Damage Crash,03-09-2022 07:00,County,E GUDE DR,N/A,STRAIGHT MOVEMENT ANGLE,CLEAR,DRY,DAYLIGHT,NO CONTROLS,No,NO APPARENT INJURY,NOT DISTRACTED,PASSENGER CAR,MOVING CONSTANT SPEED,West,West,40,2002,MERZ,4.6,78,31.2,0
Property Damage Crash,03-09-2022 07:32,County,E GUDE DR,N/A,ANGLE MEETS RIGHT TURN,CLOUDY,DRY,DAYLIGHT,TRAFFIC SIGNAL,No,NO APPARENT INJURY,NOT DISTRACTED,PASSENGER CAR,MOVING CONSTANT SPEED,West,West,40,2004,NISSAN,2.9,32.8,23.1,0
Injury Crash,03-09-2022 07:50,County,BELLS MILL RD,N/A,STRAIGHT MOVEMENT ANGLE,RAINING,WET,DARK LIGHTS ON,STOP SIGN,Yes,NO APPARENT INJURY,NOT DISTRACTED,STATION WAGON,UNKNOWN,South,South,25,2015,VOIK,0,0,0,0
Property Damage Crash,03-09-2022 07:50,County,MIDDLEBROOK RD,N/A,SAME DIR REAR END,CLEAR,WET,DAYLIGHT,TRAFFIC SIGNAL,No,NO APPARENT INJURY,DISTRACTED BY OUTSIDE PERSON OBJECT OR EVENT,PASSENGER CAR,STOPPED IN TRAFFIC LANE,South,South,35,2014,MERCEDES,6.3,225,22.2,0
Property Damage Crash,03-09-2022 09:17,Maryland (State),LAYHILL RD,N/A,OTHER,CLEAR,DRY,DAYLIGHT,TRAFFIC SIGNAL,No,NO APPARENT INJURY,NOT DISTRACTED,PASSENGER CAR,STOPPED IN TRAFFIC LANE,South,South,35,2005,NISSAN,10.2,177,30.9,0
Injury Crash,03-09-2022 09:17,Maryland (State),VEIRS MILL RD,N/A,STRAIGHT MOVEMENT ANGLE,CLOUDY,DRY,DAYLIGHT,TRAFFIC SIGNAL,Yes,POSSIBLE INJURY,NOT DISTRACTED,PASSENGER CAR,MAKING LEFT TURN,North,East,40,2011,MERZ,0,0,0,0
Property Damage Crash,03-09-2022 09:18,,,,SAME DIR REAR END,CLEAR,,DAYLIGHT,NO CONTROLS,Yes,NO APPARENT INJURY,UNKNOWN,PASSENGER CAR,PARKING,Unknown,Unknown,10,2023,NISSAN,3,255,45.1,0
Property Damage Crash,03-09-2022 09:18,Maryland (State),ROCKVILLE PIKE,ROCKVILLE,SAME DIR REAR END,RAINING,WET,DARK LIGHTS ON,TRAFFIC SIGNAL,Yes,NO APPARENT INJURY,UNKNOWN,PASSENGER CAR,SLOWING OR STOPPING,North,North,35,2014,TOYOTA,8.9,172,21.9,0
Injury Crash,03-09-2022 11:38,Maryland (State),VEIRS MILL RD,N/A,SAME DIR REAR END,CLEAR,DRY,DUSK,TRAFFIC SIGNAL,Yes,NO APPARENT INJURY,UNKNOWN,PASSENGER CAR,ACCELERATING,West,South,35,2004,HONDA,3.1,41.2,29.8,0
Property Damage Crash,03-09-2022 11:38,,,,OTHER,CLEAR,,DAYLIGHT,NO CONTROLS,No,NO APPARENT INJURY,NOT DISTRACTED,PASSENGER CAR,OTHER,East,East,0,2008,LAND ROVER,12.1,199,1.6,0
Property Damage Crash,03-09-2022 11:50,Municipality,WEST SIDE DR,N/A,HEAD ON LEFT TURN,CLEAR,DRY,DAYLIGHT,NO CONTROLS,No,NO APPARENT INJURY,NOT DISTRACTED,PASSENGER CAR,MOVING CONSTANT SPEED,South,South,30,2016,NISSAN,9.2,334,25.8,0
Injury Crash,03-09-2022 11:50,County,SOUTHAMPTON DR,N/A,STRAIGHT MOVEMENT ANGLE,CLEAR,DRY,DARK LIGHTS ON,STOP SIGN,Yes,POSSIBLE INJURY,UNKNOWN,PASSENGER CAR,MOVING CONSTANT SPEED,East,East,35,2016,SCION,1.4,209,27.4,0
Property Damage Crash,03-09-2022 12:20,County,SEVEN LOCKS RD,N/A,HEAD ON LEFT TURN,RAINING,WET,DAYLIGHT,TRAFFIC SIGNAL,No,NO APPARENT INJURY,NOT DISTRACTED,VAN,STOPPED IN TRAFFIC LANE,West,West,35,2018,CHEVY,0,0,0,0
Property Damage Crash,03-09-2022 12:20,County,RANDOLPH RD,N/A,STRAIGHT MOVEMENT ANGLE,CLEAR,WET,DAYLIGHT,NO CONTROLS,Yes,NO APPARENT INJURY,OTHER DISTRACTION,PASSENGER CAR,ACCELERATING,East,East,45,2003,MAZDA,2.9,59.4,46,0
Property Damage Crash,03-09-2022 12:40,Maryland (State),UNIVERSITY BLVD E,N/A,HEAD ON LEFT TURN,CLEAR,DRY,DARK LIGHTS ON,NO CONTROLS,Yes,NO APPARENT INJURY,NOT DISTRACTED,PASSENGER CAR,MOVING CONSTANT SPEED,East,East,40,1996,HONDA,0,0,0,0
Property Damage Crash,03-09-2022 12:40,County,WAYNE AVE,N/A,STRAIGHT MOVEMENT ANGLE,CLEAR,DRY,DARK LIGHTS ON,FLASHING TRAFFIC SIGNAL,No,NO APPARENT INJURY,NOT DISTRACTED,PASSENGER CAR,ACCELERATING,North,North,30,2000,LEXUS,11,299,22,0
Property Damage Crash,03-09-2022 14:00,County,AIRPARK RD,N/A,SAME DIRECTION RIGHT TURN,CLEAR,DRY,DARK LIGHTS ON,TRAFFIC SIGNAL,Unknown,NO APPARENT INJURY,UNKNOWN,PASSENGER CAR,RIGHT TURN ON RED,North,North,50,2018,TSLA,1.6,203,18.9,0
Property Damage Crash,03-09-2022 15:16,Maryland (State),NEW HAMPSHIRE AVE,TAKOMA PARK,HEAD ON LEFT TURN,CLEAR,DRY,DAYLIGHT,TRAFFIC SIGNAL,No,NO APPARENT INJURY,NOT DISTRACTED,PASSENGER CAR,MOVING CONSTANT SPEED,South,South,30,2013,HONDA,4.8,47.2,44.7,0.01
Property Damage Crash,03-09-2022 15:16,Maryland (State),BRADLEY BLVD,N/A,SAME DIRECTION SIDESWIPE,CLOUDY,DRY,DAYLIGHT,NO CONTROLS,No,NO APPARENT INJURY,NOT DISTRACTED,"MEDIUM/HEAVY TRUCKS 3 AXLES (OVER 10,000LBS (4,536KG))",MOVING CONSTANT SPEED,South,South,35,2016,FRHT,2.2,43.3,42.5,0
Property Damage Crash,03-09-2022 15:26,County,WAYNE AVE,N/A,STRAIGHT MOVEMENT ANGLE,CLEAR,DRY,DARK LIGHTS ON,FLASHING TRAFFIC SIGNAL,Yes,NO APPARENT INJURY,NOT DISTRACTED,PASSENGER CAR,MOVING CONSTANT SPEED,East,East,35,2011,HONDA,0,0,0,0
Injury Crash,03-09-2022 16:05,Maryland (State),PINEY BRANCH RD,N/A,SAME DIR REAR END,CLEAR,DRY,DAYLIGHT,TRAFFIC SIGNAL,No,POSSIBLE INJURY,NOT DISTRACTED,PASSENGER CAR,STOPPED IN TRAFFIC LANE,North,North,35,2014,TOYOTA,2.9,37.5,20.6,0
Property Damage Crash,03-09-2022 16:05,Maryland (State),CONNECTICUT AVE,CHEVY CHASE #5,STRAIGHT MOVEMENT ANGLE,RAINING,WET,DAYLIGHT,STOP SIGN,No,NO APPARENT INJURY,NOT DISTRACTED,PASSENGER CAR,MOVING CONSTANT SPEED,South,South,30,2015,AUDI,1,35.2,21.8,0
Property Damage Crash,03-09-2022 16:15,Maryland (State),WOODFIELD RD,N/A,SAME DIR REAR END,CLEAR,DRY,DAYLIGHT,NO CONTROLS,Yes,NO APPARENT INJURY,UNKNOWN,PASSENGER CAR,SLOWING OR STOPPING,North,North,30,2011,TOYOTA,1.1,79,23.7,0
Property Damage Crash,03-09-2022 16:15,Maryland (State),CONNECTICUT AVE,N/A,STRAIGHT MOVEMENT ANGLE,CLEAR,DRY,DARK LIGHTS ON,STOP SIGN,No,NO APPARENT INJURY,NOT DISTRACTED,PASSENGER CAR,MOVING CONSTANT SPEED,North,North,45,2013,MERCEDES,0,0,0,0
Property Damage Crash,03-09-2022 16:15,,,,OTHER,SNOW,,DARK LIGHTS ON,N/A,No,NO APPARENT INJURY,NOT DISTRACTED,PASSENGER CAR,PARKED,,,15,2013,NISSAN,0,0,0,0
Injury Crash,03-09-2022 16:15,Maryland (State),GEORGIA AVE,N/A,OTHER,CLOUDY,DRY,DAYLIGHT,TRAFFIC SIGNAL,Yes,POSSIBLE INJURY,NOT DISTRACTED,PASSENGER CAR,MAKING LEFT TURN,South,South,35,2015,FORD,0,0,0,0
Property Damage Crash,03-09-2022 16:22,Municipality,WATKINS MILL RD,N/A,SAME DIR REAR END,CLEAR,DRY,DAYLIGHT,TRAFFIC SIGNAL,No,NO APPARENT INJURY,NOT DISTRACTED,PASSENGER CAR,STOPPED IN TRAFFIC LANE,South,South,35,2014,HONDA,9,301,30.6,0
Property Damage Crash,03-09-2022 16:22,Maryland (State),COLESVILLE RD,N/A,SAME DIRECTION SIDESWIPE,N/A,DRY,DAYLIGHT,TRAFFIC SIGNAL,Yes,NO APPARENT INJURY,NO DRIVER PRESENT,PASSENGER CAR,MOVING CONSTANT SPEED,North,North,35,2011,TOYT,0,0,0,0
Property Damage Crash,03-09-2022 16:40,Maryland (State),BURLINGTON AVE,N/A,SAME DIRECTION SIDESWIPE,CLEAR,DRY,DAYLIGHT,TRAFFIC SIGNAL,Yes,NO APPARENT INJURY,NOT DISTRACTED,OTHER BUS,STARTING FROM LANE,West,West,30,2014,GILL,8.8,28.1,17.2,0
Injury Crash,03-09-2022 17:10,Municipality,E DIAMOND AVE,N/A,SAME DIR REAR END,CLEAR,WET,DAYLIGHT,YIELD SIGN,No,POSSIBLE INJURY,NOT DISTRACTED,(SPORT) UTILITY VEHICLE,STOPPED IN TRAFFIC LANE,East,East,30,2014,HONDA,7.8,40.2,26.7,0
Property Damage Crash,03-09-2022 17:10,County,FENTON ST,N/A,STRAIGHT MOVEMENT ANGLE,RAINING,WET,DAYLIGHT,TRAFFIC SIGNAL,Yes,NO APPARENT INJURY,LOOKED BUT DID NOT SEE,PASSENGER CAR,ACCELERATING,South,South,15,2016,HYUNDAI,4.8,313,27.8,0
Property Damage Crash,03-09-2022 17:15,Maryland (State),NEW HAMPSHIRE AVE,N/A,SAME DIR REAR END,CLEAR,DRY,DAYLIGHT,YIELD SIGN,Yes,NO APPARENT INJURY,LOOKED BUT DID NOT SEE,PASSENGER CAR,STARTING FROM LANE,East,East,45,2008,TOYT,20.8,189,51.4,0
Property Damage Crash,03-09-2022 17:15,Municipality,MANNAKEE ST,ROCKVILLE,STRAIGHT MOVEMENT ANGLE,CLEAR,DRY,DAYLIGHT,TRAFFIC SIGNAL,Unknown,NO APPARENT INJURY,UNKNOWN,PASSENGER CAR,MOVING CONSTANT SPEED,West,West,25,2010,TOYT,3.2,44.9,42.1,0
Property Damage Crash,03-09-2022 18:06,Ramp,RAMP 9 FR IS 370 EB TO SHADY GROVE RD,N/A,SAME DIR REAR END,CLEAR,DRY,DAYLIGHT,YIELD SIGN,Yes,NO APPARENT INJURY,UNKNOWN,PASSENGER CAR,CHANGING LANES,West,North,35,2006,LEXUS,1.7,42.5,38.2,0
Injury Crash,03-09-2022 18:47,County,FAIRLAND RD,N/A,SAME DIR REAR END,CLEAR,DRY,DAWN,TRAFFIC SIGNAL,Unknown,POSSIBLE INJURY,NOT DISTRACTED,PASSENGER CAR,STOPPED IN TRAFFIC LANE,South,South,55,2019,KIA,1.5,35.8,34.4,0
Injury Crash,03-09-2022 18:47,Maryland (State),OLD GEORGETOWN RD,N/A,STRAIGHT MOVEMENT ANGLE,CLEAR,DRY,DAYLIGHT,TRAFFIC SIGNAL,Yes,POSSIBLE INJURY,UNKNOWN,PASSENGER CAR,MAKING LEFT TURN,West,North,40,2011,TOYOTA,4.7,48,23.4,0
Injury Crash,03-09-2022 18:48,Maryland (State),GEORGIA AVE,N/A,HEAD ON LEFT TURN,N/A,DRY,DARK LIGHTS ON,TRAFFIC SIGNAL,No,SUSPECTED MINOR INJURY,NOT DISTRACTED,PASSENGER CAR,MOVING CONSTANT SPEED,North,North,35,2016,HYUNDAI,4.4,60.3,47.1,0
Injury Crash,03-09-2022 20:48,Maryland (State),ROCKVILLE PIKE,ROCKVILLE,HEAD ON LEFT TURN,RAINING,WET,DAYLIGHT,NO CONTROLS,Yes,NO APPARENT INJURY,OTHER DISTRACTION,PASSENGER CAR,MAKING LEFT TURN,West,North,40,2014,TOYOTA,3.6,228,32.5,0
Property Damage Crash,03-09-2022 20:48,Maryland (State),VEIRS MILL RD,N/A,SAME DIR REAR END,CLEAR,DRY,DAYLIGHT,TRAFFIC SIGNAL,No,NO APPARENT INJURY,NOT DISTRACTED,PASSENGER CAR,ACCELERATING,West,West,35,2016,SUBURBAN,0,0,0,0
Injury Crash,03-09-2022 21:03,Maryland (State),NORBECK RD,N/A,SAME DIR REAR END,CLEAR,DRY,DAYLIGHT,N/A,No,NO APPARENT INJURY,NOT DISTRACTED,VAN,SLOWING OR STOPPING,West,West,45,2005,FORD,0,0,0,0
Property Damage Crash,03-09-2022 21:06,Maryland (State),GERMANTOWN RD,N/A,SINGLE VEHICLE,RAINING,WET,DAYLIGHT,TRAFFIC SIGNAL,Yes,NO APPARENT INJURY,NOT DISTRACTED,PASSENGER CAR,MAKING RIGHT TURN,West,South,40,2004,HOND,1.6,38,37,0
Property Damage Crash,03-09-2022 21:14,County,RANDOLPH RD,N/A,SAME DIR REAR END,CLEAR,DRY,DAYLIGHT,TRAFFIC SIGNAL,No,NO APPARENT INJURY,NOT DISTRACTED,PASSENGER CAR,STOPPED IN TRAFFIC LANE,East,East,45,2013,MERCEDES BENZ,1,38.5,38.4,0
Injury Crash,03-09-2022 21:17,US (State),COLUMBIA PIKE,N/A,HEAD ON LEFT TURN,CLEAR,DRY,DARK LIGHTS ON,TRAFFIC SIGNAL,Unknown,SUSPECTED MINOR INJURY,UNKNOWN,PASSENGER CAR,MAKING LEFT TURN,West,North,50,2015,BMW,0,0,0,0
Injury Crash,03-09-2022 21:50,County,SHADY GROVE RD,N/A,SAME DIR REAR END,N/A,DRY,DAYLIGHT,TRAFFIC SIGNAL,No,POSSIBLE INJURY,NOT DISTRACTED,PASSENGER CAR,STOPPED IN TRAFFIC LANE,East,East,45,2014,TOYT,5.2,57.1,41.8,0
Injury Crash,03-09-2022 21:50,County,FAIRLAND RD,N/A,STRAIGHT MOVEMENT ANGLE,N/A,DRY,DAYLIGHT,TRAFFIC SIGNAL,No,SUSPECTED MINOR INJURY,NOT DISTRACTED,PICKUP TRUCK,MOVING CONSTANT SPEED,South,South,40,2011,CHEVY,2.4,336,29.9,0
Injury Crash,03-09-2022 22:28,County,COUNSELMAN RD,N/A,HEAD ON LEFT TURN,CLEAR,DRY,DAYLIGHT,TRAFFIC SIGNAL,No,NO APPARENT INJURY,UNKNOWN,PASSENGER CAR,MOVING CONSTANT SPEED,West,West,30,2015,BMW,0,0,0,0
Property Damage Crash,04-09-2022 00:45,County,FAIRLAND RD,N/A,STRAIGHT MOVEMENT ANGLE,CLEAR,DRY,DARK LIGHTS ON,TRAFFIC SIGNAL,Yes,NO APPARENT INJURY,NOT DISTRACTED,PASSENGER CAR,MOVING CONSTANT SPEED,South,South,35,2020,RAM,5.1,252,35,0
Property Damage Crash,04-09-2022 06:24,Maryland (State),DAMASCUS RD,N/A,STRAIGHT MOVEMENT ANGLE,CLOUDY,DRY,DAYLIGHT,STOP SIGN,No,NO APPARENT INJURY,NOT DISTRACTED,PASSENGER CAR,MOVING CONSTANT SPEED,West,West,40,2021,VOLK,6.5,300,13.1,0
Property Damage Crash,04-09-2022 07:06,Maryland (State),NEW HAMPSHIRE AVE,N/A,ANGLE MEETS RIGHT TURN,CLEAR,DRY,DAYLIGHT,NO CONTROLS,No,NO APPARENT INJURY,NOT DISTRACTED,PASSENGER CAR,MOVING CONSTANT SPEED,South,South,40,2017,ACURA,0,0,0,0
Property Damage Crash,04-09-2022 07:06,Interstate (State),CAPITAL BELTWAY,N/A,SAME DIR REAR END,CLEAR,DRY,DARK LIGHTS ON,NO CONTROLS,No,NO APPARENT INJURY,NOT DISTRACTED,PASSENGER CAR,SLOWING OR STOPPING,East,East,50,2004,TOYOTA,4.6,356,17.6,0
Property Damage Crash,04-09-2022 08:43,County,MIDDLEBROOK RD,N/A,SINGLE VEHICLE,CLEAR,DRY,DARK LIGHTS ON,N/A,Yes,NO APPARENT INJURY,UNKNOWN,PASSENGER CAR,MOVING CONSTANT SPEED,East,East,45,2016,HYUNDAI,6.6,232,43.2,0
Property Damage Crash,04-09-2022 08:43,County,MONTROSE RD,ROCKVILLE,HEAD ON,N/A,DRY,DAYLIGHT,TRAFFIC SIGNAL,No,NO APPARENT INJURY,NOT DISTRACTED,TRUCK TRACTOR,MOVING CONSTANT SPEED,East,East,35,2004,FRHT,2.4,252,43.9,0