ACRS Report Type,Date and Time,Route Type,Road Name,Municipality,Collision Type,Weather,Surface Condition,Light,Traffic Control,Driver At Fault,Injury Severity,Driver Distracted By,Vehicle Body Type,Vehicle Movement,Vehicle Continuing Dir,Vehicle Going Dir,Speed Limit,Vehicle Year,Vehicle Make,Wind Speed (MPH),TMP10-DK ,Relative Humidity (%),Rain (Inches)
Injury Crash,04-09-2022 08:43,County,MUDDY BRANCH RD,GAITHERSBURG,HEAD ON LEFT TURN,CLEAR,DRY,DARK LIGHTS ON,TRAFFIC SIGNAL,Yes,SUSPECTED MINOR INJURY,LOOKED BUT DID NOT SEE,PASSENGER CAR,MAKING LEFT TURN,East,South,40,2009,TOYOTA,8,145,42.4,0
Injury Crash,04-09-2022 09:59,County,N SUMMIT AVE,GAITHERSBURG,SAME DIR REAR END,CLEAR,DRY,DARK LIGHTS ON,NO CONTROLS,No,NO APPARENT INJURY,NOT DISTRACTED,PASSENGER CAR,SLOWING OR STOPPING,North,North,25,1999,HONDA,0,0,0,0
Property Damage Crash,04-09-2022 09:59,US (State),COLUMBIA PIKE,N/A,SAME DIRECTION SIDESWIPE,CLOUDY,DRY,DAYLIGHT,NO CONTROLS,Unknown,NO APPARENT INJURY,NOT DISTRACTED,(SPORT) UTILITY VEHICLE,MOVING CONSTANT SPEED,North,North,55,2016,KIA,2.6,122,33.6,0
Injury Crash,04-09-2022 10:10,Maryland (State),FREDERICK RD,N/A,SINGLE VEHICLE,N/A,DRY,DAYLIGHT,TRAFFIC SIGNAL,Yes,NO APPARENT INJURY,NOT DISTRACTED,PICKUP TRUCK,SLOWING OR STOPPING,North,West,30,2009,CHEV,2.4,18,33,0
Property Damage Crash,04-09-2022 10:40,County,CORDELL AVE,N/A,SAME DIR REAR END,CLEAR,DRY,DAYLIGHT,TRAFFIC SIGNAL,Yes,NO APPARENT INJURY,NOT DISTRACTED,PASSENGER CAR,SLOWING OR STOPPING,South,South,25,2014,CHEVROLET,1.5,187,23.9,0
Property Damage Crash,04-09-2022 10:40,Maryland (State),VEIRS MILL RD,N/A,SAME DIRECTION SIDESWIPE,CLEAR,DRY,DAYLIGHT,TRAFFIC SIGNAL,No,NO APPARENT INJURY,UNKNOWN,PASSENGER CAR,MAKING LEFT TURN,East,East,40,1998,TOYT,4.2,0,34,0.09
Property Damage Crash,04-09-2022 12:03,County,E WAYNE AVE,N/A,HEAD ON LEFT TURN,CLEAR,DRY,DARK LIGHTS ON,STOP SIGN,Yes,NO APPARENT INJURY,OTHER DISTRACTION,PASSENGER CAR,ACCELERATING,East,South,30,1998,CHEV,2.9,45.8,37.8,0
Property Damage Crash,04-09-2022 12:03,Maryland (State),MIDCOUNTY HWY,N/A,SAME DIR REAR END,CLEAR,DRY,DARK LIGHTS ON,NO CONTROLS,Yes,NO APPARENT INJURY,OTHER DISTRACTION,PASSENGER CAR,STOPPED IN TRAFFIC LANE,South,South,50,2002,LEXS,7.4,128,35.4,0.01
Injury Crash,04-09-2022 12:03,County,DENNIS AVE,N/A,STRAIGHT MOVEMENT ANGLE,RAINING,WET,DAYLIGHT,STOP SIGN,Yes,NO APPARENT INJURY,UNKNOWN,(SPORT) UTILITY VEHICLE,STARTING FROM LANE,South,South,25,2004,TOYOTA,1,344,29.4,0
Injury Crash,04-09-2022 12:15,Maryland (State),CONNECTICUT AVE,N/A,SAME DIR REAR END,CLEAR,DRY,DARK LIGHTS ON,NO CONTROLS,Yes,SUSPECTED MINOR INJURY,NOT DISTRACTED,(SPORT) UTILITY VEHICLE,STOPPED IN TRAFFIC LANE,South,South,35,2000,JEEP,14,179,40.6,0
Property Damage Crash,04-09-2022 12:15,Maryland (State),HUNGERFORD DR,ROCKVILLE,SAME DIRECTION SIDESWIPE,CLEAR,DRY,DAYLIGHT,TRAFFIC SIGNAL,Yes,NO APPARENT INJURY,DISTRACTED BY OUTSIDE PERSON OBJECT OR EVENT,PASSENGER CAR,CHANGING LANES,South,South,35,2014,NISS,6.2,340,40.6,0
Injury Crash,04-09-2022 13:49,Maryland (State),RIDGE RD,N/A,SAME DIR REAR END,CLEAR,DRY,DAYLIGHT,NO CONTROLS,Yes,POSSIBLE INJURY,LOOKED BUT DID NOT SEE,MOTORCYCLE,MOVING CONSTANT SPEED,South,South,40,2001,HARL,2.9,25,29.1,0
Injury Crash,04-09-2022 13:49,County,FATHER HURLEY BLVD,N/A,SAME DIRECTION LEFT TURN,N/A,DRY,DAYLIGHT,N/A,Yes,NO APPARENT INJURY,LOOKED BUT DID NOT SEE,PASSENGER CAR,CHANGING LANES,South,South,35,2010,LEXU,11.3,321,17.4,0
Property Damage Crash,04-09-2022 13:50,Maryland (State),ROCKVILLE PIKE,N/A,SAME DIR REAR END,CLEAR,DRY,DAYLIGHT,NO CONTROLS,No,NO APPARENT INJURY,NOT DISTRACTED,PASSENGER CAR,STOPPED IN TRAFFIC LANE,South,South,40,2015,TOYOTA,0,0,0,0
Property Damage Crash,04-09-2022 13:50,Maryland (State),FALLS RD,N/A,OTHER,OTHER,WET,DAYLIGHT,NO CONTROLS,No,NO APPARENT INJURY,NOT DISTRACTED,PASSENGER CAR,MOVING CONSTANT SPEED,South,South,35,2016,BMW,0,0,0,0
Property Damage Crash,04-09-2022 14:20,Maryland (State),NEW HAMPSHIRE AVE,TAKOMA PARK,OTHER,CLEAR,N/A,DAYLIGHT,N/A,No,NO APPARENT INJURY,UNKNOWN,PASSENGER CAR,SLOWING OR STOPPING,South,South,35,2007,NISSAN,9,42.9,30,0
Property Damage Crash,04-09-2022 14:20,,,,SAME DIRECTION LEFT TURN,CLEAR,,DAYLIGHT,N/A,No,NO APPARENT INJURY,NOT DISTRACTED,PASSENGER CAR,PARKED,,,0,2010,HONDA,8.2,185,30.2,0
Property Damage Crash,04-09-2022 14:30,,,,SAME DIRECTION RIGHT TURN,CLEAR,,DAYLIGHT,STOP SIGN,No,NO APPARENT INJURY,NOT DISTRACTED,PASSENGER CAR,MAKING RIGHT TURN,South,South,15,2014,HONDA,3.9,41.1,39.3,0
Property Damage Crash,04-09-2022 17:00,,,,HEAD ON LEFT TURN,CLEAR,,DAYLIGHT,NO CONTROLS,No,NO APPARENT INJURY,NOT DISTRACTED,PASSENGER CAR,MOVING CONSTANT SPEED,West,West,25,2007,FORD,6.4,42.4,24.1,0
Property Damage Crash,04-09-2022 17:00,Maryland (State),GEORGIA AVE,N/A,SAME DIR REAR END,RAINING,WET,DAYLIGHT,OTHER,Yes,NO APPARENT INJURY,UNKNOWN,PASSENGER CAR,SLOWING OR STOPPING,West,South,35,2012,HONDA,7.1,307,43.4,0
Property Damage Crash,04-09-2022 17:34,,,,SAME DIRECTION RIGHT TURN,CLEAR,,DARK LIGHTS ON,NO CONTROLS,Yes,NO APPARENT INJURY,NOT DISTRACTED,FIRE VEHICLE/EMERGENCY,PASSING,North,North,10,2015,SEAG,0,0,0,0
Injury Crash,04-09-2022 17:34,Maryland (State),VEIRS MILL RD,N/A,OTHER,CLEAR,DRY,DAYLIGHT,TRAFFIC SIGNAL,Yes,NO APPARENT INJURY,NOT DISTRACTED,PASSENGER CAR,MAKING U TURN,North,East,40,2004,GMC,5.9,51.2,38.5,0
Property Damage Crash,04-09-2022 17:34,Maryland (State),ROCKVILLE PIKE,N/A,SAME DIRECTION RIGHT TURN,CLEAR,DRY,DAYLIGHT,NO CONTROLS,Yes,NO APPARENT INJURY,LOOKED BUT DID NOT SEE,(SPORT) UTILITY VEHICLE,CHANGING LANES,North,North,40,2015,SUBARU,11.4,336,-3.9,0
Property Damage Crash,04-09-2022 17:34,County,SEMINARY RD,N/A,STRAIGHT MOVEMENT ANGLE,CLOUDY,DRY,DAYLIGHT,STOP SIGN,No,NO APPARENT INJURY,NOT DISTRACTED,PASSENGER CAR,MOVING CONSTANT SPEED,North,North,25,2008,CHEVROLET,0,0,0,0
Property Damage Crash,04-09-2022 17:43,Maryland (State),RIVER RD,N/A,SAME DIR REAR END,CLEAR,DRY,DAYLIGHT,TRAFFIC SIGNAL,No,NO APPARENT INJURY,NOT DISTRACTED,PASSENGER CAR,STOPPED IN TRAFFIC LANE,East,East,45,2005,OYOTA,1,40.3,36.6,0
Injury Crash,04-09-2022 17:43,County,SHADY GROVE RD,N/A,SAME DIR REAR END,CLEAR,DRY,DAYLIGHT,NO CONTROLS,No,NO APPARENT INJURY,NOT DISTRACTED,PASSENGER CAR,SLOWING OR STOPPING,South,South,40,2012,TOYT,6.8,149,43.2,0
Injury Crash,04-09-2022 19:45,Maryland (State),GEORGIA AVE,N/A,SAME DIR REAR END,RAINING,WET,DARK LIGHTS ON,TRAFFIC SIGNAL,No,SUSPECTED MINOR INJURY,NOT DISTRACTED,PASSENGER CAR,STOPPED IN TRAFFIC LANE,North,North,45,2015,SCION,3.8,280,38.7,0
Property Damage Crash,04-09-2022 20:12,County,ASPEN HILL RD,N/A,HEAD ON LEFT TURN,CLOUDY,DRY,DAYLIGHT,TRAFFIC SIGNAL,Yes,NO APPARENT INJURY,LOOKED BUT DID NOT SEE,PASSENGER CAR,MAKING LEFT TURN,West,North,30,2005,TOYOTA,5.6,342,22.8,0
Property Damage Crash,04-09-2022 20:12,County,NEWPORT MILL RD,N/A,SAME DIRECTION RIGHT TURN,CLEAR,DRY,DUSK,N/A,No,NO APPARENT INJURY,NOT DISTRACTED,OTHER,MAKING RIGHT TURN,West,South,30,2006,CHEVROLET,17.1,182,52,0
Property Damage Crash,04-09-2022 20:12,Maryland (State),DR BIRD RD,N/A,OTHER,CLOUDY,DRY,DARK LIGHTS ON,TRAFFIC SIGNAL,Yes,NO APPARENT INJURY,UNKNOWN,PASSENGER CAR,BACKING,North,South,25,2005,ACURA,8.8,110,37.2,0.05
Property Damage Crash,04-09-2022 20:12,County,FAIRLAND RD,N/A,SAME DIR REAR END,N/A,WET,N/A,TRAFFIC SIGNAL,Yes,NO APPARENT INJURY,NOT DISTRACTED,PASSENGER CAR,MOVING CONSTANT SPEED,North,North,45,2015,FORD,0,0,0,0
Property Damage Crash,04-09-2022 20:15,Maryland (State),CLOPPER RD,N/A,OTHER,CLEAR,DRY,DAYLIGHT,N/A,Yes,NO APPARENT INJURY,NOT DISTRACTED,TRANSIT BUS,BACKING,West,East,30,2017,GILLIG,0,0,0,0
Property Damage Crash,04-09-2022 20:15,Maryland (State),ROCKVILLE PIKE,N/A,HEAD ON LEFT TURN,CLEAR,DRY,DAYLIGHT,NO CONTROLS,No,NO APPARENT INJURY,UNKNOWN,PASSENGER CAR,MOVING CONSTANT SPEED,South,South,45,1998,HOND,0,0,0,0
Injury Crash,04-09-2022 21:00,County,E RANDOLPH RD,N/A,SAME DIR REAR END,CLEAR,DRY,DUSK,N/A,No,SUSPECTED SERIOUS INJURY,NOT DISTRACTED,PASSENGER CAR,SLOWING OR STOPPING,South,East,40,2003,HONDA,1.8,88,32.4,0
Property Damage Crash,04-09-2022 21:00,County,FLOWER HILL WAY,N/A,SAME DIR REAR END,SNOW,WET,DARK LIGHTS ON,NO CONTROLS,Yes,NO APPARENT INJURY,UNKNOWN,PASSENGER CAR,MOVING CONSTANT SPEED,North,North,25,2010,CHEVY,7.2,44.6,15.2,0
Injury Crash,04-09-2022 21:22,County,WISTERIA DR,N/A,STRAIGHT MOVEMENT ANGLE,CLEAR,DRY,DAYLIGHT,NO CONTROLS,Yes,NO APPARENT INJURY,NOT DISTRACTED,"OTHER LIGHT TRUCKS (10,000LBS (4,536KG) OR LESS)",MAKING LEFT TURN,East,South,30,2007,WRKH,4.5,161,22.2,0
Property Damage Crash,04-09-2022 21:22,Maryland (State),STRATHMORE AVE,N/A,SINGLE VEHICLE,CLEAR,DRY,DARK LIGHTS ON,FLASHING TRAFFIC SIGNAL,Yes,NO APPARENT INJURY,LOOKED BUT DID NOT SEE,PASSENGER CAR,MAKING RIGHT TURN,North,West,30,2020,TESLA,0,0,0,0
Injury Crash,05-09-2022 05:30,County,THORNHURST DR,N/A,SINGLE VEHICLE,CLEAR,DRY,DAYLIGHT,N/A,Unknown,NO APPARENT INJURY,UNKNOWN,PASSENGER CAR,UNKNOWN,North,North,10,2014,TOYOTA,1.3,48,19.5,0
Property Damage Crash,05-09-2022 08:45,County,GOSHEN RD,N/A,SAME DIRECTION SIDESWIPE,CLEAR,DRY,DAYLIGHT,NO CONTROLS,No,NO APPARENT INJURY,UNKNOWN,,MOVING CONSTANT SPEED,South,South,35,0,UNKNOWN,9.2,192,41.1,0
Property Damage Crash,05-09-2022 08:45,Maryland (State),QUINCE ORCHARD RD,N/A,STRAIGHT MOVEMENT ANGLE,CLOUDY,DRY,DAYLIGHT,TRAFFIC SIGNAL,Yes,NO APPARENT INJURY,NOT DISTRACTED,PASSENGER CAR,MAKING LEFT TURN,West,West,35,2008,HOND,3.3,77,51.6,0.22
Property Damage Crash,05-09-2022 08:50,,,,SINGLE VEHICLE,RAINING,,DAYLIGHT,NO CONTROLS,Yes,NO APPARENT INJURY,INATTENTIVE OR LOST IN THOUGHT,PASSENGER CAR,MOVING CONSTANT SPEED,South,South,25,2006,TOYOTA,5.3,307,12.6,0
Injury Crash,05-09-2022 08:50,County,CONNECTICUT AVE,N/A,SINGLE VEHICLE,CLEAR,DRY,DAYLIGHT,NO CONTROLS,Yes,POSSIBLE INJURY,LOOKED BUT DID NOT SEE,PASSENGER CAR,MAKING RIGHT TURN,South,North,35,2019,NISSAN,1.1,40.2,39.6,0
Property Damage Crash,05-09-2022 09:12,County,WASHINGTON GROVE LA,N/A,SAME DIR REAR END,CLEAR,DRY,DAWN,TRAFFIC SIGNAL,Yes,NO APPARENT INJURY,LOOKED BUT DID NOT SEE,TRANSIT BUS,SLOWING OR STOPPING,East,South,35,2008,GILL,2.5,36.5,23.1,0
Property Damage Crash,05-09-2022 09:41,Maryland (State),PINEY BRANCH RD,N/A,SAME DIR REAR END,CLOUDY,WET,DAYLIGHT,TRAFFIC SIGNAL,Yes,NO APPARENT INJURY,UNKNOWN,PASSENGER CAR,MOVING CONSTANT SPEED,South,South,30,2013,CADILLAC,3.6,150,25,0
Property Damage Crash,05-09-2022 09:41,Maryland (State),MONTGOMERY VILLAGE AVE,N/A,STRAIGHT MOVEMENT ANGLE,CLEAR,DRY,DAYLIGHT,TRAFFIC SIGNAL,No,NO APPARENT INJURY,NOT DISTRACTED,PASSENGER CAR,MOVING CONSTANT SPEED,North,North,35,2007,TOYOTA,2.8,32,17.1,0
Property Damage Crash,05-09-2022 13:05,,,,HEAD ON,CLEAR,,DAYLIGHT,NO CONTROLS,No,NO APPARENT INJURY,NOT DISTRACTED,PASSENGER CAR,PARKED,,,0,2006,CADILLAC,4.6,48.3,45.6,0
Property Damage Crash,05-09-2022 13:05,Maryland (State),FREDERICK RD,N/A,SAME DIR REAR END,CLEAR,DRY,DAYLIGHT,TRAFFIC SIGNAL,Yes,NO APPARENT INJURY,UNKNOWN,PASSENGER CAR,SLOWING OR STOPPING,North,North,35,2014,HYUN,12.8,191,42.2,0
Property Damage Crash,05-09-2022 13:45,Municipality,RUSSELL AVE,GAITHERSBURG,SAME DIR REAR END,CLOUDY,DRY,DAYLIGHT,TRAFFIC SIGNAL,Yes,NO APPARENT INJURY,INATTENTIVE OR LOST IN THOUGHT,PASSENGER CAR,MOVING CONSTANT SPEED,South,South,30,2007,MAZD,5.6,35.8,33.4,0
Injury Crash,05-09-2022 13:45,Maryland (State),GEORGIA AVE,N/A,SAME DIR REAR END,CLEAR,N/A,DAYLIGHT,NO CONTROLS,No,NO APPARENT INJURY,NOT DISTRACTED,PASSENGER CAR,SLOWING OR STOPPING,South,South,35,2014,VOLK,7.4,44.6,25,0
Injury Crash,05-09-2022 14:00,US (State),COLUMBIA PIKE,N/A,STRAIGHT MOVEMENT ANGLE,CLOUDY,DRY,DAYLIGHT,TRAFFIC SIGNAL,Yes,NO APPARENT INJURY,UNKNOWN,(SPORT) UTILITY VEHICLE,MOVING CONSTANT SPEED,North,North,45,2006,TOYOTA,3.3,35.8,24.5,0
Injury Crash,05-09-2022 14:37,,,,OTHER,CLEAR,,DAYLIGHT,N/A,No,NO APPARENT INJURY,NOT DISTRACTED,PASSENGER CAR,PARKED,,,0,2014,FORD,9.6,184,20.4,0
Injury Crash,05-09-2022 14:37,County,LITTLE SENECA PKWY,N/A,SINGLE VEHICLE,CLEAR,DRY,DAYLIGHT,OTHER,Yes,SUSPECTED MINOR INJURY,LOOKED BUT DID NOT SEE,PASSENGER CAR,MOVING CONSTANT SPEED,South,South,35,2004,HONDA,0,0,0,0
Injury Crash,05-09-2022 16:00,Interstate (State),CAPITAL BELTWAY,N/A,SAME DIRECTION SIDESWIPE,RAINING,WET,DARK LIGHTS ON,N/A,Yes,NO APPARENT INJURY,NOT DISTRACTED,PASSENGER CAR,MOVING CONSTANT SPEED,East,East,55,2005,FORD,0,0,0,0
Property Damage Crash,05-09-2022 16:10,Maryland (State),GEORGIA AVE,N/A,SAME DIR REAR END,CLEAR,DRY,DAYLIGHT,NO CONTROLS,No,NO APPARENT INJURY,NOT DISTRACTED,PASSENGER CAR,STOPPED IN TRAFFIC LANE,North,North,35,2013,TOYT,1.3,38.8,37.3,0
Property Damage Crash,05-09-2022 16:10,County,DEMOCRACY BLVD,N/A,SAME DIR REAR END,CLEAR,DRY,DAYLIGHT,SCHOOL ZONE SIGN DEVICE,No,NO APPARENT INJURY,NOT DISTRACTED,PASSENGER CAR,STOPPED IN TRAFFIC LANE,West,West,35,2007,LINCOLN,0,0,0,0
Property Damage Crash,05-09-2022 16:58,Maryland (State),GEORGIA AVE,N/A,SAME DIR REAR END,CLEAR,DRY,DARK LIGHTS ON,N/A,Yes,NO APPARENT INJURY,UNKNOWN,PASSENGER CAR,SLOWING OR STOPPING,South,South,35,2015,TOYT,0,0,0,0
Injury Crash,05-09-2022 16:58,Maryland (State),SANDY SPRING RD,N/A,ANGLE MEETS RIGHT TURN,CLEAR,DRY,DAYLIGHT,NO CONTROLS,No,NO APPARENT INJURY,NOT DISTRACTED,PASSENGER CAR,MOVING CONSTANT SPEED,West,West,35,2018,LEXS,2.6,39.3,39.3,0.01
Property Damage Crash,05-09-2022 17:05,County,BROOKVILLE RD,N/A,SAME DIR REAR END,CLEAR,DRY,DAYLIGHT,STOP SIGN,Yes,NO APPARENT INJURY,LOOKED BUT DID NOT SEE,PICKUP TRUCK,STARTING FROM LANE,South,South,25,2016,FORD,4.5,63.9,56.8,0
Property Damage Crash,05-09-2022 17:30,Interstate (State),EISENHOWER MEMORIAL HWY,N/A,SAME DIR REAR END,RAINING,WET,DARK LIGHTS ON,NO CONTROLS,Yes,NO APPARENT INJURY,NOT DISTRACTED,(SPORT) UTILITY VEHICLE,SLOWING OR STOPPING,South,South,65,2007,CHRYSLER,5.4,36.1,35.5,0
Injury Crash,05-09-2022 17:32,Maryland (State),FREDERICK RD,GAITHERSBURG,STRAIGHT MOVEMENT ANGLE,RAINING,WET,DARK LIGHTS ON,N/A,Yes,NO APPARENT INJURY,NOT DISTRACTED,PASSENGER CAR,MAKING LEFT TURN,South,East,30,2004,CADI,2.7,196,33.5,0
Property Damage Crash,05-09-2022 17:32,Maryland (State),CHERRY HILL RD,N/A,STRAIGHT MOVEMENT ANGLE,CLEAR,DRY,DAYLIGHT,TRAFFIC SIGNAL,Yes,NO APPARENT INJURY,NOT DISTRACTED,"MEDIUM/HEAVY TRUCKS 3 AXLES (OVER 10,000LBS (4,536KG))",BACKING,West,West,40,2015,WESTERN,0,0,0,0
Injury Crash,05-09-2022 17:32,Maryland (State),GEORGIA AVE,N/A,SAME DIR REAR END,CLEAR,DRY,DAYLIGHT,NO CONTROLS,No,SUSPECTED MINOR INJURY,NOT DISTRACTED,PASSENGER CAR,STOPPED IN TRAFFIC LANE,North,North,35,1996,HONDA,6.2,41.8,25.2,0
Property Damage Crash,05-09-2022 17:32,County,PORTERFIELD WAY,N/A,OTHER,CLEAR,DRY,DARK LIGHTS ON,N/A,Yes,NO APPARENT INJURY,NOT DISTRACTED,PASSENGER CAR,MOVING CONSTANT SPEED,North,West,25,2003,HONDA,7.2,200,41.3,0
Property Damage Crash,05-09-2022 17:48,Other Public Roadway,KITCHEN HOUSE WAY,N/A,OTHER,CLEAR,DRY,DARK LIGHTS ON,NO CONTROLS,Yes,NO APPARENT INJURY,OTHER DISTRACTION,PASSENGER CAR,MOVING CONSTANT SPEED,West,West,25,2015,NISSAN,7,198,26,0
Property Damage Crash,05-09-2022 17:48,Maryland (State),GEORGIA AVE,N/A,SAME DIRECTION LEFT TURN,CLEAR,DRY,DAYLIGHT,NO CONTROLS,Yes,NO APPARENT INJURY,LOOKED BUT DID NOT SEE,,CHANGING LANES,North,North,35,0,UNKNOWN,0,0,0,0
Property Damage Crash,05-09-2022 18:40,,,,OPPOSITE DIRECTION SIDESWIPE,CLEAR,,DAYLIGHT,N/A,Yes,NO APPARENT INJURY,LOOKED BUT DID NOT SEE,PASSENGER CAR,PARKING,North,North,5,2013,HONDA,4.1,52.9,48.4,0
Property Damage Crash,05-09-2022 18:50,Municipality,MARYLAND AVE,N/A,SAME DIR REAR END,CLEAR,DRY,DAYLIGHT,TRAFFIC SIGNAL,No,NO APPARENT INJURY,NOT DISTRACTED,VAN,STOPPED IN TRAFFIC LANE,East,East,25,2012,DODGE,0,0,0,0
Property Damage Crash,05-09-2022 18:50,Maryland (State),GEORGIA AVE,N/A,STRAIGHT MOVEMENT ANGLE,CLEAR,DRY,DAYLIGHT,NO CONTROLS,Yes,NO APPARENT INJURY,UNKNOWN,PASSENGER CAR,MAKING LEFT TURN,East,East,35,2018,TOYOTA,0,0,0,0
Injury Crash,05-09-2022 19:30,Maryland (State),VEIRS MILL RD,N/A,OTHER,RAINING,WET,DARK LIGHTS ON,NO CONTROLS,No,NO APPARENT INJURY,NOT DISTRACTED,PASSENGER CAR,MOVING CONSTANT SPEED,East,East,25,2008,PONTIAC,12,38.9,28.1,0
Property Damage Crash,05-09-2022 19:30,County,BROADBIRCH DR,N/A,STRAIGHT MOVEMENT ANGLE,CLEAR,DRY,DAYLIGHT,STOP SIGN,No,NO APPARENT INJURY,NOT DISTRACTED,PASSENGER CAR,MOVING CONSTANT SPEED,West,West,25,2006,HOND,6.1,37.2,24,0
Property Damage Crash,05-09-2022 19:50,County,CARROLL AVE,N/A,SAME DIRECTION LEFT TURN,CLEAR,DRY,DAYLIGHT,TRAFFIC SIGNAL,No,NO APPARENT INJURY,NOT DISTRACTED,TRANSIT BUS,STOPPED IN TRAFFIC LANE,South,South,30,2012,GILLIG,0,0,0,0
Property Damage Crash,05-09-2022 19:50,County,PARKLAND DR,N/A,OTHER,CLEAR,DRY,DARK LIGHTS ON,NO CONTROLS,Yes,NO APPARENT INJURY,NOT DISTRACTED,PASSENGER CAR,MOVING CONSTANT SPEED,North,North,30,2003,CHEVROLET,1.7,130,26.4,0
Property Damage Crash,05-09-2022 20:43,County,SAM EIG HWY,N/A,SAME DIR REAR END,RAINING,WET,DAYLIGHT,TRAFFIC SIGNAL,No,NO APPARENT INJURY,NOT DISTRACTED,PASSENGER CAR,SLOWING OR STOPPING,East,South,35,2014,FORD,4.9,3,41.8,0
Property Damage Crash,05-09-2022 20:43,,,,OTHER,N/A,,DARK LIGHTS ON,NO CONTROLS,Yes,NO APPARENT INJURY,UNKNOWN,PICKUP TRUCK,UNKNOWN,Unknown,Unknown,0,2016,RAM,6,172,41,0
Property Damage Crash,05-09-2022 23:15,Maryland (State),UNIVERSITY BLVD E,N/A,STRAIGHT MOVEMENT ANGLE,CLEAR,DRY,DAYLIGHT,TRAFFIC SIGNAL,Yes,NO APPARENT INJURY,NOT DISTRACTED,PASSENGER CAR,MAKING U TURN,East,West,40,2017,FORD,3,270,-1.9,0
Injury Crash,06-09-2022 00:56,Maryland (State),NEW HAMPSHIRE AVE,N/A,SAME DIR REAR END,CLEAR,DRY,DAYLIGHT,NO CONTROLS,Yes,NO APPARENT INJURY,UNKNOWN,PASSENGER CAR,MOVING CONSTANT SPEED,South,South,40,2012,HONDA,0,0,0,0
Property Damage Crash,06-09-2022 00:56,Maryland (State),ROCKVILLE PIKE,ROCKVILLE,HEAD ON LEFT TURN,CLEAR,DRY,DARK LIGHTS ON,NO CONTROLS,Yes,NO APPARENT INJURY,LOOKED BUT DID NOT SEE,PASSENGER CAR,MAKING LEFT TURN,East,East,15,2011,BMW,4.7,177,39,0
Property Damage Crash,06-09-2022 05:02,County,LINDEN AVE,N/A,SINGLE VEHICLE,N/A,DRY,DAYLIGHT,STOP SIGN,Yes,NO APPARENT INJURY,NOT DISTRACTED,SCHOOL BUS,MOVING CONSTANT SPEED,North,East,20,2015,FRHT,2.8,39.3,24.5,0
Property Damage Crash,06-09-2022 06:51,County,CARTER MILL WAY,N/A,HEAD ON,CLEAR,DRY,DARK NO LIGHTS,N/A,Yes,NO APPARENT INJURY,LOOKED BUT DID NOT SEE,PASSENGER CAR,MOVING CONSTANT SPEED,East,East,25,2006,VOLKSWAGEN,7.1,177,29.8,0
Property Damage Crash,06-09-2022 06:55,County,STRATHMORE AVE,N/A,SAME DIR REAR END,CLEAR,DRY,DAYLIGHT,NO CONTROLS,No,NO APPARENT INJURY,NOT DISTRACTED,PASSENGER CAR,STOPPED IN TRAFFIC LANE,West,West,35,2014,SUBA,7,48.6,14.8,0
Property Damage Crash,06-09-2022 06:55,Maryland (State),OLD GEORGETOWN RD,N/A,SAME DIR REAR END,CLEAR,DRY,DAYLIGHT,N/A,No,NO APPARENT INJURY,NOT DISTRACTED,(SPORT) UTILITY VEHICLE,MOVING CONSTANT SPEED,North,North,25,2007,BMW,10.4,37.2,31.2,0
Property Damage Crash,06-09-2022 07:30,,,,OPPOSITE DIRECTION SIDESWIPE,CLEAR,,DAYLIGHT,N/A,Yes,NO APPARENT INJURY,NOT DISTRACTED,SCHOOL BUS,MAKING RIGHT TURN,West,South,10,2011,THOMAS,3.8,190,43.8,0
Property Damage Crash,06-09-2022 07:30,County,FRANKLIN AVE,N/A,STRAIGHT MOVEMENT ANGLE,N/A,DRY,DAYLIGHT,NO CONTROLS,Yes,NO APPARENT INJURY,UNKNOWN,PASSENGER CAR,ACCELERATING,North,North,30,2018,JEEP,1.6,120,23.5,0
Property Damage Crash,06-09-2022 08:45,Maryland (State),QUINCE ORCHARD RD,GAITHERSBURG,ANGLE MEETS RIGHT TURN,CLEAR,DRY,DAYLIGHT,NO CONTROLS,No,NO APPARENT INJURY,NOT DISTRACTED,PASSENGER CAR,MOVING CONSTANT SPEED,North,North,35,2015,TOYT,0,0,0,0
Property Damage Crash,06-09-2022 08:45,Maryland (State),NEW HAMPSHIRE AVE,N/A,SAME DIR REAR END,CLEAR,DRY,DAYLIGHT,TRAFFIC SIGNAL,Yes,NO APPARENT INJURY,NOT DISTRACTED,PASSENGER CAR,SLOWING OR STOPPING,North,North,40,2012,NISSAN,3.6,37.7,24.9,0
Property Damage Crash,06-09-2022 08:45,Maryland (State),WISCONSIN AVE,N/A,SAME DIRECTION SIDESWIPE,CLEAR,DRY,DAYLIGHT,NO CONTROLS,No,NO APPARENT INJURY,NOT DISTRACTED,OTHER,STOPPED IN TRAFFIC LANE,North,North,25,2012,NEW FLYER,1.8,42.1,34.4,0
Property Damage Crash,06-09-2022 08:54,Maryland (State),VEIRS MILL RD,N/A,SAME DIRECTION RIGHT TURN,RAINING,WET,DARK LIGHTS ON,TRAFFIC SIGNAL,No,NO APPARENT INJURY,NOT DISTRACTED,PASSENGER CAR,MAKING RIGHT TURN,East,East,35,2014,TOYOTA,3.1,127,53,0.01