ACRS Report Type,Date and Time,Route Type,Road Name,Municipality,Collision Type,Weather,Surface Condition,Light,Traffic Control,Driver At Fault,Injury Severity,Driver Distracted By,Vehicle Body Type,Vehicle Movement,Vehicle Continuing Dir,Vehicle Going Dir,Speed Limit,Vehicle Year,Vehicle Make,Wind Speed (MPH),TMP10-DK ,Relative Humidity (%),Rain (Inches)
Property Damage Crash,06-09-2022 08:54,Maryland (State),GEORGIA AVE,N/A,OTHER,CLOUDY,DRY,DAYLIGHT,N/A,No,NO APPARENT INJURY,NOT DISTRACTED,TRANSIT BUS,SLOWING OR STOPPING,North,North,35,2013,NEWVAL2013,2.4,316,26.1,0
Property Damage Crash,06-09-2022 08:55,County,RANDOLPH RD,N/A,SINGLE VEHICLE,CLEAR,DRY,DARK LIGHTS ON,N/A,Yes,NO APPARENT INJURY,UNKNOWN,PASSENGER CAR,MOVING CONSTANT SPEED,West,West,35,2006,HONDA,8.2,170,36.4,0
Property Damage Crash,06-09-2022 08:55,County,MONTROSE RD,N/A,SAME DIR REAR END,CLEAR,DRY,DAYLIGHT,N/A,No,NO APPARENT INJURY,NOT DISTRACTED,(SPORT) UTILITY VEHICLE,STOPPED IN TRAFFIC LANE,East,East,45,2012,LEXUS,5.6,307,19.4,0
Property Damage Crash,06-09-2022 09:04,County,AUTOMOBILE BLVD,N/A,SAME DIR REAR END,N/A,DRY,DARK LIGHTS ON,TRAFFIC SIGNAL,No,NO APPARENT INJURY,NOT DISTRACTED,PICKUP TRUCK,STOPPED IN TRAFFIC LANE,North,North,25,2010,NISSIAN,2.4,133,34.3,0
Injury Crash,06-09-2022 09:04,Maryland (State),ROCKVILLE PIKE,N/A,SINGLE VEHICLE,CLEAR,DRY,DAYLIGHT,NO CONTROLS,Yes,SUSPECTED MINOR INJURY,NOT DISTRACTED,PASSENGER CAR,OTHER,North,North,35,2019,LEXUS,6.6,42.8,23.6,0
Property Damage Crash,06-09-2022 09:04,County,GOODHILL RD,N/A,OTHER,CLEAR,DRY,DAYLIGHT,STOP SIGN,Yes,NO APPARENT INJURY,OTHER DISTRACTION,SCHOOL BUS,MAKING RIGHT TURN,South,East,25,2011,THOMPSON,5.8,38.5,27,0
Injury Crash,06-09-2022 12:30,Maryland (State),ROCKVILLE PIKE,N/A,STRAIGHT MOVEMENT ANGLE,CLOUDY,DRY,DAYLIGHT,TRAFFIC SIGNAL,No,NO APPARENT INJURY,NOT DISTRACTED,(SPORT) UTILITY VEHICLE,STOPPED IN TRAFFIC LANE,North,East,15,2002,LEXUS,0,0,0,0
Injury Crash,06-09-2022 12:30,Maryland (State),NEW HAMPSHIRE AVE,N/A,HEAD ON LEFT TURN,CLEAR,DRY,DAYLIGHT,TRAFFIC SIGNAL,No,NO APPARENT INJURY,NOT DISTRACTED,PASSENGER CAR,ACCELERATING,West,West,35,2012,HONDA,4.9,47.5,35.2,0
Property Damage Crash,06-09-2022 12:47,County,ARCOLA AVE,N/A,SAME DIR REAR END,CLEAR,WET,DAYLIGHT,TRAFFIC SIGNAL,No,NO APPARENT INJURY,NOT DISTRACTED,PASSENGER CAR,STOPPED IN TRAFFIC LANE,East,East,35,2013,SUBARU,0,0,0,0
Property Damage Crash,06-09-2022 12:47,Maryland (State),SANDY SPRING RD,N/A,SINGLE VEHICLE,CLEAR,DRY,DAYLIGHT,N/A,Yes,NO APPARENT INJURY,NOT DISTRACTED,PASSENGER CAR,MOVING CONSTANT SPEED,West,West,35,2013,HOND,10.2,47.9,42.5,0
Property Damage Crash,06-09-2022 13:00,,,,SINGLE VEHICLE,N/A,,DAYLIGHT,N/A,Yes,NO APPARENT INJURY,UNKNOWN,,MOVING CONSTANT SPEED,East,East,5,0,UNKNOWN,5.3,209,53.7,0
Injury Crash,06-09-2022 13:00,Maryland (State),GEORGIA AVE,N/A,SAME DIR REAR END,CLOUDY,DRY,DAYLIGHT,NO CONTROLS,Yes,NO APPARENT INJURY,OTHER CELLULAR PHONE RELATED,PASSENGER CAR,MOVING CONSTANT SPEED,North,North,35,2017,SUBARU,12.8,318,33.5,0
Injury Crash,06-09-2022 13:00,US (State),COLUMBIA PIKE,N/A,N/A,CLEAR,DRY,DARK LIGHTS ON,TRAFFIC SIGNAL,No,NO APPARENT INJURY,NOT DISTRACTED,PASSENGER CAR,SLOWING OR STOPPING,South,South,55,2009,HONDA,10.8,27.9,17.8,0
Injury Crash,06-09-2022 13:15,Maryland (State),CONNECTICUT AVE,N/A,SINGLE VEHICLE,CLOUDY,DRY,DAYLIGHT,TRAFFIC SIGNAL,Yes,SUSPECTED MINOR INJURY,UNKNOWN,PASSENGER CAR,MOVING CONSTANT SPEED,South,South,30,2003,ACURA,0,0,0,0
Property Damage Crash,06-09-2022 13:15,County,RUATAN ST,N/A,HEAD ON,CLEAR,DRY,DARK LIGHTS ON,NO CONTROLS,Yes,NO APPARENT INJURY,UNKNOWN,PASSENGER CAR,MOVING CONSTANT SPEED,West,West,25,2017,TOYOTA,9.7,312,32.5,0
Property Damage Crash,06-09-2022 14:00,County,LEWISDALE RD,N/A,SINGLE VEHICLE,RAINING,WET,DARK NO LIGHTS,NO CONTROLS,Yes,NO APPARENT INJURY,NOT DISTRACTED,(SPORT) UTILITY VEHICLE,NEGOTIATING A CURVE,North,North,40,2017,LEXUS,0,0,0,0
Property Damage Crash,06-09-2022 14:14,County,STEDWICK RD,N/A,STRAIGHT MOVEMENT ANGLE,N/A,DRY,DAYLIGHT,STOP SIGN,No,NO APPARENT INJURY,NOT DISTRACTED,PASSENGER CAR,MOVING CONSTANT SPEED,West,West,25,2004,HONDA,0,0,0,0
Property Damage Crash,06-09-2022 14:27,Maryland (State),EAST WEST HWY,N/A,HEAD ON LEFT TURN,CLEAR,DRY,DARK LIGHTS ON,STOP SIGN,No,NO APPARENT INJURY,NOT DISTRACTED,PASSENGER CAR,MOVING CONSTANT SPEED,West,West,35,2011,BUICK,14,30.1,17.2,0
Property Damage Crash,06-09-2022 14:30,County,SHADY GROVE RD,N/A,SAME DIR REAR END,CLOUDY,WET,DAWN,TRAFFIC SIGNAL,No,NO APPARENT INJURY,NOT DISTRACTED,PASSENGER CAR,STOPPED IN TRAFFIC LANE,North,North,45,2008,HYUN,0,0,0,0
Property Damage Crash,06-09-2022 14:30,Maryland (State),OLNEY SANDY SPRING RD,N/A,SAME DIR REAR END,CLEAR,DRY,DAYLIGHT,NO CONTROLS,No,NO APPARENT INJURY,NOT DISTRACTED,PASSENGER CAR,MOVING CONSTANT SPEED,West,West,40,2012,MAZD,2.9,35.3,30.9,0
Property Damage Crash,06-09-2022 15:30,Maryland (State),NEW HAMPSHIRE AVE,N/A,SAME DIR REAR END,CLEAR,DRY,DAYLIGHT,NO CONTROLS,Yes,NO APPARENT INJURY,UNKNOWN,PASSENGER CAR,MOVING CONSTANT SPEED,North,North,45,2012,FORD,3,40.6,16.4,0
Property Damage Crash,06-09-2022 15:30,Maryland (State),CONNECTICUT AVE,N/A,SAME DIR REAR END,CLEAR,DRY,DARK LIGHTS ON,NO CONTROLS,Yes,NO APPARENT INJURY,UNKNOWN,PASSENGER CAR,MOVING CONSTANT SPEED,North,North,45,2006,BMW,5,356,35.5,0.04
Property Damage Crash,06-09-2022 16:00,County,FOREST GLEN RD,N/A,SAME DIR REAR END,CLEAR,DRY,DAYLIGHT,NO CONTROLS,No,NO APPARENT INJURY,NOT DISTRACTED,PASSENGER CAR,SLOWING OR STOPPING,West,West,35,2015,HONDA,2.5,39.9,25.4,0
Property Damage Crash,06-09-2022 16:00,,,,ANGLE MEETS LEFT HEAD ON,CLEAR,,DAYLIGHT,N/A,No,NO APPARENT INJURY,UNKNOWN,PASSENGER CAR,MOVING CONSTANT SPEED,East,East,5,2008,CHRY,1.6,41,16.6,0
Injury Crash,06-09-2022 16:22,Maryland (State),RIVER RD,N/A,SAME DIR REAR END,CLEAR,DRY,DAYLIGHT,NO CONTROLS,Yes,NO APPARENT INJURY,NOT DISTRACTED,PASSENGER CAR,SLOWING OR STOPPING,East,East,45,2013,LINCOLN,2.9,39.6,25.9,0
Property Damage Crash,06-09-2022 18:41,,,,SAME DIRECTION SIDESWIPE,CLEAR,,DUSK,N/A,Yes,NO APPARENT INJURY,UNKNOWN,"CARGO VAN/LIGHT TRUCK 2 AXLES (OVER 10,000LBS (4,536 KG))",MOVING CONSTANT SPEED,South,South,25,2021,UNK,5.9,209,23.2,0
Property Damage Crash,06-09-2022 18:41,Maryland (State),NEW HAMPSHIRE AVE,N/A,SAME DIRECTION SIDESWIPE,N/A,DRY,DARK LIGHTS ON,NO CONTROLS,No,NO APPARENT INJURY,NOT DISTRACTED,(SPORT) UTILITY VEHICLE,MOVING CONSTANT SPEED,North,North,35,2015,FORD,1.6,30,25.7,0
Injury Crash,06-09-2022 19:59,County,EDNOR RD,N/A,SAME DIR REAR END,CLEAR,DRY,DAYLIGHT,NO CONTROLS,No,NO APPARENT INJURY,NOT DISTRACTED,PASSENGER CAR,STOPPED IN TRAFFIC LANE,East,East,40,2004,HONDA,0,0,0,0
Property Damage Crash,06-09-2022 19:59,Maryland (State),ROCKVILLE PIKE,ROCKVILLE,SAME DIR REAR END,CLEAR,DRY,DARK LIGHTS ON,TRAFFIC SIGNAL,Yes,NO APPARENT INJURY,UNKNOWN,PASSENGER CAR,MOVING CONSTANT SPEED,North,North,40,1999,ISUZU,7.7,183,44.8,0
Property Damage Crash,06-09-2022 20:06,,,,OTHER,CLEAR,,DAYLIGHT,NO CONTROLS,Yes,NO APPARENT INJURY,UNKNOWN,PASSENGER CAR,BACKING,Unknown,Unknown,30,2012,KIA,10.1,27.7,18.7,0
Injury Crash,06-09-2022 20:06,,,,HEAD ON LEFT TURN,CLEAR,,DAYLIGHT,NO CONTROLS,No,SUSPECTED MINOR INJURY,NOT DISTRACTED,(SPORT) UTILITY VEHICLE,MAKING LEFT TURN,Unknown,Unknown,0,2013,DODGE,7.1,34.4,19.1,0
Property Damage Crash,06-09-2022 20:06,Maryland (State),LAYHILL RD,N/A,SAME DIR REAR END,CLEAR,DRY,DAYLIGHT,TRAFFIC SIGNAL,Yes,NO APPARENT INJURY,OTHER DISTRACTION,PICKUP TRUCK,SLOWING OR STOPPING,South,South,40,2007,CHEVY,0,0,0,0
Property Damage Crash,06-09-2022 23:23,,,,OTHER,N/A,,DAYLIGHT,N/A,Yes,NO APPARENT INJURY,NOT DISTRACTED,PASSENGER CAR,BACKING,West,West,0,2016,FORD,0,0,0,0
Injury Crash,06-09-2022 23:23,Maryland (State),GEORGIA AVE,N/A,STRAIGHT MOVEMENT ANGLE,CLEAR,DRY,N/A,NO CONTROLS,Yes,SUSPECTED MINOR INJURY,LOOKED BUT DID NOT SEE,PASSENGER CAR,ACCELERATING,West,West,25,2021,HONDA,14.9,178,36.9,0
Property Damage Crash,06-09-2022 23:37,Maryland (State),CLOPPER RD,N/A,SINGLE VEHICLE,CLEAR,DRY,DARK NO LIGHTS,NO CONTROLS,Yes,NO APPARENT INJURY,UNKNOWN,PASSENGER CAR,MOVING CONSTANT SPEED,West,West,40,2016,NISSIAN,0,0,0,0
Property Damage Crash,07-09-2022 00:02,Maryland (State),ROCKVILLE PIKE,N/A,SAME DIRECTION RIGHT TURN,CLEAR,DRY,DARK LIGHTS ON,TRAFFIC SIGNAL,Yes,NO APPARENT INJURY,LOOKED BUT DID NOT SEE,PASSENGER CAR,CHANGING LANES,North,North,35,2005,PONTIAC,5.6,60.8,40.6,0
Property Damage Crash,07-09-2022 00:02,Maryland (State),GEORGIA AVE,N/A,SAME DIR REAR END,N/A,DRY,DAYLIGHT,TRAFFIC SIGNAL,No,NO APPARENT INJURY,NOT DISTRACTED,TRUCK TRACTOR,STOPPED IN TRAFFIC LANE,South,South,35,2013,FRHT,7.7,292,27,0
Injury Crash,07-09-2022 00:56,County,GLEN RD,N/A,SINGLE VEHICLE,CLEAR,ICE,DAWN,NO CONTROLS,No,SUSPECTED SERIOUS INJURY,NOT DISTRACTED,PASSENGER CAR,SKIDDING,East,East,30,2006,FORD,6.7,58.7,45.7,0
Property Damage Crash,07-09-2022 00:56,Maryland (State),UNIVERSITY BLVD W,N/A,SAME DIR REAR END,CLEAR,WET,DARK LIGHTS ON,TRAFFIC SIGNAL,No,NO APPARENT INJURY,NOT DISTRACTED,PASSENGER CAR,STOPPED IN TRAFFIC LANE,East,East,35,1997,ACURA,8.4,330,19.6,0
Property Damage Crash,07-09-2022 01:15,County,FERNWOOD RD,N/A,ANGLE MEETS LEFT TURN,RAINING,WET,DAYLIGHT,TRAFFIC SIGNAL,No,NO APPARENT INJURY,NOT DISTRACTED,TRANSIT BUS,MOVING CONSTANT SPEED,North,North,30,2021,NEW FLYER,0,0,0,0
Property Damage Crash,07-09-2022 01:15,Maryland (State),RIVER RD,N/A,SAME DIR REAR END,CLEAR,DRY,DAYLIGHT,NO CONTROLS,No,NO APPARENT INJURY,NOT DISTRACTED,PASSENGER CAR,SLOWING OR STOPPING,West,West,30,2000,MERCEDES,0,0,0,0
Injury Crash,07-09-2022 03:00,Maryland (State),RIDGE RD,N/A,SAME DIR REAR END,RAINING,WET,DAYLIGHT,TRAFFIC SIGNAL,No,NO APPARENT INJURY,NOT DISTRACTED,(SPORT) UTILITY VEHICLE,STOPPED IN TRAFFIC LANE,South,South,40,2017,JEEP,0,0,0,0
Property Damage Crash,07-09-2022 04:30,County,RANDOLPH RD,N/A,OTHER,CLEAR,DRY,DAYLIGHT,NO CONTROLS,No,NO APPARENT INJURY,NOT DISTRACTED,PICKUP TRUCK,MOVING CONSTANT SPEED,East,East,40,2015,CHEVROLET,3.4,44,26.3,0
Property Damage Crash,07-09-2022 04:30,Maryland (State),NORBECK RD,N/A,SAME DIR REAR END,CLEAR,DRY,DAYLIGHT,TRAFFIC SIGNAL,Yes,NO APPARENT INJURY,UNKNOWN,(SPORT) UTILITY VEHICLE,MOVING CONSTANT SPEED,East,East,45,2014,FORD,0,0,0,0
Property Damage Crash,07-09-2022 04:31,Maryland (State),WISCONSIN AVE,N/A,STRAIGHT MOVEMENT ANGLE,CLEAR,DRY,DARK NO LIGHTS,TRAFFIC SIGNAL,Yes,NO APPARENT INJURY,LOOKED BUT DID NOT SEE,PASSENGER CAR,MAKING LEFT TURN,East,South,25,2008,HONDA,0,0,0,0
Injury Crash,07-09-2022 04:45,Maryland (State),NORBECK RD,N/A,SAME DIR REAR END,N/A,DRY,DAYLIGHT,TRAFFIC SIGNAL,No,POSSIBLE INJURY,NOT DISTRACTED,PASSENGER CAR,SLOWING OR STOPPING,East,East,45,2011,TOYOTA,0,0,0,0
Injury Crash,07-09-2022 04:45,Maryland (State),GEORGIA AVE,N/A,SAME DIRECTION SIDESWIPE,CLOUDY,DRY,DAYLIGHT,TRAFFIC SIGNAL,No,NO APPARENT INJURY,NOT DISTRACTED,OTHER,STOPPED IN TRAFFIC LANE,South,South,45,2006,NISSAN,8.1,291,32.6,0
Injury Crash,07-09-2022 07:33,,,,OTHER,CLEAR,,DAYLIGHT,NO CONTROLS,No,NO APPARENT INJURY,NOT DISTRACTED,OTHER,PARKED,,,10,2015,GENIE,1.3,264,46.4,0
Injury Crash,07-09-2022 09:14,Maryland (State),WOODFIELD RD,N/A,SAME DIR REAR END,CLEAR,DRY,DAYLIGHT,NO CONTROLS,Yes,NO APPARENT INJURY,INATTENTIVE OR LOST IN THOUGHT,PASSENGER CAR,MOVING CONSTANT SPEED,North,North,40,2016,HYUN,2.9,359,49.6,0
Property Damage Crash,07-09-2022 09:14,Maryland (State),ROCKVILLE PIKE,ROCKVILLE,SAME DIR REAR END,CLEAR,DRY,DARK LIGHTS ON,NO CONTROLS,No,NO APPARENT INJURY,NOT DISTRACTED,(SPORT) UTILITY VEHICLE,STOPPED IN TRAFFIC LANE,South,South,35,2009,SUV,0,0,0,0
Property Damage Crash,07-09-2022 09:14,County,GOSHEN RD,N/A,SAME DIR REAR END,CLEAR,DRY,DARK LIGHTS ON,NO CONTROLS,No,NO APPARENT INJURY,NOT DISTRACTED,PASSENGER CAR,SLOWING OR STOPPING,North,North,35,2011,TOYOTA,6,150,29.1,0
Injury Crash,07-09-2022 09:59,Maryland (State),FREDERICK RD,N/A,STRAIGHT MOVEMENT ANGLE,RAINING,WET,DARK LIGHTS ON,TRAFFIC SIGNAL,Yes,POSSIBLE INJURY,LOOKED BUT DID NOT SEE,(SPORT) UTILITY VEHICLE,MOVING CONSTANT SPEED,East,East,40,2007,FORD,0,0,0,0
Property Damage Crash,07-09-2022 09:59,County,CLUB HOUSE RD,N/A,SAME DIRECTION SIDESWIPE,CLEAR,WET,DAYLIGHT,NO CONTROLS,No,NO APPARENT INJURY,NOT DISTRACTED,OTHER,STOPPED IN TRAFFIC LANE,West,West,30,2010,FORD,0,0,0,0
Property Damage Crash,07-09-2022 10:07,Maryland (State),MONTGOMERY VILLAGE AVE,N/A,SAME DIR REAR END,N/A,DRY,DARK LIGHTS ON,TRAFFIC SIGNAL,No,NO APPARENT INJURY,NOT DISTRACTED,OTHER,ACCELERATING,South,West,35,2005,TOYOTA,3.1,32.2,27.7,0
Property Damage Crash,07-09-2022 11:00,County,SOUTHLAWN LA,N/A,HEAD ON LEFT TURN,CLEAR,DRY,DAYLIGHT,TRAFFIC SIGNAL,No,NO APPARENT INJURY,NOT DISTRACTED,(SPORT) UTILITY VEHICLE,MOVING CONSTANT SPEED,South,South,30,2020,FORD,3.4,35,13.5,0
Injury Crash,07-09-2022 11:00,Maryland (State),NEW HAMPSHIRE AVE,N/A,SAME DIR REAR END,N/A,DRY,DAYLIGHT,OTHER,Yes,NO APPARENT INJURY,NOT DISTRACTED,PASSENGER CAR,MOVING CONSTANT SPEED,North,North,40,2000,VOLK,5.7,44.9,29.1,0
Property Damage Crash,07-09-2022 11:48,Maryland (State),WOODFIELD RD,N/A,STRAIGHT MOVEMENT ANGLE,CLEAR,DRY,DARK LIGHTS ON,N/A,No,NO APPARENT INJURY,NOT DISTRACTED,POLICE VEHICLE/EMERGENCY,STOPPED IN TRAFFIC LANE,North,North,35,2013,FORD,1.2,69,30.3,0
Injury Crash,07-09-2022 11:48,Maryland (State),WISCONSIN AVE,FRIENDSHIP HEIGHTS,OTHER,CLEAR,DRY,DARK LIGHTS ON,NO CONTROLS,No,NO APPARENT INJURY,NOT DISTRACTED,"MEDIUM/HEAVY TRUCKS 3 AXLES (OVER 10,000LBS (4,536KG))",PARKED,,,25,2004,INTERNATIONAL,9.7,308,32.9,0
Property Damage Crash,07-09-2022 12:17,Municipality,RITCHIE AVE,TAKOMA PARK,SAME DIR REAR END,CLEAR,DRY,DAWN,NO CONTROLS,Yes,NO APPARENT INJURY,NOT DISTRACTED,PASSENGER CAR,MOVING CONSTANT SPEED,South,South,15,2014,TOYT,2.9,38.9,33.6,0.02
Injury Crash,07-09-2022 12:17,Maryland (State),NEW HAMPSHIRE AVE,TAKOMA PARK,OTHER,CLEAR,N/A,DAYLIGHT,OTHER,No,NO APPARENT INJURY,NOT DISTRACTED,PASSENGER CAR,STOPPED IN TRAFFIC LANE,North,North,35,2014,CHEV,5.1,22,15.7,0
Property Damage Crash,07-09-2022 12:18,Interstate (State),CAPITAL BELTWAY,N/A,SAME DIRECTION SIDESWIPE,CLEAR,DRY,DAYLIGHT,NO CONTROLS,No,NO APPARENT INJURY,NOT DISTRACTED,PASSENGER CAR,MOVING CONSTANT SPEED,West,West,55,2017,HONDA,5.6,206,32.6,0
Property Damage Crash,07-09-2022 12:24,Maryland (State),DARNESTOWN RD,N/A,SAME DIR REAR END,CLEAR,WET,DAYLIGHT,NO CONTROLS,Yes,NO APPARENT INJURY,NOT DISTRACTED,PASSENGER CAR,SLOWING OR STOPPING,East,East,50,2007,TOYOTA,2.9,41,36.2,0
Injury Crash,07-09-2022 13:23,Maryland (State),NEW HAMPSHIRE AVE,N/A,SAME DIR REAR END,RAINING,WET,UNKNOWN,TRAFFIC SIGNAL,No,NO APPARENT INJURY,NOT DISTRACTED,PASSENGER CAR,STOPPED IN TRAFFIC LANE,West,North,40,2011,TOYOTA,15.6,32.2,18.5,0
Property Damage Crash,07-09-2022 14:06,Maryland (State),E RANDOLPH RD,N/A,SAME DIR REAR END,CLEAR,DRY,DAYLIGHT,N/A,No,NO APPARENT INJURY,NOT DISTRACTED,PASSENGER CAR,SLOWING OR STOPPING,West,West,35,2012,BUICK,3.2,300,11.9,0
Property Damage Crash,07-09-2022 14:06,Maryland (State),NEW HAMPSHIRE AVE,N/A,HEAD ON LEFT TURN,CLEAR,DRY,DAYLIGHT,NO CONTROLS,Yes,NO APPARENT INJURY,UNKNOWN,UNKNOWN,MAKING LEFT TURN,West,North,40,0,UNKNOWN,1.6,46.6,41.2,0
Property Damage Crash,07-09-2022 14:49,County,SEVEN LOCKS RD,N/A,STRAIGHT MOVEMENT ANGLE,CLEAR,DRY,DAYLIGHT,TRAFFIC SIGNAL,No,NO APPARENT INJURY,NOT DISTRACTED,PASSENGER CAR,MOVING CONSTANT SPEED,South,South,35,2011,TOYT,0,0,0,0
Property Damage Crash,07-09-2022 15:12,Municipality,PERRY PKWY,N/A,SAME DIRECTION SIDESWIPE,CLEAR,DRY,DAYLIGHT,N/A,No,NO APPARENT INJURY,NOT DISTRACTED,PASSENGER CAR,MOVING CONSTANT SPEED,North,North,30,2013,HONDA,0,0,0,0
Injury Crash,07-09-2022 15:12,County,HOLDRIDGE RD,N/A,STRAIGHT MOVEMENT ANGLE,CLEAR,DRY,DAYLIGHT,STOP SIGN,Yes,NO APPARENT INJURY,NOT DISTRACTED,PASSENGER CAR,STARTING FROM LANE,South,South,25,2007,CHEVY,5.8,318,-3.6,0
Injury Crash,07-09-2022 15:50,County,MACARTHUR BLVD,GLEN ECHO,SAME DIR REAR END,CLOUDY,WET,DAYLIGHT,NO CONTROLS,Yes,NO APPARENT INJURY,NOT DISTRACTED,PASSENGER CAR,MOVING CONSTANT SPEED,North,North,35,2006,BMW,6.2,44,34.9,0
Injury Crash,07-09-2022 15:50,County,THAYER AVE,N/A,ANGLE MEETS LEFT HEAD ON,CLEAR,DRY,DAYLIGHT,STOP SIGN,Yes,NO APPARENT INJURY,NOT DISTRACTED,PASSENGER CAR,MAKING LEFT TURN,West,North,30,2015,TOYITA,0,0,0,0
Property Damage Crash,07-09-2022 18:38,,,,SINGLE VEHICLE,RAINING,,DARK LIGHTS ON,N/A,Yes,NO APPARENT INJURY,NOT DISTRACTED,PASSENGER CAR,ACCELERATING,South,West,5,2009,ACURA,8.4,182,19.3,0
Property Damage Crash,07-09-2022 18:38,County,GOSHEN RD,N/A,STRAIGHT MOVEMENT ANGLE,N/A,DRY,DARK LIGHTS ON,FLASHING TRAFFIC SIGNAL,Yes,NO APPARENT INJURY,LOOKED BUT DID NOT SEE,PASSENGER CAR,MOVING CONSTANT SPEED,East,East,35,2005,HONDA,10.6,324,21,0
Property Damage Crash,07-09-2022 21:27,County,WISTERIA DR,N/A,STRAIGHT MOVEMENT ANGLE,CLEAR,DRY,DARK LIGHTS ON,STOP SIGN,No,NO APPARENT INJURY,NOT DISTRACTED,VAN,MAKING LEFT TURN,East,South,30,2019,HONDA,1.7,89,42.7,0
Property Damage Crash,08-09-2022 03:52,County,SENECA MEADOWS PKWY,N/A,STRAIGHT MOVEMENT ANGLE,CLEAR,DRY,DARK LIGHTS ON,TRAFFIC SIGNAL,No,NO APPARENT INJURY,NOT DISTRACTED,PICKUP TRUCK,MOVING CONSTANT SPEED,South,South,30,2018,GMC,2.2,354,29.9,0
Property Damage Crash,08-09-2022 04:52,Maryland (State),HUNGERFORD DR,ROCKVILLE,STRAIGHT MOVEMENT ANGLE,CLEAR,DRY,DAYLIGHT,TRAFFIC SIGNAL,No,NO APPARENT INJURY,NOT DISTRACTED,PASSENGER CAR,MOVING CONSTANT SPEED,South,South,35,2007,LEXUS,5.7,38.9,27.5,0
Property Damage Crash,08-09-2022 07:19,,,,SAME DIRECTION SIDESWIPE,CLEAR,,DAWN,NO CONTROLS,No,NO APPARENT INJURY,NOT DISTRACTED,PASSENGER CAR,PARKED,,,15,2003,HYUN,0,0,0,0
Injury Crash,08-09-2022 07:19,Maryland (State),VEIRS MILL RD,N/A,SAME DIR REAR END,CLEAR,DRY,DAYLIGHT,TRAFFIC SIGNAL,No,POSSIBLE INJURY,NOT DISTRACTED,VAN,STARTING FROM LANE,West,West,40,2006,TOYOTA,7,333,16.6,0
Property Damage Crash,08-09-2022 07:36,,,,OTHER,CLEAR,,DAYLIGHT,NO CONTROLS,Yes,NO APPARENT INJURY,LOOKED BUT DID NOT SEE,PASSENGER CAR,BACKING,North,West,15,2007,GMC,9,282,35.5,0
Property Damage Crash,08-09-2022 07:36,Municipality,EDMONSTON DR,N/A,OTHER,N/A,DRY,DAYLIGHT,TRAFFIC SIGNAL,No,NO APPARENT INJURY,NOT DISTRACTED,PASSENGER CAR,MOVING CONSTANT SPEED,West,West,35,2012,TOYT,4.5,249,36,0
Property Damage Crash,08-09-2022 09:01,County,OLNEY MILL RD,N/A,HEAD ON,CLEAR,DRY,DAYLIGHT,NO CONTROLS,No,NO APPARENT INJURY,NOT DISTRACTED,PASSENGER CAR,STOPPED IN TRAFFIC LANE,South,South,25,2011,GMC,0,0,0,0
Injury Crash,08-09-2022 09:01,,,,SAME DIRECTION SIDESWIPE,CLOUDY,,DAYLIGHT,NO CONTROLS,Yes,NO APPARENT INJURY,NOT DISTRACTED,PASSENGER CAR,PARKING,Unknown,Unknown,0,2016,CHRYSLER,,,,
Property Damage Crash,08-09-2022 09:30,Maryland (State),FREDERICK RD,GAITHERSBURG,HEAD ON LEFT TURN,CLEAR,DRY,DARK LIGHTS ON,NO CONTROLS,Yes,NO APPARENT INJURY,NOT DISTRACTED,OTHER,MAKING LEFT TURN,South,West,30,2011,SUBARU,0,0,0,0
Injury Crash,08-09-2022 09:30,Maryland (State),PINEY BRANCH RD,N/A,STRAIGHT MOVEMENT ANGLE,CLEAR,DRY,DAYLIGHT,N/A,Yes,POSSIBLE INJURY,NOT DISTRACTED,PASSENGER CAR,MAKING LEFT TURN,North,East,40,2015,HONDA,6.8,340,23,0
Property Damage Crash,08-09-2022 10:10,Maryland (State),GEORGIA AVE,N/A,SAME DIRECTION SIDESWIPE,N/A,DRY,DAYLIGHT,OTHER,Yes,NO APPARENT INJURY,LOOKED BUT DID NOT SEE,PASSENGER CAR,CHANGING LANES,North,North,35,2001,DODGE,10.8,148,37.2,0
Injury Crash,08-09-2022 10:10,Maryland (State),MONTGOMERY VILLAGE AVE,N/A,STRAIGHT MOVEMENT ANGLE,CLOUDY,DRY,DAYLIGHT,NO CONTROLS,Yes,NO APPARENT INJURY,LOOKED BUT DID NOT SEE,PASSENGER CAR,ACCELERATING,East,South,35,2013,DODGE,0,0,0,0
Property Damage Crash,08-09-2022 10:16,Maryland (State),GEORGIA AVE,N/A,SAME DIR REAR END,CLEAR,DRY,DAYLIGHT,YIELD SIGN,No,NO APPARENT INJURY,NOT DISTRACTED,(SPORT) UTILITY VEHICLE,STOPPED IN TRAFFIC LANE,South,West,45,2000,CHEVY,6.3,289,14.5,0
Property Damage Crash,08-09-2022 10:16,Municipality,S SUMMIT AVE,N/A,OPPOSITE DIRECTION SIDESWIPE,CLEAR,N/A,DAYLIGHT,NO CONTROLS,No,NO APPARENT INJURY,NOT DISTRACTED,PASSENGER CAR,MOVING CONSTANT SPEED,South,South,25,2012,DODGE,0,0,0,0