ACRS Report Type,Date and Time,Route Type,Road Name,Municipality,Collision Type,Weather,Surface Condition,Light,Traffic Control,Driver At Fault,Injury Severity,Driver Distracted By,Vehicle Body Type,Vehicle Movement,Vehicle Continuing Dir,Vehicle Going Dir,Speed Limit,Vehicle Year,Vehicle Make,Wind Speed (MPH),TMP10-DK ,Relative Humidity (%),Rain (Inches)
Injury Crash,08-09-2022 10:33,Maryland (State),LAYHILL RD,N/A,HEAD ON LEFT TURN,RAINING,WET,DARK LIGHTS ON,NO CONTROLS,Yes,NO APPARENT INJURY,UNKNOWN,PASSENGER CAR,MAKING LEFT TURN,West,West,35,2020,HONDA,4.6,272,22.2,0
Property Damage Crash,08-09-2022 11:40,Maryland (State),GEORGIA AVE,N/A,HEAD ON,CLEAR,DRY,DAYLIGHT,NO CONTROLS,Yes,NO APPARENT INJURY,UNKNOWN,PASSENGER CAR,BACKING,North,East,10,2012,ACURA,3,208,38.6,0
Property Damage Crash,08-09-2022 11:40,County,GATEWOOD AVE,N/A,OTHER,CLEAR,DRY,DARK LIGHTS ON,N/A,Yes,NO APPARENT INJURY,UNKNOWN,(SPORT) UTILITY VEHICLE,MOVING CONSTANT SPEED,North,North,25,2022,FORD,0,0,0,0
Injury Crash,08-09-2022 13:05,County,ROCK SPRING DR,N/A,SAME DIR REAR END,N/A,DRY,DARK LIGHTS ON,TRAFFIC SIGNAL,No,NO APPARENT INJURY,NOT DISTRACTED,PASSENGER CAR,SLOWING OR STOPPING,South,West,35,2018,TESLA,4.2,48,31.1,0
Fatal Crash,08-09-2022 13:05,Maryland (State),VEIRS MILL RD,N/A,SINGLE VEHICLE,CLEAR,DRY,DARK LIGHTS ON,TRAFFIC SIGNAL,No,NO APPARENT INJURY,UNKNOWN,(SPORT) UTILITY VEHICLE,MOVING CONSTANT SPEED,East,East,40,2019,HONDA,10.1,148,52.6,0.01
Property Damage Crash,08-09-2022 13:30,County,ELTON RD,N/A,SAME DIR REAR END,N/A,DRY,DARK LIGHTS ON,TRAFFIC SIGNAL,No,NO APPARENT INJURY,NOT DISTRACTED,PASSENGER CAR,SLOWING OR STOPPING,South,West,30,2006,HONDA,1.5,24,20.3,0
Property Damage Crash,08-09-2022 13:30,Maryland (State),GEORGIA AVE,N/A,SAME DIR REAR END,CLEAR,DRY,DAYLIGHT,TRAFFIC SIGNAL,No,NO APPARENT INJURY,NOT DISTRACTED,PASSENGER CAR,SLOWING OR STOPPING,South,South,35,2004,DODGE,0,0,0,0
Injury Crash,08-09-2022 13:30,Interstate (State),CAPITAL BELTWAY,N/A,SAME DIR REAR END,RAINING,WET,DAYLIGHT,NO CONTROLS,No,POSSIBLE INJURY,NOT DISTRACTED,PASSENGER CAR,MOVING CONSTANT SPEED,East,East,55,1998,MERZ,11.9,50.2,49.2,0.05
Property Damage Crash,08-09-2022 13:45,,LOST KNIFE ROAD,N/A,STRAIGHT MOVEMENT ANGLE,CLEAR,DRY,DAYLIGHT,STOP SIGN,Yes,NO APPARENT INJURY,LOOKED BUT DID NOT SEE,PICKUP TRUCK,ACCELERATING,West,West,35,2016,TOYOTA,1.5,355,21.3,0
Injury Crash,08-09-2022 14:13,Maryland (State),FREDERICK RD,GAITHERSBURG,SAME DIR REAR END,RAINING,WET,DARK LIGHTS ON,TRAFFIC SIGNAL,No,NO APPARENT INJURY,NOT DISTRACTED,PASSENGER CAR,SLOWING OR STOPPING,South,South,40,2013,NISS,0,0,0,0
Property Damage Crash,08-09-2022 14:13,,,,STRAIGHT MOVEMENT ANGLE,CLEAR,,DARK LIGHTS ON,NO CONTROLS,Yes,NO APPARENT INJURY,OTHER DISTRACTION,PASSENGER CAR,BACKING,East,East,15,2016,FORD,0,0,0,0
Property Damage Crash,08-09-2022 15:39,Other Public Roadway,OBSERVATION DR,N/A,SINGLE VEHICLE,RAINING,WET,DUSK,NO CONTROLS,Yes,NO APPARENT INJURY,NOT DISTRACTED,PASSENGER CAR,ACCELERATING,South,South,30,2023,KIA,2.5,39.2,29.6,0
Property Damage Crash,08-09-2022 15:39,Other Public Roadway,MONTROSE PKWY,N/A,SINGLE VEHICLE,RAINING,WET,DAYLIGHT,NO CONTROLS,Yes,NO APPARENT INJURY,NOT DISTRACTED,PASSENGER CAR,MOVING CONSTANT SPEED,East,East,35,2007,FORD,1.7,48.5,38.9,0
Property Damage Crash,08-09-2022 16:20,Maryland (State),16TH ST,N/A,SAME DIRECTION SIDESWIPE,CLEAR,DRY,DAYLIGHT,TRAFFIC SIGNAL,Yes,NO APPARENT INJURY,UNKNOWN,"MEDIUM/HEAVY TRUCKS 3 AXLES (OVER 10,000LBS (4,536KG))",STARTING FROM LANE,South,West,35,1995,INTL,13.5,316,-1.3,0
Property Damage Crash,08-09-2022 17:08,Maryland (State),UNIVERSITY BLVD E,N/A,SAME DIRECTION SIDESWIPE,CLEAR,DRY,DARK LIGHTS ON,N/A,Yes,NO APPARENT INJURY,UNKNOWN,PASSENGER CAR,MOVING CONSTANT SPEED,East,East,40,2017,HYUNDAI,9.9,118,33.8,0
Property Damage Crash,08-09-2022 17:08,Maryland (State),CLOPPER RD,N/A,SAME DIR REAR END,CLEAR,DRY,DAYLIGHT,NO CONTROLS,No,NO APPARENT INJURY,NOT DISTRACTED,PASSENGER CAR,SLOWING OR STOPPING,East,East,35,2004,CHEVROLET,4.6,35.9,23.8,0
Property Damage Crash,08-09-2022 17:10,County,BEL PRE RD,N/A,SAME DIR REAR END,CLEAR,WET,DAYLIGHT,OTHER,Yes,NO APPARENT INJURY,INATTENTIVE OR LOST IN THOUGHT,PASSENGER CAR,SLOWING OR STOPPING,West,West,35,2015,TOYT,0,0,0,0
Injury Crash,08-09-2022 17:10,Maryland (State),WOODFIELD RD,N/A,HEAD ON,CLEAR,DRY,DARK NO LIGHTS,NO CONTROLS,No,NO APPARENT INJURY,NOT DISTRACTED,PICKUP TRUCK,SLOWING OR STOPPING,North,North,40,2005,TOYOTA,1.5,96,28.5,0
Injury Crash,08-09-2022 20:41,County,GERMANTOWN RD,N/A,HEAD ON LEFT TURN,RAINING,WET,DARK LIGHTS ON,STOP SIGN,Yes,NO APPARENT INJURY,LOOKED BUT DID NOT SEE,PASSENGER CAR,MAKING LEFT TURN,East,South,40,2013,ACURA,0,0,0,0
Property Damage Crash,08-09-2022 21:18,Maryland (State),VEIRS MILL RD,N/A,SAME DIR REAR END,CLEAR,DRY,DARK LIGHTS ON,TRAFFIC SIGNAL,No,NO APPARENT INJURY,NOT DISTRACTED,PASSENGER CAR,STOPPED IN TRAFFIC LANE,East,East,30,2015,TOYT,13.4,41.6,18.3,0
Property Damage Crash,08-09-2022 21:18,,TURKEY THICKET DRIVE,N/A,HEAD ON,CLEAR,DRY,DARK LIGHTS ON,NO CONTROLS,No,NO APPARENT INJURY,NOT DISTRACTED,POLICE VEHICLE/EMERGENCY,MOVING CONSTANT SPEED,East,East,25,2016,FORD,1.7,58,28.3,0
Property Damage Crash,08-09-2022 22:34,County,TWINBROOK PKWY,N/A,SAME DIRECTION RIGHT TURN,CLEAR,DRY,DAYLIGHT,NO CONTROLS,Unknown,NO APPARENT INJURY,NOT DISTRACTED,"CARGO VAN/LIGHT TRUCK 2 AXLES (OVER 10,000LBS (4,536 KG))",MAKING RIGHT TURN,Unknown,Unknown,35,2000,MACK,7.1,347,38.2,0
Injury Crash,08-09-2022 22:34,County,LOCUST AVE,N/A,HEAD ON,CLEAR,DRY,DAYLIGHT,NO CONTROLS,Yes,NO APPARENT INJURY,OTHER ELECTRONIC DEVICE (NAVIGATIONAL PALM PILOT),VAN,MOVING CONSTANT SPEED,North,North,20,2002,TOYOTA,12.2,286,33.4,0
Injury Crash,09-09-2022 01:05,County,SCARLET LEAF CIR,N/A,STRAIGHT MOVEMENT ANGLE,RAINING,WET,DAYLIGHT,STOP SIGN,Yes,NO APPARENT INJURY,LOOKED BUT DID NOT SEE,PASSENGER CAR,ACCELERATING,East,East,25,2003,HONDA,4.3,59,41.8,0
Injury Crash,09-09-2022 02:00,Maryland (State),GEORGIA AVE,N/A,SAME DIRECTION SIDESWIPE,CLEAR,DRY,DAYLIGHT,N/A,Yes,NO APPARENT INJURY,NOT DISTRACTED,"CARGO VAN/LIGHT TRUCK 2 AXLES (OVER 10,000LBS (4,536 KG))",MOVING CONSTANT SPEED,North,North,35,2003,FORD,5.3,48.3,22.8,0
Injury Crash,09-09-2022 04:29,Maryland (State),PINEY BRANCH RD,N/A,STRAIGHT MOVEMENT ANGLE,CLEAR,DRY,DARK LIGHTS ON,TRAFFIC SIGNAL,Yes,NO APPARENT INJURY,UNKNOWN,PASSENGER CAR,MOVING CONSTANT SPEED,South,South,35,2014,CHRYSLER,9.8,37.8,27,0
Property Damage Crash,09-09-2022 06:18,County,ARCTIC AVE,N/A,SAME DIRECTION SIDESWIPE,CLEAR,DRY,DAWN,NO CONTROLS,Yes,NO APPARENT INJURY,NOT DISTRACTED,PASSENGER CAR,MOVING CONSTANT SPEED,South,South,25,2021,HOND,5.5,308,18,0
Property Damage Crash,09-09-2022 06:18,County,FATHER HURLEY BLVD,N/A,SAME DIRECTION SIDESWIPE,CLOUDY,DRY,DAYLIGHT,NO CONTROLS,No,NO APPARENT INJURY,NOT DISTRACTED,PASSENGER CAR,MOVING CONSTANT SPEED,North,North,45,2018,HONDA,2.6,29.8,23.4,0
Property Damage Crash,09-09-2022 06:30,,,,SAME DIR REAR END,N/A,,N/A,N/A,No,NO APPARENT INJURY,NOT DISTRACTED,POLICE VEHICLE/EMERGENCY,STOPPED IN TRAFFIC LANE,Unknown,Unknown,15,2013,FORD,0,0,0,0
Property Damage Crash,09-09-2022 06:30,County,DUFIEF MILL RD,N/A,SAME DIR REAR END,CLEAR,DRY,DAYLIGHT,NO CONTROLS,No,NO APPARENT INJURY,NOT DISTRACTED,PASSENGER CAR,STOPPED IN TRAFFIC LANE,North,North,35,2004,TOYT,0,0,0,0
Injury Crash,09-09-2022 07:25,US (State),COLUMBIA PIKE,N/A,SAME DIR REAR END,CLOUDY,DRY,N/A,NO CONTROLS,No,NO APPARENT INJURY,NOT DISTRACTED,PASSENGER CAR,SLOWING OR STOPPING,North,North,55,2012,HOND,0,0,0,0
Property Damage Crash,09-09-2022 07:25,County,WASHINGTON GROVE LA,N/A,OTHER,CLEAR,DRY,DAYLIGHT,TRAFFIC SIGNAL,No,NO APPARENT INJURY,NOT DISTRACTED,VAN,SLOWING OR STOPPING,South,South,35,2006,CHEVY,10.3,191,22.8,0
Property Damage Crash,09-09-2022 08:35,Maryland (State),NEW HAMPSHIRE AVE,N/A,STRAIGHT MOVEMENT ANGLE,N/A,N/A,DAYLIGHT,NO CONTROLS,No,NO APPARENT INJURY,NOT DISTRACTED,PASSENGER CAR,MOVING CONSTANT SPEED,South,South,40,2007,ACURA,0,0,0,0
Property Damage Crash,09-09-2022 08:35,Maryland (State),GERMANTOWN RD,N/A,SAME DIR REAR END,CLOUDY,DRY,DAYLIGHT,NO CONTROLS,No,NO APPARENT INJURY,NOT DISTRACTED,VAN,STOPPED IN TRAFFIC LANE,West,North,40,2015,HONDA,7.3,332,30,0
Injury Crash,09-09-2022 08:35,County,CHERRY HILL RD,N/A,SAME DIR REAR END,CLEAR,DRY,DAYLIGHT,TRAFFIC SIGNAL,Yes,NO APPARENT INJURY,LOOKED BUT DID NOT SEE,"MEDIUM/HEAVY TRUCKS 3 AXLES (OVER 10,000LBS (4,536KG))",MAKING LEFT TURN,South,West,40,2015,KENEWORTH,2.1,39.9,38,0
Property Damage Crash,09-09-2022 08:37,County,WATKINS MILL RD,N/A,SAME DIR REAR END,RAINING,WET,DAYLIGHT,NO CONTROLS,No,NO APPARENT INJURY,NOT DISTRACTED,PASSENGER CAR,STOPPED IN TRAFFIC LANE,East,East,35,2008,TOYOTA,0,0,0,0
Property Damage Crash,09-09-2022 08:37,County,NORWOOD RD,N/A,SAME DIR REAR END,CLEAR,DRY,DAYLIGHT,TRAFFIC SIGNAL,No,NO APPARENT INJURY,NOT DISTRACTED,PASSENGER CAR,STOPPED IN TRAFFIC LANE,West,West,40,2018,NISSAN,8.3,323,29.4,0
Property Damage Crash,09-09-2022 10:03,,,,SINGLE VEHICLE,CLEAR,,DARK LIGHTS ON,NO CONTROLS,Yes,NO APPARENT INJURY,INATTENTIVE OR LOST IN THOUGHT,PASSENGER CAR,BACKING,North,North,5,2016,NISSAN,3.1,250,31.9,0
Property Damage Crash,09-09-2022 11:25,Interstate (State),CAPITAL BELTWAY,N/A,SAME DIR REAR END,N/A,DRY,DARK LIGHTS ON,NO CONTROLS,No,NO APPARENT INJURY,NOT DISTRACTED,PASSENGER CAR,MOVING CONSTANT SPEED,East,East,55,2012,MERZ,2.6,29.5,23.5,0
Property Damage Crash,09-09-2022 11:25,Government,SLIGO CREEK PKWY,N/A,HEAD ON LEFT TURN,CLEAR,DRY,DAYLIGHT,NO CONTROLS,No,NO APPARENT INJURY,NOT DISTRACTED,RECREATIONAL VEHICLE,MOVING CONSTANT SPEED,South,South,25,2000,HONDA,8,193,18.3,0
Property Damage Crash,09-09-2022 12:58,US (State),COLESVILLE RD,N/A,SAME DIR REAR END,CLEAR,DRY,DAYLIGHT,NO CONTROLS,No,NO APPARENT INJURY,NOT DISTRACTED,PASSENGER CAR,SLOWING OR STOPPING,South,South,40,2015,CHRYSLER,7.6,43.6,30.5,0
Property Damage Crash,09-09-2022 12:58,County,RANDOLPH RD,N/A,SAME DIR REAR END,CLEAR,DRY,DAYLIGHT,N/A,Yes,NO APPARENT INJURY,INATTENTIVE OR LOST IN THOUGHT,PASSENGER CAR,SLOWING OR STOPPING,East,East,40,2013,TOYOTA,0,0,0,0
Property Damage Crash,09-09-2022 14:09,Maryland (State),NEW HAMPSHIRE AVE,N/A,SAME DIR REAR END,CLEAR,DRY,DAYLIGHT,NO CONTROLS,No,NO APPARENT INJURY,NOT DISTRACTED,PASSENGER CAR,SLOWING OR STOPPING,North,North,40,2001,FORD,3,299,19.1,0
Property Damage Crash,09-09-2022 14:09,County,RANDOLPH RD,N/A,SAME DIR REAR END,CLEAR,WET,DARK LIGHTS ON,TRAFFIC SIGNAL,Yes,NO APPARENT INJURY,UNKNOWN,UNKNOWN,MOVING CONSTANT SPEED,East,East,35,0,UNKNOWN,2.8,100,30.7,0.01
Injury Crash,09-09-2022 14:45,County,RANDOLPH RD,N/A,STRAIGHT MOVEMENT ANGLE,CLEAR,DRY,DAYLIGHT,STOP SIGN,Yes,SUSPECTED SERIOUS INJURY,LOOKED BUT DID NOT SEE,PASSENGER CAR,MAKING RIGHT TURN,East,North,35,2016,TOYOTA,5.2,41.2,17.5,0
Injury Crash,09-09-2022 14:45,County,CLUB HOUSE RD,N/A,STRAIGHT MOVEMENT ANGLE,CLEAR,DRY,DAYLIGHT,TRAFFIC SIGNAL,Yes,NO APPARENT INJURY,OTHER DISTRACTION,PASSENGER CAR,MAKING RIGHT TURN,East,North,35,2010,TOYT,5.6,45.5,20,0
Injury Crash,09-09-2022 14:45,Maryland (State),LAYTONSVILLE RD,N/A,STRAIGHT MOVEMENT ANGLE,CLOUDY,DRY,DAYLIGHT,STOP SIGN,No,NO APPARENT INJURY,NOT DISTRACTED,VAN,MOVING CONSTANT SPEED,West,West,50,2018,TOYOTA,0,0,0,0
Property Damage Crash,09-09-2022 15:10,County,E GUDE DR,N/A,SAME DIR REAR END,CLEAR,DRY,DAYLIGHT,N/A,No,NO APPARENT INJURY,NOT DISTRACTED,"OTHER LIGHT TRUCKS (10,000LBS (4,536KG) OR LESS)",MOVING CONSTANT SPEED,East,East,40,2016,FRHT,9.4,177,54.8,0
Property Damage Crash,09-09-2022 15:10,County,CLARIDGE RD,N/A,STRAIGHT MOVEMENT ANGLE,CLEAR,WET,DAYLIGHT,NO CONTROLS,No,NO APPARENT INJURY,NOT DISTRACTED,TRANSIT BUS,MOVING CONSTANT SPEED,North,North,25,2013,GILLIG,4.5,318,11.5,0
Property Damage Crash,09-09-2022 15:17,County,ASPEN HILL RD,N/A,SAME DIR REAR END,CLEAR,DRY,DAYLIGHT,TRAFFIC SIGNAL,No,NO APPARENT INJURY,NOT DISTRACTED,PASSENGER CAR,STOPPED IN TRAFFIC LANE,West,South,30,2000,TOYT,6.7,54.9,43,0
Injury Crash,09-09-2022 15:17,Maryland (State),DARNESTOWN RD,N/A,STRAIGHT MOVEMENT ANGLE,CLEAR,DRY,DAYLIGHT,TRAFFIC SIGNAL,No,POSSIBLE INJURY,NOT DISTRACTED,PASSENGER CAR,MOVING CONSTANT SPEED,East,East,35,2009,HONDA,3.8,55.5,55,0
Property Damage Crash,09-09-2022 15:17,County,MACARTHUR BLVD,N/A,SAME DIRECTION SIDESWIPE,CLEAR,DRY,DAYLIGHT,NO CONTROLS,No,NO APPARENT INJURY,NOT DISTRACTED,PASSENGER CAR,MOVING CONSTANT SPEED,North,North,30,2006,DODGE,0,0,0,0
Property Damage Crash,09-09-2022 15:30,Maryland (State),GEORGIA AVE,N/A,SAME DIR REAR END,CLEAR,DRY,DAYLIGHT,TRAFFIC SIGNAL,No,NO APPARENT INJURY,NOT DISTRACTED,PASSENGER CAR,SLOWING OR STOPPING,South,South,45,2015,HONDA,6.6,46.9,23.4,0
Property Damage Crash,09-09-2022 15:30,,,,SAME DIR REAR END,CLEAR,,DARK LIGHTS ON,NO CONTROLS,Yes,NO APPARENT INJURY,NOT DISTRACTED,PASSENGER CAR,STARTING FROM PARKED,East,East,15,2000,LEXUS,9.3,328,29.2,0
Property Damage Crash,09-09-2022 16:20,,,,OTHER,CLEAR,,DAYLIGHT,N/A,No,NO APPARENT INJURY,NOT DISTRACTED,(SPORT) UTILITY VEHICLE,SLOWING OR STOPPING,West,West,15,2005,LEXU,0,0,0,0
Property Damage Crash,09-09-2022 16:20,Maryland (State),WISCONSIN AVE,N/A,SAME DIR REAR END,CLOUDY,WET,DAYLIGHT,NO CONTROLS,No,NO APPARENT INJURY,NOT DISTRACTED,PASSENGER CAR,MAKING LEFT TURN,West,North,35,2011,TOYOTA,0,0,0,0
Property Damage Crash,09-09-2022 16:20,County,INDUSTRIAL PKWY,N/A,HEAD ON LEFT TURN,CLEAR,DRY,DAYLIGHT,NO CONTROLS,No,NO APPARENT INJURY,NOT DISTRACTED,TRANSIT BUS,MOVING CONSTANT SPEED,West,West,25,2014,TBU,5.8,34.9,17,0
Property Damage Crash,09-09-2022 16:20,Municipality,TAYLOR AVE,ROCKVILLE,SAME DIRECTION RIGHT TURN,CLEAR,DRY,DAYLIGHT,N/A,No,NO APPARENT INJURY,NOT DISTRACTED,TRANSIT BUS,STARTING FROM LANE,East,East,25,2008,GILLIG,3.3,351,34,0
Property Damage Crash,09-09-2022 17:00,Maryland (State),VEIRS MILL RD,N/A,SAME DIR REAR END,CLEAR,DRY,DAYLIGHT,N/A,No,NO APPARENT INJURY,NOT DISTRACTED,PASSENGER CAR,STOPPED IN TRAFFIC LANE,East,East,35,2009,NWFL,0,0,0,0
Property Damage Crash,09-09-2022 17:08,County,OLD COLUMBIA PIKE,N/A,SAME DIR BOTH LEFT TURN,CLEAR,N/A,DAYLIGHT,NO CONTROLS,Unknown,NO APPARENT INJURY,LOOKED BUT DID NOT SEE,PASSENGER CAR,ENTERING TRAFFIC LANE,West,West,40,2013,NISSAN,8.4,36,32.6,0
Property Damage Crash,09-09-2022 17:08,Maryland (State),WOODFIELD RD,N/A,SAME DIR REAR END,CLEAR,DRY,DAYLIGHT,OTHER,No,NO APPARENT INJURY,NOT DISTRACTED,PASSENGER CAR,STOPPED IN TRAFFIC LANE,South,South,40,2014,HOND,1.4,346,45,0
Injury Crash,09-09-2022 17:13,County,BEL PRE RD,N/A,OTHER,CLEAR,DRY,DAYLIGHT,N/A,Yes,NO APPARENT INJURY,NOT DISTRACTED,PASSENGER CAR,MAKING U TURN,West,East,35,2002,ACURA,4.5,210,44.8,0
Property Damage Crash,09-09-2022 17:13,Maryland (State),FREDERICK RD,N/A,STRAIGHT MOVEMENT ANGLE,SNOW,SNOW,DAYLIGHT,TRAFFIC SIGNAL,No,NO APPARENT INJURY,NOT DISTRACTED,PASSENGER CAR,STARTING FROM LANE,East,East,40,2016,JEEP,13.5,185,54.2,0
Injury Crash,09-09-2022 17:17,Maryland (State),FREDERICK RD,GAITHERSBURG,HEAD ON LEFT TURN,CLEAR,DRY,DARK LIGHTS ON,TRAFFIC SIGNAL,No,POSSIBLE INJURY,NOT DISTRACTED,PASSENGER CAR,MOVING CONSTANT SPEED,East,North,40,2015,CHEVY,6.2,334,26.6,0
Property Damage Crash,09-09-2022 17:17,,,,OTHER,CLEAR,,DARK LIGHTS ON,NO CONTROLS,Yes,NO APPARENT INJURY,INATTENTIVE OR LOST IN THOUGHT,PASSENGER CAR,BACKING,West,South,10,1997,MITS,0.8,35,30.9,0
Property Damage Crash,09-09-2022 18:15,Maryland (State),MUNCASTER MILL RD,N/A,SAME DIR REAR END,N/A,DRY,DARK LIGHTS ON,TRAFFIC SIGNAL,No,NO APPARENT INJURY,NOT DISTRACTED,PASSENGER CAR,STOPPED IN TRAFFIC LANE,West,West,35,2012,HOND,0,0,0,0
Property Damage Crash,09-09-2022 18:52,Maryland (State),FREDERICK RD,GAITHERSBURG,HEAD ON LEFT TURN,CLEAR,DRY,DARK LIGHTS ON,N/A,No,NO APPARENT INJURY,NOT DISTRACTED,(SPORT) UTILITY VEHICLE,MOVING CONSTANT SPEED,North,North,35,2007,TOY,9,41.2,28.8,0
Property Damage Crash,09-09-2022 18:52,,,,OTHER,N/A,,DAYLIGHT,NO CONTROLS,Yes,NO APPARENT INJURY,UNKNOWN,"CARGO VAN/LIGHT TRUCK 2 AXLES (OVER 10,000LBS (4,536 KG))",MOVING CONSTANT SPEED,South,South,5,2006,FRHT,0,0,0,0
Fatal Crash,09-09-2022 18:52,US (State),COLESVILLE RD,N/A,OTHER,CLEAR,DRY,DARK LIGHTS ON,FLASHING TRAFFIC SIGNAL,Unknown,NO APPARENT INJURY,UNKNOWN,PASSENGER CAR,MOVING CONSTANT SPEED,North,North,30,2015,HONDA,0,0,0,0
Property Damage Crash,09-09-2022 20:00,County,CALVERTON BLVD,N/A,STRAIGHT MOVEMENT ANGLE,CLEAR,DRY,DAYLIGHT,NO CONTROLS,Yes,NO APPARENT INJURY,LOOKED BUT DID NOT SEE,PASSENGER CAR,LEAVING TRAFFIC LANE,North,West,30,2002,TOYOTA,0,0,0,0
Injury Crash,09-09-2022 20:00,Maryland (State),GEORGIA AVE,N/A,OTHER,CLEAR,DRY,DARK LIGHTS ON,NO CONTROLS,Yes,SUSPECTED SERIOUS INJURY,UNKNOWN,PASSENGER CAR,MOVING CONSTANT SPEED,North,North,35,2020,HONDA,0,0,0,0
Property Damage Crash,09-09-2022 21:54,County,HEATHFIELD RD,N/A,SAME DIRECTION SIDESWIPE,CLEAR,DRY,DARK NO LIGHTS,NO CONTROLS,Yes,NO APPARENT INJURY,OTHER DISTRACTION,PICKUP TRUCK,MOVING CONSTANT SPEED,East,East,35,2017,DODGE,1.8,50.7,46.1,0
Property Damage Crash,09-09-2022 21:54,Maryland (State),S FREDERICK RD,GAITHERSBURG,SAME DIRECTION SIDESWIPE,CLOUDY,DRY,DAYLIGHT,TRAFFIC SIGNAL,Yes,NO APPARENT INJURY,LOOKED BUT DID NOT SEE,SCHOOL BUS,MAKING RIGHT TURN,South,East,35,2012,THOMAS,3.5,310,26.7,0
Property Damage Crash,09-09-2022 22:18,County,CARROLTON RD,N/A,SAME DIRECTION SIDESWIPE,CLEAR,DRY,DAYLIGHT,N/A,No,NO APPARENT INJURY,NOT DISTRACTED,PASSENGER CAR,MOVING CONSTANT SPEED,South,South,25,2004,BMW,5.9,334,22.5,0
Property Damage Crash,09-09-2022 22:18,US (State),COLUMBIA PIKE,N/A,SAME DIR REAR END,N/A,DRY,DAYLIGHT,NO CONTROLS,Yes,NO APPARENT INJURY,NOT DISTRACTED,PASSENGER CAR,MOVING CONSTANT SPEED,North,North,55,2019,NISSIAN,3.3,122,31.1,0
Property Damage Crash,09-09-2022 22:50,Maryland (State),CLOPPER RD,N/A,HEAD ON LEFT TURN,CLEAR,DRY,DAYLIGHT,TRAFFIC SIGNAL,No,NO APPARENT INJURY,NOT DISTRACTED,PASSENGER CAR,MOVING CONSTANT SPEED,West,West,35,2011,HOND,3,160,44.8,0
Property Damage Crash,09-09-2022 22:50,County,WHITES FERRY RD,N/A,SINGLE VEHICLE,CLEAR,DRY,DARK NO LIGHTS,N/A,Yes,NO APPARENT INJURY,UNKNOWN,PICKUP TRUCK,UNKNOWN,East,East,40,2016,TOY,2.8,66,35,0.04
Injury Crash,09-09-2022 23:53,Maryland (State),ETHAN ALLEN AVE,N/A,SAME DIR REAR END,CLEAR,DRY,DAYLIGHT,N/A,No,POSSIBLE INJURY,NOT DISTRACTED,"OTHER LIGHT TRUCKS (10,000LBS (4,536KG) OR LESS)",SLOWING OR STOPPING,West,West,25,2016,CHEVROLET,0,0,0,0
Property Damage Crash,09-09-2022 23:53,US (State),GEORGIA AVE,N/A,STRAIGHT MOVEMENT ANGLE,CLEAR,DRY,DARK LIGHTS ON,TRAFFIC SIGNAL,Yes,NO APPARENT INJURY,LOOKED BUT DID NOT SEE,(SPORT) UTILITY VEHICLE,MAKING LEFT TURN,East,South,35,2014,JEEP,0,0,0,0
Injury Crash,10-09-2022 00:13,Maryland (State),RIDGE RD,N/A,SAME DIR REAR END,CLEAR,DRY,DAYLIGHT,NO CONTROLS,Yes,SUSPECTED MINOR INJURY,INATTENTIVE OR LOST IN THOUGHT,PICKUP TRUCK,MOVING CONSTANT SPEED,South,South,40,2006,DODG,6.3,159,34.1,0
Injury Crash,10-09-2022 00:40,Maryland (State),GEORGIA AVE,N/A,SAME DIR REAR END,CLEAR,DRY,DAYLIGHT,TRAFFIC SIGNAL,Yes,NO APPARENT INJURY,UNKNOWN,PASSENGER CAR,SLOWING OR STOPPING,South,South,40,2007,HONDA,0,0,0,0
Property Damage Crash,10-09-2022 00:40,Municipality,BLANDFORD ST,ROCKVILLE,OTHER,CLEAR,DRY,DAYLIGHT,NO CONTROLS,Yes,NO APPARENT INJURY,NOT DISTRACTED,SCHOOL BUS,PARKED,,,25,2008,THOM,3.6,357,29.9,0.01
Property Damage Crash,10-09-2022 02:05,Municipality,E DIAMOND AVE,GAITHERSBURG,STRAIGHT MOVEMENT ANGLE,RAINING,WET,DAYLIGHT,STOP SIGN,Yes,NO APPARENT INJURY,NOT DISTRACTED,PASSENGER CAR,MAKING LEFT TURN,West,South,35,2014,TOYT,4.1,319,29.8,0
Property Damage Crash,10-09-2022 02:05,Maryland (State),NEW HAMPSHIRE AVE,TAKOMA PARK,OTHER,N/A,DRY,DAYLIGHT,TRAFFIC SIGNAL,Yes,NO APPARENT INJURY,NOT DISTRACTED,"CARGO VAN/LIGHT TRUCK 2 AXLES (OVER 10,000LBS (4,536 KG))",MOVING CONSTANT SPEED,North,North,35,2009,FORD,3.1,320,52.1,0.01
Injury Crash,10-09-2022 03:00,Maryland (State),FREDERICK RD,N/A,HEAD ON LEFT TURN,CLEAR,DRY,DARK LIGHTS ON,NO CONTROLS,Yes,POSSIBLE INJURY,UNKNOWN,PASSENGER CAR,MAKING LEFT TURN,West,North,40,2017,NISSAN,0,0,0,0
Injury Crash,10-09-2022 03:00,US (State),COLESVILLE RD,N/A,STRAIGHT MOVEMENT ANGLE,CLEAR,DRY,DAYLIGHT,TRAFFIC SIGNAL,No,POSSIBLE INJURY,NOT DISTRACTED,PASSENGER CAR,STARTING FROM LANE,East,East,35,2013,FORD,3.6,255,42.4,0