ACRS Report Type,Date and Time,Route Type,Road Name,Municipality,Collision Type,Weather,Surface Condition,Light,Traffic Control,Driver At Fault,Injury Severity,Driver Distracted By,Vehicle Body Type,Vehicle Movement,Vehicle Continuing Dir,Vehicle Going Dir,Speed Limit,Vehicle Year,Vehicle Make,Wind Speed (MPH),TMP10-DK ,Relative Humidity (%),Rain (Inches)
Property Damage Crash,10-09-2022 03:15,Maryland (State),VEIRS MILL RD,N/A,SAME DIR REAR END,CLEAR,DRY,DUSK,TRAFFIC SIGNAL,No,NO APPARENT INJURY,NOT DISTRACTED,PASSENGER CAR,STOPPED IN TRAFFIC LANE,South,South,40,2015,DODGE,2.9,187,52,0.01
Property Damage Crash,10-09-2022 03:38,County,INDUSTRIAL DR,N/A,OTHER,CLEAR,DRY,DAYLIGHT,NO CONTROLS,Unknown,NO APPARENT INJURY,UNKNOWN,PICKUP TRUCK,SLOWING OR STOPPING,South,South,25,2003,DODGE,0,0,0,0
Property Damage Crash,10-09-2022 03:45,Maryland (State),UNIVERSITY BLVD W,N/A,ANGLE MEETS RIGHT TURN,CLOUDY,WET,DAYLIGHT,NO CONTROLS,No,NO APPARENT INJURY,NOT DISTRACTED,PASSENGER CAR,MOVING CONSTANT SPEED,West,West,35,2004,FORD,0,0,0,0
Property Damage Crash,10-09-2022 03:45,Maryland (State),HUNGERFORD DR,ROCKVILLE,SAME DIR REAR END,CLEAR,DRY,DARK LIGHTS ON,NO CONTROLS,Yes,NO APPARENT INJURY,NOT DISTRACTED,PASSENGER CAR,MOVING CONSTANT SPEED,North,North,40,1997,FORD,5.3,276,30.2,0
Injury Crash,10-09-2022 05:12,County,ELKIN ST,N/A,SAME DIRECTION SIDESWIPE,N/A,DRY,DAYLIGHT,NO CONTROLS,No,POSSIBLE INJURY,NOT DISTRACTED,PASSENGER CAR,MOVING CONSTANT SPEED,North,North,30,2011,HONDA,8.2,184,24.7,0
Property Damage Crash,10-09-2022 05:12,Maryland (State),FREDERICK RD,N/A,HEAD ON LEFT TURN,CLEAR,DRY,DAYLIGHT,TRAFFIC SIGNAL,Yes,NO APPARENT INJURY,UNKNOWN,"MEDIUM/HEAVY TRUCKS 3 AXLES (OVER 10,000LBS (4,536KG))",MAKING LEFT TURN,North,North,35,2016,FORD,0,0,0,0
Property Damage Crash,10-09-2022 05:54,County,WELLER RD,N/A,SAME DIRECTION RIGHT TURN,CLEAR,DRY,DARK LIGHTS ON,NO CONTROLS,Yes,NO APPARENT INJURY,UNKNOWN,PASSENGER CAR,UNKNOWN,West,West,35,2015,JEEP,10.6,45.7,31.6,0
Property Damage Crash,10-09-2022 05:54,County,MONTROSE RD,N/A,STRAIGHT MOVEMENT ANGLE,CLEAR,DRY,DAYLIGHT,TRAFFIC SIGNAL,No,NO APPARENT INJURY,NOT DISTRACTED,PASSENGER CAR,MOVING CONSTANT SPEED,West,West,35,2014,TOYT,3.6,35.2,23.5,0
Property Damage Crash,10-09-2022 06:19,Maryland (State),FREDERICK RD,N/A,SAME DIR REAR END,CLEAR,DRY,DARK LIGHTS ON,YIELD SIGN,Yes,NO APPARENT INJURY,UNKNOWN,"OTHER LIGHT TRUCKS (10,000LBS (4,536KG) OR LESS)",ACCELERATING,South,South,40,2016,FREI,1.7,34.5,23.3,0
Property Damage Crash,10-09-2022 10:25,County,GLEN RD,N/A,SINGLE VEHICLE,RAINING,WET,DAYLIGHT,N/A,No,NO APPARENT INJURY,NOT DISTRACTED,PASSENGER CAR,SLOWING OR STOPPING,West,West,35,2017,FORD,3.3,53.1,51.5,0
Property Damage Crash,10-09-2022 12:08,Maryland (State),W MONTGOMERY AVE,ROCKVILLE,HEAD ON,CLEAR,DRY,DAYLIGHT,N/A,No,NO APPARENT INJURY,NOT DISTRACTED,PASSENGER CAR,MOVING CONSTANT SPEED,West,West,35,2017,ACURA,5.6,292,30.8,0
Property Damage Crash,10-09-2022 12:08,Maryland (State),QUINCE ORCHARD RD,N/A,SAME DIR REAR END,CLEAR,DRY,DARK LIGHTS ON,NO CONTROLS,Yes,NO APPARENT INJURY,TALKING OR LISTENING TO CELLULAR PHONE,PASSENGER CAR,MOVING CONSTANT SPEED,West,West,40,2014,ACURA,0,0,0,0
Property Damage Crash,10-09-2022 12:58,County,WOODMONT AVE,N/A,SAME DIR REAR END,CLEAR,DRY,DARK LIGHTS ON,NO CONTROLS,Yes,NO APPARENT INJURY,UNKNOWN,OTHER,PARKING,East,East,25,2010,HONDA,9.2,347,16.6,0
Property Damage Crash,10-09-2022 12:58,Maryland (State),GEORGIA AVE,N/A,STRAIGHT MOVEMENT ANGLE,CLEAR,DRY,DAYLIGHT,OTHER,Yes,NO APPARENT INJURY,NOT DISTRACTED,PASSENGER CAR,ACCELERATING,East,East,35,2005,BMW,1.8,33,25.6,0
Property Damage Crash,10-09-2022 13:02,US (State),COLUMBIA PIKE,N/A,SAME DIR REAR END,CLEAR,DRY,DAYLIGHT,TRAFFIC SIGNAL,No,NO APPARENT INJURY,NOT DISTRACTED,PASSENGER CAR,STOPPED IN TRAFFIC LANE,North,North,50,2013,NISSAN,0,0,0,0
Property Damage Crash,10-09-2022 13:02,Maryland (State),VEIRS MILL RD,N/A,SAME DIR REAR END,CLEAR,DRY,DAYLIGHT,TRAFFIC SIGNAL,No,NO APPARENT INJURY,NOT DISTRACTED,(SPORT) UTILITY VEHICLE,STOPPED IN TRAFFIC LANE,East,East,40,2007,JEEP,5.9,282,18.8,0
Property Damage Crash,10-09-2022 13:29,Municipality,HALPINE RD,N/A,STRAIGHT MOVEMENT ANGLE,CLEAR,DRY,DAYLIGHT,TRAFFIC SIGNAL,No,NO APPARENT INJURY,NOT DISTRACTED,PASSENGER CAR,MOVING CONSTANT SPEED,West,West,30,2008,TOYT,5.2,59.6,46.2,0
Property Damage Crash,10-09-2022 13:29,Maryland (State),WISCONSIN AVE,N/A,SAME DIR REAR END,CLEAR,DRY,DAYLIGHT,NO CONTROLS,Yes,NO APPARENT INJURY,LOOKED BUT DID NOT SEE,PASSENGER CAR,BACKING,South,South,25,2015,CHEVY,11.2,318,-0.7,0
Injury Crash,10-09-2022 14:54,Maryland (State),PINEY BRANCH RD,N/A,SAME DIR REAR END,CLEAR,WET,DAYLIGHT,NO CONTROLS,Yes,POSSIBLE INJURY,NOT DISTRACTED,PASSENGER CAR,SLOWING OR STOPPING,South,South,30,2005,DODGE,2.8,112,31,0
Property Damage Crash,10-09-2022 14:54,Maryland (State),LAYHILL RD,N/A,SAME DIRECTION SIDESWIPE,CLOUDY,DRY,DAYLIGHT,STOP SIGN,No,NO APPARENT INJURY,NOT DISTRACTED,PASSENGER CAR,PARKING,South,South,40,2005,HONDA,6.3,354,28.1,0
Injury Crash,10-09-2022 16:16,Maryland (State),GERMANTOWN RD,N/A,STRAIGHT MOVEMENT ANGLE,RAINING,WET,DAYLIGHT,TRAFFIC SIGNAL,Yes,NO APPARENT INJURY,UNKNOWN,PASSENGER CAR,MOVING CONSTANT SPEED,North,North,40,2012,TOYT,8.2,163,4.4,0
Injury Crash,10-09-2022 16:16,Maryland (State),VEIRS MILL RD,N/A,SAME DIR REAR END,CLEAR,DRY,DAYLIGHT,N/A,No,NO APPARENT INJURY,NOT DISTRACTED,PASSENGER CAR,SLOWING OR STOPPING,West,West,35,2011,CADI,18.8,177,21.1,0
Injury Crash,10-09-2022 16:25,Maryland (State),GEORGIA AVE,N/A,STRAIGHT MOVEMENT ANGLE,CLEAR,DRY,DAYLIGHT,TRAFFIC SIGNAL,Yes,NO APPARENT INJURY,LOOKED BUT DID NOT SEE,PICKUP TRUCK,MOVING CONSTANT SPEED,North,North,35,2003,CHEVY,0,0,0,0
Injury Crash,10-09-2022 16:25,Maryland (State),BARNESVILLE RD,N/A,HEAD ON LEFT TURN,CLEAR,DRY,DAYLIGHT,NO CONTROLS,No,NO APPARENT INJURY,NOT DISTRACTED,PASSENGER CAR,MOVING CONSTANT SPEED,East,East,40,2020,KIA,2.9,201,23.6,0
Injury Crash,10-09-2022 16:34,Maryland (State),RIVER RD,N/A,SAME DIR REAR END,CLEAR,DRY,DAYLIGHT,NO CONTROLS,Yes,NO APPARENT INJURY,NOT DISTRACTED,(SPORT) UTILITY VEHICLE,MOVING CONSTANT SPEED,West,West,45,2016,HONDA,5,210,25,0
Property Damage Crash,10-09-2022 19:45,Maryland (State),OLNEY SANDY SPRING RD,N/A,SAME DIR REAR END,CLEAR,DRY,DAYLIGHT,TRAFFIC SIGNAL,No,NO APPARENT INJURY,NOT DISTRACTED,PASSENGER CAR,STOPPED IN TRAFFIC LANE,East,East,30,2005,ACURA,0,0,0,0
Property Damage Crash,10-09-2022 19:45,US (State),COLESVILLE RD,N/A,SAME DIRECTION RIGHT TURN,CLEAR,DRY,DARK LIGHTS ON,N/A,Yes,NO APPARENT INJURY,UNKNOWN,PASSENGER CAR,CHANGING LANES,South,South,40,2016,HONDA,10.7,315,21.1,0
Property Damage Crash,10-09-2022 19:45,Maryland (State),LAYHILL RD,N/A,SAME DIR REAR END,CLEAR,DRY,DAYLIGHT,NO CONTROLS,No,NO APPARENT INJURY,NOT DISTRACTED,PASSENGER CAR,STOPPED IN TRAFFIC LANE,North,North,40,2007,NISSAN,12.5,179,37.4,0
Property Damage Crash,10-09-2022 19:45,Maryland (State),WISCONSIN AVE,N/A,SAME DIR REAR END,CLEAR,DRY,DAYLIGHT,NO CONTROLS,No,NO APPARENT INJURY,NOT DISTRACTED,PASSENGER CAR,STOPPED IN TRAFFIC LANE,West,North,25,2002,LEXUS,7.7,46.5,29.8,0
Property Damage Crash,10-09-2022 19:51,County,VEIRS MILL RD,N/A,SAME DIR REAR END,CLEAR,DRY,DARK LIGHTS ON,NO CONTROLS,No,NO APPARENT INJURY,NOT DISTRACTED,PASSENGER CAR,SLOWING OR STOPPING,West,West,35,2015,TOYT,0,0,0,0
Injury Crash,10-09-2022 19:51,US (State),COLESVILLE RD,N/A,STRAIGHT MOVEMENT ANGLE,CLEAR,N/A,DARK LIGHTS ON,TRAFFIC SIGNAL,Yes,SUSPECTED SERIOUS INJURY,NOT DISTRACTED,PASSENGER CAR,MOVING CONSTANT SPEED,North,North,50,2019,HONDA,4.9,358,33.4,0
Property Damage Crash,10-09-2022 20:01,Maryland (State),FREDERICK RD,N/A,SAME DIR REAR END,CLEAR,DRY,DUSK,N/A,No,NO APPARENT INJURY,NOT DISTRACTED,PASSENGER CAR,STOPPED IN TRAFFIC LANE,North,North,35,2007,LEXUS,0,0,0,0
Property Damage Crash,10-09-2022 20:01,Maryland (State),RIVER RD,N/A,SAME DIRECTION SIDESWIPE,CLEAR,DRY,DAYLIGHT,NO CONTROLS,Yes,NO APPARENT INJURY,LOOKED BUT DID NOT SEE,PASSENGER CAR,CHANGING LANES,East,East,35,2010,HONDA,1,36,22.5,0
Property Damage Crash,10-09-2022 20:40,County,REDLAND RD,N/A,SINGLE VEHICLE,RAINING,WET,DARK NO LIGHTS,NO CONTROLS,Yes,NO APPARENT INJURY,NOT DISTRACTED,VAN,MOVING CONSTANT SPEED,North,North,35,2004,CHEVY,1.4,29.8,23.2,0
Property Damage Crash,10-09-2022 20:40,US (State),COLESVILLE RD,N/A,SAME DIR REAR END,CLEAR,DRY,DAYLIGHT,NO CONTROLS,Yes,NO APPARENT INJURY,NOT DISTRACTED,PASSENGER CAR,MOVING CONSTANT SPEED,North,North,35,2004,KIA,13.9,177,39.8,0
Property Damage Crash,10-09-2022 22:06,Maryland (State),WOODFIELD RD,N/A,SAME DIR REAR END,CLEAR,DRY,DAYLIGHT,N/A,No,NO APPARENT INJURY,NOT DISTRACTED,PASSENGER CAR,MAKING LEFT TURN,West,North,35,2017,TOTT,6.3,187,24.3,0
Property Damage Crash,10-09-2022 22:06,Maryland (State),RIVER RD,N/A,SAME DIR REAR END,CLEAR,DRY,DAYLIGHT,TRAFFIC SIGNAL,Yes,NO APPARENT INJURY,NOT DISTRACTED,PASSENGER CAR,SLOWING OR STOPPING,West,West,45,2004,NISSAN,3.8,36.1,20.8,0
Property Damage Crash,10-09-2022 22:18,Maryland (State),PINEY BRANCH RD,N/A,SAME DIR REAR END,CLEAR,DRY,DAYLIGHT,TRAFFIC SIGNAL,No,NO APPARENT INJURY,NOT DISTRACTED,PASSENGER CAR,MAKING RIGHT TURN,West,South,35,2010,CHEV,4.2,317,29.6,0
Property Damage Crash,10-09-2022 22:53,Maryland (State),WISCONSIN AVE,N/A,SAME DIRECTION LEFT TURN,RAINING,WET,DAYLIGHT,TRAFFIC SIGNAL,No,NO APPARENT INJURY,NOT DISTRACTED,PASSENGER CAR,MOVING CONSTANT SPEED,South,South,35,2014,CADI,2.3,120,15.9,0
Injury Crash,10-09-2022 22:53,Maryland (State),CONNECTICUT AVE,N/A,SAME DIRECTION SIDESWIPE,CLEAR,DRY,DAYLIGHT,TRAFFIC SIGNAL,No,POSSIBLE INJURY,NOT DISTRACTED,PASSENGER CAR,MOVING CONSTANT SPEED,North,North,40,2014,CHEV,0,0,0,0
Property Damage Crash,10-09-2022 23:28,Maryland (State),FREDERICK RD,GAITHERSBURG,STRAIGHT MOVEMENT ANGLE,N/A,DRY,DAYLIGHT,N/A,No,NO APPARENT INJURY,NOT DISTRACTED,PASSENGER CAR,SLOWING OR STOPPING,West,North,30,2016,NISSAN,2,31.5,24,0
Property Damage Crash,10-09-2022 23:28,County,SNOUFFERS SCHOOL RD,N/A,HEAD ON LEFT TURN,CLEAR,DRY,DARK LIGHTS ON,TRAFFIC SIGNAL,Unknown,NO APPARENT INJURY,UNKNOWN,PASSENGER CAR,MAKING RIGHT TURN,East,North,35,2009,TOYT,0,0,0,0
Injury Crash,11-09-2022 04:43,County,MONTROSE RD,N/A,SAME DIR REAR END,RAINING,WET,DAYLIGHT,N/A,Yes,NO APPARENT INJURY,NOT DISTRACTED,PASSENGER CAR,MOVING CONSTANT SPEED,North,North,55,2012,HONDA,3.2,46.2,43.3,0
Injury Crash,11-09-2022 07:05,Maryland (State),RIDGE RD,N/A,STRAIGHT MOVEMENT ANGLE,RAINING,WET,DAYLIGHT,NO CONTROLS,No,NO APPARENT INJURY,NOT DISTRACTED,PASSENGER CAR,SLOWING OR STOPPING,North,North,45,2016,VOLVO,3,32.2,23.2,0
Property Damage Crash,11-09-2022 07:33,Maryland (State),FREDERICK RD,N/A,STRAIGHT MOVEMENT ANGLE,RAINING,WET,DAYLIGHT,TRAFFIC SIGNAL,Yes,NO APPARENT INJURY,NOT DISTRACTED,PASSENGER CAR,MAKING LEFT TURN,East,East,30,2005,VOLK,0,0,0,0
Property Damage Crash,11-09-2022 07:33,Maryland (State),NORBECK RD,N/A,HEAD ON LEFT TURN,RAINING,WET,DARK LIGHTS ON,TRAFFIC SIGNAL,No,NO APPARENT INJURY,NOT DISTRACTED,PASSENGER CAR,MOVING CONSTANT SPEED,West,West,35,1995,VOLV,2.9,36.2,35.8,0
Property Damage Crash,11-09-2022 07:33,US (State),COLUMBIA PIKE,N/A,SAME DIR REAR END,CLEAR,DRY,DARK LIGHTS ON,TRAFFIC SIGNAL,Yes,NO APPARENT INJURY,UNKNOWN,PASSENGER CAR,MAKING LEFT TURN,East,South,45,2014,TOYOTA,0,0,0,0
Injury Crash,11-09-2022 07:52,Maryland (State),GEORGIA AVE,N/A,STRAIGHT MOVEMENT ANGLE,CLOUDY,DRY,DAYLIGHT,NO CONTROLS,Yes,NO APPARENT INJURY,LOOKED BUT DID NOT SEE,PASSENGER CAR,ACCELERATING,North,East,45,2017,TOYOTA,0,0,0,0
Property Damage Crash,11-09-2022 07:52,Maryland (State),FREDERICK RD,N/A,SAME DIR REAR END,CLEAR,DRY,DAYLIGHT,TRAFFIC SIGNAL,No,NO APPARENT INJURY,NOT DISTRACTED,(SPORT) UTILITY VEHICLE,STOPPED IN TRAFFIC LANE,North,North,40,1998,HONDA,0,0,0,0
Property Damage Crash,11-09-2022 07:56,County,MUDDY BRANCH RD,N/A,SAME DIR REAR END,CLEAR,DRY,DAYLIGHT,NO CONTROLS,No,NO APPARENT INJURY,NOT DISTRACTED,PASSENGER CAR,STOPPED IN TRAFFIC LANE,North,North,40,1999,BMW,2.2,42,40.8,0
Injury Crash,11-09-2022 08:27,Maryland (State),QUINCE ORCHARD RD,N/A,SAME DIR REAR END,CLOUDY,DRY,DAYLIGHT,YIELD SIGN,Yes,NO APPARENT INJURY,NOT DISTRACTED,PASSENGER CAR,ACCELERATING,East,North,35,2003,HONDA,1.6,62,26.5,0
Property Damage Crash,11-09-2022 08:27,Maryland (State),W DIAMOND AVE,N/A,STRAIGHT MOVEMENT ANGLE,CLEAR,DRY,DARK LIGHTS ON,TRAFFIC SIGNAL,Yes,NO APPARENT INJURY,NOT DISTRACTED,PASSENGER CAR,MOVING CONSTANT SPEED,East,East,35,1999,SUZI,3.5,35.2,33.1,0
Property Damage Crash,11-09-2022 09:00,County,GOOD HOPE RD,N/A,SINGLE VEHICLE,N/A,DRY,DARK LIGHTS ON,N/A,Yes,NO APPARENT INJURY,NOT DISTRACTED,PASSENGER CAR,MOVING CONSTANT SPEED,South,South,30,2015,TOYT,6.8,43.9,30.2,0
Injury Crash,11-09-2022 11:00,Municipality,KIRKLYNN AVE,N/A,OTHER,N/A,DRY,DAYLIGHT,TRAFFIC SIGNAL,No,POSSIBLE INJURY,NOT DISTRACTED,MOTORCYCLE,MOVING CONSTANT SPEED,South,North,35,2015,HONDA,4.1,49.3,38.5,0
Injury Crash,11-09-2022 11:00,Municipality,TWINBROOK PKWY,ROCKVILLE,HEAD ON LEFT TURN,CLEAR,N/A,DAYLIGHT,TRAFFIC SIGNAL,Unknown,NO APPARENT INJURY,UNKNOWN,PASSENGER CAR,MAKING LEFT TURN,North,East,30,2021,AUDI,12.3,33.9,20.1,0
Property Damage Crash,11-09-2022 11:38,Government,BEACH DR,N/A,SAME DIR REAR END,CLEAR,DRY,DARK NO LIGHTS,NO CONTROLS,Yes,NO APPARENT INJURY,UNKNOWN,PASSENGER CAR,MOVING CONSTANT SPEED,South,South,25,2007,DODG,4.5,41.5,41.3,0.14
Property Damage Crash,11-09-2022 11:38,Maryland (State),FREDERICK RD,GAITHERSBURG,SAME DIR REAR END,RAINING,WET,DARK LIGHTS ON,TRAFFIC SIGNAL,Yes,NO APPARENT INJURY,NOT DISTRACTED,PASSENGER CAR,STOPPED IN TRAFFIC LANE,South,South,40,2012,HONDA,0,0,0,0
Injury Crash,11-09-2022 11:38,County,HEWITT AVE,N/A,OTHER,CLEAR,DRY,DAYLIGHT,NO CONTROLS,Yes,NO APPARENT INJURY,UNKNOWN,PASSENGER CAR,MOVING CONSTANT SPEED,West,West,30,2016,MAZDA,0,0,0,0
Injury Crash,11-09-2022 11:38,US (State),COLUMBIA PIKE,N/A,SINGLE VEHICLE,CLEAR,DRY,DARK LIGHTS ON,TRAFFIC SIGNAL,Yes,SUSPECTED MINOR INJURY,UNKNOWN,PASSENGER CAR,MAKING RIGHT TURN,East,North,45,2013,CHEVROLET,5.8,52.1,44.6,0
Property Damage Crash,11-09-2022 11:50,County,FATHER HURLEY BLVD,N/A,ANGLE MEETS LEFT TURN,CLEAR,DRY,DARK LIGHTS ON,TRAFFIC SIGNAL,Yes,NO APPARENT INJURY,NOT DISTRACTED,PASSENGER CAR,ACCELERATING,West,West,35,2015,TOYO,8.3,329,20.4,0
Property Damage Crash,11-09-2022 11:50,County,E GUDE DR,N/A,SAME DIRECTION RIGHT TURN,CLEAR,DRY,DARK LIGHTS ON,TRAFFIC SIGNAL,Yes,NO APPARENT INJURY,LOOKED BUT DID NOT SEE,"MEDIUM/HEAVY TRUCKS 3 AXLES (OVER 10,000LBS (4,536KG))",MAKING RIGHT TURN,East,North,40,2014,WSTR,0,0,0,0
Property Damage Crash,11-09-2022 11:53,County,CENTRAL AVE,N/A,HEAD ON,CLEAR,DRY,DAYLIGHT,STOP SIGN,No,NO APPARENT INJURY,NOT DISTRACTED,PASSENGER CAR,STOPPED IN TRAFFIC LANE,South,South,30,1999,MAZD,6.3,178,44,0
Property Damage Crash,11-09-2022 11:53,County,FERNWOOD RD,N/A,ANGLE MEETS RIGHT TURN,CLEAR,DRY,DAYLIGHT,YIELD SIGN,No,NO APPARENT INJURY,NOT DISTRACTED,VAN,ACCELERATING,North,North,30,2018,HONDA,6.1,33.1,29.2,0
Injury Crash,11-09-2022 12:34,Maryland (State),W MONTGOMERY AVE,ROCKVILLE,HEAD ON LEFT TURN,CLEAR,DRY,DARK LIGHTS ON,NO CONTROLS,No,SUSPECTED MINOR INJURY,NOT DISTRACTED,PASSENGER CAR,SLOWING OR STOPPING,North,East,30,2004,TOYOTA,5.6,144,41.4,0
Property Damage Crash,11-09-2022 12:34,Maryland (State),CLOPPER RD,GAITHERSBURG,SAME DIR REAR END,RAINING,WET,DAYLIGHT,TRAFFIC SIGNAL,Yes,NO APPARENT INJURY,OTHER ELECTRONIC DEVICE (NAVIGATIONAL PALM PILOT),POLICE VEHICLE/NON EMERGENCY,STARTING FROM LANE,North,East,35,2017,FORD,0,0,0,0
Injury Crash,11-09-2022 13:15,Maryland (State),GREAT SENECA HWY,GAITHERSBURG,OTHER,N/A,DRY,DAYLIGHT,N/A,No,POSSIBLE INJURY,NOT DISTRACTED,(SPORT) UTILITY VEHICLE,MOVING CONSTANT SPEED,North,North,50,1995,FORD,10.5,287,17.9,0
Property Damage Crash,11-09-2022 13:15,County,LOCKWOOD DR,N/A,SAME DIR REAR END,CLEAR,DRY,DAYLIGHT,NO CONTROLS,No,NO APPARENT INJURY,NOT DISTRACTED,SCHOOL BUS,MOVING CONSTANT SPEED,South,South,10,2018,FREIGHT,3.7,41.3,41.2,0
Property Damage Crash,11-09-2022 13:30,County,TWINBROOK PKWY,N/A,SAME DIR REAR END,CLEAR,DRY,DARK LIGHTS ON,NO CONTROLS,Yes,NO APPARENT INJURY,UNKNOWN,PASSENGER CAR,MOVING CONSTANT SPEED,North,North,35,2019,TOYOTA,4,30,32.6,0
Property Damage Crash,11-09-2022 13:30,County,CHAMBERLIN AVE,N/A,OTHER,CLEAR,DRY,DARK LIGHTS ON,NO CONTROLS,Yes,NO APPARENT INJURY,LOOKED BUT DID NOT SEE,"CARGO VAN/LIGHT TRUCK 2 AXLES (OVER 10,000LBS (4,536 KG))",MOVING CONSTANT SPEED,West,West,25,2016,FORD,1.7,33.7,26,0
Property Damage Crash,11-09-2022 14:42,County,KIMES ST,N/A,STRAIGHT MOVEMENT ANGLE,CLEAR,DRY,DAYLIGHT,N/A,Yes,NO APPARENT INJURY,NOT DISTRACTED,PASSENGER CAR,MOVING CONSTANT SPEED,West,South,15,2014,FORD,1.7,306,49.5,0
Property Damage Crash,11-09-2022 14:43,Maryland (State),ROCKVILLE PIKE,N/A,SINGLE VEHICLE,CLEAR,DRY,DAYLIGHT,NO CONTROLS,Yes,NO APPARENT INJURY,NOT DISTRACTED,PICKUP TRUCK,MOVING CONSTANT SPEED,East,South,35,1998,DODGE,0,0,0,0
Property Damage Crash,11-09-2022 15:28,Maryland (State),EAST WEST HWY,N/A,SAME DIR REAR END,CLEAR,DRY,DAYLIGHT,NO CONTROLS,Yes,NO APPARENT INJURY,UNKNOWN,PASSENGER CAR,MOVING CONSTANT SPEED,West,West,35,2017,FORD,1,26.4,22.2,0
Property Damage Crash,11-09-2022 15:28,Maryland (State),UNIVERSITY BLVD E,N/A,SAME DIR REAR END,CLEAR,DRY,DAYLIGHT,TRAFFIC SIGNAL,No,NO APPARENT INJURY,NOT DISTRACTED,PASSENGER CAR,SLOWING OR STOPPING,West,West,35,2012,NISSAN,10.4,43.4,31,0
Property Damage Crash,11-09-2022 15:28,Maryland (State),WISCONSIN AVE,N/A,ANGLE MEETS LEFT TURN,CLEAR,DRY,DAYLIGHT,STOP SIGN,No,NO APPARENT INJURY,NOT DISTRACTED,PASSENGER CAR,MOVING CONSTANT SPEED,North,North,30,2018,MERZ,5.2,264,46.6,0
Property Damage Crash,11-09-2022 15:30,Other Public Roadway,GRAND ELM ST,N/A,OTHER,CLEAR,DRY,DARK LIGHTS ON,N/A,Yes,NO APPARENT INJURY,DISTRACTED BY OUTSIDE PERSON OBJECT OR EVENT,PASSENGER CAR,MOVING CONSTANT SPEED,North,North,0,2016,JEEP,0,0,0,0
Injury Crash,11-09-2022 15:30,Maryland (State),NEW HAMPSHIRE AVE,N/A,SINGLE VEHICLE,CLEAR,DRY,DAYLIGHT,NO CONTROLS,No,POSSIBLE INJURY,NOT DISTRACTED,PASSENGER CAR,MOVING CONSTANT SPEED,North,North,35,2008,TOYOTA,2.1,40.6,30.8,0
Injury Crash,11-09-2022 15:30,County,REDLAND RD,N/A,STRAIGHT MOVEMENT ANGLE,CLEAR,DRY,DARK LIGHTS ON,TRAFFIC SIGNAL,No,NO APPARENT INJURY,NOT DISTRACTED,PASSENGER CAR,MOVING CONSTANT SPEED,North,North,35,2019,TOYT,8.8,27.9,17.6,0
Injury Crash,11-09-2022 15:50,Maryland (State),OLD COLUMBIA PIKE,N/A,STRAIGHT MOVEMENT ANGLE,CLEAR,N/A,DAYLIGHT,N/A,Yes,SUSPECTED MINOR INJURY,LOOKED BUT DID NOT SEE,PASSENGER CAR,MAKING RIGHT TURN,West,South,35,2016,VOLK,7.8,34.6,19.6,0
Injury Crash,11-09-2022 15:50,Maryland (State),LAYHILL RD,N/A,HEAD ON LEFT TURN,CLEAR,DRY,DARK LIGHTS ON,TRAFFIC SIGNAL,Yes,NO APPARENT INJURY,UNKNOWN,(SPORT) UTILITY VEHICLE,MAKING LEFT TURN,West,West,40,2015,TOYOTA,6.9,148,27.2,0
Property Damage Crash,11-09-2022 16:30,County,FENTON ST,N/A,SAME DIRECTION SIDESWIPE,CLEAR,DRY,DAYLIGHT,TRAFFIC SIGNAL,No,NO APPARENT INJURY,NOT DISTRACTED,TRANSIT BUS,STOPPED IN TRAFFIC LANE,East,East,25,2006,NEWVAL2006,8.4,62.1,58.1,0
Injury Crash,11-09-2022 16:30,County,RANDOLPH RD,N/A,OTHER,CLEAR,DRY,DAYLIGHT,NO CONTROLS,Yes,NO APPARENT INJURY,NOT DISTRACTED,PASSENGER CAR,MAKING RIGHT TURN,East,East,35,2011,HYUN,11.6,38.3,27.9,0
Property Damage Crash,11-09-2022 16:40,County,LIVINGSTON ST,N/A,STRAIGHT MOVEMENT ANGLE,CLEAR,DRY,DAYLIGHT,STOP SIGN,No,NO APPARENT INJURY,NOT DISTRACTED,PASSENGER CAR,MOVING CONSTANT SPEED,South,South,25,2019,HONDA,1.5,43.7,23.4,0
Property Damage Crash,11-09-2022 16:40,County,ROEDER RD,N/A,SAME DIRECTION RIGHT TURN,CLEAR,DRY,DARK LIGHTS ON,STOP SIGN,No,NO APPARENT INJURY,NOT DISTRACTED,PASSENGER CAR,STOPPED IN TRAFFIC LANE,West,South,25,2001,TOYOTA,3.2,40.4,30,0
Injury Crash,11-09-2022 16:56,Maryland (State),W MONTGOMERY AVE,ROCKVILLE,SAME DIRECTION SIDESWIPE,CLEAR,DRY,DAYLIGHT,TRAFFIC SIGNAL,No,NO APPARENT INJURY,NOT DISTRACTED,PASSENGER CAR,MOVING CONSTANT SPEED,East,East,40,2019,MACK,1.5,296,26.9,0
Injury Crash,11-09-2022 16:56,County,RANDOLPH RD,N/A,HEAD ON LEFT TURN,CLEAR,DRY,DAYLIGHT,TRAFFIC SIGNAL,No,NO APPARENT INJURY,NOT DISTRACTED,PASSENGER CAR,STOPPED IN TRAFFIC LANE,West,West,0,2014,HYUNDI,12.9,44.5,26.1,0