ACRS Report Type,Date and Time,Route Type,Road Name,Municipality,Collision Type,Weather,Surface Condition,Light,Traffic Control,Driver At Fault,Injury Severity,Driver Distracted By,Vehicle Body Type,Vehicle Movement,Vehicle Continuing Dir,Vehicle Going Dir,Speed Limit,Vehicle Year,Vehicle Make,Wind Speed (MPH),TMP10-DK ,Relative Humidity (%),Rain (Inches)
Property Damage Crash,11-09-2022 17:00,Municipality,QUINCE ORCHARD BLVD,GAITHERSBURG,OTHER,CLEAR,DRY,DARK LIGHTS ON,NO CONTROLS,Yes,NO APPARENT INJURY,UNKNOWN,,MOVING CONSTANT SPEED,West,West,30,0,UNKNOWN,1.8,154,31.8,0
Property Damage Crash,11-09-2022 17:00,County,CORDELL AVE,N/A,SAME DIRECTION SIDESWIPE,RAINING,WET,DARK LIGHTS ON,STOP SIGN,Yes,NO APPARENT INJURY,NOT DISTRACTED,(SPORT) UTILITY VEHICLE,PARKED,,,25,2008,TOYOTA,0,0,0,0
Injury Crash,11-09-2022 17:00,Maryland (State),S FREDERICK RD,GAITHERSBURG,OTHER,N/A,DRY,DARK NO LIGHTS,TRAFFIC SIGNAL,No,NO APPARENT INJURY,NOT DISTRACTED,PASSENGER CAR,ACCELERATING,South,South,35,2016,TOYOTA,3.3,107,40.2,0
Property Damage Crash,11-09-2022 17:30,Maryland (State),NEW HAMPSHIRE AVE,N/A,STRAIGHT MOVEMENT ANGLE,CLEAR,DRY,DARK LIGHTS ON,TRAFFIC SIGNAL,No,NO APPARENT INJURY,NOT DISTRACTED,PASSENGER CAR,MOVING CONSTANT SPEED,South,South,40,2000,FORD,3.7,51.9,50.2,0
Property Damage Crash,11-09-2022 17:30,Municipality,QUINCE ORCHARD BLVD,GAITHERSBURG,SAME DIR REAR END,CLOUDY,WET,DARK LIGHTS ON,NO CONTROLS,Yes,NO APPARENT INJURY,NOT DISTRACTED,PASSENGER CAR,STARTING FROM PARKED,West,West,25,2017,TOYOTA,1.5,311,53.2,0
Property Damage Crash,11-09-2022 17:30,County,CANDLELIGHT LA,N/A,STRAIGHT MOVEMENT ANGLE,CLEAR,DRY,DARK LIGHTS ON,STOP SIGN,No,NO APPARENT INJURY,NOT DISTRACTED,(SPORT) UTILITY VEHICLE,MOVING CONSTANT SPEED,West,West,25,2013,INFINITI,0,0,0,0
Property Damage Crash,11-09-2022 17:30,,,,UNKNOWN,CLEAR,,DARK NO LIGHTS,NO CONTROLS,Yes,NO APPARENT INJURY,UNKNOWN,PASSENGER CAR,UNKNOWN,Unknown,Unknown,15,0,UNKNOWN,0,0,0,0
Injury Crash,11-09-2022 17:30,Maryland (State),VEIRS MILL RD,N/A,STRAIGHT MOVEMENT ANGLE,CLEAR,DRY,DAYLIGHT,NO CONTROLS,Yes,NO APPARENT INJURY,OTHER DISTRACTION,PICKUP TRUCK,MAKING LEFT TURN,North,North,40,2017,TOYOTA,6.8,45.7,29.6,0
Injury Crash,11-09-2022 17:33,County,N NOYES DR,N/A,HEAD ON,CLEAR,DRY,DAYLIGHT,TRAFFIC SIGNAL,No,POSSIBLE INJURY,NOT DISTRACTED,PASSENGER CAR,MOVING CONSTANT SPEED,West,West,35,2009,FORD,8.6,181,16.3,0
Injury Crash,11-09-2022 17:33,County,MATENY RD,N/A,ANGLE MEETS LEFT HEAD ON,CLEAR,DRY,DAYLIGHT,STOP SIGN,Yes,NO APPARENT INJURY,NOT DISTRACTED,PASSENGER CAR,ACCELERATING,East,East,35,2016,HONDA,5.3,39.9,25.1,0
Injury Crash,11-09-2022 18:00,,SHILOH CHURCH RD,N/A,SINGLE VEHICLE,N/A,N/A,DARK NO LIGHTS,N/A,Yes,POSSIBLE INJURY,LOOKED BUT DID NOT SEE,MOTORCYCLE,MOVING CONSTANT SPEED,North,North,40,2001,YAMAHA,0,0,0,0
Property Damage Crash,11-09-2022 18:00,County,SHADY GROVE RD,N/A,SAME DIR REAR END,RAINING,WET,DAYLIGHT,NO CONTROLS,No,NO APPARENT INJURY,NOT DISTRACTED,TRANSIT BUS,SLOWING OR STOPPING,North,North,35,2012,FORD,11,46.3,32.8,0
Injury Crash,11-09-2022 18:23,County,ELDRID DR,N/A,OTHER,SNOW,SNOW,DAYLIGHT,N/A,Yes,NO APPARENT INJURY,NOT DISTRACTED,PASSENGER CAR,PASSING,East,East,25,2012,TOYOTA,5.8,34.6,20,0
Property Damage Crash,11-09-2022 18:25,Maryland (State),NEW HAMPSHIRE AVE,N/A,SAME DIR REAR END,CLEAR,DRY,DARK LIGHTS ON,NO CONTROLS,Yes,NO APPARENT INJURY,UNKNOWN,PASSENGER CAR,MOVING CONSTANT SPEED,North,North,40,2010,HONDA,0,0,0,0
Injury Crash,11-09-2022 18:25,County,MORGAN DR,N/A,OTHER,CLEAR,DRY,DAYLIGHT,NO CONTROLS,No,NO APPARENT INJURY,NOT DISTRACTED,PASSENGER CAR,MOVING CONSTANT SPEED,East,East,25,2015,VOLVO,1.7,216,30.2,0
Property Damage Crash,11-09-2022 20:20,County,SHADY GROVE RD,N/A,STRAIGHT MOVEMENT ANGLE,CLEAR,DRY,DAYLIGHT,TRAFFIC SIGNAL,Unknown,NO APPARENT INJURY,LOOKED BUT DID NOT SEE,PASSENGER CAR,ACCELERATING,North,North,45,2018,NISSAN,0,0,0,0
Property Damage Crash,11-09-2022 20:20,Maryland (State),COLESVILLE RD,N/A,SAME DIR REAR END,N/A,DRY,DARK LIGHTS ON,TRAFFIC SIGNAL,No,NO APPARENT INJURY,NOT DISTRACTED,PASSENGER CAR,MAKING LEFT TURN,South,West,35,1995,CHEVROLET,0,0,0,0
Injury Crash,11-09-2022 20:20,Maryland (State),FREDERICK RD,N/A,SAME DIR REAR END,CLEAR,DRY,DAYLIGHT,TRAFFIC SIGNAL,No,SUSPECTED MINOR INJURY,NOT DISTRACTED,(SPORT) UTILITY VEHICLE,SLOWING OR STOPPING,North,North,30,2005,MITS,2.6,35.8,22.3,0
Property Damage Crash,11-09-2022 21:24,Maryland (State),UNIVERSITY BLVD E,N/A,SAME DIR REAR END,CLOUDY,WET,DAYLIGHT,TRAFFIC SIGNAL,Yes,NO APPARENT INJURY,UNKNOWN,PASSENGER CAR,SLOWING OR STOPPING,East,East,40,2017,CHEVROLET,0,0,0,0
Property Damage Crash,11-09-2022 21:24,Ramp,RAMP 3 FR IS 370 EB TO IS 270 NB,N/A,SINGLE VEHICLE,RAINING,WET,DAYLIGHT,NO CONTROLS,Yes,NO APPARENT INJURY,UNKNOWN,(SPORT) UTILITY VEHICLE,NEGOTIATING A CURVE,West,West,25,2006,LNDR,2,46.6,43.9,0
Property Damage Crash,12-09-2022 03:09,,,,SINGLE VEHICLE,CLEAR,,DAYLIGHT,STOP SIGN,Yes,NO APPARENT INJURY,UNKNOWN,PASSENGER CAR,UNKNOWN,North,North,25,2006,HUNDAI,6.8,321,25.1,0
Injury Crash,12-09-2022 03:09,,,,SINGLE VEHICLE,RAINING,,DAYLIGHT,NO CONTROLS,Yes,NO APPARENT INJURY,LOOKED BUT DID NOT SEE,PICKUP TRUCK,PARKING,West,West,5,2015,TOYT,3.2,39.3,39.3,0.02
Property Damage Crash,12-09-2022 04:13,County,EDEN RD,N/A,OTHER,RAINING,N/A,DAYLIGHT,STOP SIGN,Yes,NO APPARENT INJURY,NOT DISTRACTED,SCHOOL BUS,MAKING LEFT TURN,South,West,25,2013,THOM,7.7,194,52.5,0
Injury Crash,12-09-2022 04:13,County,CONNECTICUT AVE,N/A,SAME DIR REAR END,RAINING,WET,DAYLIGHT,NO CONTROLS,Yes,NO APPARENT INJURY,NOT DISTRACTED,PASSENGER CAR,SLOWING OR STOPPING,North,North,35,2004,MAZDA,7.5,300,31.2,0
Injury Crash,12-09-2022 06:00,Maryland (State),WOODFIELD RD,N/A,SAME DIR REAR END,CLEAR,DRY,DAYLIGHT,NO CONTROLS,No,SUSPECTED MINOR INJURY,NOT DISTRACTED,PASSENGER CAR,SLOWING OR STOPPING,North,North,45,1998,TOYOTA,9.5,47,28.8,0
Property Damage Crash,12-09-2022 06:00,Maryland (State),OLNEY SANDY SPRING RD,N/A,STRAIGHT MOVEMENT ANGLE,RAINING,WET,DAYLIGHT,NO CONTROLS,No,NO APPARENT INJURY,NOT DISTRACTED,PASSENGER CAR,MOVING CONSTANT SPEED,West,West,30,2013,JEEP,0,0,0,0
Injury Crash,12-09-2022 06:15,Maryland (State),GEORGIA AVE,N/A,SAME DIR REAR END,RAINING,WET,DAYLIGHT,NO CONTROLS,Yes,POSSIBLE INJURY,NOT DISTRACTED,PASSENGER CAR,MOVING CONSTANT SPEED,South,South,35,2010,NISSAN,4.3,114,31.1,0
Injury Crash,12-09-2022 06:15,County,HENDERSON AVE,N/A,HEAD ON,CLEAR,DRY,DAYLIGHT,N/A,Yes,NO APPARENT INJURY,NOT DISTRACTED,PASSENGER CAR,MOVING CONSTANT SPEED,West,West,25,2014,BMW,3.9,43.3,28.8,0
Injury Crash,12-09-2022 06:15,County,SEVEN LOCKS RD,N/A,HEAD ON LEFT TURN,CLEAR,DRY,DAYLIGHT,TRAFFIC SIGNAL,Unknown,POSSIBLE INJURY,UNKNOWN,PASSENGER CAR,MOVING CONSTANT SPEED,South,South,35,2017,HOND,5,50.5,39.8,0
Property Damage Crash,12-09-2022 06:24,,,,OTHER,CLEAR,,DAYLIGHT,N/A,No,NO APPARENT INJURY,NOT DISTRACTED,PASSENGER CAR,BACKING,North,North,0,2009,TOYTA,3.8,271,20.2,0
Property Damage Crash,12-09-2022 06:24,County,EDNOR RD,N/A,SINGLE VEHICLE,N/A,DRY,DAYLIGHT,N/A,Yes,NO APPARENT INJURY,NOT DISTRACTED,PASSENGER CAR,MOVING CONSTANT SPEED,East,East,35,2004,BMW,2.1,256,-1.1,0
Property Damage Crash,12-09-2022 07:30,Municipality,SYCAMORE AVE,TAKOMA PARK,OTHER,CLEAR,DRY,DAYLIGHT,NO CONTROLS,No,NO APPARENT INJURY,NOT DISTRACTED,PASSENGER CAR,SLOWING OR STOPPING,South,South,10,2016,CHEVY,0,0,0,0
Property Damage Crash,12-09-2022 08:15,,,,STRAIGHT MOVEMENT ANGLE,CLOUDY,,DAYLIGHT,NO CONTROLS,No,NO APPARENT INJURY,NOT DISTRACTED,POLICE VEHICLE/NON EMERGENCY,MOVING CONSTANT SPEED,East,East,15,2005,FORD,6.5,55,39.5,0
Property Damage Crash,12-09-2022 08:15,County,JONES BRIDGE RD,N/A,SAME DIR REAR END,CLEAR,DRY,DARK LIGHTS ON,TRAFFIC SIGNAL,No,NO APPARENT INJURY,NOT DISTRACTED,PASSENGER CAR,STOPPED IN TRAFFIC LANE,East,East,35,2016,HYUN,0,0,0,0
Property Damage Crash,12-09-2022 08:28,,,,SINGLE VEHICLE,CLEAR,,DAYLIGHT,N/A,Yes,NO APPARENT INJURY,NOT DISTRACTED,POLICE VEHICLE/NON EMERGENCY,ACCELERATING,South,South,15,2013,CHEVROLET,2,9,31.3,0
Property Damage Crash,12-09-2022 08:28,Maryland (State),MUNCASTER MILL RD,N/A,SAME DIR REAR END,RAINING,WET,DARK LIGHTS ON,NO CONTROLS,Yes,NO APPARENT INJURY,INATTENTIVE OR LOST IN THOUGHT,PASSENGER CAR,SLOWING OR STOPPING,West,West,40,2015,TOYOTA,13.2,32.7,22.9,0
Injury Crash,12-09-2022 08:28,Maryland (State),CONNECTICUT AVE,N/A,STRAIGHT MOVEMENT ANGLE,RAINING,WET,DAYLIGHT,NO CONTROLS,Yes,POSSIBLE INJURY,LOOKED BUT DID NOT SEE,PASSENGER CAR,MAKING RIGHT TURN,East,East,25,2008,HONDA,2.3,5,40.3,0
Injury Crash,12-09-2022 08:30,,,,SAME DIR REAR END,CLEAR,,DARK LIGHTS ON,NO CONTROLS,Yes,NO APPARENT INJURY,NOT DISTRACTED,PASSENGER CAR,MOVING CONSTANT SPEED,North,North,25,2014,HONDA,0,0,0,0
Injury Crash,12-09-2022 08:30,County,NORBECK RD,N/A,STRAIGHT MOVEMENT ANGLE,CLEAR,DRY,DAYLIGHT,TRAFFIC SIGNAL,No,SUSPECTED MINOR INJURY,NOT DISTRACTED,PASSENGER CAR,MOVING CONSTANT SPEED,West,West,45,2019,TOYOTA,1.9,259,29,0
Property Damage Crash,12-09-2022 10:20,Municipality,MAPLE AVE,TAKOMA PARK,SAME DIR REND LEFT TURN,CLEAR,DRY,DARK LIGHTS ON,STOP SIGN,Yes,NO APPARENT INJURY,NOT DISTRACTED,FIRE VEHICLE/EMERGENCY,MAKING LEFT TURN,East,South,10,2008,SPARTA,0,0,0,0
Property Damage Crash,12-09-2022 10:20,,,,OTHER,CLEAR,,DARK LIGHTS ON,NO CONTROLS,Yes,NO APPARENT INJURY,UNKNOWN,UNKNOWN,BACKING,Unknown,Unknown,5,0,UNKNOWN,0,0,0,0
Injury Crash,12-09-2022 10:47,County,RIDGE RD,N/A,SAME DIR REAR END,CLEAR,DRY,DARK LIGHTS ON,FLASHING TRAFFIC SIGNAL,No,NO APPARENT INJURY,NOT DISTRACTED,PASSENGER CAR,SLOWING OR STOPPING,South,South,35,2014,HONDA,1.7,18,18.7,0
Property Damage Crash,12-09-2022 11:41,Municipality,FALLSGROVE DR,N/A,HEAD ON LEFT TURN,RAINING,WET,DARK LIGHTS ON,TRAFFIC SIGNAL,No,NO APPARENT INJURY,NOT DISTRACTED,PASSENGER CAR,MOVING CONSTANT SPEED,East,East,25,2016,HYUNDAI,2.2,45.1,39.1,0
Injury Crash,12-09-2022 11:59,Maryland (State),ROCKVILLE PIKE,ROCKVILLE,STRAIGHT MOVEMENT ANGLE,CLEAR,DRY,DAYLIGHT,TRAFFIC SIGNAL,No,SUSPECTED MINOR INJURY,NOT DISTRACTED,PASSENGER CAR,STARTING FROM LANE,West,West,30,2017,NISS,1.1,29.3,24.4,0
Injury Crash,12-09-2022 11:59,Interstate (State),EISENHOWER MEMORIAL HWY,N/A,SAME DIRECTION RIGHT TURN,CLEAR,DRY,DAYLIGHT,N/A,No,NO APPARENT INJURY,NOT DISTRACTED,PASSENGER CAR,MOVING CONSTANT SPEED,South,South,55,2022,TESLA,1.9,41.4,41.3,0.02
Property Damage Crash,12-09-2022 12:45,County,STATEN CT,N/A,OTHER,CLEAR,DRY,DAYLIGHT,N/A,No,NO APPARENT INJURY,NOT DISTRACTED,VAN,PARKED,,,0,2016,FORD,7.5,357,33.8,0.05
Injury Crash,12-09-2022 12:45,Maryland (State),FREDERICK RD,N/A,STRAIGHT MOVEMENT ANGLE,CLEAR,DRY,DAYLIGHT,STOP SIGN,Yes,SUSPECTED MINOR INJURY,NOT DISTRACTED,PASSENGER CAR,MAKING LEFT TURN,East,East,30,2009,TOYOTA,2.5,38.6,38.3,0
Property Damage Crash,12-09-2022 13:29,County,E RANDOLPH RD,N/A,SAME DIR REAR END,RAINING,WET,DAYLIGHT,TRAFFIC SIGNAL,Yes,NO APPARENT INJURY,NOT DISTRACTED,PASSENGER CAR,MOVING CONSTANT SPEED,West,West,40,2007,HOND,0,0,0,0
Injury Crash,12-09-2022 13:29,Municipality,TWINBROOK PKWY,ROCKVILLE,SAME DIRECTION SIDESWIPE,CLEAR,DRY,DAYLIGHT,NO CONTROLS,Yes,SUSPECTED MINOR INJURY,UNKNOWN,PASSENGER CAR,MOVING CONSTANT SPEED,North,North,25,2003,TOYOTA,0,0,0,0
Injury Crash,12-09-2022 13:30,US (State),COLUMBIA PIKE,N/A,STRAIGHT MOVEMENT ANGLE,CLEAR,DRY,DAYLIGHT,TRAFFIC SIGNAL,No,SUSPECTED MINOR INJURY,NOT DISTRACTED,MOTORCYCLE,MOVING CONSTANT SPEED,South,South,40,2017,KAWK,7.7,46.2,23.5,0
Property Damage Crash,12-09-2022 13:41,Maryland (State),EAST WEST HWY,N/A,HEAD ON LEFT TURN,CLEAR,DRY,DAYLIGHT,TRAFFIC SIGNAL,Yes,NO APPARENT INJURY,UNKNOWN,PASSENGER CAR,MAKING LEFT TURN,North,East,35,1989,TOYOTA,0,0,0,0
Property Damage Crash,12-09-2022 13:41,County,KEMP MILL RD,N/A,SINGLE VEHICLE,N/A,DRY,DAWN,N/A,No,NO APPARENT INJURY,NOT DISTRACTED,POLICE VEHICLE/EMERGENCY,MOVING CONSTANT SPEED,South,South,30,2016,FORD,0,0,0,0
Property Damage Crash,12-09-2022 14:50,Maryland (State),UNIVERSITY BLVD W,N/A,SAME DIRECTION LEFT TURN,CLEAR,DRY,DAYLIGHT,NO CONTROLS,Yes,NO APPARENT INJURY,NOT DISTRACTED,PASSENGER CAR,CHANGING LANES,West,West,35,2015,SCION,5.1,51,9.3,0
Property Damage Crash,12-09-2022 14:50,County,MIDDLEBROOK RD,N/A,STRAIGHT MOVEMENT ANGLE,CLEAR,DRY,DAYLIGHT,TRAFFIC SIGNAL,No,NO APPARENT INJURY,NOT DISTRACTED,PASSENGER CAR,MOVING CONSTANT SPEED,East,East,35,2007,TOYOTA,8.7,49.1,43.1,0
Property Damage Crash,12-09-2022 15:03,Maryland (State),GREAT SENECA HWY,N/A,SAME DIR REAR END,CLEAR,DRY,DAYLIGHT,NO CONTROLS,Yes,NO APPARENT INJURY,UNKNOWN,PASSENGER CAR,MOVING CONSTANT SPEED,South,South,50,2011,BMW,4.8,277,45.4,0
Property Damage Crash,12-09-2022 15:03,Maryland (State),UNIVERSITY BLVD W,N/A,SAME DIR REAR END,CLOUDY,DRY,DAYLIGHT,TRAFFIC SIGNAL,Yes,NO APPARENT INJURY,LOOKED BUT DID NOT SEE,PASSENGER CAR,SLOWING OR STOPPING,West,West,35,2010,TOYOTA,0,0,0,0
Injury Crash,12-09-2022 16:00,US (State),COLESVILLE RD,N/A,STRAIGHT MOVEMENT ANGLE,CLEAR,N/A,DAYLIGHT,NO CONTROLS,No,POSSIBLE INJURY,NOT DISTRACTED,PASSENGER CAR,MOVING CONSTANT SPEED,North,North,35,2019,NISSAN,12.2,158,37.4,0
Injury Crash,12-09-2022 16:00,County,RANDOLPH RD,N/A,SAME DIRECTION SIDESWIPE,CLEAR,DRY,DAYLIGHT,N/A,Yes,NO APPARENT INJURY,LOOKED BUT DID NOT SEE,PASSENGER CAR,ACCELERATING,West,South,35,2013,NISS,3.6,43.8,19.7,0
Injury Crash,12-09-2022 16:05,Maryland (State),MONTGOMERY VILLAGE AVE,N/A,STRAIGHT MOVEMENT ANGLE,CLEAR,DRY,DAYLIGHT,TRAFFIC SIGNAL,Yes,NO APPARENT INJURY,UNKNOWN,PASSENGER CAR,MAKING LEFT TURN,North,North,35,2000,UNK,0,0,0,0
Property Damage Crash,12-09-2022 16:05,Maryland (State),GEORGIA AVE,N/A,SAME DIR REAR END,RAINING,WET,DAYLIGHT,OTHER,No,NO APPARENT INJURY,NOT DISTRACTED,PASSENGER CAR,STOPPED IN TRAFFIC LANE,West,South,35,2020,FORD,7.4,43.8,39.2,0
Injury Crash,12-09-2022 16:17,Maryland (State),EAST WEST HWY,N/A,HEAD ON LEFT TURN,N/A,DRY,DAYLIGHT,NO CONTROLS,No,POSSIBLE INJURY,NOT DISTRACTED,PASSENGER CAR,CHANGING LANES,East,East,35,2012,NISSAN,8,39.1,27,0
Property Damage Crash,12-09-2022 16:17,County,TWINBROOK PKWY,N/A,STRAIGHT MOVEMENT ANGLE,RAINING,WET,DARK LIGHTS ON,TRAFFIC SIGNAL,Yes,NO APPARENT INJURY,NOT DISTRACTED,PASSENGER CAR,MAKING RIGHT TURN,West,South,40,2004,TOYOTA,4,35.9,24.4,0
Property Damage Crash,12-09-2022 17:25,Maryland (State),ROCKVILLE PIKE,N/A,STRAIGHT MOVEMENT ANGLE,CLEAR,DRY,DARK LIGHTS ON,FLASHING TRAFFIC SIGNAL,Yes,NO APPARENT INJURY,NOT DISTRACTED,PASSENGER CAR,ACCELERATING,North,East,25,2006,TOYT,0,0,0,0
Injury Crash,12-09-2022 17:25,US (State),COLUMBIA PIKE,N/A,SAME DIR BOTH LEFT TURN,CLEAR,DRY,DAYLIGHT,NO CONTROLS,No,POSSIBLE INJURY,NOT DISTRACTED,PASSENGER CAR,MOVING CONSTANT SPEED,North,North,50,2005,TOYOTA,0,0,0,0
Injury Crash,12-09-2022 17:25,Maryland (State),DARNESTOWN RD,N/A,SINGLE VEHICLE,CLEAR,DRY,DAYLIGHT,NO CONTROLS,Yes,POSSIBLE INJURY,NOT DISTRACTED,PASSENGER CAR,MOVING CONSTANT SPEED,West,West,50,2015,TOYOTA,3.3,35.8,33.2,0
Property Damage Crash,12-09-2022 17:35,Maryland (State),NEW HAMPSHIRE AVE,N/A,SAME DIR REAR END,CLEAR,DRY,DAYLIGHT,TRAFFIC SIGNAL,No,NO APPARENT INJURY,NOT DISTRACTED,PASSENGER CAR,STOPPED IN TRAFFIC LANE,North,North,40,2017,NISSAN,0,0,0,0
Injury Crash,12-09-2022 17:35,US (State),GEORGIA AVE,N/A,HEAD ON,RAINING,WET,DAYLIGHT,NO CONTROLS,Yes,POSSIBLE INJURY,UNKNOWN,PASSENGER CAR,MOVING CONSTANT SPEED,North,North,35,2019,TOYOTA,14.6,174,47.8,0
Injury Crash,12-09-2022 17:46,County,CEDAR LA,N/A,STRAIGHT MOVEMENT ANGLE,CLOUDY,DRY,DARK LIGHTS ON,TRAFFIC SIGNAL,Yes,NO APPARENT INJURY,UNKNOWN,PASSENGER CAR,MAKING LEFT TURN,North,North,25,2017,MAZDA,0,0,0,0
Property Damage Crash,12-09-2022 17:46,County,SHADY GROVE RD,N/A,SAME DIR BOTH LEFT TURN,CLEAR,DRY,DAYLIGHT,TRAFFIC SIGNAL,Yes,NO APPARENT INJURY,LOOKED BUT DID NOT SEE,PASSENGER CAR,MAKING LEFT TURN,South,South,35,2016,LEXUS,12.2,65.3,58.1,0
Property Damage Crash,12-09-2022 18:00,Maryland (State),CLOPPER RD,N/A,OTHER,CLEAR,N/A,DARK LIGHTS ON,NO CONTROLS,No,NO APPARENT INJURY,NOT DISTRACTED,PASSENGER CAR,MOVING CONSTANT SPEED,West,West,45,2011,VOLKSWAGON,7.7,43.9,26.5,0
Property Damage Crash,12-09-2022 18:00,County,BRIERLY RD,N/A,SAME DIRECTION SIDESWIPE,CLEAR,DRY,DAYLIGHT,NO CONTROLS,Yes,NO APPARENT INJURY,UNKNOWN,PICKUP TRUCK,MOVING CONSTANT SPEED,East,East,25,2010,FORD,14.3,65.2,57.8,0
Injury Crash,12-09-2022 18:56,County,NORBECK RD,N/A,STRAIGHT MOVEMENT ANGLE,CLEAR,DRY,DAYLIGHT,TRAFFIC SIGNAL,No,POSSIBLE INJURY,NOT DISTRACTED,PASSENGER CAR,MOVING CONSTANT SPEED,West,West,45,2008,NISS,0,0,0,0
Property Damage Crash,12-09-2022 18:56,County,SOUTHLAWN LA,ROCKVILLE,HEAD ON LEFT TURN,RAINING,WET,DAYLIGHT,STOP SIGN,Yes,NO APPARENT INJURY,LOOKED BUT DID NOT SEE,TRUCK TRACTOR,MAKING LEFT TURN,West,North,30,2012,FRHT,3.2,53.8,49.9,0
Property Damage Crash,12-09-2022 19:16,Maryland (State),BEALLSVILLE RD,N/A,SAME DIRECTION SIDESWIPE,CLEAR,DRY,DAYLIGHT,STOP SIGN,No,NO APPARENT INJURY,NOT DISTRACTED,SCHOOL BUS,MAKING LEFT TURN,North,East,25,2011,THOMAS,10.4,276,32.6,0
Property Damage Crash,12-09-2022 19:51,County,CHERRY HILL RD,N/A,SAME DIR REAR END,RAINING,WET,DAYLIGHT,TRAFFIC SIGNAL,Yes,NO APPARENT INJURY,NOT DISTRACTED,PASSENGER CAR,SLOWING OR STOPPING,South,South,35,1998,HOND,4.9,59.8,47.3,0
Property Damage Crash,12-09-2022 19:51,County,CRABBS BRANCH WAY,N/A,SAME DIR REAR END,CLEAR,DRY,DAYLIGHT,NO CONTROLS,No,NO APPARENT INJURY,NOT DISTRACTED,PASSENGER CAR,SLOWING OR STOPPING,North,North,35,2013,CADILLAC,4.7,41.1,24,0
Property Damage Crash,12-09-2022 20:18,,,,HEAD ON,CLOUDY,,DAYLIGHT,N/A,Yes,NO APPARENT INJURY,NOT DISTRACTED,PASSENGER CAR,BACKING,West,West,5,2009,DODGE,4.4,40.8,35.6,0
Property Damage Crash,12-09-2022 20:18,Maryland (State),RIVER RD,N/A,SINGLE VEHICLE,CLEAR,DRY,DAYLIGHT,NO CONTROLS,Yes,NO APPARENT INJURY,INATTENTIVE OR LOST IN THOUGHT,(SPORT) UTILITY VEHICLE,MOVING CONSTANT SPEED,West,West,40,2017,HYUND,0,0,0,0
Property Damage Crash,12-09-2022 20:49,County,SHADY GROVE RD,N/A,STRAIGHT MOVEMENT ANGLE,CLEAR,DRY,DAYLIGHT,TRAFFIC SIGNAL,No,NO APPARENT INJURY,NOT DISTRACTED,PASSENGER CAR,MOVING CONSTANT SPEED,West,West,30,2008,TOYOTA,10.3,167,44.5,0
Property Damage Crash,12-09-2022 20:49,Municipality,E MIDDLE LA,ROCKVILLE,STRAIGHT MOVEMENT ANGLE,RAINING,WET,DAYLIGHT,STOP SIGN,No,NO APPARENT INJURY,UNKNOWN,(SPORT) UTILITY VEHICLE,MOVING CONSTANT SPEED,East,East,25,2015,KIA,8.6,48.6,44.2,0.05
Injury Crash,12-09-2022 20:56,,,,HEAD ON LEFT TURN,CLEAR,,DAYLIGHT,STOP SIGN,Yes,NO APPARENT INJURY,OTHER CELLULAR PHONE RELATED,STATION WAGON,MAKING LEFT TURN,East,South,25,2013,GMC,2.1,128,21.5,0
Injury Crash,12-09-2022 21:06,Maryland (State),UNIVERSITY BLVD W,N/A,STRAIGHT MOVEMENT ANGLE,CLOUDY,WET,DAYLIGHT,TRAFFIC SIGNAL,Yes,NO APPARENT INJURY,NOT DISTRACTED,PASSENGER CAR,ACCELERATING,West,West,40,2002,HONDA,9.8,39.9,26.6,0
Property Damage Crash,12-09-2022 21:06,Maryland (State),16TH ST,N/A,SAME DIRECTION SIDESWIPE,RAINING,WET,DARK LIGHTS ON,NO CONTROLS,No,NO APPARENT INJURY,NOT DISTRACTED,(SPORT) UTILITY VEHICLE,MOVING CONSTANT SPEED,South,South,25,2020,TESLA,0,0,0,0
Property Damage Crash,12-09-2022 23:10,Municipality,PARK RD,ROCKVILLE,SAME DIRECTION SIDESWIPE,CLEAR,WET,DAYLIGHT,TRAFFIC SIGNAL,Unknown,NO APPARENT INJURY,NOT DISTRACTED,"CARGO VAN/LIGHT TRUCK 2 AXLES (OVER 10,000LBS (4,536 KG))",ACCELERATING,West,West,25,2007,STER,1.6,126,28.7,0
Injury Crash,12-09-2022 23:44,,,,OTHER,RAINING,,DARK LIGHTS ON,N/A,Yes,NO APPARENT INJURY,NOT DISTRACTED,PASSENGER CAR,MOVING CONSTANT SPEED,Unknown,Unknown,10,0,UNKNOWN,8.6,310,43.4,0
Injury Crash,12-09-2022 23:44,Maryland (State),EAST WEST HWY,N/A,SAME DIR REAR END,CLOUDY,DRY,DAYLIGHT,NO CONTROLS,No,NO APPARENT INJURY,NOT DISTRACTED,PASSENGER CAR,SLOWING OR STOPPING,West,West,35,2008,HONDA,0,0,0,0
Injury Crash,12-09-2022 23:50,,SOUTH LESIURE WORLD,N/A,OTHER,CLEAR,DRY,DAYLIGHT,N/A,Unknown,POSSIBLE INJURY,NOT DISTRACTED,PASSENGER CAR,MAKING LEFT TURN,East,South,30,2013,TOYOTA,7.9,326,20.7,0
Property Damage Crash,12-09-2022 23:50,County,RANDOLPH RD,N/A,OTHER,CLEAR,DRY,DAWN,NO CONTROLS,Yes,NO APPARENT INJURY,UNKNOWN,PICKUP TRUCK,CHANGING LANES,West,West,35,1999,FORD,6.4,41.8,32.2,0