ACRS Report Type,Date and Time,Route Type,Road Name,Municipality,Collision Type,Weather,Surface Condition,Light,Traffic Control,Driver At Fault,Injury Severity,Driver Distracted By,Vehicle Body Type,Vehicle Movement,Vehicle Continuing Dir,Vehicle Going Dir,Speed Limit,Vehicle Year,Vehicle Make,Wind Speed (MPH),TMP10-DK ,Relative Humidity (%),Rain (Inches)
Property Damage Crash,01-10-2022 01:54,Municipality,SCHOOL DR,N/A,STRAIGHT MOVEMENT ANGLE,CLEAR,DRY,DAYLIGHT,STOP SIGN,Yes,NO APPARENT INJURY,INATTENTIVE OR LOST IN THOUGHT,PASSENGER CAR,MAKING RIGHT TURN,East,East,25,2015,MAZDA,8.2,38.4,14.6,0
Property Damage Crash,01-10-2022 01:54,Maryland (State),MONTGOMERY VILLAGE AVE,GAITHERSBURG,SAME DIRECTION SIDESWIPE,CLEAR,DRY,DARK LIGHTS ON,TRAFFIC SIGNAL,Yes,NO APPARENT INJURY,NOT DISTRACTED,PASSENGER CAR,ACCELERATING,East,East,35,2016,HONDA,2.1,30,22.8,0
Injury Crash,01-10-2022 08:34,Maryland (State),GEORGIA AVE,N/A,SAME DIR REAR END,CLEAR,N/A,DUSK,NO CONTROLS,Yes,NO APPARENT INJURY,UNKNOWN,PASSENGER CAR,MOVING CONSTANT SPEED,North,North,40,2011,TOYT,5.8,144,43.7,0
Property Damage Crash,01-10-2022 08:34,County,WATERS LANDING DR,N/A,OPPOSITE DIRECTION SIDESWIPE,N/A,DRY,DAYLIGHT,N/A,No,NO APPARENT INJURY,NOT DISTRACTED,PASSENGER CAR,ACCELERATING,South,South,20,2016,MAZDA,0,0,0,0
Injury Crash,01-10-2022 09:15,Maryland (State),MUNCASTER MILL RD,N/A,SAME DIR REAR END,CLEAR,DRY,DAYLIGHT,TRAFFIC SIGNAL,No,NO APPARENT INJURY,NOT DISTRACTED,PASSENGER CAR,MOVING CONSTANT SPEED,East,East,35,1995,TOYOTA,0,0,0,0
Injury Crash,01-10-2022 09:15,County,MIDDLEBROOK RD,N/A,STRAIGHT MOVEMENT ANGLE,CLEAR,DRY,DAYLIGHT,STOP SIGN,Yes,NO APPARENT INJURY,INATTENTIVE OR LOST IN THOUGHT,PASSENGER CAR,MOVING CONSTANT SPEED,West,West,35,2012,FORD,1.3,68,39.3,0
Injury Crash,01-10-2022 09:26,Maryland (State),GEORGIA AVE,N/A,SAME DIR REAR END,CLEAR,DRY,DAYLIGHT,TRAFFIC SIGNAL,No,SUSPECTED MINOR INJURY,NOT DISTRACTED,PASSENGER CAR,STOPPED IN TRAFFIC LANE,North,North,50,2015,ACURA,9,49.5,42.9,0
Injury Crash,01-10-2022 09:26,Maryland (State),DARNESTOWN RD,N/A,OTHER,CLEAR,DRY,DAYLIGHT,NO CONTROLS,Yes,NO APPARENT INJURY,NOT DISTRACTED,PASSENGER CAR,MOVING CONSTANT SPEED,West,West,40,2008,CHEV,3.6,208,23.1,0
Injury Crash,01-10-2022 10:07,County,BONIFANT RD,N/A,STRAIGHT MOVEMENT ANGLE,CLEAR,DRY,DAYLIGHT,STOP SIGN,No,POSSIBLE INJURY,NOT DISTRACTED,PASSENGER CAR,MOVING CONSTANT SPEED,West,West,35,2008,HONDA,7.8,280,25.2,0
Property Damage Crash,01-10-2022 10:07,Maryland (State),ETHAN ALLEN AVE,N/A,SAME DIRECTION SIDESWIPE,CLEAR,DRY,DARK LIGHTS ON,TRAFFIC SIGNAL,No,NO APPARENT INJURY,NOT DISTRACTED,PASSENGER CAR,ACCELERATING,West,West,25,2019,FORD,1.9,36.5,24.4,0
Property Damage Crash,01-10-2022 10:18,County,VALLEYWOOD DR,N/A,SAME DIRECTION SIDESWIPE,CLEAR,DRY,DAYLIGHT,N/A,Yes,NO APPARENT INJURY,NOT DISTRACTED,PASSENGER CAR,PASSING,South,South,15,2009,TOYT,4.2,331,23.5,0
Property Damage Crash,01-10-2022 10:18,Maryland (State),GEORGIA AVE,N/A,STRAIGHT MOVEMENT ANGLE,RAINING,WET,DARK LIGHTS ON,TRAFFIC SIGNAL,Yes,NO APPARENT INJURY,NOT DISTRACTED,PASSENGER CAR,ACCELERATING,North,North,35,2009,KIA,0,0,0,0
Property Damage Crash,01-10-2022 10:35,,,,OTHER,N/A,,DARK LIGHTS ON,N/A,No,NO APPARENT INJURY,NOT DISTRACTED,PASSENGER CAR,PARKED,,,0,2014,HONDA,7.1,179,13.6,0
Injury Crash,01-10-2022 10:35,County,PLUMMER DR,N/A,SINGLE VEHICLE,CLOUDY,DRY,DARK LIGHTS ON,N/A,Yes,SUSPECTED MINOR INJURY,OTHER DISTRACTION,PASSENGER CAR,MOVING CONSTANT SPEED,West,West,30,2003,HONDA,0,0,0,0
Property Damage Crash,01-10-2022 11:18,County,SERPENTINE WAY,N/A,OTHER,N/A,N/A,DARK LIGHTS ON,TRAFFIC SIGNAL,No,NO APPARENT INJURY,NOT DISTRACTED,PASSENGER CAR,STOPPED IN TRAFFIC LANE,East,North,25,2015,HONDA,1.4,83,28.7,0
Injury Crash,01-10-2022 11:18,County,RANDOLPH RD,N/A,SAME DIRECTION SIDESWIPE,RAINING,WET,DAYLIGHT,TRAFFIC SIGNAL,No,NO APPARENT INJURY,NOT DISTRACTED,PASSENGER CAR,MOVING CONSTANT SPEED,West,West,40,2023,TOYOTA,0,0,0,0
Property Damage Crash,01-10-2022 11:18,Maryland (State),NEW HAMPSHIRE AVE,N/A,SAME DIR REAR END,CLOUDY,DRY,DAYLIGHT,NO CONTROLS,No,NO APPARENT INJURY,NOT DISTRACTED,PASSENGER CAR,SLOWING OR STOPPING,South,South,30,2004,TOYT,13.3,307,22.7,0
Property Damage Crash,01-10-2022 11:18,US (State),COLUMBIA PIKE,N/A,SAME DIR REAR END,CLEAR,DRY,DAYLIGHT,TRAFFIC SIGNAL,Yes,NO APPARENT INJURY,INATTENTIVE OR LOST IN THOUGHT,PASSENGER CAR,MOVING CONSTANT SPEED,South,South,50,1998,TOYT,0,0,0,0
Property Damage Crash,01-10-2022 11:50,County,CENTURY BLVD,N/A,SAME DIR REAR END,CLEAR,DRY,DAYLIGHT,TRAFFIC SIGNAL,Yes,NO APPARENT INJURY,UNKNOWN,PASSENGER CAR,BACKING,East,West,25,2013,NISSAN,3.5,113,28.9,0
Property Damage Crash,01-10-2022 11:50,,,,SINGLE VEHICLE,N/A,,DARK LIGHTS ON,N/A,Yes,NO APPARENT INJURY,NOT DISTRACTED,AMBULANCE/NON EMERGENCY,BACKING,West,West,15,2016,FRHT,1.4,44.8,37.5,0
Injury Crash,01-10-2022 12:00,Municipality,BALTIMORE RD,N/A,SINGLE VEHICLE,CLOUDY,WET,DAYLIGHT,TRAFFIC SIGNAL,Yes,NO APPARENT INJURY,UNKNOWN,PASSENGER CAR,MAKING LEFT TURN,West,West,25,2012,MERZ,4.8,358,30.3,0
Injury Crash,01-10-2022 12:25,Maryland (State),MUNCASTER MILL RD,N/A,OPPOSITE DIRECTION SIDESWIPE,CLEAR,DRY,DARK LIGHTS ON,NO CONTROLS,Yes,SUSPECTED MINOR INJURY,LOOKED BUT DID NOT SEE,PASSENGER CAR,MOVING CONSTANT SPEED,East,East,40,2001,FORD,0,0,0,0
Property Damage Crash,01-10-2022 12:25,County,BRANDERMILL DR,N/A,HEAD ON,CLEAR,DRY,DARK LIGHTS ON,NO CONTROLS,No,NO APPARENT INJURY,LOOKED BUT DID NOT SEE,VAN,STARTING FROM PARKED,North,North,30,2008,GMC,4.9,58,40.8,0
Property Damage Crash,01-10-2022 12:46,County,NICHOLSON LA,N/A,SAME DIR REAR END,CLEAR,DRY,DAYLIGHT,TRAFFIC SIGNAL,No,NO APPARENT INJURY,NOT DISTRACTED,PASSENGER CAR,SLOWING OR STOPPING,East,East,30,2009,VOLVO,0,0,0,0
Injury Crash,01-10-2022 12:46,Maryland (State),GEORGIA AVE,N/A,HEAD ON LEFT TURN,CLEAR,DRY,DARK LIGHTS ON,FLASHING TRAFFIC SIGNAL,No,SUSPECTED MINOR INJURY,NOT DISTRACTED,VAN,STOPPED IN TRAFFIC LANE,South,South,35,2005,CHEVROLET,0.8,18,20.5,0
Property Damage Crash,01-10-2022 14:18,County,WATKINS MILL RD,N/A,HEAD ON,CLOUDY,WET,DARK LIGHTS ON,N/A,Yes,NO APPARENT INJURY,UNKNOWN,PASSENGER CAR,MOVING CONSTANT SPEED,North,North,35,2015,TOYOTA,5.8,40.8,39.4,0.03
Injury Crash,01-10-2022 14:18,Maryland (State),FREDERICK RD,N/A,HEAD ON LEFT TURN,CLEAR,DRY,DARK LIGHTS ON,TRAFFIC SIGNAL,Unknown,NO APPARENT INJURY,UNKNOWN,PASSENGER CAR,MAKING LEFT TURN,West,North,40,1999,TOYOTA,10.3,185,37.7,0
Injury Crash,01-10-2022 14:39,Maryland (State),GEORGIA AVE,N/A,SAME DIR REAR END,CLEAR,DRY,DAYLIGHT,TRAFFIC SIGNAL,Yes,SUSPECTED SERIOUS INJURY,NOT DISTRACTED,(SPORT) UTILITY VEHICLE,MOVING CONSTANT SPEED,South,South,50,2012,KIA,8.8,358,17.7,0
Property Damage Crash,01-10-2022 14:39,,,,SAME DIR REAR END,N/A,,DAYLIGHT,NO CONTROLS,No,NO APPARENT INJURY,NOT DISTRACTED,PASSENGER CAR,BACKING,West,West,0,2010,HONDA,1.3,42.5,38.9,0
Injury Crash,01-10-2022 14:45,Maryland (State),OLNEY LAYTONSVILLE RD,N/A,ANGLE MEETS LEFT TURN,CLEAR,DRY,DAYLIGHT,STOP SIGN,Yes,NO APPARENT INJURY,LOOKED BUT DID NOT SEE,(SPORT) UTILITY VEHICLE,MAKING LEFT TURN,East,South,40,2006,CHRYSLER,2.9,36.5,35.5,0.05
Injury Crash,01-10-2022 14:45,County,WATKINS RD,N/A,STRAIGHT MOVEMENT ANGLE,CLOUDY,DRY,DAYLIGHT,NO CONTROLS,Yes,NO APPARENT INJURY,LOOKED BUT DID NOT SEE,(SPORT) UTILITY VEHICLE,MAKING LEFT TURN,East,South,30,2016,LINCOLN,0,0,0,0
Property Damage Crash,01-10-2022 14:46,,,,OTHER,UNKNOWN,,UNKNOWN,NO CONTROLS,Yes,NO APPARENT INJURY,NOT DISTRACTED,PICKUP TRUCK,BACKING,Unknown,Unknown,15,2001,CHEV,2.5,33.9,32.4,0
Injury Crash,01-10-2022 14:46,Maryland (State),GEORGIA AVE,N/A,HEAD ON LEFT TURN,CLEAR,N/A,DAYLIGHT,NO CONTROLS,Yes,NO APPARENT INJURY,NOT DISTRACTED,PASSENGER CAR,MAKING LEFT TURN,West,North,45,1999,FORD,0,0,0,0
Property Damage Crash,01-10-2022 14:57,US (State),GEORGIA AVE,N/A,SAME DIRECTION SIDESWIPE,CLEAR,DRY,DAYLIGHT,N/A,Yes,NO APPARENT INJURY,OTHER DISTRACTION,(SPORT) UTILITY VEHICLE,OTHER,South,South,30,2015,KIA,8.2,38.7,16.6,0
Injury Crash,01-10-2022 14:57,County,SHADY GROVE RD,N/A,STRAIGHT MOVEMENT ANGLE,CLEAR,DRY,DUSK,TRAFFIC SIGNAL,Yes,POSSIBLE INJURY,NOT DISTRACTED,(SPORT) UTILITY VEHICLE,MOVING CONSTANT SPEED,East,East,40,2009,SUBARU,11.9,199,41.2,0
Property Damage Crash,01-10-2022 15:37,US (State),GEORGIA AVE,N/A,SAME DIR REAR END,CLEAR,DRY,DAYLIGHT,NO CONTROLS,No,NO APPARENT INJURY,NOT DISTRACTED,PASSENGER CAR,STOPPED IN TRAFFIC LANE,South,South,25,2022,TOYOTA,4.9,59.8,47.2,0
Property Damage Crash,01-10-2022 15:37,Maryland (State),NORBECK RD,N/A,SINGLE VEHICLE,CLEAR,DRY,DAYLIGHT,NO CONTROLS,Yes,NO APPARENT INJURY,NOT DISTRACTED,PASSENGER CAR,MAKING RIGHT TURN,North,West,40,2016,AUDI,9.5,272,36,0
Property Damage Crash,01-10-2022 17:16,Municipality,HALPINE RD,ROCKVILLE,STRAIGHT MOVEMENT ANGLE,N/A,DRY,DAYLIGHT,TRAFFIC SIGNAL,Yes,NO APPARENT INJURY,NOT DISTRACTED,PASSENGER CAR,MOVING CONSTANT SPEED,West,West,25,2022,TOYOT,2,28.8,21.3,0
Injury Crash,01-10-2022 17:16,County,FAIRLAND RD,N/A,OTHER,RAINING,WET,DAYLIGHT,TRAFFIC SIGNAL,No,POSSIBLE INJURY,NOT DISTRACTED,PASSENGER CAR,STOPPED IN TRAFFIC LANE,North,West,35,2016,HYUNDAI,0,0,0,0
Property Damage Crash,01-10-2022 17:44,County,E GUDE DR,N/A,SAME DIR REAR END,CLEAR,WET,DAYLIGHT,NO CONTROLS,Yes,NO APPARENT INJURY,NOT DISTRACTED,(SPORT) UTILITY VEHICLE,MOVING CONSTANT SPEED,West,West,40,2016,FORD,3,132,43.3,0
Property Damage Crash,01-10-2022 17:44,Maryland (State),CAPITOL VIEW AVE,N/A,OPPOSITE DIRECTION SIDESWIPE,CLEAR,WET,DAYLIGHT,NO CONTROLS,Yes,NO APPARENT INJURY,UNKNOWN,PASSENGER CAR,MOVING CONSTANT SPEED,West,West,35,2013,HOND,2.1,33.6,26.8,0
Injury Crash,01-10-2022 18:14,Maryland (State),PHILADELPHIA AVE,TAKOMA PARK,OTHER,CLEAR,DRY,DAYLIGHT,NO CONTROLS,No,SUSPECTED MINOR INJURY,NOT DISTRACTED,(SPORT) UTILITY VEHICLE,MOVING CONSTANT SPEED,East,East,25,2008,KIA,0,0,0,0
Injury Crash,01-10-2022 18:14,Maryland (State),FREDERICK RD,N/A,SAME DIR REAR END,N/A,N/A,DARK LIGHTS ON,YIELD SIGN,No,POSSIBLE INJURY,NOT DISTRACTED,PASSENGER CAR,STOPPED IN TRAFFIC LANE,West,West,35,2015,HONDA,12.9,28.3,18,0
Injury Crash,01-10-2022 18:23,Maryland (State),OLNEY SANDY SPRING RD,N/A,SAME DIR REAR END,CLOUDY,WET,DAYLIGHT,NO CONTROLS,Yes,NO APPARENT INJURY,INATTENTIVE OR LOST IN THOUGHT,(SPORT) UTILITY VEHICLE,MOVING CONSTANT SPEED,East,East,25,2000,MERCEDES,3.8,43,39.2,0
Property Damage Crash,01-10-2022 18:26,County,MONTROSE RD,ROCKVILLE,SAME DIR REAR END,RAINING,WET,DAYLIGHT,TRAFFIC SIGNAL,Yes,NO APPARENT INJURY,UNKNOWN,(SPORT) UTILITY VEHICLE,MOVING CONSTANT SPEED,West,West,40,2017,CHEVROLET,8.3,49,27.8,0
Injury Crash,01-10-2022 18:40,US (State),GEORGIA AVE,N/A,SAME DIR REAR END,CLOUDY,WET,DAYLIGHT,TRAFFIC SIGNAL,Yes,SUSPECTED SERIOUS INJURY,OTHER DISTRACTION,(SPORT) UTILITY VEHICLE,MOVING CONSTANT SPEED,South,South,35,2005,TOYOTA,8.3,297,29.8,0
Injury Crash,01-10-2022 20:18,Maryland (State),UNIVERSITY BLVD W,N/A,STRAIGHT MOVEMENT ANGLE,CLEAR,DRY,DAYLIGHT,TRAFFIC SIGNAL,No,SUSPECTED MINOR INJURY,NOT DISTRACTED,PASSENGER CAR,MOVING CONSTANT SPEED,East,East,35,2008,CHRY,6,316,23,0
Property Damage Crash,01-10-2022 21:00,County,GRIDLEY RD,N/A,OPPOSITE DIR BOTH LEFT TURN,CLEAR,DRY,DAYLIGHT,STOP SIGN,Unknown,NO APPARENT INJURY,UNKNOWN,PASSENGER CAR,STARTING FROM LANE,South,South,25,2010,NISSAN,3.1,42,39.9,0
Injury Crash,01-10-2022 21:00,Maryland (State),MUNCASTER MILL RD,N/A,OPPOSITE DIRECTION SIDESWIPE,CLEAR,DRY,DAYLIGHT,N/A,Yes,SUSPECTED MINOR INJURY,NOT DISTRACTED,SNOWMOBILE,PASSING,West,West,35,2007,GMC,2.4,113,34,0
Property Damage Crash,01-10-2022 21:20,County,WASHINGTONIAN BLVD,N/A,STRAIGHT MOVEMENT ANGLE,CLEAR,DRY,DARK LIGHTS ON,NO CONTROLS,No,NO APPARENT INJURY,NOT DISTRACTED,PASSENGER CAR,MOVING CONSTANT SPEED,North,North,25,2009,VOLK,5.9,43.9,28.3,0
Injury Crash,01-10-2022 21:20,Maryland (State),UNIVERSITY BLVD E,N/A,OTHER,CLEAR,DRY,DAYLIGHT,TRAFFIC SIGNAL,Yes,NO APPARENT INJURY,NOT DISTRACTED,VAN,CHANGING LANES,South,West,40,2008,FORD,5.5,37.4,29.3,0
Property Damage Crash,01-10-2022 22:30,County,WOODMONT AVE,N/A,ANGLE MEETS LEFT HEAD ON,CLOUDY,DRY,DAYLIGHT,TRAFFIC SIGNAL,No,NO APPARENT INJURY,NOT DISTRACTED,PASSENGER CAR,STOPPED IN TRAFFIC LANE,North,North,25,2018,MINI,2.4,47.1,43.2,0
Injury Crash,02-10-2022 00:10,Maryland (State),UNIVERSITY BLVD W,N/A,SINGLE VEHICLE,RAINING,WET,DARK LIGHTS ON,TRAFFIC SIGNAL,Yes,NO APPARENT INJURY,LOOKED BUT DID NOT SEE,PASSENGER CAR,MAKING RIGHT TURN,East,North,30,2016,FORD,1.8,33.6,26.5,0
Property Damage Crash,02-10-2022 02:44,,,,OPPOSITE DIRECTION SIDESWIPE,CLEAR,,DAYLIGHT,NO CONTROLS,Yes,NO APPARENT INJURY,UNKNOWN,PASSENGER CAR,BACKING,South,South,25,2010,TOYOTA,0.9,36.5,21.7,0
Property Damage Crash,02-10-2022 06:28,County,ARLINGTON RD,N/A,HEAD ON LEFT TURN,CLEAR,DRY,DARK LIGHTS ON,NO CONTROLS,No,NO APPARENT INJURY,NOT DISTRACTED,PASSENGER CAR,MOVING CONSTANT SPEED,North,North,25,2015,AUDI,3.6,326,20.4,0
Property Damage Crash,02-10-2022 06:28,Maryland (State),NORBECK RD,N/A,HEAD ON LEFT TURN,CLEAR,DRY,DAYLIGHT,TRAFFIC SIGNAL,Yes,NO APPARENT INJURY,LOOKED BUT DID NOT SEE,PASSENGER CAR,MOVING CONSTANT SPEED,South,West,50,2000,NISSAN,4.7,123,26.6,0
Property Damage Crash,02-10-2022 07:59,County,PARKLAND DR,N/A,SAME DIR REAR END,CLEAR,DRY,DARK -- UNKNOWN LIGHTING,NO CONTROLS,Yes,NO APPARENT INJURY,NOT DISTRACTED,PASSENGER CAR,MOVING CONSTANT SPEED,North,North,25,2014,TOYOTA,5.4,179,28.9,0
Property Damage Crash,02-10-2022 07:59,,,,UNKNOWN,UNKNOWN,,DAYLIGHT,N/A,Yes,NO APPARENT INJURY,UNKNOWN,,UNKNOWN,Unknown,Unknown,10,0,UNKNOWN,5.3,39,26.6,0
Property Damage Crash,02-10-2022 09:37,,,,OTHER,CLEAR,,DAYLIGHT,NO CONTROLS,No,NO APPARENT INJURY,NOT DISTRACTED,SCHOOL BUS,PARKED,,,15,2018,THOMAS,3.5,146,35,0
Property Damage Crash,02-10-2022 10:04,County,ELLSWORTH DR,N/A,SAME DIR REAR END,CLEAR,DRY,DAYLIGHT,NO CONTROLS,Yes,NO APPARENT INJURY,NOT DISTRACTED,PASSENGER CAR,BACKING,North,North,25,2007,CHEVROLET,5.8,40,25.9,0
Property Damage Crash,02-10-2022 10:04,Maryland (State),ROCKVILLE PIKE,ROCKVILLE,SAME DIR REAR END,CLEAR,DRY,DARK NO LIGHTS,NO CONTROLS,No,NO APPARENT INJURY,NOT DISTRACTED,PASSENGER CAR,SLOWING OR STOPPING,North,North,40,2014,HYUNDIA,4.6,43.1,30.9,0
Property Damage Crash,02-10-2022 10:30,County,STRATHMORE ST,N/A,SINGLE VEHICLE,OTHER,ICE,DARK LIGHTS ON,NO CONTROLS,Yes,NO APPARENT INJURY,NOT DISTRACTED,(SPORT) UTILITY VEHICLE,MAKING RIGHT TURN,South,South,25,2004,MERC,0,0,0,0
Property Damage Crash,02-10-2022 10:30,,,,OTHER,CLEAR,,DAYLIGHT,NO CONTROLS,No,NO APPARENT INJURY,NOT DISTRACTED,PASSENGER CAR,PARKED,,,10,2008,BMW,0,0,0,0
Injury Crash,02-10-2022 10:30,Maryland (State),CLOPPER RD,N/A,SAME DIR REAR END,CLOUDY,DRY,DAYLIGHT,TRAFFIC SIGNAL,No,NO APPARENT INJURY,NOT DISTRACTED,PASSENGER CAR,STOPPED IN TRAFFIC LANE,South,South,35,2015,CHRY,6.4,324,30.1,0
Property Damage Crash,02-10-2022 10:58,County,RIDGE DR,N/A,OTHER,CLEAR,DRY,DAYLIGHT,NO CONTROLS,Yes,NO APPARENT INJURY,NOT DISTRACTED,TRANSIT BUS,MOVING CONSTANT SPEED,North,North,25,2014,GILLIG BUS,0,0,0,0
Property Damage Crash,02-10-2022 11:45,County,WOODMONT AVE,N/A,SAME DIRECTION LEFT TURN,CLEAR,DRY,DAYLIGHT,NO CONTROLS,Yes,NO APPARENT INJURY,INATTENTIVE OR LOST IN THOUGHT,PASSENGER CAR,MAKING LEFT TURN,South,South,25,2014,DODGE,0,0,0,0
Property Damage Crash,02-10-2022 11:45,County,SHADY GROVE RD,ROCKVILLE,STRAIGHT MOVEMENT ANGLE,CLEAR,DRY,DAYLIGHT,TRAFFIC SIGNAL,No,NO APPARENT INJURY,NOT DISTRACTED,PASSENGER CAR,MOVING CONSTANT SPEED,North,North,40,2017,CHEVY,2.6,215,39.7,0
Injury Crash,02-10-2022 11:45,Maryland (State),GEORGIA AVE,N/A,SAME DIR REAR END,CLOUDY,DRY,DAYLIGHT,TRAFFIC SIGNAL,Yes,POSSIBLE INJURY,LOOKED BUT DID NOT SEE,PASSENGER CAR,MOVING CONSTANT SPEED,South,South,50,2006,HONDA,0,0,0,0
Injury Crash,02-10-2022 12:40,US (State),COLUMBIA PIKE,N/A,SAME DIR REAR END,N/A,DRY,DARK LIGHTS ON,NO CONTROLS,Yes,POSSIBLE INJURY,INATTENTIVE OR LOST IN THOUGHT,PASSENGER CAR,MOVING CONSTANT SPEED,North,North,50,2021,VOLKSWAGEN,1.3,45.5,41.5,0
Property Damage Crash,02-10-2022 12:40,,,,SAME DIR BOTH LEFT TURN,CLEAR,,DAYLIGHT,N/A,Yes,NO APPARENT INJURY,UNKNOWN,PASSENGER CAR,STARTING FROM PARKED,North,North,15,2010,KIA,0,0,0,0
Property Damage Crash,02-10-2022 14:01,Maryland (State),RIDGE RD,N/A,SAME DIR REAR END,CLEAR,DRY,DAYLIGHT,NO CONTROLS,No,NO APPARENT INJURY,NOT DISTRACTED,POLICE VEHICLE/NON EMERGENCY,STOPPED IN TRAFFIC LANE,North,North,40,2008,FORD,1.8,36,26.1,0
Injury Crash,02-10-2022 14:01,Maryland (State),FREDERICK RD,GAITHERSBURG,SAME DIR REAR END,CLOUDY,DRY,DAYLIGHT,TRAFFIC SIGNAL,No,POSSIBLE INJURY,NOT DISTRACTED,PASSENGER CAR,STOPPED IN TRAFFIC LANE,North,North,35,2007,TOYOTA,4.9,41.1,29.5,0
Property Damage Crash,02-10-2022 14:10,,,,OTHER,CLEAR,,DAYLIGHT,NO CONTROLS,No,NO APPARENT INJURY,NOT DISTRACTED,(SPORT) UTILITY VEHICLE,PARKING,Unknown,Unknown,0,2017,GMC,4.2,264,37.8,0
Property Damage Crash,02-10-2022 14:10,Maryland (State),RIDGE RD,N/A,STRAIGHT MOVEMENT ANGLE,CLEAR,DRY,DARK LIGHTS ON,STOP SIGN,Yes,NO APPARENT INJURY,LOOKED BUT DID NOT SEE,(SPORT) UTILITY VEHICLE,STARTING FROM LANE,South,West,30,2005,CHEV,0,0,0,0
Property Damage Crash,02-10-2022 15:42,Maryland (State),ROCKVILLE PIKE,N/A,SAME DIRECTION LEFT TURN,CLEAR,DRY,DAYLIGHT,TRAFFIC SIGNAL,Yes,NO APPARENT INJURY,NOT DISTRACTED,PASSENGER CAR,CHANGING LANES,North,North,35,2006,NISSAN,0,0,0,0
Injury Crash,02-10-2022 15:42,Maryland (State),FREDERICK RD,N/A,SAME DIR REAR END,CLEAR,DRY,DAYLIGHT,TRAFFIC SIGNAL,Yes,NO APPARENT INJURY,UNKNOWN,,MOVING CONSTANT SPEED,North,North,40,0,UNKNOWN,11.6,303,27,0
Property Damage Crash,02-10-2022 16:19,Maryland (State),GEORGIA AVE,N/A,SAME DIR REAR END,CLEAR,DRY,DAYLIGHT,TRAFFIC SIGNAL,Yes,NO APPARENT INJURY,UNKNOWN,PICKUP TRUCK,SLOWING OR STOPPING,North,North,35,1994,FORD,11.7,33.9,21.2,0
Property Damage Crash,02-10-2022 16:42,County,RANDOLPH RD,N/A,STRAIGHT MOVEMENT ANGLE,CLEAR,DRY,DAYLIGHT,N/A,Yes,NO APPARENT INJURY,LOOKED BUT DID NOT SEE,PASSENGER CAR,MOVING CONSTANT SPEED,South,South,25,2003,FORD,7.3,140,41.6,0
Property Damage Crash,02-10-2022 16:42,County,KINGSVIEW RD,N/A,SAME DIR REAR END,CLOUDY,DRY,DARK LIGHTS ON,NO CONTROLS,No,NO APPARENT INJURY,NOT DISTRACTED,PASSENGER CAR,SLOWING OR STOPPING,North,North,30,2014,FORD,4.4,82,30.8,0
Property Damage Crash,02-10-2022 16:58,County,EDGEMOOR LA,N/A,OTHER,CLEAR,DRY,DAYLIGHT,NO CONTROLS,No,NO APPARENT INJURY,NOT DISTRACTED,VAN,OTHER,East,East,25,2015,FORD,4.3,31.4,16.8,0
Injury Crash,02-10-2022 18:31,County,SLIGO AVE,N/A,SAME DIR REAR END,CLEAR,DRY,DARK LIGHTS ON,NO CONTROLS,No,NO APPARENT INJURY,NOT DISTRACTED,PASSENGER CAR,STOPPED IN TRAFFIC LANE,West,West,25,2018,TOYOTA,1.8,37.3,32.2,0
Injury Crash,02-10-2022 18:31,County,E JEFFERSON ST,N/A,SAME DIR REAR END,CLEAR,DRY,DAYLIGHT,N/A,No,NO APPARENT INJURY,NOT DISTRACTED,VAN,STOPPED IN TRAFFIC LANE,North,North,35,2007,TOYOTA,3.3,225,32.3,0
Property Damage Crash,02-10-2022 18:32,,BEL PRE ROAD,N/A,ANGLE MEETS LEFT TURN,CLEAR,DRY,DAYLIGHT,NO CONTROLS,Yes,NO APPARENT INJURY,LOOKED BUT DID NOT SEE,PASSENGER CAR,MOVING CONSTANT SPEED,West,North,40,2020,TOYOTA,0,0,0,0
Property Damage Crash,02-10-2022 18:45,County,WEST OLD BALTIMORE RD,N/A,SINGLE VEHICLE,RAINING,WET,DARK NO LIGHTS,N/A,No,NO APPARENT INJURY,NOT DISTRACTED,POLICE VEHICLE/NON EMERGENCY,MOVING CONSTANT SPEED,East,East,35,2014,FORD,9,328,-3.7,0
Injury Crash,02-10-2022 18:45,Maryland (State),GEORGIA AVE,N/A,SAME DIR REAR END,CLEAR,DRY,DAYLIGHT,NO CONTROLS,No,POSSIBLE INJURY,NOT DISTRACTED,PASSENGER CAR,SLOWING OR STOPPING,North,North,35,2005,BMW,0,0,0,0
Property Damage Crash,02-10-2022 19:28,County,MONTGOMERY VILLAGE AVE,N/A,STRAIGHT MOVEMENT ANGLE,CLEAR,DRY,DARK LIGHTS ON,TRAFFIC SIGNAL,Yes,NO APPARENT INJURY,NOT DISTRACTED,PASSENGER CAR,ACCELERATING,East,East,35,2016,NISS,0,0,0,0
Property Damage Crash,02-10-2022 19:28,County,BROADBIRCH DR,N/A,OTHER,CLEAR,DRY,DARK LIGHTS ON,STOP SIGN,Yes,NO APPARENT INJURY,NOT DISTRACTED,PASSENGER CAR,MAKING LEFT TURN,South,West,30,2019,NISSAN,5.5,46.1,23.3,0
Property Damage Crash,02-10-2022 21:11,,,,SAME DIRECTION SIDESWIPE,CLEAR,,DAYLIGHT,N/A,Yes,NO APPARENT INJURY,UNKNOWN,PASSENGER CAR,STARTING FROM LANE,East,North,15,2020,CHEVY,0,0,0,0
Property Damage Crash,03-10-2022 05:50,Maryland (State),UNIVERSITY BLVD W,N/A,HEAD ON LEFT TURN,N/A,DRY,DUSK,TRAFFIC SIGNAL,Yes,NO APPARENT INJURY,LOOKED BUT DID NOT SEE,PICKUP TRUCK,MOVING CONSTANT SPEED,West,West,40,2001,GMC,6.8,41.6,33,0