ACRS Report Type,Date and Time,Route Type,Road Name,Municipality,Collision Type,Weather,Surface Condition,Light,Traffic Control,Driver At Fault,Injury Severity,Driver Distracted By,Vehicle Body Type,Vehicle Movement,Vehicle Continuing Dir,Vehicle Going Dir,Speed Limit,Vehicle Year,Vehicle Make,Wind Speed (MPH),TMP10-DK ,Relative Humidity (%),Rain (Inches)
Property Damage Crash,03-10-2022 06:29,Maryland (State),WOODFIELD RD,N/A,HEAD ON LEFT TURN,CLEAR,DRY,DAYLIGHT,TRAFFIC SIGNAL,Yes,NO APPARENT INJURY,NOT DISTRACTED,PASSENGER CAR,MAKING LEFT TURN,East,South,35,2012,CHEV,0,0,0,0
Injury Crash,03-10-2022 06:29,Maryland (State),CONNECTICUT AVE,N/A,SAME DIR REAR END,FOGGY,WET,DARK LIGHTS ON,TRAFFIC SIGNAL,No,NO APPARENT INJURY,NOT DISTRACTED,PASSENGER CAR,SLOWING OR STOPPING,North,North,40,2017,HOND,0,0,0,0
Injury Crash,03-10-2022 06:30,Maryland (State),ROCKVILLE PIKE,ROCKVILLE,STRAIGHT MOVEMENT ANGLE,RAINING,WET,DARK LIGHTS ON,TRAFFIC SIGNAL,No,POSSIBLE INJURY,NOT DISTRACTED,VAN,MOVING CONSTANT SPEED,North,North,40,2018,NISS,0,0,0,0
Property Damage Crash,03-10-2022 06:30,US (State),COLUMBIA PIKE,N/A,SAME DIR REAR END,N/A,DRY,DAYLIGHT,N/A,Yes,NO APPARENT INJURY,NOT DISTRACTED,VAN,SLOWING OR STOPPING,North,North,55,2001,GMC,8.6,323,20.2,0
Property Damage Crash,03-10-2022 06:48,County,GOSHEN RD,N/A,HEAD ON LEFT TURN,CLEAR,DRY,DARK LIGHTS ON,TRAFFIC SIGNAL,Yes,NO APPARENT INJURY,UNKNOWN,PASSENGER CAR,MAKING LEFT TURN,North,East,40,2013,HOND,3.3,51.2,40.9,0
Injury Crash,03-10-2022 07:43,Maryland (State),CLARKSBURG RD,N/A,SINGLE VEHICLE,N/A,WET,DAYLIGHT,NO CONTROLS,Yes,SUSPECTED MINOR INJURY,UNKNOWN,PASSENGER CAR,MOVING CONSTANT SPEED,East,East,40,1999,BMW,5.2,38,21.5,0
Injury Crash,03-10-2022 07:43,County,FOREST GLEN RD,N/A,SAME DIR REAR END,CLEAR,DRY,DAYLIGHT,TRAFFIC SIGNAL,Yes,SUSPECTED MINOR INJURY,UNKNOWN,PASSENGER CAR,MOVING CONSTANT SPEED,East,East,35,2019,FORD,8,288,32.6,0
Property Damage Crash,03-10-2022 07:46,County,WATKINS MILL RD,N/A,SAME DIR REAR END,CLOUDY,DRY,DAYLIGHT,NO CONTROLS,Yes,NO APPARENT INJURY,UNKNOWN,UNKNOWN,SLOWING OR STOPPING,West,West,35,0,UNKNOWN,4.4,278,29.3,0
Injury Crash,03-10-2022 07:46,Maryland (State),UNIVERSITY BLVD W,N/A,SAME DIRECTION SIDESWIPE,CLEAR,DRY,DAYLIGHT,TRAFFIC SIGNAL,No,POSSIBLE INJURY,NOT DISTRACTED,"OTHER LIGHT TRUCKS (10,000LBS (4,536KG) OR LESS)",MOVING CONSTANT SPEED,West,West,35,2006,CHEVROLET,,,,
Injury Crash,03-10-2022 07:49,Maryland (State),NEW HAMPSHIRE AVE,N/A,SAME DIR REAR END,RAINING,WET,DAYLIGHT,NO CONTROLS,No,NO APPARENT INJURY,NOT DISTRACTED,PASSENGER CAR,STOPPED IN TRAFFIC LANE,North,North,40,2006,NISSAN,9.3,176,3.4,0
Property Damage Crash,03-10-2022 07:49,Maryland (State),GEORGIA AVE,N/A,STRAIGHT MOVEMENT ANGLE,CLEAR,DRY,DAYLIGHT,NO CONTROLS,Yes,NO APPARENT INJURY,LOOKED BUT DID NOT SEE,SCHOOL BUS,MAKING LEFT TURN,North,East,35,2019,THMS,1.6,27,39,0
Injury Crash,03-10-2022 07:49,Interstate (State),CAPITAL BELTWAY,N/A,SAME DIR REAR END,CLEAR,DRY,DAYLIGHT,N/A,No,NO APPARENT INJURY,NOT DISTRACTED,PASSENGER CAR,SLOWING OR STOPPING,West,West,55,2021,SUBARU,0,0,0,0
Property Damage Crash,03-10-2022 07:50,County,RANDOLPH RD,N/A,SAME DIR REAR END,RAINING,WET,DARK LIGHTS ON,NO CONTROLS,No,NO APPARENT INJURY,UNKNOWN,PASSENGER CAR,MOVING CONSTANT SPEED,East,East,35,2005,HOND,1.9,108,27.1,0
Property Damage Crash,03-10-2022 08:20,Maryland (State),OLNEY SANDY SPRING RD,N/A,SAME DIR REND RIGHT TURN,CLEAR,DRY,DAYLIGHT,N/A,No,NO APPARENT INJURY,NOT DISTRACTED,PICKUP TRUCK,MAKING RIGHT TURN,North,West,30,2012,FORD,12.8,171,37,0
Injury Crash,03-10-2022 08:20,Maryland (State),W MONTGOMERY AVE,ROCKVILLE,SAME DIR REAR END,CLEAR,DRY,DAYLIGHT,NO CONTROLS,No,NO APPARENT INJURY,NOT DISTRACTED,PASSENGER CAR,SLOWING OR STOPPING,East,East,45,2018,ACURA,2.7,112,31.2,0
Injury Crash,03-10-2022 08:25,County,GREENTREE RD,N/A,OTHER,CLEAR,DRY,DAYLIGHT,NO CONTROLS,Yes,SUSPECTED MINOR INJURY,UNKNOWN,PASSENGER CAR,MOVING CONSTANT SPEED,West,West,25,2009,HYUNDAI,0,0,0,0
Property Damage Crash,03-10-2022 08:25,Maryland (State),GEORGIA AVE,N/A,SAME DIR REAR END,CLEAR,DRY,DAYLIGHT,TRAFFIC SIGNAL,No,NO APPARENT INJURY,NOT DISTRACTED,PASSENGER CAR,SLOWING OR STOPPING,North,North,45,2017,SUBARU,4.1,142,41.8,0
Property Damage Crash,03-10-2022 08:30,Maryland (State),GEORGIA AVE,N/A,SAME DIR REAR END,CLEAR,DRY,DARK LIGHTS ON,TRAFFIC SIGNAL,Yes,NO APPARENT INJURY,NOT DISTRACTED,PASSENGER CAR,MOVING CONSTANT SPEED,North,North,35,2011,FORD,2.4,325,18.4,0
Property Damage Crash,03-10-2022 08:30,County,OAK LEAF DR,N/A,STRAIGHT MOVEMENT ANGLE,CLEAR,DRY,DARK LIGHTS ON,STOP SIGN,Unknown,NO APPARENT INJURY,NOT DISTRACTED,PASSENGER CAR,MAKING RIGHT TURN,South,East,25,2006,TOYT,2.1,51,42.6,0
Injury Crash,03-10-2022 08:56,Maryland (State),QUINCE ORCHARD RD,N/A,HEAD ON LEFT TURN,N/A,DRY,DAYLIGHT,TRAFFIC SIGNAL,No,NO APPARENT INJURY,NOT DISTRACTED,PASSENGER CAR,MOVING CONSTANT SPEED,North,North,40,2022,TOYOTA,4.3,239,57.8,0
Property Damage Crash,03-10-2022 08:56,Interstate (State),CAPITAL BELTWAY,N/A,SAME DIR REAR END,CLEAR,DRY,DARK LIGHTS ON,NO CONTROLS,Unknown,NO APPARENT INJURY,DISTRACTED BY OUTSIDE PERSON OBJECT OR EVENT,PASSENGER CAR,SLOWING OR STOPPING,North,North,55,2003,HONDA,2,27.3,21.9,0
Property Damage Crash,03-10-2022 10:50,Maryland (State),OLD GEORGETOWN RD,N/A,OTHER,CLEAR,DRY,DAYLIGHT,NO CONTROLS,Unknown,NO APPARENT INJURY,NOT DISTRACTED,OTHER BUS,MOVING CONSTANT SPEED,North,North,25,2013,FORD,0,0,0,0
Property Damage Crash,03-10-2022 11:41,Interstate (State),EISENHOWER MEMORIAL HWY,N/A,SAME DIRECTION SIDESWIPE,CLEAR,DRY,DAYLIGHT,N/A,No,NO APPARENT INJURY,NOT DISTRACTED,(SPORT) UTILITY VEHICLE,MOVING CONSTANT SPEED,South,South,55,2015,AUDI,5.4,50.5,38.1,0
Injury Crash,03-10-2022 11:41,Maryland (State),NEW HAMPSHIRE AVE,N/A,OTHER,CLEAR,DRY,DAYLIGHT,TRAFFIC SIGNAL,Unknown,POSSIBLE INJURY,NOT DISTRACTED,(SPORT) UTILITY VEHICLE,MAKING LEFT TURN,South,West,40,2016,FORD,1.7,118,20.1,0
Property Damage Crash,03-10-2022 12:20,County,TWINBROOK PKWY,N/A,SAME DIR REAR END,CLEAR,DRY,DAYLIGHT,N/A,Yes,NO APPARENT INJURY,UNKNOWN,STATION WAGON,SLOWING OR STOPPING,North,North,35,2015,TOYOTA,10.8,308,32.6,0
Property Damage Crash,03-10-2022 12:20,US (State),COLUMBIA PIKE,N/A,SAME DIR REAR END,CLEAR,DRY,DAYLIGHT,TRAFFIC SIGNAL,Yes,NO APPARENT INJURY,NOT DISTRACTED,SCHOOL BUS,SLOWING OR STOPPING,North,North,55,2018,FRHT,3.3,58.9,39.1,0
Injury Crash,03-10-2022 12:59,County,CONNECTICUT AVE,N/A,SAME DIR REAR END,CLEAR,DRY,DAYLIGHT,NO CONTROLS,Yes,NO APPARENT INJURY,UNKNOWN,PASSENGER CAR,MOVING CONSTANT SPEED,South,South,30,2001,VOLKSWAGON,12.2,35.1,24.5,0
Property Damage Crash,03-10-2022 12:59,Maryland (State),GEORGIA AVE,N/A,STRAIGHT MOVEMENT ANGLE,N/A,N/A,DAYLIGHT,TRAFFIC SIGNAL,No,NO APPARENT INJURY,NOT DISTRACTED,PASSENGER CAR,MOVING CONSTANT SPEED,North,North,45,2006,CHRYSTLER,12.3,174,31,0
Property Damage Crash,03-10-2022 13:56,Maryland (State),16TH ST,N/A,ANGLE MEETS RIGHT TURN,CLEAR,DRY,DUSK,TRAFFIC SIGNAL,Yes,NO APPARENT INJURY,UNKNOWN,PASSENGER CAR,RIGHT TURN ON RED,South,East,35,2006,BMW,0,0,0,0
Injury Crash,03-10-2022 13:56,County,SHADY GROVE RD,N/A,STRAIGHT MOVEMENT ANGLE,CLEAR,DRY,DUSK,TRAFFIC SIGNAL,No,NO APPARENT INJURY,NOT DISTRACTED,(SPORT) UTILITY VEHICLE,STOPPED IN TRAFFIC LANE,West,West,30,2020,HONDA,1.5,324,25.2,0
Injury Crash,03-10-2022 14:52,County,RANDOLPH RD,N/A,ANGLE MEETS LEFT TURN,RAINING,WET,DAYLIGHT,STOP SIGN,No,NO APPARENT INJURY,NOT DISTRACTED,PASSENGER CAR,STARTING FROM PARKED,South,South,35,2012,TOYOTA,0,0,0,0
Property Damage Crash,03-10-2022 15:14,County,BRIGGS CHANEY RD,N/A,STRAIGHT MOVEMENT ANGLE,CLEAR,DRY,DAYLIGHT,TRAFFIC SIGNAL,No,NO APPARENT INJURY,NOT DISTRACTED,PASSENGER CAR,MOVING CONSTANT SPEED,West,West,35,2017,TOYOTA,5.4,37.1,37,0.01
Injury Crash,03-10-2022 15:14,County,FALLS RD,N/A,HEAD ON,CLEAR,DRY,DAYLIGHT,N/A,No,SUSPECTED MINOR INJURY,NOT DISTRACTED,STATION WAGON,MOVING CONSTANT SPEED,South,South,30,2004,VOLV,0,0,0,0
Property Damage Crash,03-10-2022 15:18,Maryland (State),GEORGIA AVE,N/A,SAME DIR REAR END,CLEAR,DRY,DAYLIGHT,NO CONTROLS,No,NO APPARENT INJURY,NOT DISTRACTED,PASSENGER CAR,MOVING CONSTANT SPEED,South,South,35,2016,MAZDA,1.1,27.9,23,0
Property Damage Crash,03-10-2022 15:18,Maryland (State),GREAT SENECA HWY,N/A,SAME DIR REAR END,CLEAR,DRY,DAYLIGHT,NO CONTROLS,Unknown,NO APPARENT INJURY,NOT DISTRACTED,PASSENGER CAR,MOVING CONSTANT SPEED,North,North,50,2011,TOYOTA,0,0,0,0
Injury Crash,03-10-2022 15:23,Municipality,WOOTTON PKWY,ROCKVILLE,SAME DIR REAR END,RAINING,WET,DARK LIGHTS ON,TRAFFIC SIGNAL,Yes,NO APPARENT INJURY,UNKNOWN,PASSENGER CAR,SLOWING OR STOPPING,East,East,40,2003,TOYOTA,4,326,22.6,0
Injury Crash,03-10-2022 15:23,County,GAINSBOROUGH RD,N/A,SINGLE VEHICLE,RAINING,WET,OTHER,NO CONTROLS,Yes,NO APPARENT INJURY,LOOKED BUT DID NOT SEE,PASSENGER CAR,MAKING LEFT TURN,West,South,25,2022,LUCID,2.4,36.3,36.1,0.03
Property Damage Crash,03-10-2022 15:23,County,BRIGHTON DAM RD,N/A,SINGLE VEHICLE,N/A,ICE,DAWN,N/A,Yes,NO APPARENT INJURY,NOT DISTRACTED,POLICE VEHICLE/EMERGENCY,MOVING CONSTANT SPEED,East,East,30,2005,SUBARU,5.6,36.1,19.3,0
Property Damage Crash,03-10-2022 16:00,County,BORDLY DR,N/A,SINGLE VEHICLE,RAINING,WET,DARK -- UNKNOWN LIGHTING,NO CONTROLS,Yes,NO APPARENT INJURY,INATTENTIVE OR LOST IN THOUGHT,PASSENGER CAR,UNKNOWN,East,East,35,2006,SCION,2.6,29.5,24.1,0
Property Damage Crash,03-10-2022 16:00,Maryland (State),MONTGOMERY VILLAGE AVE,GAITHERSBURG,SAME DIRECTION LEFT TURN,N/A,DRY,DAYLIGHT,TRAFFIC SIGNAL,No,NO APPARENT INJURY,NOT DISTRACTED,"OTHER LIGHT TRUCKS (10,000LBS (4,536KG) OR LESS)",MOVING CONSTANT SPEED,South,South,35,2016,DODGE,0,0,0,0
Property Damage Crash,03-10-2022 17:54,County,MONTGOMERY VILLAGE AVE,N/A,SAME DIR REAR END,RAINING,WET,DAYLIGHT,N/A,No,NO APPARENT INJURY,NOT DISTRACTED,(SPORT) UTILITY VEHICLE,STOPPED IN TRAFFIC LANE,South,South,35,2010,MAZDA,0,0,0,0
Property Damage Crash,03-10-2022 17:54,Maryland (State),OLD GEORGETOWN RD,N/A,SAME DIR REAR END,CLEAR,DRY,DARK NO LIGHTS,NO CONTROLS,No,NO APPARENT INJURY,NOT DISTRACTED,PASSENGER CAR,STOPPED IN TRAFFIC LANE,North,North,40,2012,HONDA,0,0,0,0
Injury Crash,03-10-2022 18:57,Maryland (State),FREDERICK RD,GAITHERSBURG,SAME DIR REAR END,CLEAR,DRY,DAYLIGHT,TRAFFIC SIGNAL,Yes,NO APPARENT INJURY,NOT DISTRACTED,PASSENGER CAR,MOVING CONSTANT SPEED,North,North,40,2007,FORD,4.1,32,29.5,0
Property Damage Crash,03-10-2022 18:57,,FORDHAM ST,N/A,OTHER,CLEAR,DRY,DAYLIGHT,NO CONTROLS,No,NO APPARENT INJURY,NOT DISTRACTED,PICKUP TRUCK,MOVING CONSTANT SPEED,East,East,15,2016,FORD,0,0,0,0
Injury Crash,03-10-2022 19:00,County,SHADY GROVE RD,N/A,STRAIGHT MOVEMENT ANGLE,CLEAR,DRY,DAYLIGHT,TRAFFIC SIGNAL,Yes,NO APPARENT INJURY,UNKNOWN,(SPORT) UTILITY VEHICLE,SLOWING OR STOPPING,South,South,45,2006,HYUND,9.3,41.9,29.9,0
Property Damage Crash,03-10-2022 19:00,,,,UNKNOWN,N/A,,DAYLIGHT,N/A,Yes,NO APPARENT INJURY,UNKNOWN,,PARKED,,,15,0,UNKNOWN,0.9,29,22.7,0
Property Damage Crash,03-10-2022 19:20,Maryland (State),COLESVILLE RD,N/A,SAME DIRECTION SIDESWIPE,N/A,DRY,DAYLIGHT,TRAFFIC SIGNAL,No,NO APPARENT INJURY,NOT DISTRACTED,PASSENGER CAR,SLOWING OR STOPPING,West,West,35,1999,TOYOTA,2.4,39.3,16.7,0
Property Damage Crash,03-10-2022 19:20,,,,SAME DIRECTION SIDESWIPE,CLEAR,,DAYLIGHT,NO CONTROLS,No,NO APPARENT INJURY,NOT DISTRACTED,PASSENGER CAR,OTHER,East,East,0,2009,MITS,2.8,52,46,0
Injury Crash,03-10-2022 19:39,County,RANDOLPH RD,N/A,STRAIGHT MOVEMENT ANGLE,CLEAR,DRY,DAYLIGHT,N/A,No,POSSIBLE INJURY,NOT DISTRACTED,PASSENGER CAR,MOVING CONSTANT SPEED,East,East,40,2010,KIA,5.7,165,24.5,0
Injury Crash,03-10-2022 19:39,Maryland (State),GEORGIA AVE,N/A,SAME DIR REAR END,CLEAR,DRY,DARK LIGHTS ON,TRAFFIC SIGNAL,Yes,POSSIBLE INJURY,UNKNOWN,UNKNOWN,UNKNOWN,North,North,35,9999,UNKNOWN,0,0,0,0
Injury Crash,03-10-2022 20:44,County,CRABBS BRANCH WAY,N/A,SINGLE VEHICLE,CLEAR,DRY,DAYLIGHT,TRAFFIC SIGNAL,Yes,NO APPARENT INJURY,BY MOVING OBJECT IN VEHICLE,PASSENGER CAR,MOVING CONSTANT SPEED,South,South,35,2008,TOYT,2.8,40.2,30.8,0
Property Damage Crash,03-10-2022 20:44,Maryland (State),GEORGIA AVE,N/A,SAME DIR REAR END,CLEAR,WET,DAYLIGHT,NO CONTROLS,Yes,NO APPARENT INJURY,LOOKED BUT DID NOT SEE,PASSENGER CAR,SLOWING OR STOPPING,North,North,40,2014,MERZ,6.5,202,24.3,0
Injury Crash,03-10-2022 20:44,,,,OTHER,N/A,,DAYLIGHT,NO CONTROLS,Unknown,NO APPARENT INJURY,NOT DISTRACTED,PASSENGER CAR,MOVING CONSTANT SPEED,North,North,25,2010,TOYOTA,0,0,0,0
Property Damage Crash,03-10-2022 23:02,Maryland (State),CONNECTICUT AVE,N/A,SAME DIR REAR END,CLEAR,DRY,DARK LIGHTS ON,NO CONTROLS,No,NO APPARENT INJURY,NOT DISTRACTED,PASSENGER CAR,SLOWING OR STOPPING,South,South,35,2019,NISSAN,1.2,178,34.4,0
Injury Crash,03-10-2022 23:02,County,RANDOLPH RD,N/A,STRAIGHT MOVEMENT ANGLE,CLEAR,DRY,DAYLIGHT,TRAFFIC SIGNAL,No,NO APPARENT INJURY,NOT DISTRACTED,(SPORT) UTILITY VEHICLE,MOVING CONSTANT SPEED,East,South,45,2012,TOYOTA,8.1,177,15.1,0
Injury Crash,04-10-2022 01:44,Maryland (State),GEORGIA AVE,N/A,SAME DIR REAR END,CLOUDY,DRY,DAYLIGHT,NO CONTROLS,No,NO APPARENT INJURY,NOT DISTRACTED,PASSENGER CAR,SLOWING OR STOPPING,North,North,45,0,UKN,11.5,29.5,19.2,0
Injury Crash,04-10-2022 03:17,Maryland (State),FIRST ST,ROCKVILLE,SAME DIR REAR END,CLOUDY,DRY,DAYLIGHT,TRAFFIC SIGNAL,No,POSSIBLE INJURY,NOT DISTRACTED,(SPORT) UTILITY VEHICLE,STOPPED IN TRAFFIC LANE,East,East,35,2005,LEXU,7.3,51.7,27.6,0
Property Damage Crash,04-10-2022 03:28,Maryland (State),FREDERICK RD,GAITHERSBURG,STRAIGHT MOVEMENT ANGLE,CLEAR,DRY,DARK LIGHTS ON,STOP SIGN,Yes,NO APPARENT INJURY,UNKNOWN,PASSENGER CAR,MAKING LEFT TURN,North,East,15,2010,TOYOTA,0,0,0,0
Property Damage Crash,04-10-2022 03:28,Maryland (State),SANDY SPRING RD,N/A,SAME DIRECTION SIDESWIPE,CLEAR,DRY,DARK LIGHTS ON,NO CONTROLS,Yes,NO APPARENT INJURY,UNKNOWN,PICKUP TRUCK,MOVING CONSTANT SPEED,East,East,45,2003,CHEVY,3.5,57.6,47.3,0
Property Damage Crash,04-10-2022 03:30,Maryland (State),UNIVERSITY BLVD W,N/A,SAME DIRECTION SIDESWIPE,CLEAR,DRY,DAYLIGHT,NO CONTROLS,Yes,NO APPARENT INJURY,NOT DISTRACTED,PASSENGER CAR,MOVING CONSTANT SPEED,West,West,35,2016,CHEVY,8,52.2,51,0.07
Property Damage Crash,04-10-2022 03:30,County,SHADY GROVE RD,ROCKVILLE,HEAD ON LEFT TURN,CLEAR,DRY,DAYLIGHT,TRAFFIC SIGNAL,Yes,NO APPARENT INJURY,INATTENTIVE OR LOST IN THOUGHT,PASSENGER CAR,ACCELERATING,North,North,40,2013,NISSAN,1.5,36.5,26,0
Injury Crash,04-10-2022 03:44,County,APPLE RIDGE RD,N/A,SINGLE VEHICLE,CLOUDY,DRY,DAYLIGHT,NO CONTROLS,Yes,SUSPECTED MINOR INJURY,NOT DISTRACTED,PASSENGER CAR,MOVING CONSTANT SPEED,West,West,35,1997,CHEVROLET,0,0,0,0
Property Damage Crash,04-10-2022 03:59,County,HOLDRIDGE RD,N/A,SAME DIRECTION SIDESWIPE,CLEAR,DRY,DAWN,N/A,Yes,NO APPARENT INJURY,UNKNOWN,,ACCELERATING,South,South,25,0,UNKNOWN,1.4,74,25.1,0
Injury Crash,04-10-2022 03:59,Maryland (State),FALLS RD,N/A,SAME DIRECTION LEFT TURN,CLEAR,DRY,DAYLIGHT,YIELD SIGN,Yes,NO APPARENT INJURY,UNKNOWN,PASSENGER CAR,CHANGING LANES,North,North,35,2019,SUBARU,7.4,39.3,27.1,0
Injury Crash,04-10-2022 11:01,Maryland (State),OLD GEORGETOWN RD,N/A,STRAIGHT MOVEMENT ANGLE,CLEAR,DRY,DAYLIGHT,TRAFFIC SIGNAL,No,POSSIBLE INJURY,NOT DISTRACTED,PASSENGER CAR,MOVING CONSTANT SPEED,West,West,30,2005,TOYOTA,6.9,308,29.4,0
Property Damage Crash,04-10-2022 11:01,County,CENTERWAY RD,N/A,STRAIGHT MOVEMENT ANGLE,RAINING,WET,DAYLIGHT,NO CONTROLS,No,NO APPARENT INJURY,NOT DISTRACTED,PASSENGER CAR,MOVING CONSTANT SPEED,West,West,35,2015,HYUN,0,0,0,0
Property Damage Crash,04-10-2022 12:04,Municipality,CHESTNUT ST,GAITHERSBURG,SAME DIR REAR END,N/A,DRY,DAYLIGHT,RAILWAY CROSSING DEVICE,Yes,NO APPARENT INJURY,UNKNOWN,PASSENGER CAR,MOVING CONSTANT SPEED,South,South,30,2004,TOYT,0,0,0,0
Property Damage Crash,04-10-2022 12:04,Maryland (State),UNIVERSITY BLVD W,N/A,SAME DIR REAR END,CLEAR,DRY,DAYLIGHT,FLASHING TRAFFIC SIGNAL,No,NO APPARENT INJURY,NOT DISTRACTED,PASSENGER CAR,ACCELERATING,West,South,40,2005,DODG,0,0,0,0
Property Damage Crash,04-10-2022 12:45,Maryland (State),CARROLL AVE,TAKOMA PARK,SAME DIR REAR END,CLEAR,DRY,DAYLIGHT,N/A,No,NO APPARENT INJURY,NOT DISTRACTED,PASSENGER CAR,SLOWING OR STOPPING,North,North,25,2010,NISSAN,0,0,0,0
Injury Crash,04-10-2022 12:45,County,WOODGLEN DR,N/A,STRAIGHT MOVEMENT ANGLE,CLEAR,DRY,DAYLIGHT,STOP SIGN,Yes,NO APPARENT INJURY,LOOKED BUT DID NOT SEE,PASSENGER CAR,ACCELERATING,North,North,25,2005,BMW,6.6,52.3,43.2,0
Property Damage Crash,04-10-2022 13:34,Maryland (State),GEORGIA AVE,N/A,SAME DIR REAR END,N/A,DRY,DAYLIGHT,TRAFFIC SIGNAL,Yes,NO APPARENT INJURY,INATTENTIVE OR LOST IN THOUGHT,PASSENGER CAR,MOVING CONSTANT SPEED,North,North,45,2007,CHEV,0,0,0,0
Property Damage Crash,04-10-2022 13:34,Interstate (State),EISENHOWER MEMORIAL HWY,N/A,SINGLE VEHICLE,RAINING,WET,DARK LIGHTS ON,N/A,Yes,NO APPARENT INJURY,INATTENTIVE OR LOST IN THOUGHT,PICKUP TRUCK,NEGOTIATING A CURVE,West,West,55,2001,FORD,0,0,0,0
Property Damage Crash,04-10-2022 13:45,Maryland (State),UNIVERSITY BLVD W,N/A,SAME DIRECTION RIGHT TURN,CLEAR,DRY,DAYLIGHT,TRAFFIC SIGNAL,Yes,NO APPARENT INJURY,UNKNOWN,UNKNOWN,MOVING CONSTANT SPEED,East,Unknown,35,0,UNKNOWN,2.9,100,38.3,0.06
Property Damage Crash,04-10-2022 15:23,County,CLARKSBURG RD,N/A,SINGLE VEHICLE,CLOUDY,DRY,DARK NO LIGHTS,NO CONTROLS,Yes,NO APPARENT INJURY,DISTRACTED BY OUTSIDE PERSON OBJECT OR EVENT,PASSENGER CAR,MOVING CONSTANT SPEED,South,South,35,1998,TOYOTA,10.7,330,30.1,0
Injury Crash,04-10-2022 15:23,County,GLENALLAN AVE,N/A,OTHER,CLEAR,DRY,DARK NO LIGHTS,TRAFFIC SIGNAL,Yes,NO APPARENT INJURY,LOOKED BUT DID NOT SEE,(SPORT) UTILITY VEHICLE,ACCELERATING,North,North,30,2014,LEXS,5.6,333,34.5,0
Property Damage Crash,04-10-2022 15:54,,,,OTHER,CLEAR,,DARK LIGHTS ON,N/A,Yes,NO APPARENT INJURY,INATTENTIVE OR LOST IN THOUGHT,PASSENGER CAR,UNKNOWN,South,South,25,2019,NISSAN,5.7,239,35.7,0
Property Damage Crash,04-10-2022 15:54,County,WIGHTMAN RD,N/A,HEAD ON LEFT TURN,CLEAR,DRY,DARK -- UNKNOWN LIGHTING,TRAFFIC SIGNAL,No,NO APPARENT INJURY,UNKNOWN,PICKUP TRUCK,MOVING CONSTANT SPEED,West,West,30,2003,TOYTOTA,10.2,39.2,20.3,0
Injury Crash,04-10-2022 15:54,County,CEDAR LA,CHEVY CHASE VIEW,OPPOSITE DIR BOTH LEFT TURN,RAINING,WET,DAYLIGHT,N/A,No,POSSIBLE INJURY,NOT DISTRACTED,AMBULANCE/EMERGENCY,MOVING CONSTANT SPEED,West,West,30,2018,FREIGHTLINER,7.6,357,30.8,0
Property Damage Crash,04-10-2022 15:54,County,SHADY GROVE RD,N/A,STRAIGHT MOVEMENT ANGLE,CLEAR,DRY,DAYLIGHT,TRAFFIC SIGNAL,Yes,NO APPARENT INJURY,NOT DISTRACTED,(SPORT) UTILITY VEHICLE,MAKING LEFT TURN,West,North,40,2019,HYUN,7.4,45.7,28.8,0
Property Damage Crash,04-10-2022 17:18,Maryland (State),BRADLEY LA,CHEVY CHASE #4,SAME DIRECTION SIDESWIPE,CLEAR,DRY,DAYLIGHT,NO CONTROLS,Yes,NO APPARENT INJURY,NOT DISTRACTED,PASSENGER CAR,MOVING CONSTANT SPEED,West,West,30,2011,TOYOTA,10,326,-3.5,0
Property Damage Crash,04-10-2022 18:26,Maryland (State),GERMANTOWN RD,N/A,SINGLE VEHICLE,CLEAR,DRY,DARK LIGHTS ON,TRAFFIC SIGNAL,No,NO APPARENT INJURY,NOT DISTRACTED,PASSENGER CAR,MOVING CONSTANT SPEED,South,South,40,2017,FORD,0,0,0,0
Injury Crash,04-10-2022 18:26,County,S BELGRADE RD,N/A,STRAIGHT MOVEMENT ANGLE,CLEAR,DRY,DAYLIGHT,STOP SIGN,Yes,POSSIBLE INJURY,LOOKED BUT DID NOT SEE,PASSENGER CAR,ACCELERATING,West,West,25,2006,HONDA,11,40.3,29.9,0
Property Damage Crash,04-10-2022 21:43,County,CHILDS ST,N/A,SAME DIRECTION SIDESWIPE,WINTRY MIX,ICE,DARK -- UNKNOWN LIGHTING,NO CONTROLS,Yes,NO APPARENT INJURY,UNKNOWN,,MOVING CONSTANT SPEED,North,North,25,0,UNKNOWN,0,0,0,0
Injury Crash,04-10-2022 21:43,Ramp,RAMP 7 FR IS 370 WB TO MD 355 SB,N/A,SAME DIR REAR END,CLEAR,DRY,DAYLIGHT,NO CONTROLS,Yes,NO APPARENT INJURY,UNKNOWN,(SPORT) UTILITY VEHICLE,SLOWING OR STOPPING,West,West,55,2006,ACUR,6.1,52.4,40.1,0
Property Damage Crash,04-10-2022 21:57,County,WIGHTMAN RD,N/A,ANGLE MEETS LEFT HEAD ON,CLOUDY,DRY,DAYLIGHT,STOP SIGN,Yes,NO APPARENT INJURY,UNKNOWN,PASSENGER CAR,MAKING LEFT TURN,South,West,35,2012,ACUR,0,0,0,0
Property Damage Crash,05-10-2022 00:24,County,S GLEN RD,N/A,STRAIGHT MOVEMENT ANGLE,CLEAR,DRY,DARK LIGHTS ON,STOP SIGN,No,NO APPARENT INJURY,NOT DISTRACTED,PASSENGER CAR,MOVING CONSTANT SPEED,East,East,35,2000,MERZ,0,0,0,0