ACRS Report Type,Date and Time,Route Type,Road Name,Municipality,Collision Type,Weather,Surface Condition,Light,Traffic Control,Driver At Fault,Injury Severity,Driver Distracted By,Vehicle Body Type,Vehicle Movement,Vehicle Continuing Dir,Vehicle Going Dir,Speed Limit,Vehicle Year,Vehicle Make,Wind Speed (MPH),TMP10-DK ,Relative Humidity (%),Rain (Inches)
Injury Crash,05-10-2022 07:34,County,CEDAR ST,N/A,HEAD ON,CLEAR,DRY,DAYLIGHT,TRAFFIC SIGNAL,No,POSSIBLE INJURY,NOT DISTRACTED,PASSENGER CAR,MOVING CONSTANT SPEED,East,East,30,2017,HONDA,4.6,37.9,32.2,0.01
Injury Crash,05-10-2022 07:34,Maryland (State),NEW HAMPSHIRE AVE,N/A,SAME DIR REAR END,RAINING,WET,DAYLIGHT,NO CONTROLS,No,NO APPARENT INJURY,LOOKED BUT DID NOT SEE,PASSENGER CAR,MOVING CONSTANT SPEED,East,East,35,2014,TOYT,3.3,44,34.7,0.06
Injury Crash,05-10-2022 08:15,Maryland (State),GERMANTOWN RD,N/A,OTHER,CLEAR,WET,DAYLIGHT,TRAFFIC SIGNAL,No,NO APPARENT INJURY,NOT DISTRACTED,PASSENGER CAR,STOPPED IN TRAFFIC LANE,North,North,40,2014,AUDI,2.2,35,42.8,0
Property Damage Crash,05-10-2022 08:15,Maryland (State),CLARKSBURG RD,N/A,OPPOSITE DIRECTION SIDESWIPE,CLEAR,DRY,DARK NO LIGHTS,NO CONTROLS,Unknown,NO APPARENT INJURY,NOT DISTRACTED,PASSENGER CAR,MOVING CONSTANT SPEED,North,North,40,2009,HYUN,1.7,46.4,44.4,0
Property Damage Crash,05-10-2022 08:15,Maryland (State),FREDERICK RD,N/A,STRAIGHT MOVEMENT ANGLE,CLEAR,DRY,DAYLIGHT,TRAFFIC SIGNAL,No,NO APPARENT INJURY,NOT DISTRACTED,PASSENGER CAR,MOVING CONSTANT SPEED,West,West,30,2008,TOYOTA,0,0,0,0
Injury Crash,05-10-2022 08:30,Maryland (State),FISHER AVE,POOLESVILLE,SAME DIRECTION SIDESWIPE,CLEAR,DRY,DAYLIGHT,STOP SIGN,No,POSSIBLE INJURY,UNKNOWN,PASSENGER CAR,MOVING CONSTANT SPEED,West,West,30,2016,KIA,0,0,0,0
Property Damage Crash,05-10-2022 08:30,,,,OTHER,CLEAR,,DAYLIGHT,NO CONTROLS,Yes,NO APPARENT INJURY,UNKNOWN,PASSENGER CAR,MOVING CONSTANT SPEED,North,North,10,2018,TOYOTA,0,0,0,0
Injury Crash,05-10-2022 08:37,Maryland (State),DR BIRD RD,N/A,SAME DIR REAR END,CLEAR,DRY,DARK LIGHTS ON,TRAFFIC SIGNAL,No,NO APPARENT INJURY,NOT DISTRACTED,PASSENGER CAR,STOPPED IN TRAFFIC LANE,North,North,40,2018,MITSUBISHI,0,0,0,0
Injury Crash,05-10-2022 08:37,Municipality,BROADWOOD DR,N/A,HEAD ON LEFT TURN,CLEAR,DRY,DARK LIGHTS ON,TRAFFIC SIGNAL,No,SUSPECTED MINOR INJURY,NOT DISTRACTED,PASSENGER CAR,MOVING CONSTANT SPEED,South,South,25,2011,ACURA,3.5,108,48.6,0
Property Damage Crash,05-10-2022 08:37,Maryland (State),GEORGIA AVE,N/A,SAME DIR REAR END,CLEAR,DRY,DAYLIGHT,TRAFFIC SIGNAL,Yes,NO APPARENT INJURY,UNKNOWN,(SPORT) UTILITY VEHICLE,MOVING CONSTANT SPEED,South,South,45,2012,TOYOTA,7.5,45.8,23.2,0
Property Damage Crash,05-10-2022 09:00,County,ROYAL DOMINION DR,N/A,SAME DIR REAR END,CLEAR,DRY,DAYLIGHT,NO CONTROLS,Yes,NO APPARENT INJURY,UNKNOWN,PASSENGER CAR,MOVING CONSTANT SPEED,North,North,35,2010,HOND,3.2,34.9,33,0
Property Damage Crash,05-10-2022 09:00,Interstate (State),EISENHOWER MEMORIAL HWY,N/A,SINGLE VEHICLE,CLEAR,SNOW,DARK NO LIGHTS,NO CONTROLS,Yes,NO APPARENT INJURY,NOT DISTRACTED,PASSENGER CAR,MOVING CONSTANT SPEED,North,North,35,2010,HYUN,12.2,336,18.1,0
Property Damage Crash,05-10-2022 09:06,Maryland (State),WOODFIELD RD,N/A,SAME DIRECTION SIDESWIPE,CLOUDY,DRY,DAYLIGHT,NO CONTROLS,No,NO APPARENT INJURY,NOT DISTRACTED,UNKNOWN,MOVING CONSTANT SPEED,West,West,35,0,UNKNOWN,0,0,0,0
Injury Crash,05-10-2022 09:06,County,SHADY GROVE RD,N/A,SAME DIR REAR END,CLEAR,WET,DARK NO LIGHTS,NO CONTROLS,No,SUSPECTED MINOR INJURY,UNKNOWN,PASSENGER CAR,STOPPED IN TRAFFIC LANE,North,North,45,2015,TOYOTA,9.8,32.2,19.8,0
Property Damage Crash,05-10-2022 09:20,County,OBSERVATION DR,N/A,HEAD ON LEFT TURN,CLEAR,DRY,DARK LIGHTS ON,TRAFFIC SIGNAL,No,NO APPARENT INJURY,LOOKED BUT DID NOT SEE,PASSENGER CAR,MOVING CONSTANT SPEED,North,North,35,2003,NISSAN,0,0,0,0
Property Damage Crash,05-10-2022 09:20,Municipality,E DIAMOND AVE,GAITHERSBURG,SAME DIRECTION LEFT TURN,CLEAR,N/A,DAYLIGHT,NO CONTROLS,Yes,NO APPARENT INJURY,UNKNOWN,PASSENGER CAR,PASSING,West,West,30,2017,HONDA,0,0,0,0
Property Damage Crash,05-10-2022 09:30,Maryland (State),GEORGIA AVE,N/A,SAME DIR REAR END,CLEAR,DRY,DAYLIGHT,TRAFFIC SIGNAL,No,NO APPARENT INJURY,NOT DISTRACTED,(SPORT) UTILITY VEHICLE,STOPPED IN TRAFFIC LANE,South,South,35,2010,TOYT,5.2,34.9,18.7,0
Property Damage Crash,05-10-2022 09:30,Maryland (State),HUNGERFORD DR,ROCKVILLE,SAME DIR REAR END,CLEAR,DRY,DAYLIGHT,N/A,No,NO APPARENT INJURY,NOT DISTRACTED,OTHER,SLOWING OR STOPPING,South,South,40,2009,TOYT,11,169,54.7,0.01
Injury Crash,05-10-2022 11:14,Municipality,WATKINS MILL RD,N/A,SAME DIR REAR END,CLEAR,DRY,DARK LIGHTS ON,TRAFFIC SIGNAL,No,NO APPARENT INJURY,NOT DISTRACTED,PASSENGER CAR,STOPPED IN TRAFFIC LANE,West,West,30,2008,HOND,12.3,65.4,58.3,0
Injury Crash,05-10-2022 11:14,County,BRIGGS CHANEY RD,N/A,HEAD ON LEFT TURN,CLEAR,DRY,DAYLIGHT,TRAFFIC SIGNAL,No,NO APPARENT INJURY,NOT DISTRACTED,(SPORT) UTILITY VEHICLE,MOVING CONSTANT SPEED,East,East,35,2014,TOYOTA,14,189,40.9,0
Injury Crash,05-10-2022 11:30,US (State),COLUMBIA PIKE,N/A,SINGLE VEHICLE,CLEAR,WET,DAYLIGHT,N/A,Yes,POSSIBLE INJURY,NOT DISTRACTED,PASSENGER CAR,MOVING CONSTANT SPEED,North,North,50,2007,HONDA,1.1,350,25.2,0
Injury Crash,05-10-2022 11:30,County,WESTBARD AVE,N/A,HEAD ON LEFT TURN,N/A,DRY,DAYLIGHT,TRAFFIC SIGNAL,Yes,NO APPARENT INJURY,LOOKED BUT DID NOT SEE,PASSENGER CAR,MAKING LEFT TURN,South,South,30,2018,NISSAN,7.3,45.7,27.8,0
Injury Crash,05-10-2022 11:43,Maryland (State),CONNECTICUT AVE,N/A,SAME DIR REAR END,CLEAR,DRY,DARK LIGHTS ON,TRAFFIC SIGNAL,Yes,NO APPARENT INJURY,INATTENTIVE OR LOST IN THOUGHT,PASSENGER CAR,MOVING CONSTANT SPEED,North,North,35,2010,INFINITI,9.2,158,48.6,0
Injury Crash,05-10-2022 11:43,County,SHADY GROVE RD,N/A,STRAIGHT MOVEMENT ANGLE,CLEAR,WET,DARK NO LIGHTS,TRAFFIC SIGNAL,No,NO APPARENT INJURY,NOT DISTRACTED,PASSENGER CAR,MAKING LEFT TURN,South,West,40,2011,MAZD,2.3,92,29.3,0
Property Damage Crash,05-10-2022 11:47,Maryland (State),ROCKVILLE PIKE,ROCKVILLE,STRAIGHT MOVEMENT ANGLE,CLEAR,DRY,DARK LIGHTS ON,TRAFFIC SIGNAL,Yes,NO APPARENT INJURY,UNKNOWN,PASSENGER CAR,MOVING CONSTANT SPEED,South,South,40,2011,MERZ,0,0,0,0
Property Damage Crash,05-10-2022 11:47,Maryland (State),SANDY SPRING RD,N/A,OTHER,OTHER,ICE,DARK LIGHTS ON,NO CONTROLS,Yes,NO APPARENT INJURY,NOT DISTRACTED,PASSENGER CAR,MOVING CONSTANT SPEED,East,East,45,2004,MERCURY,8.8,186,27.2,0
Injury Crash,05-10-2022 14:07,County,RANDOLPH RD,N/A,SAME DIR REAR END,RAINING,WET,DAYLIGHT,TRAFFIC SIGNAL,No,POSSIBLE INJURY,NOT DISTRACTED,PASSENGER CAR,SLOWING OR STOPPING,East,East,40,2011,TOYOTA,4.6,43.6,28.3,0
Property Damage Crash,05-10-2022 14:35,Maryland (State),FIRST ST,N/A,SAME DIR REAR END,CLEAR,DRY,DAYLIGHT,NO CONTROLS,Yes,NO APPARENT INJURY,DISTRACTED BY OUTSIDE PERSON OBJECT OR EVENT,SCHOOL BUS,SLOWING OR STOPPING,East,East,30,2010,THOMAS,0,0,0,0
Property Damage Crash,05-10-2022 14:35,Maryland (State),DARNESTOWN RD,N/A,STRAIGHT MOVEMENT ANGLE,CLEAR,DRY,OTHER,STOP SIGN,Yes,NO APPARENT INJURY,NOT DISTRACTED,PASSENGER CAR,STARTING FROM LANE,East,East,25,2007,FORD,9.6,342,33.3,0
Injury Crash,05-10-2022 15:27,County,VEIRS MILL RD,N/A,STRAIGHT MOVEMENT ANGLE,CLEAR,DRY,DAYLIGHT,STOP SIGN,No,NO APPARENT INJURY,UNKNOWN,PASSENGER CAR,MAKING LEFT TURN,East,East,35,2016,NISSAN,0,0,0,0
Property Damage Crash,05-10-2022 15:27,,UNIVERSITY ROAD,N/A,SAME DIR REAR END,CLEAR,DRY,DAYLIGHT,NO CONTROLS,Yes,NO APPARENT INJURY,NOT DISTRACTED,SCHOOL BUS,SLOWING OR STOPPING,Unknown,Unknown,25,2013,THOMPSON,1.6,37.8,36.5,0
Property Damage Crash,05-10-2022 15:30,Maryland (State),WISCONSIN AVE,N/A,OTHER,N/A,DRY,DARK LIGHTS ON,NO CONTROLS,Yes,NO APPARENT INJURY,UNKNOWN,,BACKING,North,South,25,0,UNKNOWN,9.5,180,39.4,0
Property Damage Crash,05-10-2022 15:30,Maryland (State),NEW HAMPSHIRE AVE,N/A,SAME DIR REAR END,CLEAR,DRY,DAYLIGHT,NO CONTROLS,No,NO APPARENT INJURY,NOT DISTRACTED,PICKUP TRUCK,STOPPED IN TRAFFIC LANE,North,North,45,2018,CHEVROLET,2.9,43.8,42.1,0
Injury Crash,05-10-2022 16:02,Maryland (State),GEORGIA AVE,N/A,SAME DIR REAR END,CLEAR,DRY,DARK LIGHTS ON,TRAFFIC SIGNAL,Yes,SUSPECTED MINOR INJURY,NOT DISTRACTED,PASSENGER CAR,MOVING CONSTANT SPEED,South,South,50,1998,HONDA,5.3,55.7,54.8,0.01
Property Damage Crash,05-10-2022 16:13,Maryland (State),GEORGIA AVE,N/A,SAME DIR REAR END,CLEAR,DRY,DAYLIGHT,N/A,No,NO APPARENT INJURY,NOT DISTRACTED,PASSENGER CAR,STOPPED IN TRAFFIC LANE,North,North,35,2014,LEXUS,3.5,37.6,30.3,0
Injury Crash,05-10-2022 16:13,Maryland (State),UNIVERSITY BLVD E,N/A,SAME DIR REAR END,CLEAR,DRY,DAYLIGHT,TRAFFIC SIGNAL,Yes,SUSPECTED MINOR INJURY,UNKNOWN,PASSENGER CAR,SLOWING OR STOPPING,East,East,35,2017,TOYOTA,1.1,45.3,28.3,0
Property Damage Crash,05-10-2022 16:15,County,SLIGO AVE,N/A,OTHER,CLEAR,ICE,DARK LIGHTS ON,TRAFFIC SIGNAL,Unknown,NO APPARENT INJURY,UNKNOWN,TRANSIT BUS,MAKING LEFT TURN,East,South,30,2016,GILLIG,0,0,0,0
Injury Crash,05-10-2022 16:15,County,MIDCOUNTY HWY,N/A,SAME DIR REAR END,CLOUDY,DRY,DAYLIGHT,TRAFFIC SIGNAL,No,POSSIBLE INJURY,UNKNOWN,PASSENGER CAR,SLOWING OR STOPPING,West,South,45,2017,NISSAN,10.1,322,-2.2,0
Injury Crash,05-10-2022 16:34,County,MUDDY BRANCH RD,GAITHERSBURG,OTHER,CLOUDY,WET,DAYLIGHT,TRAFFIC SIGNAL,No,SUSPECTED MINOR INJURY,LOOKED BUT DID NOT SEE,PASSENGER CAR,MOVING CONSTANT SPEED,East,East,45,2015,HONDA,2.8,51.3,50.1,0
Property Damage Crash,05-10-2022 16:34,Maryland (State),GEORGIA AVE,N/A,SAME DIRECTION SIDESWIPE,RAINING,WET,DAYLIGHT,N/A,Yes,NO APPARENT INJURY,NOT DISTRACTED,PASSENGER CAR,CHANGING LANES,North,North,35,2017,HYUNDAI,10.9,33.6,23.4,0
Injury Crash,05-10-2022 16:43,County,FOREST GLEN RD,N/A,STRAIGHT MOVEMENT ANGLE,CLEAR,DRY,DAYLIGHT,STOP SIGN,Yes,NO APPARENT INJURY,LOOKED BUT DID NOT SEE,PASSENGER CAR,MOVING CONSTANT SPEED,East,North,30,2007,HONDA,5.1,40.2,37,0
Property Damage Crash,05-10-2022 16:43,County,SAM EIG HWY,N/A,SAME DIR REAR END,CLEAR,DRY,DAYLIGHT,TRAFFIC SIGNAL,No,NO APPARENT INJURY,UNKNOWN,(SPORT) UTILITY VEHICLE,STOPPED IN TRAFFIC LANE,North,North,40,2015,GMC,4.7,56.3,43.2,0
Injury Crash,05-10-2022 17:39,County,BRIGGS CHANEY RD,N/A,SAME DIR REAR END,CLEAR,DRY,DAYLIGHT,TRAFFIC SIGNAL,Yes,NO APPARENT INJURY,LOOKED BUT DID NOT SEE,PASSENGER CAR,MOVING CONSTANT SPEED,West,West,35,2008,JEEP,3.6,40.8,29.8,0
Injury Crash,05-10-2022 17:39,Maryland (State),LAYHILL RD,N/A,SAME DIR REAR END,CLEAR,DRY,DAYLIGHT,TRAFFIC SIGNAL,Yes,NO APPARENT INJURY,NOT DISTRACTED,PASSENGER CAR,MOVING CONSTANT SPEED,North,North,40,2001,HOND,3.4,37.2,37.1,0.01
Injury Crash,05-10-2022 18:39,County,OWENS RD,N/A,SINGLE VEHICLE,CLEAR,DRY,DARK NO LIGHTS,N/A,Yes,POSSIBLE INJURY,LOOKED BUT DID NOT SEE,MOTORCYCLE,MOVING CONSTANT SPEED,North,North,40,2019,YAMA,0,0,0,0
Property Damage Crash,05-10-2022 18:39,,,,SAME DIRECTION SIDESWIPE,CLEAR,,DAYLIGHT,N/A,No,NO APPARENT INJURY,NOT DISTRACTED,PASSENGER CAR,STOPPED IN TRAFFIC LANE,East,East,15,2018,NISS,0,0,0,0
Property Damage Crash,05-10-2022 18:54,County,BRINK RD,N/A,SINGLE VEHICLE,FOGGY,WET,DARK NO LIGHTS,STOP SIGN,Yes,NO APPARENT INJURY,NOT DISTRACTED,PASSENGER CAR,MOVING CONSTANT SPEED,West,West,40,2010,HYUNDA,0,0,0,0
Injury Crash,05-10-2022 18:54,County,MONTGOMERY VILLAGE AVE,N/A,SAME DIR REAR END,RAINING,WET,DAYLIGHT,NO CONTROLS,Yes,NO APPARENT INJURY,NOT DISTRACTED,PASSENGER CAR,SLOWING OR STOPPING,North,North,35,2015,DODGE,6,61,56.1,0
Injury Crash,05-10-2022 19:14,Maryland (State),FREDERICK RD,N/A,SAME DIRECTION RIGHT TURN,RAINING,WET,DAYLIGHT,TRAFFIC SIGNAL,No,NO APPARENT INJURY,NOT DISTRACTED,PASSENGER CAR,SLOWING OR STOPPING,North,North,40,2020,HONDA,2,46,16.6,0
Property Damage Crash,05-10-2022 20:47,US (State),COLUMBIA PIKE,N/A,SINGLE VEHICLE,CLEAR,DRY,DAYLIGHT,N/A,Yes,NO APPARENT INJURY,NOT DISTRACTED,PASSENGER CAR,MOVING CONSTANT SPEED,South,South,30,2009,MINI,0,0,0,0
Property Damage Crash,05-10-2022 21:00,Maryland (State),GEORGIA AVE,N/A,SAME DIR REAR END,CLEAR,DRY,DARK LIGHTS ON,NO CONTROLS,Yes,NO APPARENT INJURY,LOOKED BUT DID NOT SEE,PASSENGER CAR,MOVING CONSTANT SPEED,North,North,40,2016,FORD,9.2,163,31.6,0
Injury Crash,05-10-2022 21:00,County,BEL PRE RD,N/A,SAME DIR REAR END,RAINING,WET,DAYLIGHT,NO CONTROLS,No,POSSIBLE INJURY,NOT DISTRACTED,PASSENGER CAR,STOPPED IN TRAFFIC LANE,East,East,35,2014,TOYO,6.2,42,30.5,0
Property Damage Crash,05-10-2022 22:00,Maryland (State),GREAT SENECA HWY,N/A,SAME DIRECTION SIDESWIPE,CLEAR,DRY,DAWN,TRAFFIC SIGNAL,No,NO APPARENT INJURY,NOT DISTRACTED,(SPORT) UTILITY VEHICLE,MOVING CONSTANT SPEED,East,East,40,2014,HONDA,0,0,0,0
Property Damage Crash,05-10-2022 23:30,County,BRIGGS CHANEY RD,N/A,STRAIGHT MOVEMENT ANGLE,CLEAR,DRY,DAYLIGHT,TRAFFIC SIGNAL,Yes,NO APPARENT INJURY,LOOKED BUT DID NOT SEE,PASSENGER CAR,MAKING LEFT TURN,South,East,35,2001,HONDA,5.3,1,35.1,0
Injury Crash,06-10-2022 00:10,County,SHADY GROVE RD,N/A,SAME DIR REAR END,RAINING,WET,DARK LIGHTS ON,TRAFFIC SIGNAL,Yes,NO APPARENT INJURY,NOT DISTRACTED,PASSENGER CAR,SLOWING OR STOPPING,North,North,40,2017,CHEVY,5.8,33.7,17.5,0
Property Damage Crash,06-10-2022 02:55,County,MIDCOUNTY HWY,N/A,SAME DIR REAR END,CLEAR,N/A,DAYLIGHT,NO CONTROLS,No,NO APPARENT INJURY,LOOKED BUT DID NOT SEE,PASSENGER CAR,STOPPED IN TRAFFIC LANE,North,North,50,2001,DODG,0,0,0,0
Injury Crash,06-10-2022 02:55,Maryland (State),RIDGE RD,N/A,SAME DIR REAR END,CLEAR,DRY,DAYLIGHT,NO CONTROLS,No,POSSIBLE INJURY,NOT DISTRACTED,(SPORT) UTILITY VEHICLE,SLOWING OR STOPPING,North,North,40,2004,TOYT,6.6,45.2,37,0
Property Damage Crash,06-10-2022 05:06,Ramp,RAMP 4 FR IS 270 NB TO MIDDLEBROOK RD EB,N/A,SAME DIRECTION RIGHT TURN,CLEAR,DRY,DAYLIGHT,NO CONTROLS,Yes,NO APPARENT INJURY,NOT DISTRACTED,,ACCELERATING,South,South,45,0,UNKNOWN,3.6,36.4,35.7,0.05
Property Damage Crash,06-10-2022 05:06,,,,SAME DIRECTION RIGHT TURN,CLEAR,,DARK LIGHTS ON,NO CONTROLS,Yes,NO APPARENT INJURY,UNKNOWN,VAN,STARTING FROM PARKED,Unknown,Unknown,5,2012,MERZ,11.3,336,31,0
Property Damage Crash,06-10-2022 07:17,Maryland (State),NEW HAMPSHIRE AVE,N/A,HEAD ON LEFT TURN,CLEAR,DRY,DAYLIGHT,NO CONTROLS,No,NO APPARENT INJURY,NOT DISTRACTED,PICKUP TRUCK,MOVING CONSTANT SPEED,South,South,40,1999,CHEVROLET,9.3,182,27.1,0
Injury Crash,06-10-2022 07:17,County,LOCBURY DR,N/A,ANGLE MEETS RIGHT TURN,CLEAR,DRY,DARK LIGHTS ON,STOP SIGN,Yes,POSSIBLE INJURY,LOOKED BUT DID NOT SEE,PASSENGER CAR,MAKING RIGHT TURN,South,East,25,2014,MERC,0,0,0,0
Property Damage Crash,06-10-2022 09:00,Maryland (State),VEIRS MILL RD,N/A,STRAIGHT MOVEMENT ANGLE,CLEAR,DRY,DAYLIGHT,STOP SIGN,No,NO APPARENT INJURY,NOT DISTRACTED,PASSENGER CAR,MOVING CONSTANT SPEED,South,South,25,2017,FORD,0,0,0,0
Property Damage Crash,06-10-2022 09:00,,,,SAME DIRECTION SIDESWIPE,CLEAR,,DAYLIGHT,NO CONTROLS,Yes,NO APPARENT INJURY,UNKNOWN,PASSENGER CAR,PARKING,West,West,5,2011,TOYOTA,9,348,16.3,0
Property Damage Crash,06-10-2022 10:26,County,RANDOLPH RD,N/A,SAME DIR REAR END,RAINING,WET,DARK LIGHTS ON,NO CONTROLS,No,NO APPARENT INJURY,NOT DISTRACTED,PASSENGER CAR,STOPPED IN TRAFFIC LANE,East,East,0,2018,LEXUS,2,11,16.2,0
Injury Crash,06-10-2022 10:45,County,RANDOLPH RD,N/A,HEAD ON LEFT TURN,CLEAR,DRY,DARK LIGHTS ON,TRAFFIC SIGNAL,No,SUSPECTED MINOR INJURY,NOT DISTRACTED,PASSENGER CAR,MAKING LEFT TURN,South,West,40,1996,FORD,1,26,28.6,0
Injury Crash,06-10-2022 10:45,County,HENDERSON AVE,N/A,STRAIGHT MOVEMENT ANGLE,CLOUDY,DRY,DAYLIGHT,STOP SIGN,Yes,NO APPARENT INJURY,LOOKED BUT DID NOT SEE,PASSENGER CAR,ACCELERATING,South,East,25,2012,NISS,2,47.1,12.6,0
Property Damage Crash,06-10-2022 11:00,County,ZION RD,N/A,SAME DIR REAR END,CLOUDY,DRY,DAYLIGHT,NO CONTROLS,No,NO APPARENT INJURY,NOT DISTRACTED,PASSENGER CAR,MOVING CONSTANT SPEED,South,South,35,2022,TOYT,4.7,161,29.4,0
Injury Crash,06-10-2022 11:00,,,,STRAIGHT MOVEMENT ANGLE,CLEAR,,DAYLIGHT,NO CONTROLS,Unknown,NO APPARENT INJURY,NOT DISTRACTED,PICKUP TRUCK,STARTING FROM LANE,West,West,0,2008,TOYOTA,8,195,42.6,0
Property Damage Crash,06-10-2022 11:30,Maryland (State),GEORGIA AVE,N/A,SAME DIRECTION SIDESWIPE,CLEAR,DRY,DAYLIGHT,NO CONTROLS,No,NO APPARENT INJURY,NOT DISTRACTED,"MEDIUM/HEAVY TRUCKS 3 AXLES (OVER 10,000LBS (4,536KG))",STOPPED IN TRAFFIC LANE,North,North,35,2015,INTERNATIONAL,5.8,328,30.8,0
Injury Crash,06-10-2022 11:30,Municipality,MONTGOMERY AVE,N/A,STRAIGHT MOVEMENT ANGLE,CLEAR,DRY,DUSK,NO CONTROLS,Yes,POSSIBLE INJURY,UNKNOWN,PASSENGER CAR,MAKING LEFT TURN,South,North,30,2005,NISSAN,14.3,311,-2.1,0
Injury Crash,06-10-2022 11:56,Maryland (State),UNIVERSITY BLVD W,N/A,STRAIGHT MOVEMENT ANGLE,CLEAR,DRY,DARK LIGHTS ON,TRAFFIC SIGNAL,No,POSSIBLE INJURY,NOT DISTRACTED,PASSENGER CAR,MOVING CONSTANT SPEED,South,South,25,2013,HYUNDAI,0,0,0,0
Property Damage Crash,06-10-2022 11:56,Maryland (State),OLD GEORGETOWN RD,N/A,SAME DIRECTION SIDESWIPE,CLEAR,DRY,DAYLIGHT,TRAFFIC SIGNAL,No,NO APPARENT INJURY,NOT DISTRACTED,PASSENGER CAR,MOVING CONSTANT SPEED,North,North,35,2014,ACURA,1.8,97,30.5,0
Property Damage Crash,06-10-2022 11:56,Maryland (State),GEORGIA AVE,N/A,SAME DIRECTION LEFT TURN,RAINING,WET,DAYLIGHT,TRAFFIC SIGNAL,Yes,NO APPARENT INJURY,LOOKED BUT DID NOT SEE,PASSENGER CAR,MAKING U TURN,East,South,45,2023,TOYOTA,8.5,41.9,33,0
Property Damage Crash,06-10-2022 12:13,Maryland (State),ROCKVILLE PIKE,N/A,SAME DIRECTION SIDESWIPE,CLEAR,DRY,DUSK,TRAFFIC SIGNAL,No,NO APPARENT INJURY,NOT DISTRACTED,PASSENGER CAR,MAKING LEFT TURN,East,South,35,2016,SUBARU,2.7,17,31.7,0
Property Damage Crash,06-10-2022 12:13,Maryland (State),DARNESTOWN RD,N/A,SAME DIR REAR END,CLOUDY,DRY,DAYLIGHT,NO CONTROLS,Yes,NO APPARENT INJURY,OTHER DISTRACTION,PASSENGER CAR,MOVING CONSTANT SPEED,East,East,40,2017,JEEP,0,0,0,0
Injury Crash,06-10-2022 12:30,Maryland (State),GEORGIA AVE,N/A,SAME DIR REAR END,CLOUDY,DRY,DAYLIGHT,TRAFFIC SIGNAL,No,POSSIBLE INJURY,NOT DISTRACTED,PASSENGER CAR,SLOWING OR STOPPING,West,West,25,2016,LEXUS,4,62.9,57,0
Property Damage Crash,06-10-2022 12:30,Maryland (State),GEORGIA AVE,N/A,HEAD ON,CLEAR,N/A,DARK LIGHTS ON,TRAFFIC SIGNAL,Yes,NO APPARENT INJURY,NOT DISTRACTED,PASSENGER CAR,MOVING CONSTANT SPEED,South,South,45,1993,WHITE,0,0,0,0
Property Damage Crash,06-10-2022 12:46,Maryland (State),ROCKVILLE PIKE,ROCKVILLE,HEAD ON,CLEAR,DRY,DAYLIGHT,NO CONTROLS,No,NO APPARENT INJURY,NOT DISTRACTED,PASSENGER CAR,MAKING RIGHT TURN,East,East,5,2015,TOYOTA,2.5,317,26.5,0
Property Damage Crash,06-10-2022 12:46,County,BRIGGS CHANEY RD,N/A,SAME DIR REAR END,CLEAR,DRY,DARK LIGHTS ON,TRAFFIC SIGNAL,No,NO APPARENT INJURY,NOT DISTRACTED,PASSENGER CAR,STOPPED IN TRAFFIC LANE,West,West,35,2011,TOYOTA,3.6,209,42.9,0
Property Damage Crash,06-10-2022 14:09,County,DALEWOOD DR,N/A,OTHER,CLEAR,DRY,DAYLIGHT,TRAFFIC SIGNAL,Yes,NO APPARENT INJURY,UNKNOWN,SCHOOL BUS,MAKING RIGHT TURN,East,South,25,2007,THOMAS,9.8,188,23.5,0
Property Damage Crash,06-10-2022 14:09,County,DIXON AVE,N/A,SAME DIRECTION SIDESWIPE,CLEAR,DRY,DAYLIGHT,TRAFFIC SIGNAL,No,NO APPARENT INJURY,NOT DISTRACTED,PASSENGER CAR,STOPPED IN TRAFFIC LANE,East,North,25,2010,VOLSWAGEN,7,306,23.3,0
Injury Crash,06-10-2022 14:09,Maryland (State),NEW HAMPSHIRE AVE,N/A,SINGLE VEHICLE,CLEAR,DRY,DARK LIGHTS ON,N/A,Yes,POSSIBLE INJURY,INATTENTIVE OR LOST IN THOUGHT,PASSENGER CAR,MOVING CONSTANT SPEED,North,North,35,2015,TOYOTA,7.7,52.1,38.4,0
Property Damage Crash,06-10-2022 14:29,Maryland (State),PHILADELPHIA AVE,TAKOMA PARK,SAME DIRECTION LEFT TURN,RAINING,WET,DAYLIGHT,NO CONTROLS,Yes,NO APPARENT INJURY,INATTENTIVE OR LOST IN THOUGHT,PASSENGER CAR,ENTERING TRAFFIC LANE,West,West,25,2017,KIA,5.8,85,36.5,0.04
Injury Crash,06-10-2022 14:29,Ramp,RAMP 8 FR IS 270Y SB TO DEMOCRACY BLVD,N/A,SINGLE VEHICLE,CLEAR,DRY,DARK LIGHTS ON,NO CONTROLS,Yes,SUSPECTED MINOR INJURY,UNKNOWN,PASSENGER CAR,MOVING CONSTANT SPEED,South,South,25,2011,TOYT,2.4,48.4,46.9,0
Injury Crash,06-10-2022 14:40,County,E RANDOLPH RD,N/A,SAME DIR REAR END,CLEAR,DRY,DAYLIGHT,NO CONTROLS,Yes,NO APPARENT INJURY,NOT DISTRACTED,PASSENGER CAR,MOVING CONSTANT SPEED,East,East,45,2011,CHEVROLET,3.3,43,15.9,0
Property Damage Crash,06-10-2022 14:40,County,MILL CREEK DR,N/A,SINGLE VEHICLE,CLEAR,DRY,DAYLIGHT,N/A,Yes,NO APPARENT INJURY,NOT DISTRACTED,PASSENGER CAR,MOVING CONSTANT SPEED,North,North,15,2006,CHEVROLET,6.9,295,35.6,0