ACRS Report Type,Date and Time,Route Type,Road Name,Municipality,Collision Type,Weather,Surface Condition,Light,Traffic Control,Driver At Fault,Injury Severity,Driver Distracted By,Vehicle Body Type,Vehicle Movement,Vehicle Continuing Dir,Vehicle Going Dir,Speed Limit,Vehicle Year,Vehicle Make,Wind Speed (MPH),TMP10-DK ,Relative Humidity (%),Rain (Inches)
Injury Crash,06-10-2022 15:24,County,ASPEN HILL RD,N/A,HEAD ON,RAINING,WET,DARK NO LIGHTS,NO CONTROLS,No,NO APPARENT INJURY,NOT DISTRACTED,PASSENGER CAR,MOVING CONSTANT SPEED,South,South,30,2010,TOYOTA,1.8,123,39.4,0
Injury Crash,06-10-2022 16:00,Maryland (State),ROCKVILLE PIKE,N/A,SAME DIR REAR END,CLEAR,DRY,DAYLIGHT,TRAFFIC SIGNAL,No,NO APPARENT INJURY,NOT DISTRACTED,PASSENGER CAR,STOPPED IN TRAFFIC LANE,South,South,40,2009,FORD,4.8,36.6,33.8,0.05
Property Damage Crash,06-10-2022 16:00,Maryland (State),NEW HAMPSHIRE AVE,N/A,STRAIGHT MOVEMENT ANGLE,CLOUDY,DRY,DAYLIGHT,TRAFFIC SIGNAL,Unknown,NO APPARENT INJURY,LOOKED BUT DID NOT SEE,PASSENGER CAR,MOVING CONSTANT SPEED,East,East,25,2016,TOYT,4.1,50.8,41.8,0
Property Damage Crash,06-10-2022 16:47,Maryland (State),CLOPPER RD,N/A,SAME DIR REAR END,RAINING,WET,DAYLIGHT,TRAFFIC SIGNAL,Yes,NO APPARENT INJURY,NOT DISTRACTED,PASSENGER CAR,STARTING FROM PARKED,North,North,35,2000,ACURA,10.6,47.1,27.3,0
Property Damage Crash,06-10-2022 16:47,County,FAIRLAND RD,N/A,STRAIGHT MOVEMENT ANGLE,N/A,DRY,DAYLIGHT,STOP SIGN,No,NO APPARENT INJURY,NOT DISTRACTED,PASSENGER CAR,MOVING CONSTANT SPEED,West,West,40,2017,SUBARU,4,7,30.2,0
Property Damage Crash,06-10-2022 17:45,County,CORDELL AVE,N/A,SAME DIRECTION SIDESWIPE,CLEAR,DRY,DARK LIGHTS ON,NO CONTROLS,Yes,NO APPARENT INJURY,UNKNOWN,PASSENGER CAR,MOVING CONSTANT SPEED,South,South,25,2005,SATURN,1.1,42.4,29.1,0
Property Damage Crash,06-10-2022 18:30,,,,SAME DIRECTION LEFT TURN,N/A,,DARK -- UNKNOWN LIGHTING,NO CONTROLS,Yes,NO APPARENT INJURY,LOOKED BUT DID NOT SEE,PASSENGER CAR,ACCELERATING,North,North,15,2019,HYUNDAI,0,0,0,0
Property Damage Crash,06-10-2022 18:30,Maryland (State),CONNECTICUT AVE,N/A,SINGLE VEHICLE,CLEAR,DRY,DAYLIGHT,TRAFFIC SIGNAL,Yes,NO APPARENT INJURY,TALKING OR LISTENING TO CELLULAR PHONE,VAN,MOVING CONSTANT SPEED,North,North,35,2006,HONDA,4.2,41,28.7,0
Injury Crash,06-10-2022 21:00,Maryland (State),ROCKVILLE PIKE,ROCKVILLE,SAME DIR REAR END,RAINING,WET,DAYLIGHT,TRAFFIC SIGNAL,Yes,NO APPARENT INJURY,UNKNOWN,PASSENGER CAR,UNKNOWN,North,North,35,2008,TOYT,6.3,201,43.7,0
Injury Crash,06-10-2022 21:03,County,HEATHFIELD RD,N/A,STRAIGHT MOVEMENT ANGLE,CLEAR,DRY,DAYLIGHT,TRAFFIC SIGNAL,Yes,NO APPARENT INJURY,LOOKED BUT DID NOT SEE,PASSENGER CAR,STARTING FROM LANE,North,North,25,2019,CHEV,13.1,182,42,0
Injury Crash,06-10-2022 21:03,Maryland (State),RIDGE RD,N/A,SAME DIR REAR END,CLEAR,DRY,DAYLIGHT,NO CONTROLS,Yes,NO APPARENT INJURY,LOOKED BUT DID NOT SEE,STATION WAGON,MOVING CONSTANT SPEED,South,South,40,2011,ISU,3.3,53,40.4,0
Injury Crash,06-10-2022 21:19,,,,SINGLE VEHICLE,N/A,,DARK LIGHTS ON,N/A,Yes,NO APPARENT INJURY,LOOKED BUT DID NOT SEE,,STARTING FROM PARKED,Unknown,Unknown,10,0,UNKNOWN,0,0,0,0
Property Damage Crash,06-10-2022 22:35,Maryland (State),EAST WEST HWY,N/A,SAME DIRECTION SIDESWIPE,CLEAR,N/A,DARK LIGHTS ON,TRAFFIC SIGNAL,Yes,NO APPARENT INJURY,UNKNOWN,PASSENGER CAR,CHANGING LANES,West,West,30,2013,BMW,3.5,174,26.5,0
Property Damage Crash,06-10-2022 23:30,County,BLUERIDGE AVE,N/A,OTHER,CLEAR,DRY,DARK LIGHTS ON,NO CONTROLS,Yes,NO APPARENT INJURY,TALKING OR LISTENING TO CELLULAR PHONE,PASSENGER CAR,MOVING CONSTANT SPEED,West,West,25,2007,TOYOTA,9.6,34.5,20.5,0
Property Damage Crash,06-10-2022 23:30,Maryland (State),GEORGIA AVE,N/A,SAME DIR REAR END,CLOUDY,UNKNOWN,DAYLIGHT,YIELD SIGN,Yes,NO APPARENT INJURY,UNKNOWN,PASSENGER CAR,ACCELERATING,North,North,35,2012,TOYOTA,6.6,50.6,12.4,0
Injury Crash,07-10-2022 00:00,Maryland (State),GEORGIA AVE,N/A,SAME DIR REAR END,CLEAR,DRY,DAYLIGHT,TRAFFIC SIGNAL,Yes,NO APPARENT INJURY,NOT DISTRACTED,PASSENGER CAR,MOVING CONSTANT SPEED,South,South,35,2006,HYUNDAI,8.9,43.3,25.5,0
Property Damage Crash,07-10-2022 00:00,County,SCHINDLER DR,N/A,SAME DIR REAR END,CLEAR,DRY,DAYLIGHT,NO CONTROLS,Yes,NO APPARENT INJURY,UNKNOWN,(SPORT) UTILITY VEHICLE,MOVING CONSTANT SPEED,South,South,25,2013,KIA,0,0,0,0
Property Damage Crash,07-10-2022 02:30,Maryland (State),GEORGIA AVE,N/A,SAME DIRECTION SIDESWIPE,RAINING,WET,DAYLIGHT,NO CONTROLS,Yes,NO APPARENT INJURY,UNKNOWN,VAN,MOVING CONSTANT SPEED,North,North,30,2015,CHEVROLET,0,0,0,0
Property Damage Crash,07-10-2022 02:40,,,,OPPOSITE DIRECTION SIDESWIPE,CLEAR,,DAYLIGHT,N/A,Unknown,NO APPARENT INJURY,UNKNOWN,PASSENGER CAR,STARTING FROM PARKED,South,West,15,2007,BMW,5,44.1,39,0
Injury Crash,07-10-2022 02:40,US (State),COLUMBIA PIKE,N/A,SAME DIR REAR END,CLEAR,DRY,DAYLIGHT,TRAFFIC SIGNAL,Yes,NO APPARENT INJURY,NOT DISTRACTED,PASSENGER CAR,SLOWING OR STOPPING,North,North,45,2004,TOT,1.7,28,21.4,0
Injury Crash,07-10-2022 03:32,Maryland (State),GREAT SENECA HWY,N/A,STRAIGHT MOVEMENT ANGLE,CLEAR,DRY,DAYLIGHT,STOP SIGN,No,POSSIBLE INJURY,NOT DISTRACTED,PASSENGER CAR,MOVING CONSTANT SPEED,South,South,50,1997,TOYOTA,7.6,193,53.3,0
Property Damage Crash,07-10-2022 03:32,,,,SAME DIR REAR END,CLEAR,,UNKNOWN,NO CONTROLS,No,NO APPARENT INJURY,NOT DISTRACTED,(SPORT) UTILITY VEHICLE,PARKED,,,15,2005,TOYT,0,0,0,0
Property Damage Crash,07-10-2022 07:36,County,CRYSTAL ROCK DR,N/A,HEAD ON LEFT TURN,CLEAR,DRY,DARK LIGHTS ON,NO CONTROLS,Yes,NO APPARENT INJURY,LOOKED BUT DID NOT SEE,PASSENGER CAR,MAKING LEFT TURN,East,South,40,2014,CHEVY,0,0,0,0
Property Damage Crash,07-10-2022 07:36,Maryland (State),QUINCE ORCHARD RD,GAITHERSBURG,SAME DIR REAR END,CLOUDY,DRY,DAYLIGHT,TRAFFIC SIGNAL,No,NO APPARENT INJURY,NOT DISTRACTED,PASSENGER CAR,SLOWING OR STOPPING,South,South,35,2014,FORD,1.9,53,25.7,0
Property Damage Crash,07-10-2022 07:36,Maryland (State),GEORGIA AVE,N/A,SAME DIR REAR END,N/A,DRY,DARK LIGHTS ON,NO CONTROLS,Yes,NO APPARENT INJURY,UNKNOWN,PICKUP TRUCK,MOVING CONSTANT SPEED,South,South,30,2020,FORD,6.7,36.3,35.9,0
Property Damage Crash,07-10-2022 10:05,County,MONTROSE RD,N/A,HEAD ON LEFT TURN,CLEAR,DRY,DARK LIGHTS ON,N/A,Yes,NO APPARENT INJURY,UNKNOWN,(SPORT) UTILITY VEHICLE,MAKING LEFT TURN,East,East,40,2016,JEEP,0,0,0,0
Injury Crash,07-10-2022 10:05,County,FATHER HURLEY BLVD,N/A,SAME DIR REAR END,CLEAR,DRY,DAYLIGHT,N/A,Yes,NO APPARENT INJURY,NOT DISTRACTED,POLICE VEHICLE/EMERGENCY,MOVING CONSTANT SPEED,South,South,45,2012,DODGE,3.5,49.7,8.7,0
Property Damage Crash,07-10-2022 10:26,Maryland (State),DARNESTOWN RD,N/A,SAME DIRECTION SIDESWIPE,CLOUDY,DRY,DAYLIGHT,NO CONTROLS,Yes,NO APPARENT INJURY,UNKNOWN,,MOVING CONSTANT SPEED,East,East,40,0,UNKNOWN,6.2,287,38.8,0
Property Damage Crash,07-10-2022 10:38,Interstate (State),EISENHOWER MEMORIAL HWY,N/A,SAME DIR REAR END,CLEAR,DRY,DARK LIGHTS ON,NO CONTROLS,Yes,NO APPARENT INJURY,UNKNOWN,PASSENGER CAR,SLOWING OR STOPPING,South,South,55,2003,HOND,0,0,0,0
Property Damage Crash,07-10-2022 10:38,County,CENTERWAY RD,N/A,STRAIGHT MOVEMENT ANGLE,CLEAR,DRY,DAYLIGHT,NO CONTROLS,Yes,NO APPARENT INJURY,NOT DISTRACTED,PICKUP TRUCK,ENTERING TRAFFIC LANE,East,South,35,2015,TOYT,9.8,42.4,31.9,0
Property Damage Crash,07-10-2022 12:50,US (State),COLESVILLE RD,N/A,SAME DIR REAR END,CLOUDY,DRY,DAYLIGHT,NO CONTROLS,No,NO APPARENT INJURY,NOT DISTRACTED,(SPORT) UTILITY VEHICLE,MAKING RIGHT TURN,West,South,35,2004,TOYOTA,8.1,48.9,44,0
Property Damage Crash,07-10-2022 12:50,County,AMHERST AVE,N/A,SAME DIR REAR END,CLEAR,DRY,DAYLIGHT,NO CONTROLS,Yes,NO APPARENT INJURY,LOOKED BUT DID NOT SEE,(SPORT) UTILITY VEHICLE,PARKING,South,South,25,2018,TOYOTA,2.4,33.3,29.7,0
Injury Crash,07-10-2022 13:03,Maryland (State),GEORGIA AVE,N/A,HEAD ON LEFT TURN,CLEAR,DRY,DARK LIGHTS ON,TRAFFIC SIGNAL,Unknown,SUSPECTED SERIOUS INJURY,UNKNOWN,"OTHER LIGHT TRUCKS (10,000LBS (4,536KG) OR LESS)",MAKING LEFT TURN,East,South,45,2005,BUICK,1.6,60,39.6,0
Property Damage Crash,07-10-2022 13:30,Maryland (State),NEW HAMPSHIRE AVE,N/A,SAME DIR REAR END,CLEAR,DRY,DARK LIGHTS ON,N/A,No,NO APPARENT INJURY,NOT DISTRACTED,PICKUP TRUCK,CHANGING LANES,North,North,35,2021,FORD,2.1,283,25.8,0
Property Damage Crash,07-10-2022 13:30,County,BRINK RD,N/A,SAME DIR REAR END,CLEAR,N/A,DAYLIGHT,NO CONTROLS,Yes,NO APPARENT INJURY,LOOKED BUT DID NOT SEE,PASSENGER CAR,SLOWING OR STOPPING,West,West,30,2003,SATURN,2.3,37.8,35.8,0.01
Injury Crash,07-10-2022 13:30,County,SHADY GROVE RD,N/A,STRAIGHT MOVEMENT ANGLE,CLEAR,WET,DAYLIGHT,TRAFFIC SIGNAL,No,NO APPARENT INJURY,NOT DISTRACTED,PASSENGER CAR,ACCELERATING,East,East,30,2003,HOND,1.9,40.6,37.4,0
Property Damage Crash,07-10-2022 13:35,,,,OTHER,CLEAR,,DAYLIGHT,N/A,Yes,NO APPARENT INJURY,UNKNOWN,PASSENGER CAR,PARKING,South,South,10,2008,MERZ,6.2,61.5,56.8,0
Property Damage Crash,07-10-2022 13:35,County,NOLTE AVE,N/A,SAME DIR REAR END,CLEAR,DRY,DAYLIGHT,NO CONTROLS,Yes,NO APPARENT INJURY,BY OTHER OCCUPANTS,PASSENGER CAR,STARTING FROM PARKED,South,South,25,2009,NISSAN,0,0,0,0
Injury Crash,07-10-2022 14:00,Maryland (State),RIVER RD,N/A,SAME DIR REAR END,CLEAR,DRY,DAYLIGHT,TRAFFIC SIGNAL,No,NO APPARENT INJURY,NOT DISTRACTED,PASSENGER CAR,STOPPED IN TRAFFIC LANE,West,West,40,2007,CHEVY,0,0,0,0
Property Damage Crash,07-10-2022 14:00,County,GLENVILLE RD,N/A,OTHER,CLOUDY,DRY,DARK NO LIGHTS,NO CONTROLS,Yes,NO APPARENT INJURY,UNKNOWN,PASSENGER CAR,BACKING,South,South,5,2014,FORD,7.4,336,24.1,0
Injury Crash,07-10-2022 16:30,Maryland (State),GEORGIA AVE,N/A,SAME DIRECTION SIDESWIPE,CLEAR,DRY,DARK LIGHTS ON,NO CONTROLS,No,NO APPARENT INJURY,NOT DISTRACTED,TRANSIT BUS,STOPPED IN TRAFFIC LANE,North,North,40,2008,NWFL,0,0,0,0
Property Damage Crash,07-10-2022 16:30,Maryland (State),NEW HAMPSHIRE AVE,N/A,SAME DIRECTION SIDESWIPE,CLEAR,DRY,DAYLIGHT,N/A,No,NO APPARENT INJURY,NOT DISTRACTED,PASSENGER CAR,MOVING CONSTANT SPEED,North,North,40,2010,VOLV,0,0,0,0
Injury Crash,07-10-2022 17:05,Maryland (State),NEW HAMPSHIRE AVE,N/A,STRAIGHT MOVEMENT ANGLE,RAINING,WET,DARK LIGHTS ON,FLASHING TRAFFIC SIGNAL,No,NO APPARENT INJURY,NOT DISTRACTED,PASSENGER CAR,STOPPED IN TRAFFIC LANE,South,West,40,2000,ACUR,2.2,49.3,40.8,0
Property Damage Crash,07-10-2022 17:05,County,CHERRY HILL RD,N/A,STRAIGHT MOVEMENT ANGLE,CLEAR,DRY,DARK LIGHTS ON,FLASHING TRAFFIC SIGNAL,Yes,NO APPARENT INJURY,LOOKED BUT DID NOT SEE,PASSENGER CAR,STARTING FROM LANE,North,North,40,1998,TOYOTA,12.5,33,23.5,0
Injury Crash,07-10-2022 17:14,County,E RANDOLPH RD,N/A,HEAD ON LEFT TURN,CLEAR,ICE,DAYLIGHT,NO CONTROLS,Yes,NO APPARENT INJURY,NOT DISTRACTED,CROSS COUNTRY BUS,MOVING CONSTANT SPEED,East,East,40,2006,FORD,8.4,273,37.8,0
Property Damage Crash,07-10-2022 17:14,Maryland (State),SPENCERVILLE RD,N/A,STRAIGHT MOVEMENT ANGLE,N/A,DRY,DAYLIGHT,NO CONTROLS,No,NO APPARENT INJURY,NOT DISTRACTED,PASSENGER CAR,MOVING CONSTANT SPEED,East,East,35,2017,VOLKSWAGEN,0,0,0,0
Injury Crash,07-10-2022 17:14,Maryland (State),OLNEY SANDY SPRING RD,N/A,SAME DIR REAR END,CLEAR,DRY,DAYLIGHT,TRAFFIC SIGNAL,Yes,SUSPECTED MINOR INJURY,USING OTHER DEVICE CONTROLS INTEGRAL TO VEHICLE,PASSENGER CAR,SLOWING OR STOPPING,East,East,35,2008,HYUNDAI,0,0,0,0
Property Damage Crash,07-10-2022 17:50,Maryland (State),ROCKVILLE PIKE,ROCKVILLE,OTHER,CLOUDY,DRY,DAYLIGHT,N/A,Yes,NO APPARENT INJURY,NOT DISTRACTED,PASSENGER CAR,CHANGING LANES,South,South,35,2003,HOND,2.7,46.7,37.7,0
Property Damage Crash,07-10-2022 17:50,Maryland (State),WISCONSIN AVE,CHEVY CHASE VILLAGE,SAME DIR REAR END,CLEAR,DRY,DUSK,TRAFFIC SIGNAL,Yes,NO APPARENT INJURY,INATTENTIVE OR LOST IN THOUGHT,PICKUP TRUCK,SLOWING OR STOPPING,North,North,30,2012,FORD,4.7,49.3,28.9,0
Property Damage Crash,07-10-2022 18:10,,,,SINGLE VEHICLE,CLEAR,,DARK NO LIGHTS,NO CONTROLS,Yes,NO APPARENT INJURY,NOT DISTRACTED,POLICE VEHICLE/NON EMERGENCY,MOVING CONSTANT SPEED,Unknown,Unknown,5,2018,FORD,0,0,0,0
Injury Crash,07-10-2022 18:10,Maryland (State),DR BIRD RD,N/A,SAME DIR REAR END,CLEAR,DRY,DUSK,TRAFFIC SIGNAL,Yes,NO APPARENT INJURY,OTHER DISTRACTION,PASSENGER CAR,MOVING CONSTANT SPEED,West,West,35,2004,NISSAN,8,48.4,44.4,0
Property Damage Crash,07-10-2022 18:20,Maryland (State),NEW HAMPSHIRE AVE,N/A,SAME DIR REAR END,RAINING,WET,DAYLIGHT,TRAFFIC SIGNAL,No,NO APPARENT INJURY,NOT DISTRACTED,SCHOOL BUS,MOVING CONSTANT SPEED,South,South,40,2021,FREIGHTLINER,2.6,40.5,28.9,0
Injury Crash,07-10-2022 18:20,Other Public Roadway,HENDERSON CORNER RD,N/A,STRAIGHT MOVEMENT ANGLE,CLOUDY,DRY,N/A,TRAFFIC SIGNAL,Yes,POSSIBLE INJURY,UNKNOWN,PASSENGER CAR,ACCELERATING,North,North,45,2012,VOLKSWAGON,0,0,0,0
Property Damage Crash,07-10-2022 19:44,Maryland (State),HUNGERFORD DR,ROCKVILLE,SAME DIRECTION RIGHT TURN,CLOUDY,DRY,DUSK,TRAFFIC SIGNAL,No,NO APPARENT INJURY,NOT DISTRACTED,TRANSIT BUS,ACCELERATING,North,North,35,2013,NEW,10.1,166,40.4,0
Property Damage Crash,07-10-2022 19:44,Maryland (State),CONNECTICUT AVE,N/A,SAME DIR REAR END,CLEAR,DRY,DARK NO LIGHTS,TRAFFIC SIGNAL,No,NO APPARENT INJURY,NOT DISTRACTED,PASSENGER CAR,STOPPED IN TRAFFIC LANE,South,South,45,2015,HONDA,0,0,0,0
Property Damage Crash,07-10-2022 21:00,County,NEVIS RD,N/A,SAME DIR REAR END,CLEAR,DRY,DAYLIGHT,TRAFFIC SIGNAL,Yes,NO APPARENT INJURY,LOOKED BUT DID NOT SEE,"MEDIUM/HEAVY TRUCKS 3 AXLES (OVER 10,000LBS (4,536KG))",SLOWING OR STOPPING,West,West,45,2011,DODGE,0,0,0,0
Property Damage Crash,07-10-2022 21:00,Maryland (State),NEW HAMPSHIRE AVE,N/A,SAME DIRECTION LEFT TURN,CLEAR,DRY,DAYLIGHT,NO CONTROLS,Yes,NO APPARENT INJURY,LOOKED BUT DID NOT SEE,"CARGO VAN/LIGHT TRUCK 2 AXLES (OVER 10,000LBS (4,536 KG))",CHANGING LANES,South,South,40,2012,FORD,1.7,39.4,36.7,0
Property Damage Crash,07-10-2022 22:05,Municipality,AVERY RD,N/A,SINGLE VEHICLE,RAINING,WET,DAYLIGHT,NO CONTROLS,Yes,NO APPARENT INJURY,INATTENTIVE OR LOST IN THOUGHT,PASSENGER CAR,MOVING CONSTANT SPEED,South,South,35,2010,TOYT,3.2,356,22.2,0
Property Damage Crash,07-10-2022 22:05,County,RANDOLPH RD,N/A,STRAIGHT MOVEMENT ANGLE,CLEAR,DRY,DARK LIGHTS ON,TRAFFIC SIGNAL,Yes,NO APPARENT INJURY,UNKNOWN,PICKUP TRUCK,MOVING CONSTANT SPEED,East,East,45,2021,RAM,3.3,39,23.7,0
Injury Crash,07-10-2022 22:05,Maryland (State),FREDERICK RD,N/A,STRAIGHT MOVEMENT ANGLE,RAINING,WET,DAYLIGHT,STOP SIGN,No,NO APPARENT INJURY,NOT DISTRACTED,TRANSIT BUS,SLOWING OR STOPPING,North,North,45,2014,GILL,4,28,26.4,0
Property Damage Crash,07-10-2022 22:25,US (State),COLUMBIA PIKE,N/A,SAME DIRECTION SIDESWIPE,CLEAR,DRY,DARK LIGHTS ON,NO CONTROLS,Yes,NO APPARENT INJURY,LOOKED BUT DID NOT SEE,PASSENGER CAR,CHANGING LANES,North,North,55,2013,FORD,0,0,0,0
Injury Crash,07-10-2022 22:25,Maryland (State),UNIVERSITY BLVD E,N/A,SINGLE VEHICLE,N/A,DRY,DARK LIGHTS ON,NO CONTROLS,Yes,SUSPECTED MINOR INJURY,LOOKED BUT DID NOT SEE,PASSENGER CAR,MAKING LEFT TURN,East,South,35,2004,KIA,0,0,0,0
Property Damage Crash,07-10-2022 22:42,County,HERITAGE HILLS DR,N/A,SAME DIR REAR END,CLOUDY,WET,DAYLIGHT,NO CONTROLS,Yes,NO APPARENT INJURY,NOT DISTRACTED,OTHER,BACKING,West,North,25,2014,FORD,2.8,51,49.2,0
Injury Crash,07-10-2022 22:42,County,POWDER MILL RD,N/A,SAME DIR REAR END,CLEAR,DRY,DAYLIGHT,TRAFFIC SIGNAL,No,POSSIBLE INJURY,NOT DISTRACTED,PASSENGER CAR,STOPPED IN TRAFFIC LANE,North,North,35,2013,HONDA,9.3,56.4,42.2,0
Property Damage Crash,07-10-2022 23:46,,,,STRAIGHT MOVEMENT ANGLE,CLOUDY,,DAYLIGHT,NO CONTROLS,Yes,NO APPARENT INJURY,UNKNOWN,PASSENGER CAR,BACKING,North,North,0,2014,BUICK,2.3,36.3,32.8,0
Property Damage Crash,07-10-2022 23:46,Other Public Roadway,MARDEN LA,N/A,SINGLE VEHICLE,CLOUDY,WET,DAYLIGHT,NO CONTROLS,No,NO APPARENT INJURY,NOT DISTRACTED,FIRE VEHICLE/NON EMERGENCY,BACKING,West,West,25,2008,SPAR,0,0,0,0
Property Damage Crash,08-10-2022 03:09,County,EAST VILLAGE AVE,N/A,SINGLE VEHICLE,RAINING,WET,DAYLIGHT,NO CONTROLS,Yes,NO APPARENT INJURY,NOT DISTRACTED,"OTHER LIGHT TRUCKS (10,000LBS (4,536KG) OR LESS)",MOVING CONSTANT SPEED,West,West,35,2009,NISS,8.5,42.6,30.2,0
Injury Crash,08-10-2022 04:52,County,BEL PRE RD,N/A,SAME DIR REAR END,CLEAR,DRY,DAYLIGHT,OTHER,Yes,NO APPARENT INJURY,UNKNOWN,PASSENGER CAR,MOVING CONSTANT SPEED,West,West,35,2012,TOYTA,4.8,207,32.8,0
Property Damage Crash,08-10-2022 04:52,Maryland (State),HUNGERFORD DR,ROCKVILLE,SAME DIR REAR END,CLEAR,DRY,DAYLIGHT,TRAFFIC SIGNAL,No,NO APPARENT INJURY,NOT DISTRACTED,PASSENGER CAR,SLOWING OR STOPPING,North,North,35,2007,TOYT,6,44.6,29.5,0
Injury Crash,08-10-2022 05:00,County,E JEFFERSON ST,N/A,STRAIGHT MOVEMENT ANGLE,CLEAR,DRY,DARK LIGHTS ON,TRAFFIC SIGNAL,Yes,NO APPARENT INJURY,NOT DISTRACTED,PASSENGER CAR,MAKING LEFT TURN,North,East,35,2016,KIA,5.5,52.3,42.8,0
Injury Crash,08-10-2022 05:00,Maryland (State),VEIRS MILL RD,N/A,SAME DIR REAR END,CLEAR,WET,DUSK,TRAFFIC SIGNAL,Yes,NO APPARENT INJURY,NOT DISTRACTED,PASSENGER CAR,MOVING CONSTANT SPEED,West,West,40,2012,CADI,5,44.1,19.9,0
Property Damage Crash,08-10-2022 08:14,Maryland (State),UNIVERSITY BLVD E,N/A,SAME DIRECTION RIGHT TURN,CLEAR,UNKNOWN,DAYLIGHT,NO CONTROLS,Yes,NO APPARENT INJURY,UNKNOWN,PASSENGER CAR,CHANGING LANES,West,West,40,2010,NISSAN,7.1,38.7,28.5,0
Property Damage Crash,08-10-2022 08:14,County,CAMERON ST,N/A,SAME DIRECTION SIDESWIPE,CLEAR,WET,DAYLIGHT,N/A,Yes,NO APPARENT INJURY,UNKNOWN,POLICE VEHICLE/NON EMERGENCY,PARKING,North,North,10,2014,DODGE,5.9,41.8,15.8,0
Property Damage Crash,08-10-2022 09:56,County,SEVEN LOCKS RD,N/A,SAME DIR REAR END,CLEAR,DRY,DAYLIGHT,N/A,No,NO APPARENT INJURY,NOT DISTRACTED,PASSENGER CAR,MOVING CONSTANT SPEED,North,North,35,2012,HYUN,1.8,37.9,25.2,0
Property Damage Crash,08-10-2022 10:01,County,PARKLAWN DR,N/A,OPPOSITE DIRECTION SIDESWIPE,CLEAR,DRY,DARK LIGHTS ON,TRAFFIC SIGNAL,Yes,NO APPARENT INJURY,NOT DISTRACTED,PASSENGER CAR,MOVING CONSTANT SPEED,North,North,35,2004,MERCURY,11.2,322,13.3,0
Property Damage Crash,08-10-2022 12:00,County,BROADBIRCH DR,N/A,STRAIGHT MOVEMENT ANGLE,RAINING,WET,DARK LIGHTS ON,FLASHING TRAFFIC SIGNAL,No,NO APPARENT INJURY,NOT DISTRACTED,PASSENGER CAR,MOVING CONSTANT SPEED,West,West,40,2012,TOYOTA,0,0,0,0
Property Damage Crash,08-10-2022 12:00,Maryland (State),RIVER RD,N/A,SAME DIR REAR END,CLEAR,DRY,DAYLIGHT,NO CONTROLS,Yes,NO APPARENT INJURY,UNKNOWN,PASSENGER CAR,MOVING CONSTANT SPEED,East,East,35,2014,BMW,0,0,0,0
Injury Crash,08-10-2022 12:00,County,BEL PRE RD,N/A,SAME DIR REAR END,CLEAR,DRY,DAYLIGHT,N/A,Yes,NO APPARENT INJURY,NOT DISTRACTED,PASSENGER CAR,SLOWING OR STOPPING,West,West,40,2013,TOYOTA,4.1,291,24,0
Property Damage Crash,08-10-2022 12:00,County,SHAKESPEARE BLVD,N/A,SAME DIRECTION SIDESWIPE,CLEAR,DRY,DAYLIGHT,NO CONTROLS,No,NO APPARENT INJURY,NOT DISTRACTED,TRANSIT BUS,STOPPED IN TRAFFIC LANE,West,West,35,2017,GILG,5.8,34.9,30.6,0
Property Damage Crash,08-10-2022 12:45,Maryland (State),CLARKSBURG RD,N/A,SINGLE VEHICLE,CLEAR,DRY,UNKNOWN,NO CONTROLS,Unknown,NO APPARENT INJURY,UNKNOWN,PASSENGER CAR,MOVING CONSTANT SPEED,North,North,40,2008,DODGE,6.1,51.6,38.8,0
Injury Crash,08-10-2022 12:45,County,RANDOLPH RD,N/A,SAME DIRECTION RIGHT TURN,RAINING,WET,DAYLIGHT,TRAFFIC SIGNAL,Yes,POSSIBLE INJURY,LOOKED BUT DID NOT SEE,PASSENGER CAR,CHANGING LANES,East,East,35,1996,TOYOTA,2.4,88,28.1,0
Property Damage Crash,08-10-2022 13:45,,,,SINGLE VEHICLE,CLEAR,,DAYLIGHT,NO CONTROLS,Yes,NO APPARENT INJURY,LOOKED BUT DID NOT SEE,POLICE VEHICLE/NON EMERGENCY,STARTING FROM PARKED,West,West,15,2016,FORD,8.8,175,5.6,0
Property Damage Crash,08-10-2022 14:10,US (State),COLUMBIA PIKE,N/A,SAME DIRECTION SIDESWIPE,CLEAR,DRY,DAYLIGHT,TRAFFIC SIGNAL,Yes,NO APPARENT INJURY,UNKNOWN,PASSENGER CAR,CHANGING LANES,North,North,50,2018,KIA,0,0,0,0
Property Damage Crash,08-10-2022 14:10,,,,STRAIGHT MOVEMENT ANGLE,RAINING,,DUSK,N/A,No,NO APPARENT INJURY,NOT DISTRACTED,PASSENGER CAR,MOVING CONSTANT SPEED,Unknown,Unknown,15,2006,NISSAN,5.2,42.3,39.9,0
Property Damage Crash,08-10-2022 16:45,County,TUCKERMAN LA,N/A,SINGLE VEHICLE,SNOW,WET,DAYLIGHT,N/A,Yes,NO APPARENT INJURY,NOT DISTRACTED,PASSENGER CAR,MAKING RIGHT TURN,East,East,40,2010,HOND,2.2,37.7,18.6,0