ACRS Report Type,Date and Time,Route Type,Road Name,Municipality,Collision Type,Weather,Surface Condition,Light,Traffic Control,Driver At Fault,Injury Severity,Driver Distracted By,Vehicle Body Type,Vehicle Movement,Vehicle Continuing Dir,Vehicle Going Dir,Speed Limit,Vehicle Year,Vehicle Make,Wind Speed (MPH),TMP10-DK ,Relative Humidity (%),Rain (Inches)
Injury Crash,12-10-2022 08:11,Maryland (State),MUNCASTER MILL RD,N/A,HEAD ON LEFT TURN,CLEAR,DRY,DARK LIGHTS ON,NO CONTROLS,No,NO APPARENT INJURY,NOT DISTRACTED,PASSENGER CAR,MOVING CONSTANT SPEED,East,East,30,2014,SUBURU,2.1,58.1,56.5,0
Property Damage Crash,12-10-2022 11:20,,,,HEAD ON,CLEAR,,DAYLIGHT,NO CONTROLS,Unknown,NO APPARENT INJURY,LOOKED BUT DID NOT SEE,PASSENGER CAR,BACKING,East,North,15,2019,HOND,7.6,58.8,47.5,0
Property Damage Crash,12-10-2022 11:20,County,SLIGO AVE,N/A,SAME DIR REAR END,RAINING,WET,DARK LIGHTS ON,N/A,Yes,NO APPARENT INJURY,UNKNOWN,PASSENGER CAR,SLOWING OR STOPPING,East,East,25,2003,TOYOTA,1.9,41.8,40.9,0
Injury Crash,12-10-2022 12:00,County,E RANDOLPH RD,N/A,STRAIGHT MOVEMENT ANGLE,CLEAR,DRY,DARK LIGHTS ON,TRAFFIC SIGNAL,Yes,POSSIBLE INJURY,LOOKED BUT DID NOT SEE,PASSENGER CAR,MAKING LEFT TURN,South,South,40,2015,FORD,4.2,57,47.2,0
Property Damage Crash,12-10-2022 12:00,,,,OTHER,CLEAR,,DAYLIGHT,NO CONTROLS,Yes,NO APPARENT INJURY,OTHER DISTRACTION,PASSENGER CAR,MOVING CONSTANT SPEED,West,West,25,2009,AUDI,3.4,65.5,59,0
Injury Crash,12-10-2022 12:40,Maryland (State),QUINCE ORCHARD RD,GAITHERSBURG,SAME DIR REAR END,CLEAR,DRY,DAYLIGHT,NO CONTROLS,No,NO APPARENT INJURY,NOT DISTRACTED,PASSENGER CAR,SLOWING OR STOPPING,North,North,40,2014,TOYT,2.9,63.1,62.5,0.01
Injury Crash,12-10-2022 12:40,Maryland (State),QUINCE ORCHARD RD,GAITHERSBURG,HEAD ON,CLEAR,DRY,DAYLIGHT,NO CONTROLS,Yes,SUSPECTED SERIOUS INJURY,LOOKED BUT DID NOT SEE,PASSENGER CAR,MOVING CONSTANT SPEED,South,South,35,2010,HONDA,1.3,52.6,28.2,0
Property Damage Crash,12-10-2022 13:38,Maryland (State),GEORGIA AVE,N/A,SAME DIR REAR END,CLEAR,DRY,DAYLIGHT,TRAFFIC SIGNAL,Yes,NO APPARENT INJURY,UNKNOWN,PASSENGER CAR,MOVING CONSTANT SPEED,South,South,40,1999,NISSAN,2.2,45.7,40.4,0
Property Damage Crash,12-10-2022 13:41,Maryland (State),UNIVERSITY BLVD W,N/A,SAME DIRECTION SIDESWIPE,CLEAR,DRY,DAYLIGHT,NO CONTROLS,No,NO APPARENT INJURY,NOT DISTRACTED,PASSENGER CAR,MOVING CONSTANT SPEED,West,West,40,2013,INFINITI,13.4,48.4,34.3,0
Injury Crash,12-10-2022 13:41,County,SHADY GROVE RD,N/A,STRAIGHT MOVEMENT ANGLE,CLEAR,DRY,DAYLIGHT,TRAFFIC SIGNAL,Yes,NO APPARENT INJURY,UNKNOWN,PASSENGER CAR,SLOWING OR STOPPING,East,East,35,2014,MNNI,1.7,59.1,52.5,0
Property Damage Crash,12-10-2022 14:25,County,SILVER SPRING AVE,N/A,SAME DIR REAR END,CLEAR,DRY,DARK LIGHTS ON,TRAFFIC SIGNAL,No,NO APPARENT INJURY,NOT DISTRACTED,POLICE VEHICLE/NON EMERGENCY,STOPPED IN TRAFFIC LANE,North,West,25,2016,FORD,6.8,78,54.2,0
Injury Crash,12-10-2022 15:10,,,,SINGLE VEHICLE,RAINING,,DAYLIGHT,N/A,Yes,SUSPECTED MINOR INJURY,UNKNOWN,PASSENGER CAR,MOVING CONSTANT SPEED,South,South,5,2005,NISSAN,2.7,79.9,68.1,0
Property Damage Crash,12-10-2022 15:10,County,E RANDOLPH RD,N/A,SAME DIR REAR END,N/A,DRY,DAYLIGHT,TRAFFIC SIGNAL,No,NO APPARENT INJURY,NOT DISTRACTED,(SPORT) UTILITY VEHICLE,MAKING RIGHT TURN,North,West,35,2007,MITSUBISHI,3.7,57,47.9,0.01
Property Damage Crash,12-10-2022 17:16,County,OAK HILL RD,N/A,SINGLE VEHICLE,CLEAR,DRY,DAYLIGHT,NO CONTROLS,Yes,NO APPARENT INJURY,NOT DISTRACTED,POLICE VEHICLE/EMERGENCY,BACKING,South,South,30,2010,DODGE,8.2,75.1,53.6,0
Property Damage Crash,12-10-2022 17:16,Interstate (State),EISENHOWER MEMORIAL HWY,N/A,SAME DIR REAR END,CLEAR,DRY,DAYLIGHT,NO CONTROLS,No,NO APPARENT INJURY,NOT DISTRACTED,(SPORT) UTILITY VEHICLE,SLOWING OR STOPPING,North,North,55,2017,CHEV,1.6,64.6,60.3,0
Injury Crash,12-10-2022 17:16,Maryland (State),NEW HAMPSHIRE AVE,N/A,STRAIGHT MOVEMENT ANGLE,N/A,DRY,DAYLIGHT,TRAFFIC SIGNAL,No,POSSIBLE INJURY,NOT DISTRACTED,(SPORT) UTILITY VEHICLE,STARTING FROM LANE,West,West,40,2017,EDGE,6.9,56.2,42.8,0
Injury Crash,12-10-2022 17:16,County,FATHER HURLEY BLVD,N/A,SAME DIR REAR END,CLEAR,DRY,DAYLIGHT,TRAFFIC SIGNAL,Yes,NO APPARENT INJURY,OTHER CELLULAR PHONE RELATED,"OTHER LIGHT TRUCKS (10,000LBS (4,536KG) OR LESS)",MOVING CONSTANT SPEED,North,North,45,2011,CHEV,6.9,75.9,46,0
Property Damage Crash,12-10-2022 17:20,Maryland (State),VEIRS MILL RD,N/A,ANGLE MEETS LEFT TURN,CLEAR,DRY,DAYLIGHT,STOP SIGN,Yes,NO APPARENT INJURY,NOT DISTRACTED,(SPORT) UTILITY VEHICLE,MAKING LEFT TURN,South,East,35,2007,GMC,2.1,59.3,55.4,0
Property Damage Crash,12-10-2022 17:20,Maryland (State),OLNEY SANDY SPRING RD,N/A,SAME DIR REAR END,CLEAR,DRY,DAYLIGHT,TRAFFIC SIGNAL,No,NO APPARENT INJURY,NOT DISTRACTED,(SPORT) UTILITY VEHICLE,STOPPED IN TRAFFIC LANE,East,East,30,2012,MAZDA,7.2,59.8,42.8,0
Property Damage Crash,12-10-2022 17:40,,,,OTHER,N/A,,DAYLIGHT,N/A,Yes,NO APPARENT INJURY,UNKNOWN,POLICE VEHICLE/NON EMERGENCY,BACKING,East,East,10,2014,DODGE,1.9,62.3,52.8,0
Injury Crash,12-10-2022 17:40,Maryland (State),PINEY BRANCH RD,N/A,SAME DIR REAR END,SNOW,SNOW,DARK LIGHTS ON,NO CONTROLS,No,SUSPECTED MINOR INJURY,NOT DISTRACTED,PASSENGER CAR,SLOWING OR STOPPING,North,North,35,2006,FORD,3,72.1,52,0
Injury Crash,12-10-2022 17:56,Maryland (State),RIDGE RD,N/A,SAME DIR REAR END,CLEAR,DRY,DAYLIGHT,TRAFFIC SIGNAL,Yes,NO APPARENT INJURY,LOOKED BUT DID NOT SEE,(SPORT) UTILITY VEHICLE,SLOWING OR STOPPING,North,North,35,2008,CHEV,2.1,65.7,65.2,0
Injury Crash,12-10-2022 17:56,County,SNOUFFERS SCHOOL RD,N/A,SAME DIRECTION SIDESWIPE,CLEAR,DRY,DARK LIGHTS ON,NO CONTROLS,No,NO APPARENT INJURY,NOT DISTRACTED,(SPORT) UTILITY VEHICLE,MOVING CONSTANT SPEED,North,North,35,2001,ACURA,2.8,53.2,42.7,0
Injury Crash,12-10-2022 17:56,Maryland (State),VEIRS MILL RD,N/A,SAME DIR REAR END,CLOUDY,DRY,DAYLIGHT,TRAFFIC SIGNAL,Yes,NO APPARENT INJURY,NOT DISTRACTED,PASSENGER CAR,MOVING CONSTANT SPEED,East,East,40,2011,FORD,2,48.8,42.7,0
Property Damage Crash,12-10-2022 18:08,Municipality,WATKINS MILL RD,GAITHERSBURG,OPPOSITE DIRECTION SIDESWIPE,CLEAR,DRY,DAYLIGHT,STOP SIGN,Yes,NO APPARENT INJURY,UNKNOWN,PASSENGER CAR,MAKING LEFT TURN,South,West,30,2006,TOYOTA,6.8,56.7,37.7,0
Property Damage Crash,12-10-2022 18:08,Maryland (State),W DIAMOND AVE,N/A,SINGLE VEHICLE,CLEAR,DRY,DAYLIGHT,NO CONTROLS,Yes,NO APPARENT INJURY,UNKNOWN,PASSENGER CAR,SLOWING OR STOPPING,East,East,35,2017,KIA,1.6,66.6,59.5,0
Property Damage Crash,12-10-2022 18:08,Maryland (State),OLD GEORGETOWN RD,N/A,SAME DIRECTION LEFT TURN,CLEAR,DRY,DAYLIGHT,TRAFFIC SIGNAL,Yes,NO APPARENT INJURY,UNKNOWN,TRANSIT BUS,CHANGING LANES,South,South,30,2019,GILLIG,5.7,81.2,52.9,0
Property Damage Crash,12-10-2022 18:17,US (State),COLESVILLE RD,N/A,SAME DIRECTION SIDESWIPE,CLEAR,DRY,DAYLIGHT,N/A,No,NO APPARENT INJURY,NOT DISTRACTED,SCHOOL BUS,SLOWING OR STOPPING,North,North,35,2011,GILL,7.7,51.8,38.5,0
Property Damage Crash,12-10-2022 18:17,County,FLOWER HILL WAY,N/A,ANGLE MEETS LEFT HEAD ON,N/A,DRY,DAYLIGHT,STOP SIGN,Yes,NO APPARENT INJURY,UNKNOWN,PASSENGER CAR,MAKING RIGHT TURN,West,South,25,2010,FORD,2.9,65.1,50.8,0
Property Damage Crash,12-10-2022 18:17,County,BEL PRE RD,N/A,STRAIGHT MOVEMENT ANGLE,CLOUDY,WET,DAYLIGHT,NO CONTROLS,No,NO APPARENT INJURY,NOT DISTRACTED,PASSENGER CAR,MOVING CONSTANT SPEED,East,East,35,2005,HOND,8.2,67.3,52.2,0
Injury Crash,12-10-2022 19:50,County,RANDOLPH RD,N/A,SAME DIR REAR END,CLEAR,DRY,DARK LIGHTS ON,TRAFFIC SIGNAL,Yes,NO APPARENT INJURY,UNKNOWN,PASSENGER CAR,SLOWING OR STOPPING,West,West,30,2021,TOYOTA,2.1,56.4,55,0.34
Injury Crash,12-10-2022 19:50,Maryland (State),UNIVERSITY BLVD W,N/A,STRAIGHT MOVEMENT ANGLE,CLEAR,DRY,DAYLIGHT,STOP SIGN,Yes,NO APPARENT INJURY,UNKNOWN,UNKNOWN,ACCELERATING,South,South,25,0,UNKNOWN,4.4,75.9,45.7,0
Property Damage Crash,12-10-2022 20:00,,,,SAME DIR REND RIGHT TURN,CLEAR,,DARK LIGHTS ON,N/A,No,NO APPARENT INJURY,NOT DISTRACTED,SCHOOL BUS,PARKED,,,5,2016,THOMAS,5.4,78.8,43.9,0
Property Damage Crash,12-10-2022 20:00,County,GLEASON ST,N/A,SAME DIRECTION SIDESWIPE,CLEAR,DRY,DAYLIGHT,NO CONTROLS,Yes,NO APPARENT INJURY,NOT DISTRACTED,SCHOOL BUS,ACCELERATING,East,East,25,2015,FRHT,1.4,63.7,45.3,0
Property Damage Crash,12-10-2022 21:41,Maryland (State),FALLS RD,N/A,HEAD ON LEFT TURN,CLEAR,DRY,DAYLIGHT,NO CONTROLS,No,NO APPARENT INJURY,NOT DISTRACTED,PASSENGER CAR,MOVING CONSTANT SPEED,North,North,30,2015,VOLKSWAGON,6.3,53.3,51.8,0.11
Property Damage Crash,12-10-2022 22:15,Maryland (State),NEW HAMPSHIRE AVE,TAKOMA PARK,SAME DIR REAR END,CLEAR,DRY,DAYLIGHT,FLASHING TRAFFIC SIGNAL,Yes,NO APPARENT INJURY,OTHER DISTRACTION,PASSENGER CAR,MOVING CONSTANT SPEED,South,South,35,2022,CHEVROLET,1.2,62.2,54.2,0
Property Damage Crash,12-10-2022 23:08,Maryland (State),NEW HAMPSHIRE AVE,N/A,SAME DIRECTION SIDESWIPE,CLEAR,DRY,DAYLIGHT,NO CONTROLS,Yes,NO APPARENT INJURY,UNKNOWN,(SPORT) UTILITY VEHICLE,CHANGING LANES,South,South,40,2008,AUDI,1.3,55.7,48,0
Injury Crash,12-10-2022 23:08,Maryland (State),W DIAMOND AVE,N/A,HEAD ON LEFT TURN,CLEAR,DRY,DARK NO LIGHTS,NO CONTROLS,Yes,SUSPECTED MINOR INJURY,UNKNOWN,PASSENGER CAR,MAKING LEFT TURN,East,South,35,2011,TOYT,6.5,80.1,57.9,0
Property Damage Crash,01-11-2022 06:35,Maryland (State),KEMPTOWN RD,N/A,SINGLE VEHICLE,RAINING,WET,DAYLIGHT,NO CONTROLS,Yes,NO APPARENT INJURY,NOT DISTRACTED,TRUCK TRACTOR,MAKING U TURN,East,West,40,2016,FREIGHT LINER,3.3,55.2,44.5,0
Injury Crash,01-11-2022 06:35,Maryland (State),EAST WEST HWY,N/A,SAME DIR REAR END,CLEAR,DRY,DAYLIGHT,TRAFFIC SIGNAL,No,NO APPARENT INJURY,NOT DISTRACTED,VAN,SLOWING OR STOPPING,West,West,30,2017,FORD,1.5,45.6,24.5,0
Injury Crash,01-11-2022 06:35,,,,STRAIGHT MOVEMENT ANGLE,CLEAR,,DAYLIGHT,N/A,No,POSSIBLE INJURY,NOT DISTRACTED,PASSENGER CAR,MOVING CONSTANT SPEED,Unknown,Unknown,5,2019,NISSAN,0.9,66.1,55.4,0
Property Damage Crash,01-11-2022 06:45,Maryland (State),NEW HAMPSHIRE AVE,N/A,SAME DIR REND LEFT TURN,CLOUDY,DRY,DARK LIGHTS ON,NO CONTROLS,No,NO APPARENT INJURY,NOT DISTRACTED,PASSENGER CAR,MOVING CONSTANT SPEED,South,South,45,2021,TOYOTA,1.8,62.6,60.9,0
Property Damage Crash,01-11-2022 06:45,County,GOOD HOPE RD,N/A,HEAD ON LEFT TURN,CLEAR,DRY,DAYLIGHT,TRAFFIC SIGNAL,No,NO APPARENT INJURY,NOT DISTRACTED,PICKUP TRUCK,MOVING CONSTANT SPEED,North,North,35,1997,NISSAN,5.6,71.3,69.5,0
Property Damage Crash,01-11-2022 06:47,Maryland (State),NEW HAMPSHIRE AVE,N/A,STRAIGHT MOVEMENT ANGLE,CLEAR,DRY,DAYLIGHT,NO CONTROLS,No,NO APPARENT INJURY,NOT DISTRACTED,PASSENGER CAR,MOVING CONSTANT SPEED,South,South,40,2007,MERCEDES,3.4,67.9,56.4,0
Property Damage Crash,01-11-2022 06:48,Maryland (State),GREAT SENECA HWY,N/A,SAME DIR REAR END,CLEAR,DRY,DARK LIGHTS ON,TRAFFIC SIGNAL,No,NO APPARENT INJURY,NOT DISTRACTED,PASSENGER CAR,STOPPED IN TRAFFIC LANE,West,North,50,2013,SUBARU,8.6,59.3,41,0
Property Damage Crash,01-11-2022 06:48,US (State),COLUMBIA PIKE,N/A,SAME DIR REAR END,CLEAR,DRY,DARK LIGHTS ON,TRAFFIC SIGNAL,No,NO APPARENT INJURY,NOT DISTRACTED,PICKUP TRUCK,STOPPED IN TRAFFIC LANE,South,South,50,2003,FORD,5.4,75.7,46.8,0
Property Damage Crash,01-11-2022 06:50,County,EAST VILLAGE AVE,N/A,SAME DIRECTION SIDESWIPE,N/A,DRY,DAYLIGHT,NO CONTROLS,No,NO APPARENT INJURY,NOT DISTRACTED,PASSENGER CAR,MOVING CONSTANT SPEED,East,East,35,2014,ACURA,0.8,60.2,50,0
Injury Crash,01-11-2022 06:50,Maryland (State),MUNCASTER MILL RD,N/A,HEAD ON,CLEAR,WET,DARK LIGHTS ON,TRAFFIC SIGNAL,Yes,POSSIBLE INJURY,UNKNOWN,PASSENGER CAR,MAKING LEFT TURN,South,West,40,2004,HONDA,4.1,74.4,61.3,0
Property Damage Crash,01-11-2022 09:10,Municipality,S SUMMIT AVE,GAITHERSBURG,HEAD ON LEFT TURN,FOGGY,N/A,DARK LIGHTS ON,STOP SIGN,No,NO APPARENT INJURY,NOT DISTRACTED,(SPORT) UTILITY VEHICLE,MOVING CONSTANT SPEED,South,South,30,2002,JEEP,4.3,74.7,46.4,0
Injury Crash,01-11-2022 09:10,Maryland (State),SPENCERVILLE RD,N/A,HEAD ON LEFT TURN,CLOUDY,DRY,DAYLIGHT,STOP SIGN,No,SUSPECTED MINOR INJURY,LOOKED BUT DID NOT SEE,PASSENGER CAR,MAKING LEFT TURN,West,North,35,2019,CHEV,2.1,77.8,45.4,0
Injury Crash,01-11-2022 09:44,County,FRANKLIN AVE,N/A,SAME DIR REAR END,CLEAR,DRY,DAYLIGHT,TRAFFIC SIGNAL,No,POSSIBLE INJURY,NOT DISTRACTED,PASSENGER CAR,STOPPED IN TRAFFIC LANE,East,East,35,2016,FORD,5.6,66.6,51.3,0
Property Damage Crash,01-11-2022 09:44,Maryland (State),RIVER RD,N/A,OTHER,N/A,DRY,DAYLIGHT,TRAFFIC SIGNAL,Yes,NO APPARENT INJURY,NOT DISTRACTED,TRANSIT BUS,BACKING,West,East,40,2013,TBU,2.4,47.4,40.4,0
Injury Crash,01-11-2022 10:01,County,GREENHILL DR,N/A,OTHER,CLEAR,DRY,DAYLIGHT,NO CONTROLS,No,NO APPARENT INJURY,NOT DISTRACTED,VAN,MOVING CONSTANT SPEED,North,North,10,2012,DODGE,1.6,63.8,63.3,0.02
Property Damage Crash,01-11-2022 10:01,County,FATHER HURLEY BLVD,N/A,SAME DIR REAR END,CLOUDY,DRY,DAYLIGHT,TRAFFIC SIGNAL,No,NO APPARENT INJURY,NOT DISTRACTED,VAN,STOPPED IN TRAFFIC LANE,North,North,30,2018,DODGE,1.1,53.7,51.8,0
Property Damage Crash,01-11-2022 11:00,,,,OTHER,CLEAR,,DAYLIGHT,NO CONTROLS,Yes,NO APPARENT INJURY,LOOKED BUT DID NOT SEE,PASSENGER CAR,BACKING,South,South,0,2008,FORD,1.3,47.1,43.8,0
Property Damage Crash,01-11-2022 11:00,Maryland (State),NEW HAMPSHIRE AVE,N/A,SAME DIR REAR END,N/A,DRY,DAYLIGHT,N/A,Yes,NO APPARENT INJURY,UNKNOWN,PASSENGER CAR,SLOWING OR STOPPING,South,South,40,2006,LEXUS,1.7,72.4,61.6,0
Property Damage Crash,01-11-2022 11:00,County,INDEPENDENCE ST,N/A,SAME DIRECTION SIDESWIPE,CLEAR,DRY,DARK LIGHTS ON,NO CONTROLS,Yes,NO APPARENT INJURY,NOT DISTRACTED,PASSENGER CAR,MOVING CONSTANT SPEED,West,West,25,2005,TOYOTA,3.4,62,52.1,0
Injury Crash,01-11-2022 13:35,County,RANDOLPH RD,N/A,SAME DIR REAR END,CLEAR,DRY,DAYLIGHT,OTHER,Yes,NO APPARENT INJURY,NOT DISTRACTED,(SPORT) UTILITY VEHICLE,STOPPED IN TRAFFIC LANE,East,East,35,2002,LEX,14.9,69.6,41.4,0
Injury Crash,01-11-2022 13:35,Maryland (State),CONNECTICUT AVE,N/A,STRAIGHT MOVEMENT ANGLE,CLEAR,DRY,DAYLIGHT,TRAFFIC SIGNAL,Yes,POSSIBLE INJURY,LOOKED BUT DID NOT SEE,PASSENGER CAR,MOVING CONSTANT SPEED,South,South,35,2002,SUBARU,5.8,70.6,48.8,0
Property Damage Crash,01-11-2022 14:21,Maryland (State),NEW HAMPSHIRE AVE,N/A,SAME DIR REAR END,CLEAR,DRY,DARK LIGHTS ON,TRAFFIC SIGNAL,No,NO APPARENT INJURY,NOT DISTRACTED,PASSENGER CAR,STOPPED IN TRAFFIC LANE,North,North,35,2016,TOYOTA,3.1,47.7,37.1,0
Injury Crash,01-11-2022 14:21,Maryland (State),RIVER RD,N/A,OPPOSITE DIRECTION SIDESWIPE,CLOUDY,DRY,DAYLIGHT,N/A,No,NO APPARENT INJURY,NOT DISTRACTED,PASSENGER CAR,SLOWING OR STOPPING,North,East,35,2013,BMW,3.4,75.9,47.3,0
Property Damage Crash,01-11-2022 14:41,Municipality,THOMPSON AVE,N/A,OTHER,CLEAR,DRY,DAYLIGHT,NO CONTROLS,No,NO APPARENT INJURY,NOT DISTRACTED,PASSENGER CAR,PARKED,,,25,2017,NISSAN,4.2,50.1,38.6,0
Injury Crash,01-11-2022 14:41,County,ROBINDALE DR,N/A,SAME DIRECTION SIDESWIPE,CLEAR,DRY,N/A,NO CONTROLS,Yes,POSSIBLE INJURY,UNKNOWN,PASSENGER CAR,MOVING CONSTANT SPEED,North,North,25,2004,ACURA,4.2,58.2,43.9,0
Property Damage Crash,01-11-2022 15:50,Maryland (State),GREAT SENECA HWY,GAITHERSBURG,STRAIGHT MOVEMENT ANGLE,RAINING,WET,DAYLIGHT,TRAFFIC SIGNAL,No,NO APPARENT INJURY,NOT DISTRACTED,POLICE VEHICLE/NON EMERGENCY,MAKING LEFT TURN,West,West,30,2007,CHEVROLET,0.7,53.2,48.4,0
Injury Crash,01-11-2022 15:50,,TWIN BRANCHES DRIVE,N/A,OTHER,CLEAR,DRY,DAYLIGHT,NO CONTROLS,Yes,NO APPARENT INJURY,LOOKED BUT DID NOT SEE,PASSENGER CAR,ACCELERATING,East,East,0,2000,MERZ,7.8,46.1,32.1,0
Property Damage Crash,01-11-2022 15:51,Maryland (State),WOODFIELD RD,N/A,HEAD ON LEFT TURN,CLOUDY,DRY,DAYLIGHT,NO CONTROLS,Yes,NO APPARENT INJURY,LOOKED BUT DID NOT SEE,PASSENGER CAR,MAKING LEFT TURN,North,North,50,2017,TOYOTA,3.4,70.5,63.9,0
Property Damage Crash,01-11-2022 15:51,Maryland (State),CONNECTICUT AVE,N/A,SAME DIRECTION RIGHT TURN,CLEAR,DRY,DAYLIGHT,N/A,Yes,NO APPARENT INJURY,LOOKED BUT DID NOT SEE,PASSENGER CAR,CHANGING LANES,South,South,35,2022,MAZDA,13.9,70.3,55.5,0
Property Damage Crash,01-11-2022 15:58,Maryland (State),FREDERICK RD,N/A,SINGLE VEHICLE,CLEAR,DRY,DARK LIGHTS ON,STOP SIGN,Yes,NO APPARENT INJURY,DISTRACTED BY OUTSIDE PERSON OBJECT OR EVENT,"CARGO VAN/LIGHT TRUCK 2 AXLES (OVER 10,000LBS (4,536 KG))",MOVING CONSTANT SPEED,South,South,45,2017,INTERNATIONAL,8,88.8,55,0
Property Damage Crash,01-11-2022 15:58,Maryland (State),ROCKVILLE PIKE,N/A,SAME DIRECTION SIDESWIPE,CLEAR,DRY,DAYLIGHT,YIELD SIGN,No,NO APPARENT INJURY,NOT DISTRACTED,TRANSIT BUS,MOVING CONSTANT SPEED,North,North,35,2017,GILG,4.9,69.3,46,0
Injury Crash,01-11-2022 16:28,Maryland (State),UNIVERSITY BLVD E,N/A,STRAIGHT MOVEMENT ANGLE,CLEAR,DRY,DAYLIGHT,TRAFFIC SIGNAL,No,POSSIBLE INJURY,NOT DISTRACTED,PASSENGER CAR,MOVING CONSTANT SPEED,West,West,35,2009,HONDA,1.8,57.1,51.1,0
Property Damage Crash,01-11-2022 16:28,US (State),COLUMBIA PIKE,N/A,SAME DIR REAR END,CLOUDY,DRY,DAYLIGHT,TRAFFIC SIGNAL,Yes,NO APPARENT INJURY,UNKNOWN,PASSENGER CAR,MOVING CONSTANT SPEED,South,South,40,2008,KIA,4.6,67.3,41.2,0
Property Damage Crash,01-11-2022 17:28,,,,SINGLE VEHICLE,CLEAR,,DAYLIGHT,NO CONTROLS,Yes,NO APPARENT INJURY,NOT DISTRACTED,(SPORT) UTILITY VEHICLE,BACKING,Unknown,Unknown,15,2017,JEEP,10.1,44.8,26,0
Property Damage Crash,01-11-2022 17:32,County,AMITY DR,N/A,SAME DIR REAR END,CLEAR,DRY,DAYLIGHT,STOP SIGN,No,NO APPARENT INJURY,NOT DISTRACTED,(SPORT) UTILITY VEHICLE,SLOWING OR STOPPING,West,North,25,2018,TOYOTA,5.5,57.4,57.5,0.42
Injury Crash,01-11-2022 17:32,County,SHADY GROVE RD,N/A,SAME DIRECTION SIDESWIPE,RAINING,WET,DARK LIGHTS ON,NO CONTROLS,No,SUSPECTED MINOR INJURY,NOT DISTRACTED,(SPORT) UTILITY VEHICLE,MOVING CONSTANT SPEED,West,West,40,2011,CADILLAC,3.2,51.6,38.8,0
Property Damage Crash,01-11-2022 17:45,Municipality,TEACHERS WAY,N/A,STRAIGHT MOVEMENT ANGLE,UNKNOWN,UNKNOWN,DAYLIGHT,STOP SIGN,Yes,NO APPARENT INJURY,UNKNOWN,(SPORT) UTILITY VEHICLE,MAKING LEFT TURN,North,East,25,0,UNKNOWN,7.7,61.9,43.5,0
Property Damage Crash,01-11-2022 17:45,Maryland (State),WISCONSIN AVE,N/A,STRAIGHT MOVEMENT ANGLE,CLEAR,DRY,DARK LIGHTS ON,TRAFFIC SIGNAL,No,NO APPARENT INJURY,NOT DISTRACTED,PASSENGER CAR,MOVING CONSTANT SPEED,East,East,25,1994,HONDA,3.3,72.7,45.6,0
Property Damage Crash,01-11-2022 17:48,Maryland (State),CONNECTICUT AVE,N/A,STRAIGHT MOVEMENT ANGLE,RAINING,WET,DARK LIGHTS ON,TRAFFIC SIGNAL,Yes,NO APPARENT INJURY,SMOKING RELATED,PASSENGER CAR,MOVING CONSTANT SPEED,North,North,45,2004,AUDI,2.9,65.1,45.4,0
Injury Crash,01-11-2022 17:48,Maryland (State),WOODFIELD RD,N/A,STRAIGHT MOVEMENT ANGLE,CLEAR,DRY,DAYLIGHT,STOP SIGN,Yes,NO APPARENT INJURY,LOOKED BUT DID NOT SEE,(SPORT) UTILITY VEHICLE,MAKING LEFT TURN,North,East,35,2013,TOYT,3.6,63,47,0
Property Damage Crash,01-11-2022 18:00,Maryland (State),UNIVERSITY BLVD W,N/A,OTHER,CLEAR,DRY,DARK LIGHTS ON,NO CONTROLS,No,NO APPARENT INJURY,NOT DISTRACTED,PASSENGER CAR,MOVING CONSTANT SPEED,East,East,40,2016,TOYOTA,12.3,81.5,59.2,0
Injury Crash,01-11-2022 18:00,,PARK POTOMAC AVENUE,N/A,STRAIGHT MOVEMENT ANGLE,RAINING,WET,DAYLIGHT,STOP SIGN,Yes,NO APPARENT INJURY,LOOKED BUT DID NOT SEE,(SPORT) UTILITY VEHICLE,MAKING LEFT TURN,West,North,25,2011,MERCEDES,0.7,56.6,46.7,0
Property Damage Crash,01-11-2022 18:11,Maryland (State),RIVER RD,N/A,SAME DIR REAR END,CLEAR,DRY,DAYLIGHT,N/A,Yes,NO APPARENT INJURY,OTHER CELLULAR PHONE RELATED,PASSENGER CAR,MOVING CONSTANT SPEED,East,East,35,2010,JEEP,4.9,69.6,66.5,0
Injury Crash,01-11-2022 18:11,,,,SINGLE VEHICLE,RAINING,,DARK LIGHTS ON,NO CONTROLS,No,NO APPARENT INJURY,NOT DISTRACTED,PASSENGER CAR,MOVING CONSTANT SPEED,North,North,10,2008,NISSAN,3.7,73.3,30.3,0
Property Damage Crash,01-11-2022 18:35,,,,OTHER,N/A,,DAYLIGHT,NO CONTROLS,No,NO APPARENT INJURY,NOT DISTRACTED,PASSENGER CAR,ACCELERATING,South,South,0,2002,TOYOTA,2,53.3,50.9,0
Injury Crash,01-11-2022 18:35,Municipality,ELMCROFT BLVD,ROCKVILLE,STRAIGHT MOVEMENT ANGLE,CLEAR,DRY,DAYLIGHT,NO CONTROLS,Yes,POSSIBLE INJURY,NOT DISTRACTED,PASSENGER CAR,MOVING CONSTANT SPEED,South,South,25,2015,HYUNDAI,1.9,50.3,35.6,0
Injury Crash,01-11-2022 22:00,Maryland (State),NORBECK RD,N/A,HEAD ON LEFT TURN,CLEAR,DRY,DAYLIGHT,TRAFFIC SIGNAL,Yes,NO APPARENT INJURY,LOOKED BUT DID NOT SEE,VAN,MAKING LEFT TURN,South,West,45,2018,TOYOTA,3.2,77.2,56.6,0
Property Damage Crash,01-11-2022 22:00,Maryland (State),NEW HAMPSHIRE AVE,N/A,SAME DIR REAR END,CLEAR,DRY,DARK LIGHTS ON,TRAFFIC SIGNAL,No,NO APPARENT INJURY,NOT DISTRACTED,PASSENGER CAR,STOPPED IN TRAFFIC LANE,North,North,40,2016,NISSAN,0.9,61.6,49,0