ACRS Report Type,Date and Time,Route Type,Road Name,Municipality,Collision Type,Weather,Surface Condition,Light,Traffic Control,Driver At Fault,Injury Severity,Driver Distracted By,Vehicle Body Type,Vehicle Movement,Vehicle Continuing Dir,Vehicle Going Dir,Speed Limit,Vehicle Year,Vehicle Make,Wind Speed (MPH),TMP10-DK ,Relative Humidity (%),Rain (Inches)
Property Damage Crash,02-11-2022 00:19,Municipality,WASHINGTONIAN BLVD,N/A,SAME DIRECTION LEFT TURN,CLEAR,DRY,DAYLIGHT,NO CONTROLS,No,NO APPARENT INJURY,NOT DISTRACTED,PASSENGER CAR,MOVING CONSTANT SPEED,North,North,25,2015,BMW,6.6,62.4,49.6,0
Injury Crash,02-11-2022 00:19,Maryland (State),NEW HAMPSHIRE AVE,N/A,SAME DIR REAR END,CLOUDY,DRY,DAYLIGHT,YIELD SIGN,No,NO APPARENT INJURY,UNKNOWN,(SPORT) UTILITY VEHICLE,SLOWING OR STOPPING,South,South,25,2013,TOYOTA,7.2,76.9,64.5,0
Property Damage Crash,02-11-2022 00:38,Maryland (State),ROCKVILLE PIKE,N/A,SAME DIR REAR END,CLEAR,DRY,DAYLIGHT,NO CONTROLS,No,NO APPARENT INJURY,NOT DISTRACTED,PASSENGER CAR,SLOWING OR STOPPING,North,North,35,2021,TESL,8.7,79.6,45.8,0
Injury Crash,02-11-2022 02:09,County,JONES BRIDGE RD,N/A,OTHER,CLEAR,DRY,DAYLIGHT,NO CONTROLS,No,NO APPARENT INJURY,NOT DISTRACTED,PASSENGER CAR,MOVING CONSTANT SPEED,East,East,35,2015,HYUNDAI,3.5,70.8,54.8,0
Property Damage Crash,02-11-2022 02:09,,,,SINGLE VEHICLE,CLOUDY,,DAYLIGHT,NO CONTROLS,Yes,NO APPARENT INJURY,NOT DISTRACTED,"OTHER LIGHT TRUCKS (10,000LBS (4,536KG) OR LESS)",BACKING,Unknown,Unknown,0,2016,FORD,2.9,44.2,31.1,0
Injury Crash,02-11-2022 06:45,Maryland (State),CONNECTICUT AVE,N/A,SINGLE VEHICLE,SLEET,ICE,DARK LIGHTS ON,NO CONTROLS,No,SUSPECTED MINOR INJURY,NOT DISTRACTED,(SPORT) UTILITY VEHICLE,MOVING CONSTANT SPEED,South,South,35,2016,TOYOTA,4.5,74.1,47.4,0
Property Damage Crash,02-11-2022 06:45,County,NICHOLSON LA,N/A,STRAIGHT MOVEMENT ANGLE,CLEAR,DRY,DAYLIGHT,TRAFFIC SIGNAL,Yes,NO APPARENT INJURY,LOOKED BUT DID NOT SEE,PASSENGER CAR,MOVING CONSTANT SPEED,East,East,30,2015,NISSAN,0.8,61,54.4,0
Property Damage Crash,02-11-2022 07:30,County,NORWOOD RD,N/A,SAME DIRECTION RIGHT TURN,CLEAR,DRY,DARK NO LIGHTS,NO CONTROLS,No,NO APPARENT INJURY,NOT DISTRACTED,PASSENGER CAR,MOVING CONSTANT SPEED,East,East,40,2015,SMART,2,50.9,46.3,0
Injury Crash,02-11-2022 07:30,Municipality,CHESTNUT ST,GAITHERSBURG,STRAIGHT MOVEMENT ANGLE,CLEAR,DRY,DAYLIGHT,NO CONTROLS,Yes,POSSIBLE INJURY,UNKNOWN,PASSENGER CAR,UNKNOWN,North,West,30,2001,TOYOTA,4.2,54.8,23.9,0
Injury Crash,02-11-2022 07:55,US (State),COLUMBIA PIKE,N/A,SAME DIR REAR END,CLEAR,DRY,DARK LIGHTS ON,NO CONTROLS,Yes,NO APPARENT INJURY,OTHER CELLULAR PHONE RELATED,PASSENGER CAR,MOVING CONSTANT SPEED,North,North,55,2015,FORD,4.2,76.4,52.4,0
Property Damage Crash,02-11-2022 07:55,Maryland (State),VEIRS MILL RD,N/A,SAME DIRECTION SIDESWIPE,CLEAR,DRY,DAYLIGHT,STOP SIGN,No,NO APPARENT INJURY,NOT DISTRACTED,PICKUP TRUCK,MOVING CONSTANT SPEED,West,West,45,2000,TOYOTA,3.2,59.2,23.4,0
Property Damage Crash,02-11-2022 08:03,Maryland (State),FREDERICK RD,ROCKVILLE,SAME DIR REAR END,RAINING,WET,DAYLIGHT,TRAFFIC SIGNAL,No,NO APPARENT INJURY,NOT DISTRACTED,PASSENGER CAR,SLOWING OR STOPPING,South,South,35,2002,TOYT,1.5,66,65.5,0
Property Damage Crash,02-11-2022 08:03,US (State),COLESVILLE RD,N/A,SAME DIR REAR END,RAINING,WET,DAYLIGHT,NO CONTROLS,No,NO APPARENT INJURY,NOT DISTRACTED,PASSENGER CAR,STOPPED IN TRAFFIC LANE,South,South,40,2016,BUICK,7.1,72.3,49.4,0
Property Damage Crash,02-11-2022 08:15,County,COLUMBIA BLVD,N/A,HEAD ON,RAINING,WET,DAYLIGHT,NO CONTROLS,No,NO APPARENT INJURY,NOT DISTRACTED,PASSENGER CAR,MOVING CONSTANT SPEED,North,North,25,2014,HYUNDIA,5.1,56.7,56.6,0.05
Injury Crash,02-11-2022 08:15,County,ASPEN HILL RD,N/A,STRAIGHT MOVEMENT ANGLE,CLEAR,DRY,DAYLIGHT,TRAFFIC SIGNAL,Yes,POSSIBLE INJURY,INATTENTIVE OR LOST IN THOUGHT,(SPORT) UTILITY VEHICLE,MOVING CONSTANT SPEED,South,South,25,2016,TOYOTA,7.6,71.3,38.3,0
Injury Crash,02-11-2022 08:16,Maryland (State),ROCKVILLE PIKE,N/A,SAME DIR REAR END,CLEAR,DRY,DARK LIGHTS ON,NO CONTROLS,Yes,NO APPARENT INJURY,INATTENTIVE OR LOST IN THOUGHT,PASSENGER CAR,MOVING CONSTANT SPEED,South,South,40,2014,DODGE,4.7,77.3,65.3,0
Property Damage Crash,02-11-2022 08:16,Maryland (State),FREDERICK RD,N/A,SAME DIR REAR END,CLEAR,DRY,DAYLIGHT,NO CONTROLS,Yes,NO APPARENT INJURY,NOT DISTRACTED,PASSENGER CAR,MOVING CONSTANT SPEED,South,South,45,2015,TOYT,1.3,57.2,47.3,0
Injury Crash,02-11-2022 08:48,Maryland (State),ROCKVILLE PIKE,N/A,HEAD ON LEFT TURN,CLEAR,DRY,DAYLIGHT,TRAFFIC SIGNAL,Yes,NO APPARENT INJURY,LOOKED BUT DID NOT SEE,PASSENGER CAR,MAKING LEFT TURN,West,North,35,2005,PONT,4.5,55.2,27.6,0
Injury Crash,02-11-2022 08:48,Maryland (State),MIDCOUNTY HWY,N/A,HEAD ON LEFT TURN,CLEAR,DRY,DAYLIGHT,NO CONTROLS,Yes,POSSIBLE INJURY,LOOKED BUT DID NOT SEE,PASSENGER CAR,MAKING LEFT TURN,West,West,50,2004,LIN,6.8,73,42.2,0
Property Damage Crash,02-11-2022 10:12,Maryland (State),GEORGIA AVE,N/A,HEAD ON LEFT TURN,CLEAR,DRY,DAYLIGHT,NO CONTROLS,Yes,NO APPARENT INJURY,NOT DISTRACTED,VAN,MAKING LEFT TURN,West,South,35,2012,NISSAN,1.1,60.4,47.5,0
Injury Crash,02-11-2022 10:12,Maryland (State),MONTGOMERY VILLAGE AVE,GAITHERSBURG,STRAIGHT MOVEMENT ANGLE,OTHER,DRY,DARK LIGHTS ON,TRAFFIC SIGNAL,Unknown,SUSPECTED MINOR INJURY,NOT DISTRACTED,PASSENGER CAR,MOVING CONSTANT SPEED,North,North,35,2017,NISS,4,77.2,61.5,0
Property Damage Crash,02-11-2022 10:20,Maryland (State),GEORGIA AVE,N/A,STRAIGHT MOVEMENT ANGLE,CLEAR,DRY,DAYLIGHT,TRAFFIC SIGNAL,No,NO APPARENT INJURY,NOT DISTRACTED,PASSENGER CAR,MOVING CONSTANT SPEED,North,North,35,2013,TOYOTA,4.7,50.4,38.2,0
Injury Crash,02-11-2022 10:20,Maryland (State),KNOWLES AVE,N/A,SAME DIR REAR END,CLEAR,DRY,DARK LIGHTS ON,NO CONTROLS,No,POSSIBLE INJURY,NOT DISTRACTED,PASSENGER CAR,STOPPED IN TRAFFIC LANE,West,West,30,2013,ACURA,7.6,60.3,39.1,0
Property Damage Crash,02-11-2022 10:21,Maryland (State),GEORGIA AVE,N/A,OTHER,CLEAR,DRY,DAYLIGHT,TRAFFIC SIGNAL,No,NO APPARENT INJURY,NOT DISTRACTED,PASSENGER CAR,MAKING LEFT TURN,West,North,50,2010,CHEVROLET,4.6,62,54.7,0
Property Damage Crash,02-11-2022 10:21,Maryland (State),CONNECTICUT AVE,CHEVY CHASE #3,SAME DIRECTION SIDESWIPE,CLEAR,DRY,DAYLIGHT,NO CONTROLS,Yes,NO APPARENT INJURY,UNKNOWN,,MOVING CONSTANT SPEED,North,North,30,0,UNKNOWN,6.4,80.3,41.1,0
Property Damage Crash,02-11-2022 10:58,County,LOCKWOOD DR,N/A,STRAIGHT MOVEMENT ANGLE,CLOUDY,DRY,DAYLIGHT,NO CONTROLS,Yes,NO APPARENT INJURY,LOOKED BUT DID NOT SEE,PASSENGER CAR,ENTERING TRAFFIC LANE,East,East,35,2019,NISSAN,10.5,63.3,57.9,0.01
Property Damage Crash,02-11-2022 10:58,Maryland (State),FREDERICK RD,GAITHERSBURG,SAME DIRECTION SIDESWIPE,N/A,DRY,DAYLIGHT,NO CONTROLS,No,NO APPARENT INJURY,NOT DISTRACTED,PASSENGER CAR,MOVING CONSTANT SPEED,North,North,35,2003,LEXU,2.6,44.1,31.7,0
Property Damage Crash,02-11-2022 11:00,Maryland (State),ROCKVILLE PIKE,ROCKVILLE,STRAIGHT MOVEMENT ANGLE,CLOUDY,DRY,DARK LIGHTS ON,TRAFFIC SIGNAL,Yes,NO APPARENT INJURY,OTHER ELECTRONIC DEVICE (NAVIGATIONAL PALM PILOT),PASSENGER CAR,MOVING CONSTANT SPEED,North,North,35,2015,HONDA,1.4,48.6,46.5,0
Property Damage Crash,02-11-2022 11:50,,,,SAME DIR REAR END,CLEAR,,DAYLIGHT,NO CONTROLS,No,NO APPARENT INJURY,NOT DISTRACTED,PASSENGER CAR,MOVING CONSTANT SPEED,East,East,10,2015,CHEVROLET,2.3,66.2,65,0
Property Damage Crash,02-11-2022 12:34,Maryland (State),WOODFIELD RD,N/A,SAME DIRECTION SIDESWIPE,CLEAR,DRY,DAYLIGHT,NO CONTROLS,Yes,NO APPARENT INJURY,NOT DISTRACTED,PASSENGER CAR,MOVING CONSTANT SPEED,South,South,45,2016,HYUN,2.4,68,25.5,0
Injury Crash,02-11-2022 14:19,County,BOWIE MILL RD,N/A,HEAD ON,CLEAR,DRY,DARK LIGHTS ON,NO CONTROLS,No,SUSPECTED MINOR INJURY,NOT DISTRACTED,PASSENGER CAR,MOVING CONSTANT SPEED,West,West,35,2009,GMC,3.4,63.4,62.2,0
Injury Crash,02-11-2022 14:19,Maryland (State),DARNESTOWN RD,N/A,SINGLE VEHICLE,CLEAR,DRY,DAYLIGHT,NO CONTROLS,Yes,SUSPECTED SERIOUS INJURY,UNKNOWN,MOTORCYCLE,MOVING CONSTANT SPEED,East,East,35,2006,TRIMUPH,6.4,71.1,61.9,0
Property Damage Crash,02-11-2022 14:28,County,OBSERVATION DR,N/A,SAME DIRECTION SIDESWIPE,CLEAR,DRY,DAYLIGHT,TRAFFIC SIGNAL,Yes,NO APPARENT INJURY,NOT DISTRACTED,PASSENGER CAR,MAKING RIGHT TURN,South,East,35,2017,VOLKSWAGON,2.7,70.9,48.1,0
Injury Crash,02-11-2022 14:28,County,WATKINS MILL RD,N/A,STRAIGHT MOVEMENT ANGLE,CLEAR,DRY,DAWN,TRAFFIC SIGNAL,No,POSSIBLE INJURY,NOT DISTRACTED,PASSENGER CAR,MAKING LEFT TURN,South,West,35,2018,HODNA,6.5,60.1,55,0.02
Property Damage Crash,02-11-2022 14:28,Interstate (State),EISENHOWER MEMORIAL HWY,N/A,SAME DIR REAR END,CLEAR,DRY,DAYLIGHT,NO CONTROLS,Yes,NO APPARENT INJURY,LOOKED BUT DID NOT SEE,PASSENGER CAR,MOVING CONSTANT SPEED,North,North,55,2011,BUICK,5.3,77.6,40,0
Injury Crash,02-11-2022 14:30,Maryland (State),EAST WEST HWY,N/A,SINGLE VEHICLE,CLEAR,DRY,DARK LIGHTS ON,NO CONTROLS,Yes,SUSPECTED MINOR INJURY,NOT DISTRACTED,PASSENGER CAR,SKIDDING,East,East,35,2011,LNDR,3.8,78.3,50,0
Property Damage Crash,02-11-2022 14:30,County,CEDAR LA,N/A,STRAIGHT MOVEMENT ANGLE,RAINING,WET,DARK LIGHTS ON,STOP SIGN,No,NO APPARENT INJURY,NOT DISTRACTED,PASSENGER CAR,MOVING CONSTANT SPEED,East,East,30,2015,TOYOTA,12.9,82.3,59,0
Injury Crash,02-11-2022 14:34,Maryland (State),NEW HAMPSHIRE AVE,TAKOMA PARK,SAME DIR REAR END,RAINING,WET,DARK LIGHTS ON,TRAFFIC SIGNAL,No,SUSPECTED MINOR INJURY,NOT DISTRACTED,PASSENGER CAR,STOPPED IN TRAFFIC LANE,South,South,35,1995,TOYOTA,7.1,55.7,35.2,0
Property Damage Crash,02-11-2022 14:34,County,SHADY GROVE RD,N/A,ANGLE MEETS LEFT TURN,RAINING,WET,DARK LIGHTS ON,TRAFFIC SIGNAL,No,NO APPARENT INJURY,NOT DISTRACTED,PASSENGER CAR,MAKING LEFT TURN,North,East,35,2007,AUDI,1.2,51.6,46.8,0
Injury Crash,02-11-2022 15:30,County,CHERRY HILL RD,N/A,SAME DIR REAR END,RAINING,WET,DUSK,NO CONTROLS,Yes,NO APPARENT INJURY,NOT DISTRACTED,OTHER,SLOWING OR STOPPING,South,South,40,2008,HOND,6.1,70,40.2,0
Property Damage Crash,02-11-2022 15:30,Maryland (State),CONNECTICUT AVE,N/A,SAME DIR REAR END,CLEAR,DRY,DARK LIGHTS ON,NO CONTROLS,Yes,NO APPARENT INJURY,EATING OR DRINKING,PASSENGER CAR,MOVING CONSTANT SPEED,North,North,35,2012,CHEVY,3.8,72.4,51.7,0
Property Damage Crash,02-11-2022 15:35,Maryland (State),PINEY BRANCH RD,N/A,SAME DIR REAR END,CLEAR,DRY,DAYLIGHT,TRAFFIC SIGNAL,Yes,NO APPARENT INJURY,OTHER DISTRACTION,PASSENGER CAR,MOVING CONSTANT SPEED,North,North,30,2002,FORD,1.4,67.2,53.4,0
Injury Crash,02-11-2022 15:54,County,CLARKSBURG RD,N/A,HEAD ON,CLOUDY,WET,DAYLIGHT,N/A,Yes,NO APPARENT INJURY,NOT DISTRACTED,PASSENGER CAR,NEGOTIATING A CURVE,North,North,35,1997,HONDA,6.4,52.2,31.4,0
Property Damage Crash,02-11-2022 16:05,Maryland (State),NORBECK RD,N/A,SAME DIR REAR END,CLOUDY,DRY,DAYLIGHT,TRAFFIC SIGNAL,Yes,NO APPARENT INJURY,NOT DISTRACTED,PASSENGER CAR,SLOWING OR STOPPING,East,East,40,2014,ACUR,2.4,60.5,59,0
Property Damage Crash,02-11-2022 17:43,US (State),COLESVILLE RD,N/A,SAME DIR REAR END,CLEAR,DRY,DARK LIGHTS ON,NO CONTROLS,Yes,NO APPARENT INJURY,UNKNOWN,PASSENGER CAR,PASSING,North,North,35,2018,NISS,1.1,51,46.3,0
Property Damage Crash,02-11-2022 17:43,Maryland (State),ROCKVILLE PIKE,N/A,HEAD ON,N/A,WET,DARK LIGHTS ON,TRAFFIC SIGNAL,No,NO APPARENT INJURY,NOT DISTRACTED,PASSENGER CAR,MAKING LEFT TURN,North,East,40,2000,HONDA,5.6,72.5,45,0
Property Damage Crash,02-11-2022 18:54,Maryland (State),UNIVERSITY BLVD E,N/A,SAME DIR REND RIGHT TURN,RAINING,WET,DARK LIGHTS ON,TRAFFIC SIGNAL,No,NO APPARENT INJURY,NOT DISTRACTED,PASSENGER CAR,STOPPED IN TRAFFIC LANE,West,West,40,1994,FORD,3.4,81.7,67.4,0
Property Damage Crash,02-11-2022 18:54,County,DILSTON RD,N/A,STRAIGHT MOVEMENT ANGLE,CLEAR,DRY,DAYLIGHT,STOP SIGN,No,NO APPARENT INJURY,NOT DISTRACTED,PASSENGER CAR,MAKING LEFT TURN,North,East,15,2020,HYUNDAI,3.8,65,59.9,0
Property Damage Crash,02-11-2022 19:25,Maryland (State),NEW HAMPSHIRE AVE,N/A,SAME DIRECTION RIGHT TURN,CLEAR,DRY,DARK LIGHTS ON,TRAFFIC SIGNAL,Yes,NO APPARENT INJURY,LOOKED BUT DID NOT SEE,PASSENGER CAR,CHANGING LANES,North,North,35,2017,HYUNDAI,4.8,76.1,57,0
Injury Crash,02-11-2022 20:47,Municipality,STANLEY AVE,ROCKVILLE,STRAIGHT MOVEMENT ANGLE,N/A,WET,DARK LIGHTS ON,STOP SIGN,Yes,NO APPARENT INJURY,UNKNOWN,PASSENGER CAR,ACCELERATING,North,North,25,2011,HYUNDAI,8.2,79.1,49.6,0
Injury Crash,02-11-2022 20:55,County,BRADLEY BLVD,N/A,OPPOSITE DIRECTION SIDESWIPE,CLEAR,DRY,DAYLIGHT,TRAFFIC SIGNAL,No,POSSIBLE INJURY,NOT DISTRACTED,PASSENGER CAR,SLOWING OR STOPPING,East,East,35,2017,MERCEDES,4.5,74.3,52.8,0
Property Damage Crash,02-11-2022 20:55,Maryland (State),FALLS RD,N/A,SAME DIR BOTH LEFT TURN,CLOUDY,WET,DAYLIGHT,TRAFFIC SIGNAL,Yes,NO APPARENT INJURY,NOT DISTRACTED,PICKUP TRUCK,MAKING LEFT TURN,South,South,35,2006,TOYOTA,4.5,78.9,48.5,0
Injury Crash,02-11-2022 21:23,Maryland (State),GEORGIA AVE,N/A,SAME DIR REAR END,CLEAR,DRY,DAYLIGHT,TRAFFIC SIGNAL,No,NO APPARENT INJURY,NOT DISTRACTED,PASSENGER CAR,STOPPED IN TRAFFIC LANE,East,South,25,2017,NISS,1.1,63,61,0
Injury Crash,02-11-2022 21:23,Maryland (State),GEORGIA AVE,N/A,SAME DIR REAR END,CLEAR,DRY,DARK LIGHTS ON,NO CONTROLS,Yes,NO APPARENT INJURY,LOOKED BUT DID NOT SEE,PASSENGER CAR,MOVING CONSTANT SPEED,North,North,35,2004,TOYOTA,3.8,51.8,45.8,0
Injury Crash,02-11-2022 22:19,Maryland (State),NORBECK RD,N/A,SAME DIR REAR END,CLEAR,DRY,DAYLIGHT,NO CONTROLS,No,POSSIBLE INJURY,NOT DISTRACTED,PASSENGER CAR,SLOWING OR STOPPING,West,West,45,2012,TOYOTA,1.7,69.3,54.4,0
Injury Crash,02-11-2022 23:45,,,,HEAD ON LEFT TURN,RAINING,,DAYLIGHT,N/A,Unknown,NO APPARENT INJURY,NOT DISTRACTED,PASSENGER CAR,MOVING CONSTANT SPEED,South,South,15,2008,TOYT,8.1,62.6,60.3,0.03
Injury Crash,03-11-2022 07:13,Maryland (State),GEORGIA AVE,N/A,SAME DIR REAR END,CLEAR,DRY,DAYLIGHT,NO CONTROLS,No,NO APPARENT INJURY,NOT DISTRACTED,(SPORT) UTILITY VEHICLE,SLOWING OR STOPPING,South,South,45,2013,INFINITY,5.5,63.2,23.4,0
Injury Crash,03-11-2022 07:13,US (State),COLUMBIA PIKE,N/A,SAME DIR REAR END,CLOUDY,DRY,DAYLIGHT,NO CONTROLS,Yes,POSSIBLE INJURY,UNKNOWN,PICKUP TRUCK,MOVING CONSTANT SPEED,North,North,50,2016,CHEVROLET,5.3,67.3,39.4,0
Injury Crash,03-11-2022 07:24,Maryland (State),MUNCASTER MILL RD,N/A,SAME DIR REAR END,CLEAR,N/A,DARK LIGHTS ON,N/A,No,SUSPECTED MINOR INJURY,NOT DISTRACTED,(SPORT) UTILITY VEHICLE,SLOWING OR STOPPING,West,West,35,2015,NISSAN,9.1,79.2,46.6,0
Property Damage Crash,03-11-2022 07:24,US (State),COLUMBIA PIKE,N/A,SAME DIR REAR END,CLEAR,DRY,DAYLIGHT,TRAFFIC SIGNAL,No,NO APPARENT INJURY,NOT DISTRACTED,PASSENGER CAR,STOPPED IN TRAFFIC LANE,North,North,40,1998,BUICK,6.7,55.7,33.1,0
Property Damage Crash,03-11-2022 07:24,Maryland (State),HUNGERFORD DR,N/A,OTHER,RAINING,WET,DARK LIGHTS ON,NO CONTROLS,Yes,NO APPARENT INJURY,NOT DISTRACTED,PASSENGER CAR,BACKING,South,South,35,2007,HONDA,9.7,74.2,57.2,0
Property Damage Crash,03-11-2022 07:59,,,,OTHER,N/A,,DAYLIGHT,NO CONTROLS,Yes,NO APPARENT INJURY,UNKNOWN,PICKUP TRUCK,STARTING FROM PARKED,Unknown,Unknown,0,2010,TOYOTA,1.1,71.7,45.9,0
Injury Crash,03-11-2022 08:00,County,E RANDOLPH RD,N/A,STRAIGHT MOVEMENT ANGLE,RAINING,WET,DAYLIGHT,TRAFFIC SIGNAL,Yes,POSSIBLE INJURY,UNKNOWN,PASSENGER CAR,MAKING LEFT TURN,East,South,40,2012,NISSAN,9.4,54.1,30.4,0
Property Damage Crash,03-11-2022 08:04,Maryland (State),WISCONSIN AVE,N/A,STRAIGHT MOVEMENT ANGLE,CLEAR,DRY,DAYLIGHT,TRAFFIC SIGNAL,No,NO APPARENT INJURY,NOT DISTRACTED,PASSENGER CAR,MOVING CONSTANT SPEED,South,South,35,2017,NISSAN,4,63.8,56.7,0
Property Damage Crash,03-11-2022 08:04,County,JONES BRIDGE RD,N/A,SAME DIRECTION SIDESWIPE,CLEAR,DRY,DAYLIGHT,TRAFFIC SIGNAL,Yes,NO APPARENT INJURY,UNKNOWN,,MOVING CONSTANT SPEED,North,West,35,0,UNKNOWN,3,67.8,53.5,0
Property Damage Crash,03-11-2022 09:09,County,SHADY GROVE RD,N/A,SAME DIRECTION LEFT TURN,CLOUDY,DRY,DAYLIGHT,TRAFFIC SIGNAL,No,NO APPARENT INJURY,NOT DISTRACTED,FIRE VEHICLE/EMERGENCY,MAKING LEFT TURN,West,North,45,2005,INTERNATIONAL,3.2,72.2,68.7,0
Property Damage Crash,03-11-2022 09:09,Maryland (State),GEORGIA AVE,N/A,SAME DIR REAR END,RAINING,WET,DAYLIGHT,NO CONTROLS,No,NO APPARENT INJURY,NOT DISTRACTED,PASSENGER CAR,SLOWING OR STOPPING,South,South,40,2009,SCION,2.5,64.1,30,0
Property Damage Crash,03-11-2022 11:17,Maryland (State),RIDGE RD,N/A,SAME DIR REAR END,N/A,DRY,DAYLIGHT,N/A,Yes,NO APPARENT INJURY,OTHER DISTRACTION,PASSENGER CAR,MOVING CONSTANT SPEED,North,North,40,2005,HOND,4.8,77,66.4,0
Property Damage Crash,03-11-2022 11:17,,,,OTHER,CLEAR,,DAYLIGHT,NO CONTROLS,Yes,NO APPARENT INJURY,LOOKED BUT DID NOT SEE,PASSENGER CAR,PARKING,South,South,5,2006,NISSAN,2.9,64.6,58.1,0
Property Damage Crash,03-11-2022 11:23,Maryland (State),KEY WEST AVE,N/A,SAME DIR REAR END,RAINING,WET,DARK LIGHTS ON,TRAFFIC SIGNAL,No,NO APPARENT INJURY,NOT DISTRACTED,PASSENGER CAR,SLOWING OR STOPPING,West,West,45,2016,SUBRAU,1.2,64.8,53.8,0
Property Damage Crash,03-11-2022 12:15,US (State),GEORGIA AVE,N/A,HEAD ON LEFT TURN,CLEAR,DRY,DARK LIGHTS ON,TRAFFIC SIGNAL,No,NO APPARENT INJURY,NOT DISTRACTED,PASSENGER CAR,MOVING CONSTANT SPEED,South,South,30,1995,HONDA,0.8,48.6,46.6,0
Property Damage Crash,03-11-2022 12:15,,,,OTHER,CLEAR,,DUSK,N/A,Yes,NO APPARENT INJURY,UNKNOWN,VAN,BACKING,North,Unknown,5,2002,FORD,8.2,84.9,47.5,0
Injury Crash,03-11-2022 13:00,County,OLD COLUMBIA PIKE,N/A,SAME DIR REAR END,SNOW,SNOW,DARK LIGHTS ON,TRAFFIC SIGNAL,No,NO APPARENT INJURY,UNKNOWN,PASSENGER CAR,SLOWING OR STOPPING,South,South,35,2004,TOYT,6.6,48.2,23.2,0
Property Damage Crash,03-11-2022 13:00,County,E RANDOLPH RD,N/A,SAME DIRECTION RIGHT TURN,CLEAR,DRY,DARK LIGHTS ON,TRAFFIC SIGNAL,No,NO APPARENT INJURY,NOT DISTRACTED,PASSENGER CAR,MOVING CONSTANT SPEED,North,West,40,1997,TOYT,6.6,74.1,57.4,0
Property Damage Crash,03-11-2022 13:15,County,SANGAMORE RD,N/A,STRAIGHT MOVEMENT ANGLE,CLEAR,DRY,DARK -- UNKNOWN LIGHTING,STOP SIGN,No,NO APPARENT INJURY,NOT DISTRACTED,PICKUP TRUCK,MAKING LEFT TURN,East,South,25,2009,DODGE,6.6,53.8,36.5,0
Property Damage Crash,03-11-2022 13:20,County,SUMMIT RIDGE TERR,N/A,OTHER,CLEAR,DRY,DAYLIGHT,NO CONTROLS,No,NO APPARENT INJURY,NOT DISTRACTED,PASSENGER CAR,STOPPED IN TRAFFIC LANE,East,East,25,2007,CHEV,2.8,66.2,61.6,0
Property Damage Crash,03-11-2022 13:20,Maryland (State),PINEY BRANCH RD,N/A,SAME DIRECTION SIDESWIPE,CLEAR,DRY,DARK LIGHTS ON,STOP SIGN,Yes,NO APPARENT INJURY,OTHER DISTRACTION,PASSENGER CAR,MAKING LEFT TURN,West,North,40,2015,MAZD,2.9,51.1,47.6,0
Injury Crash,03-11-2022 13:20,County,BLUE TEE TER,N/A,OPPOSITE DIRECTION SIDESWIPE,N/A,WET,DAYLIGHT,NO CONTROLS,Yes,NO APPARENT INJURY,UNKNOWN,"CARGO VAN/LIGHT TRUCK 2 AXLES (OVER 10,000LBS (4,536 KG))",BACKING,West,West,15,2001,MACK,4.4,63.9,41.1,0
Injury Crash,03-11-2022 13:28,County,E JEFFERSON ST,N/A,SAME DIR REAR END,CLEAR,DRY,DAYLIGHT,TRAFFIC SIGNAL,Yes,NO APPARENT INJURY,LOOKED BUT DID NOT SEE,"CARGO VAN/LIGHT TRUCK 2 AXLES (OVER 10,000LBS (4,536 KG))",STARTING FROM LANE,North,North,30,2012,FRHT,13.8,68.4,55.9,0
Injury Crash,03-11-2022 13:40,Maryland (State),OLNEY SANDY SPRING RD,N/A,OPPOSITE DIRECTION SIDESWIPE,CLOUDY,WET,DAYLIGHT,TRAFFIC SIGNAL,Yes,SUSPECTED MINOR INJURY,UNKNOWN,PASSENGER CAR,MOVING CONSTANT SPEED,East,West,30,2014,HONDA,2,53.1,52.4,0
Property Damage Crash,03-11-2022 13:45,,,,UNKNOWN,CLEAR,,DARK LIGHTS ON,N/A,Yes,NO APPARENT INJURY,UNKNOWN,UNKNOWN,UNKNOWN,Unknown,Unknown,10,2022,UNKNOWN,2.4,46,39.7,0
Property Damage Crash,03-11-2022 13:45,,,,HEAD ON,CLOUDY,,DAYLIGHT,N/A,Yes,NO APPARENT INJURY,NOT DISTRACTED,PASSENGER CAR,MOVING CONSTANT SPEED,East,East,10,2005,TOYOTA,6.7,68.6,45.8,0
Property Damage Crash,03-11-2022 13:54,County,TUCKERMAN LA,N/A,STRAIGHT MOVEMENT ANGLE,CLEAR,DRY,DAWN,STOP SIGN,Yes,NO APPARENT INJURY,LOOKED BUT DID NOT SEE,PASSENGER CAR,ACCELERATING,North,North,35,2003,ACURA,2.4,44.2,40.2,0
Property Damage Crash,03-11-2022 13:54,Maryland (State),PINEY BRANCH RD,N/A,HEAD ON LEFT TURN,N/A,DRY,DAYLIGHT,TRAFFIC SIGNAL,Yes,NO APPARENT INJURY,NOT DISTRACTED,PASSENGER CAR,MAKING LEFT TURN,East,South,35,2006,HONDA,2.3,81,48.1,0