ACRS Report Type,Date and Time,Route Type,Road Name,Municipality,Collision Type,Weather,Surface Condition,Light,Traffic Control,Driver At Fault,Injury Severity,Driver Distracted By,Vehicle Body Type,Vehicle Movement,Vehicle Continuing Dir,Vehicle Going Dir,Speed Limit,Vehicle Year,Vehicle Make,Wind Speed (MPH),TMP10-DK ,Relative Humidity (%),Rain (Inches)
Injury Crash,03-11-2022 14:06,County,PLUM ORCHARD DR,N/A,STRAIGHT MOVEMENT ANGLE,CLEAR,DRY,DAYLIGHT,TRAFFIC SIGNAL,No,POSSIBLE INJURY,NOT DISTRACTED,PASSENGER CAR,MOVING CONSTANT SPEED,West,West,40,2017,TOYOTA,6,56.2,41,0
Property Damage Crash,03-11-2022 14:06,County,WAYNE AVE,N/A,OTHER,CLEAR,DRY,DAYLIGHT,TRAFFIC SIGNAL,Yes,NO APPARENT INJURY,LOOKED BUT DID NOT SEE,PASSENGER CAR,BACKING,West,West,30,2014,TOYOTA,5.1,75.6,62.9,0
Property Damage Crash,03-11-2022 15:20,Maryland (State),ROCKVILLE PIKE,N/A,SAME DIRECTION RIGHT TURN,CLEAR,DRY,DAYLIGHT,OTHER,No,NO APPARENT INJURY,NOT DISTRACTED,PASSENGER CAR,STOPPED IN TRAFFIC LANE,North,North,35,2006,FORD,0.9,57.8,57.2,0
Property Damage Crash,03-11-2022 16:00,Interstate (State),CABIN JOHN PKWY,N/A,SAME DIR REAR END,CLEAR,DRY,DARK NO LIGHTS,NO CONTROLS,Yes,NO APPARENT INJURY,UNKNOWN,PASSENGER CAR,MOVING CONSTANT SPEED,East,East,40,2015,CHEV,3.8,56.2,32.8,0
Property Damage Crash,03-11-2022 16:00,County,OLD COLUMBIA PIKE,N/A,STRAIGHT MOVEMENT ANGLE,CLEAR,DRY,DAYLIGHT,TRAFFIC SIGNAL,No,NO APPARENT INJURY,NOT DISTRACTED,PASSENGER CAR,ACCELERATING,South,South,40,2018,HONDA,4.1,66.5,59,0
Property Damage Crash,03-11-2022 16:02,Maryland (State),DARNESTOWN RD,GAITHERSBURG,STRAIGHT MOVEMENT ANGLE,CLEAR,DRY,DAWN,STOP SIGN,Yes,NO APPARENT INJURY,NOT DISTRACTED,"MEDIUM/HEAVY TRUCKS 3 AXLES (OVER 10,000LBS (4,536KG))",MAKING LEFT TURN,East,South,40,2009,MORGAN,1.6,57.4,50.5,0
Property Damage Crash,03-11-2022 16:25,US (State),GEORGIA AVE,N/A,SAME DIRECTION LEFT TURN,CLOUDY,WET,DAYLIGHT,TRAFFIC SIGNAL,Yes,NO APPARENT INJURY,LOOKED BUT DID NOT SEE,PASSENGER CAR,MOVING CONSTANT SPEED,East,East,25,1999,TOYOTA,3.6,69.5,49.2,0
Property Damage Crash,03-11-2022 16:30,County,FATHER HURLEY BLVD,N/A,SAME DIRECTION SIDESWIPE,RAINING,WET,DARK LIGHTS ON,NO CONTROLS,Yes,NO APPARENT INJURY,UNKNOWN,PASSENGER CAR,CHANGING LANES,South,West,35,2002,SATURN,7.5,79.3,52.8,0
Property Damage Crash,03-11-2022 16:30,County,TUCKERMAN LA,N/A,SAME DIR REAR END,RAINING,WET,DARK LIGHTS ON,NO CONTROLS,Yes,NO APPARENT INJURY,UNKNOWN,PASSENGER CAR,STOPPED IN TRAFFIC LANE,West,West,25,2014,VOLKSWAGN,2,69.8,68.9,0
Property Damage Crash,03-11-2022 16:40,US (State),COLESVILLE RD,N/A,SAME DIR REAR END,RAINING,WET,DAYLIGHT,TRAFFIC SIGNAL,No,NO APPARENT INJURY,NOT DISTRACTED,PASSENGER CAR,STOPPED IN TRAFFIC LANE,North,North,35,2008,MERCURY,2.9,58.6,47,0
Property Damage Crash,03-11-2022 16:40,,,,OTHER,N/A,,DAYLIGHT,NO CONTROLS,Yes,NO APPARENT INJURY,UNKNOWN,"CARGO VAN/LIGHT TRUCK 2 AXLES (OVER 10,000LBS (4,536 KG))",BACKING,East,East,15,0,UNKNOWN,1.2,57.1,53.8,0
Property Damage Crash,03-11-2022 17:00,Maryland (State),VEIRS MILL RD,ROCKVILLE,STRAIGHT MOVEMENT ANGLE,CLEAR,DRY,DAYLIGHT,TRAFFIC SIGNAL,Yes,NO APPARENT INJURY,NOT DISTRACTED,PASSENGER CAR,MAKING LEFT TURN,South,West,40,2017,HONDA,1.5,59.3,49.6,0
Property Damage Crash,03-11-2022 17:00,County,FATHER HURLEY BLVD,N/A,SAME DIRECTION SIDESWIPE,SNOW,ICE,DAYLIGHT,NO CONTROLS,Yes,NO APPARENT INJURY,NOT DISTRACTED,(SPORT) UTILITY VEHICLE,MOVING CONSTANT SPEED,North,North,40,2000,JEEP,3.5,80.2,46.5,0
Property Damage Crash,03-11-2022 17:02,Maryland (State),LAYHILL RD,N/A,SAME DIR REAR END,CLEAR,DRY,DAYLIGHT,NO CONTROLS,Yes,NO APPARENT INJURY,UNKNOWN,PASSENGER CAR,MOVING CONSTANT SPEED,North,North,40,2016,TOYOTA,8.4,77,56.6,0
Injury Crash,03-11-2022 17:15,County,FATHER HURLEY BLVD,N/A,SAME DIR REAR END,RAINING,WET,DAYLIGHT,TRAFFIC SIGNAL,No,SUSPECTED MINOR INJURY,NOT DISTRACTED,PASSENGER CAR,STOPPED IN TRAFFIC LANE,West,West,45,2016,BUIC,2.6,69.3,61.9,0
Property Damage Crash,03-11-2022 17:15,,,,OTHER,CLEAR,,DAYLIGHT,NO CONTROLS,Yes,NO APPARENT INJURY,LOOKED BUT DID NOT SEE,OTHER,BACKING,Unknown,Unknown,0,2012,CATERPILLAR,4.8,79,66,0
Property Damage Crash,03-11-2022 17:45,Municipality,SAYBROOKE OAKS BLVD,N/A,SINGLE VEHICLE,CLOUDY,DRY,DAYLIGHT,TRAFFIC SIGNAL,Yes,NO APPARENT INJURY,UNKNOWN,VAN,MOVING CONSTANT SPEED,West,West,40,1999,FORD,7.2,61.5,39.5,0
Injury Crash,03-11-2022 17:45,US (State),GEORGIA AVE,N/A,OTHER,CLEAR,DRY,DAYLIGHT,TRAFFIC SIGNAL,No,NO APPARENT INJURY,NOT DISTRACTED,PASSENGER CAR,MOVING CONSTANT SPEED,North,North,35,2004,HONDA,7.7,62.1,59.8,0.01
Property Damage Crash,03-11-2022 18:10,County,FENWICK LA,N/A,SAME DIRECTION LEFT TURN,CLEAR,DRY,DAYLIGHT,NO CONTROLS,No,NO APPARENT INJURY,NOT DISTRACTED,FIRE VEHICLE/EMERGENCY,MOVING CONSTANT SPEED,South,South,25,2008,SPARTAN,9.5,65.3,39.8,0
Property Damage Crash,03-11-2022 18:10,,,,OTHER,RAINING,,DAYLIGHT,NO CONTROLS,Yes,NO APPARENT INJURY,UNKNOWN,PASSENGER CAR,STARTING FROM PARKED,Unknown,Unknown,10,2001,NISSAN,2.2,48.3,33.5,0
Injury Crash,03-11-2022 18:15,County,SANGAMORE RD,N/A,STRAIGHT MOVEMENT ANGLE,CLEAR,DRY,DAYLIGHT,STOP SIGN,No,POSSIBLE INJURY,NOT DISTRACTED,PASSENGER CAR,MOVING CONSTANT SPEED,South,South,30,2004,LEXS,6.3,55.5,45.4,0
Injury Crash,03-11-2022 18:15,County,WOODMONT AVE,N/A,STRAIGHT MOVEMENT ANGLE,CLEAR,DRY,DAYLIGHT,TRAFFIC SIGNAL,No,NO APPARENT INJURY,NOT DISTRACTED,"MEDIUM/HEAVY TRUCKS 3 AXLES (OVER 10,000LBS (4,536KG))",STOPPED IN TRAFFIC LANE,South,South,25,2016,ISUZU,1.7,69.4,62.3,0
Property Damage Crash,03-11-2022 18:30,US (State),COLUMBIA PIKE,N/A,SAME DIRECTION SIDESWIPE,CLEAR,DRY,DAYLIGHT,NO CONTROLS,Yes,NO APPARENT INJURY,UNKNOWN,(SPORT) UTILITY VEHICLE,CHANGING LANES,South,South,45,2006,NISSAN,2.2,76,62.4,0
Property Damage Crash,03-11-2022 18:30,,,,OTHER,CLEAR,,DAYLIGHT,NO CONTROLS,No,NO APPARENT INJURY,NOT DISTRACTED,PASSENGER CAR,BACKING,West,South,10,2015,TOYOTA,5.1,53.3,52.1,0.08
Injury Crash,03-11-2022 18:33,Maryland (State),NORBECK RD,ROCKVILLE,SAME DIR REAR END,CLEAR,DRY,DAYLIGHT,N/A,No,NO APPARENT INJURY,NOT DISTRACTED,"OTHER LIGHT TRUCKS (10,000LBS (4,536KG) OR LESS)",STOPPED IN TRAFFIC LANE,East,East,40,2005,LEXU,2.9,66.7,60.4,0
Property Damage Crash,03-11-2022 18:33,US (State),COLUMBIA PIKE,N/A,SAME DIRECTION SIDESWIPE,RAINING,N/A,DAYLIGHT,N/A,No,NO APPARENT INJURY,NOT DISTRACTED,PASSENGER CAR,MOVING CONSTANT SPEED,South,South,40,2008,INFINITI,1.4,69.6,42.5,0
Injury Crash,03-11-2022 19:00,County,GOSHEN RD,N/A,STRAIGHT MOVEMENT ANGLE,RAINING,WET,DAYLIGHT,NO CONTROLS,No,SUSPECTED SERIOUS INJURY,NOT DISTRACTED,VAN,MOVING CONSTANT SPEED,South,South,35,2004,TOYOTA,2.7,48.5,42.7,0.01
Injury Crash,03-11-2022 19:00,Maryland (State),DARNESTOWN RD,N/A,HEAD ON LEFT TURN,N/A,DRY,DAYLIGHT,NO CONTROLS,Yes,NO APPARENT INJURY,LOOKED BUT DID NOT SEE,PASSENGER CAR,ENTERING TRAFFIC LANE,West,North,30,2013,NISSAN,4.8,49.7,35.1,0
Injury Crash,03-11-2022 19:03,Maryland (State),EAST WEST HWY,N/A,STRAIGHT MOVEMENT ANGLE,CLEAR,DRY,DARK LIGHTS ON,TRAFFIC SIGNAL,Yes,SUSPECTED MINOR INJURY,UNKNOWN,PASSENGER CAR,MOVING CONSTANT SPEED,East,East,35,2016,HYUNDIA,1.5,63.9,59.7,0
Injury Crash,03-11-2022 19:45,County,DALE DR,N/A,SAME DIR REAR END,CLEAR,DRY,DAYLIGHT,TRAFFIC SIGNAL,Yes,NO APPARENT INJURY,NOT DISTRACTED,POLICE VEHICLE/NON EMERGENCY,SLOWING OR STOPPING,North,West,35,2017,NISSAN,3.8,60.8,55.3,0
Injury Crash,03-11-2022 19:45,Maryland (State),WOODFIELD RD,N/A,SAME DIR REAR END,CLEAR,DRY,DAYLIGHT,NO CONTROLS,Yes,NO APPARENT INJURY,NOT DISTRACTED,(SPORT) UTILITY VEHICLE,MOVING CONSTANT SPEED,North,North,45,2013,HOND,7.9,69.4,49.3,0
Property Damage Crash,03-11-2022 20:23,Maryland (State),RIDGE RD,N/A,SAME DIR REAR END,CLEAR,DRY,DAYLIGHT,NO CONTROLS,No,NO APPARENT INJURY,NOT DISTRACTED,SCHOOL BUS,STOPPED IN TRAFFIC LANE,North,North,40,2016,THOM,9.6,61.6,48.3,0
Property Damage Crash,03-11-2022 20:23,County,RANDOLPH RD,N/A,SAME DIR REAR END,CLEAR,WET,DAYLIGHT,TRAFFIC SIGNAL,Yes,NO APPARENT INJURY,UNKNOWN,PASSENGER CAR,SLOWING OR STOPPING,East,East,45,2017,TOYOTA,1.6,61.1,48.5,0
Property Damage Crash,03-11-2022 20:30,Maryland (State),VEIRS MILL RD,N/A,OPPOSITE DIR BOTH LEFT TURN,CLEAR,DRY,DAYLIGHT,NO CONTROLS,No,NO APPARENT INJURY,NOT DISTRACTED,PASSENGER CAR,MOVING CONSTANT SPEED,East,East,45,2017,HONDA,3.5,61.3,50.5,0
Property Damage Crash,03-11-2022 20:30,County,BLUNT RD,N/A,HEAD ON,CLEAR,DRY,DARK LIGHTS ON,STOP SIGN,Yes,NO APPARENT INJURY,LOOKED BUT DID NOT SEE,PASSENGER CAR,MAKING LEFT TURN,West,North,30,2014,TOYT,2.1,62.8,31.8,0
Injury Crash,03-11-2022 21:00,Maryland (State),FREDERICK RD,N/A,SAME DIR REAR END,CLEAR,DRY,DAYLIGHT,TRAFFIC SIGNAL,Yes,NO APPARENT INJURY,NOT DISTRACTED,PASSENGER CAR,ACCELERATING,North,North,45,2015,VW,4,57,46.5,0
Property Damage Crash,03-11-2022 21:00,Maryland (State),GEORGIA AVE,N/A,SAME DIRECTION SIDESWIPE,CLEAR,DRY,DAYLIGHT,NO CONTROLS,No,NO APPARENT INJURY,NOT DISTRACTED,PASSENGER CAR,MOVING CONSTANT SPEED,North,North,30,2014,HONDA,5.1,70.4,47.9,0
Injury Crash,03-11-2022 21:05,County,PARKLAND DR,N/A,STRAIGHT MOVEMENT ANGLE,CLEAR,DRY,DAYLIGHT,TRAFFIC SIGNAL,No,POSSIBLE INJURY,NOT DISTRACTED,(SPORT) UTILITY VEHICLE,MOVING CONSTANT SPEED,West,West,30,2011,HONDA,1.7,54.1,50.5,0
Property Damage Crash,03-11-2022 21:05,County,JANET RD,N/A,HEAD ON,N/A,N/A,DARK LIGHTS ON,NO CONTROLS,Yes,NO APPARENT INJURY,LOOKED BUT DID NOT SEE,POLICE VEHICLE/NON EMERGENCY,BACKING,West,West,25,2012,DODGE,17,63.2,56.9,0.01
Property Damage Crash,03-11-2022 21:45,Maryland (State),FREDERICK RD,N/A,SAME DIR REAR END,CLEAR,DRY,DARK LIGHTS ON,TRAFFIC SIGNAL,No,NO APPARENT INJURY,NOT DISTRACTED,PASSENGER CAR,STOPPED IN TRAFFIC LANE,West,North,40,2012,LEXUS,7.9,70.9,56.2,0
Injury Crash,03-11-2022 22:35,Maryland (State),CONNECTICUT AVE,N/A,STRAIGHT MOVEMENT ANGLE,CLEAR,DRY,DARK LIGHTS ON,TRAFFIC SIGNAL,No,POSSIBLE INJURY,NOT DISTRACTED,PASSENGER CAR,MOVING CONSTANT SPEED,North,North,35,2016,INFINITI,11,59.5,52.4,0
Property Damage Crash,03-11-2022 23:15,County,FENTON ST,N/A,SAME DIRECTION SIDESWIPE,CLEAR,DRY,DARK LIGHTS ON,NO CONTROLS,Yes,NO APPARENT INJURY,UNKNOWN,ALL TERRAIN VEHICLE (ATV),PARKING,West,West,35,2005,CHEVY,5,77.2,49.5,0
Property Damage Crash,03-11-2022 23:15,,,,OTHER,CLEAR,,DAYLIGHT,N/A,Yes,NO APPARENT INJURY,NOT DISTRACTED,PASSENGER CAR,BACKING,East,West,10,0,HONDA,5.6,72.7,45.9,0
Property Damage Crash,03-11-2022 23:58,County,SWAN STREAM DR,N/A,SAME DIRECTION SIDESWIPE,CLEAR,DRY,DUSK,NO CONTROLS,Yes,NO APPARENT INJURY,UNKNOWN,PASSENGER CAR,UNKNOWN,North,North,15,2015,MERZ,3.7,72.4,67.8,0.02
Property Damage Crash,04-11-2022 06:50,County,ARLINGTON RD,N/A,SAME DIRECTION SIDESWIPE,CLEAR,DRY,DAYLIGHT,NO CONTROLS,No,NO APPARENT INJURY,NOT DISTRACTED,PASSENGER CAR,SLOWING OR STOPPING,South,South,25,2009,ACURA,8.7,74.2,59.2,0
Injury Crash,04-11-2022 06:50,County,GOSHEN SCHOOL RD,N/A,SAME DIR REAR END,CLEAR,WET,DAWN,STOP SIGN,No,SUSPECTED MINOR INJURY,NOT DISTRACTED,(SPORT) UTILITY VEHICLE,STOPPED IN TRAFFIC LANE,South,South,25,2014,HONDA,1.6,58.5,56.1,0
Injury Crash,04-11-2022 06:50,County,PARTNERSHIP RD,N/A,SINGLE VEHICLE,FOGGY,WET,DARK NO LIGHTS,STOP SIGN,Yes,NO APPARENT INJURY,NOT DISTRACTED,"OTHER LIGHT TRUCKS (10,000LBS (4,536KG) OR LESS)",MOVING CONSTANT SPEED,South,South,35,2000,INTE,2.9,50.3,40.6,0
Injury Crash,04-11-2022 08:30,Maryland (State),WILSON LA,N/A,STRAIGHT MOVEMENT ANGLE,CLEAR,DRY,DAYLIGHT,NO CONTROLS,No,NO APPARENT INJURY,NOT DISTRACTED,PASSENGER CAR,MOVING CONSTANT SPEED,West,West,25,2002,ACURA,4.9,81.6,46.4,0
Property Damage Crash,04-11-2022 08:30,County,MONTROSE RD,ROCKVILLE,SAME DIR REAR END,RAINING,WET,DAYLIGHT,TRAFFIC SIGNAL,No,NO APPARENT INJURY,NOT DISTRACTED,PASSENGER CAR,SLOWING OR STOPPING,East,East,40,2015,TOYOTA,7.1,78.4,45.6,0
Property Damage Crash,04-11-2022 09:30,Municipality,ROLLINS AVE,ROCKVILLE,SAME DIRECTION SIDESWIPE,CLEAR,DRY,DAYLIGHT,NO CONTROLS,Yes,NO APPARENT INJURY,UNKNOWN,PASSENGER CAR,CHANGING LANES,West,West,25,2017,NISS,7,77.3,54,0
Injury Crash,04-11-2022 09:30,County,NORTHAMPTON DR,N/A,STRAIGHT MOVEMENT ANGLE,UNKNOWN,DRY,DAYLIGHT,NO CONTROLS,Yes,NO APPARENT INJURY,OTHER DISTRACTION,"OTHER LIGHT TRUCKS (10,000LBS (4,536KG) OR LESS)",MAKING LEFT TURN,South,West,30,2015,RAM,6.7,69.1,65.7,0
Injury Crash,04-11-2022 09:30,County,DENNIS AVE,N/A,STRAIGHT MOVEMENT ANGLE,RAINING,WET,DAYLIGHT,STOP SIGN,No,NO APPARENT INJURY,NOT DISTRACTED,SCHOOL BUS,MOVING CONSTANT SPEED,East,East,25,2015,FREIGHT,1.3,46.7,30.9,0
Injury Crash,04-11-2022 10:22,County,CASTLE BLVD,N/A,SINGLE VEHICLE,CLEAR,DRY,DARK LIGHTS ON,NO CONTROLS,Yes,POSSIBLE INJURY,NOT DISTRACTED,(SPORT) UTILITY VEHICLE,MOVING CONSTANT SPEED,East,East,35,2015,JEEP,3.2,65.9,58.2,0
Property Damage Crash,04-11-2022 10:22,Maryland (State),BRADLEY BLVD,N/A,OPPOSITE DIRECTION SIDESWIPE,CLEAR,DRY,DARK LIGHTS ON,TRAFFIC SIGNAL,No,NO APPARENT INJURY,NOT DISTRACTED,(SPORT) UTILITY VEHICLE,STOPPED IN TRAFFIC LANE,South,South,30,2005,LEXUS,11.1,71.4,49.8,0
Property Damage Crash,04-11-2022 11:20,Municipality,BROOKS AVE,GAITHERSBURG,OTHER,CLEAR,DRY,DARK LIGHTS ON,NO CONTROLS,Yes,NO APPARENT INJURY,NOT DISTRACTED,(SPORT) UTILITY VEHICLE,MOVING CONSTANT SPEED,East,East,25,2017,DODGE,4.2,71,31.5,0
Property Damage Crash,04-11-2022 11:20,Maryland (State),WISCONSIN AVE,N/A,SAME DIR REAR END,CLEAR,DRY,DARK LIGHTS ON,TRAFFIC SIGNAL,Yes,NO APPARENT INJURY,INATTENTIVE OR LOST IN THOUGHT,TRANSIT BUS,STARTING FROM LANE,East,South,35,2002,ORION,1.8,53.4,53.5,0
Injury Crash,04-11-2022 11:20,Maryland (State),UNIVERSITY BLVD E,N/A,OTHER,CLEAR,DRY,DARK LIGHTS ON,NO CONTROLS,No,NO APPARENT INJURY,NOT DISTRACTED,PASSENGER CAR,MOVING CONSTANT SPEED,East,East,35,2015,HONDA,5,61.2,55.6,0
Injury Crash,04-11-2022 11:53,US (State),COLUMBIA PIKE,N/A,STRAIGHT MOVEMENT ANGLE,CLEAR,DRY,DARK LIGHTS ON,TRAFFIC SIGNAL,Yes,POSSIBLE INJURY,UNKNOWN,(SPORT) UTILITY VEHICLE,MAKING LEFT TURN,West,North,50,2015,NISSAN,1.7,36.3,32.6,0
Property Damage Crash,04-11-2022 11:53,County,PENNYFIELD LOCK RD,N/A,OPPOSITE DIRECTION SIDESWIPE,CLEAR,DRY,DAYLIGHT,N/A,Yes,NO APPARENT INJURY,UNKNOWN,PASSENGER CAR,MOVING CONSTANT SPEED,North,North,30,2021,MITS,3.9,74.6,54.4,0
Property Damage Crash,04-11-2022 12:18,Maryland (State),FALLS RD,N/A,SINGLE VEHICLE,CLOUDY,WET,DAYLIGHT,NO CONTROLS,Yes,NO APPARENT INJURY,OTHER DISTRACTION,PASSENGER CAR,ACCELERATING,North,North,35,2007,LEXU,1.3,64.9,64.5,0
Property Damage Crash,04-11-2022 12:18,County,LOCKWOOD DR,N/A,SAME DIR REAR END,CLOUDY,DRY,DAWN,NO CONTROLS,No,NO APPARENT INJURY,NOT DISTRACTED,POLICE VEHICLE/NON EMERGENCY,STOPPED IN TRAFFIC LANE,South,South,30,2009,CHEVROLET,10.1,46.3,25.8,0
Property Damage Crash,04-11-2022 14:30,US (State),COLUMBIA PIKE,N/A,SAME DIR REAR END,CLEAR,DRY,DAYLIGHT,NO CONTROLS,Yes,NO APPARENT INJURY,LOOKED BUT DID NOT SEE,PASSENGER CAR,SLOWING OR STOPPING,North,North,45,2011,LEXS,5.9,58.8,54.9,0
Injury Crash,04-11-2022 14:30,County,BRIGGS CHANEY RD,N/A,HEAD ON,CLEAR,N/A,DARK LIGHTS ON,NO CONTROLS,No,SUSPECTED SERIOUS INJURY,NOT DISTRACTED,PASSENGER CAR,MOVING CONSTANT SPEED,South,South,40,2014,HONDA,3.8,55,38,0
Property Damage Crash,04-11-2022 15:09,Other Public Roadway,ASPENWOOD LA,N/A,SAME DIR REAR END,CLEAR,UNKNOWN,UNKNOWN,NO CONTROLS,No,NO APPARENT INJURY,NOT DISTRACTED,PASSENGER CAR,PARKED,,,0,2015,ACURA,2.2,61.7,54.6,0
Injury Crash,04-11-2022 15:09,Maryland (State),GREAT SENECA HWY,N/A,HEAD ON LEFT TURN,CLEAR,DRY,DARK NO LIGHTS,TRAFFIC SIGNAL,Yes,NO APPARENT INJURY,LOOKED BUT DID NOT SEE,PASSENGER CAR,MAKING LEFT TURN,East,South,45,2014,CHEV,3.1,60.8,51.4,0
Property Damage Crash,04-11-2022 15:09,,,,STRAIGHT MOVEMENT ANGLE,SNOW,,DAYLIGHT,NO CONTROLS,Yes,NO APPARENT INJURY,NOT DISTRACTED,PICKUP TRUCK,MAKING LEFT TURN,East,South,10,2018,TOYOTA,2.5,48.7,32.4,0
Property Damage Crash,04-11-2022 15:30,County,CRESTHAVEN DR,N/A,SAME DIRECTION SIDESWIPE,CLOUDY,WET,DAYLIGHT,N/A,Yes,NO APPARENT INJURY,NOT DISTRACTED,TRANSIT BUS,ACCELERATING,North,North,25,2014,GILL,2.7,67.2,65.5,0.38
Injury Crash,04-11-2022 16:39,County,SNOUFFERS SCHOOL RD,N/A,SAME DIR REAR END,CLEAR,WET,DUSK,TRAFFIC SIGNAL,Yes,NO APPARENT INJURY,NOT DISTRACTED,PASSENGER CAR,SLOWING OR STOPPING,North,North,35,2014,MITS,3.5,83,48.4,0
Property Damage Crash,04-11-2022 16:39,County,FATHER HURLEY BLVD,N/A,SAME DIR REAR END,RAINING,WET,DUSK,TRAFFIC SIGNAL,Yes,NO APPARENT INJURY,LOOKED BUT DID NOT SEE,PASSENGER CAR,SLOWING OR STOPPING,South,South,45,1992,CHRY,4.9,68.7,51.7,0
Property Damage Crash,04-11-2022 17:31,Maryland (State),MUNCASTER MILL RD,N/A,SINGLE VEHICLE,N/A,DRY,DARK LIGHTS ON,NO CONTROLS,Yes,NO APPARENT INJURY,UNKNOWN,PASSENGER CAR,MOVING CONSTANT SPEED,South,South,40,2004,HONDA,3.6,79.9,67.7,0
Property Damage Crash,04-11-2022 17:31,County,BETHESDA CHURCH RD,N/A,OPPOSITE DIRECTION SIDESWIPE,CLEAR,DRY,N/A,NO CONTROLS,Yes,NO APPARENT INJURY,LOOKED BUT DID NOT SEE,PASSENGER CAR,MAKING LEFT TURN,East,South,30,2014,SUBARU,1.6,56.6,50.1,0
Property Damage Crash,04-11-2022 18:37,County,FATHER HURLEY BLVD,N/A,SAME DIR REAR END,RAINING,WET,DARK LIGHTS ON,TRAFFIC SIGNAL,No,NO APPARENT INJURY,NOT DISTRACTED,PASSENGER CAR,STOPPED IN TRAFFIC LANE,South,South,45,2014,VOLKSWAGEN,6.5,53.1,51.7,0.1
Property Damage Crash,04-11-2022 18:37,County,MONTROSE RD,N/A,SAME DIR REAR END,CLEAR,DRY,DAYLIGHT,N/A,Yes,NO APPARENT INJURY,UNKNOWN,(SPORT) UTILITY VEHICLE,MOVING CONSTANT SPEED,East,East,45,2013,HONDA,2.8,72.7,70.3,0
Property Damage Crash,04-11-2022 18:48,Maryland (State),GEORGIA AVE,N/A,OTHER,N/A,N/A,DARK LIGHTS ON,TRAFFIC SIGNAL,Unknown,NO APPARENT INJURY,LOOKED BUT DID NOT SEE,PASSENGER CAR,ACCELERATING,North,North,10,2000,HONDA,3.8,50.8,39.4,0
Injury Crash,04-11-2022 18:49,County,DEMOCRACY BLVD,N/A,SAME DIR REAR END,CLOUDY,DRY,DAYLIGHT,TRAFFIC SIGNAL,No,NO APPARENT INJURY,NOT DISTRACTED,PASSENGER CAR,STOPPED IN TRAFFIC LANE,East,East,35,2017,HYUNDAI,3.8,56.2,53.4,0
Injury Crash,04-11-2022 20:02,County,WAYNE AVE,N/A,SAME DIRECTION RIGHT TURN,CLEAR,DRY,DAYLIGHT,NO CONTROLS,Yes,NO APPARENT INJURY,NOT DISTRACTED,(SPORT) UTILITY VEHICLE,MAKING RIGHT TURN,East,East,30,2014,SUBA,4.8,59.7,53.3,0
Injury Crash,04-11-2022 20:02,County,WHITES FERRY RD,N/A,SINGLE VEHICLE,UNKNOWN,WET,DARK NO LIGHTS,NO CONTROLS,Yes,POSSIBLE INJURY,UNKNOWN,PICKUP TRUCK,MOVING CONSTANT SPEED,East,East,40,2003,FORD,3.3,66.5,47.4,0
Property Damage Crash,05-11-2022 00:37,County,FIELDS RD,GAITHERSBURG,OTHER,N/A,UNKNOWN,UNKNOWN,NO CONTROLS,Yes,NO APPARENT INJURY,UNKNOWN,(SPORT) UTILITY VEHICLE,UNKNOWN,East,East,30,1997,FORD,5.5,61.4,61,0
Property Damage Crash,05-11-2022 03:37,County,BLOOMFIELD RD,N/A,SINGLE VEHICLE,CLEAR,DRY,DARK LIGHTS ON,NO CONTROLS,Yes,NO APPARENT INJURY,NOT DISTRACTED,PASSENGER CAR,MOVING CONSTANT SPEED,East,East,25,2006,FORD,3.3,67.5,56,0
Property Damage Crash,05-11-2022 08:45,County,MUDDY BRANCH RD,GAITHERSBURG,SAME DIR REAR END,CLEAR,DRY,DARK LIGHTS ON,STOP SIGN,No,NO APPARENT INJURY,NOT DISTRACTED,"OTHER LIGHT TRUCKS (10,000LBS (4,536KG) OR LESS)",MAKING LEFT TURN,South,West,30,2014,CHEVROLET,2.2,59,56.3,0
Injury Crash,05-11-2022 08:45,County,SHADY GROVE RD,N/A,SAME DIR REAR END,CLEAR,DRY,DAYLIGHT,NO CONTROLS,Yes,NO APPARENT INJURY,UNKNOWN,(SPORT) UTILITY VEHICLE,ACCELERATING,North,North,45,2005,HOND,1.5,61.4,48.6,0
Property Damage Crash,05-11-2022 09:25,County,MARINELLI RD,N/A,ANGLE MEETS LEFT TURN,CLEAR,DRY,DAYLIGHT,STOP SIGN,No,NO APPARENT INJURY,NOT DISTRACTED,PASSENGER CAR,MOVING CONSTANT SPEED,West,West,30,2005,CADI,9,59.2,56.9,0.03
Property Damage Crash,05-11-2022 09:25,Maryland (State),CLOPPER RD,GAITHERSBURG,STRAIGHT MOVEMENT ANGLE,CLEAR,DRY,DARK LIGHTS ON,FLASHING TRAFFIC SIGNAL,No,NO APPARENT INJURY,NOT DISTRACTED,PASSENGER CAR,MOVING CONSTANT SPEED,East,South,35,2021,VOLK,1.4,58.1,51.1,0
Property Damage Crash,05-11-2022 10:18,Maryland (State),GEORGIA AVE,N/A,STRAIGHT MOVEMENT ANGLE,CLEAR,DRY,DAYLIGHT,TRAFFIC SIGNAL,Yes,NO APPARENT INJURY,NOT DISTRACTED,PASSENGER CAR,MOVING CONSTANT SPEED,North,North,35,2007,SUBARU,5.8,51.4,32.1,0
Injury Crash,05-11-2022 10:18,Government,SLIGO CREEK PKWY,TAKOMA PARK,OPPOSITE DIRECTION SIDESWIPE,CLOUDY,DRY,DAYLIGHT,N/A,Unknown,NO APPARENT INJURY,LOOKED BUT DID NOT SEE,PASSENGER CAR,MOVING CONSTANT SPEED,West,West,25,2010,TOYOTA,1.3,77.4,67.2,0