ACRS Report Type,Date and Time,Route Type,Road Name,Municipality,Collision Type,Weather,Surface Condition,Light,Traffic Control,Driver At Fault,Injury Severity,Driver Distracted By,Vehicle Body Type,Vehicle Movement,Vehicle Continuing Dir,Vehicle Going Dir,Speed Limit,Vehicle Year,Vehicle Make,Wind Speed (MPH),TMP10-DK ,Relative Humidity (%),Rain (Inches)
Property Damage Crash,05-11-2022 11:00,Maryland (State),WOODFIELD RD,N/A,SINGLE VEHICLE,CLEAR,DRY,DAYLIGHT,TRAFFIC SIGNAL,Yes,NO APPARENT INJURY,UNKNOWN,PASSENGER CAR,MOVING CONSTANT SPEED,North,North,45,2016,TOYOTA,1.4,48.1,45.7,0
Property Damage Crash,05-11-2022 11:24,Maryland (State),NEW HAMPSHIRE AVE,N/A,SAME DIRECTION SIDESWIPE,CLEAR,DRY,DAYLIGHT,NO CONTROLS,No,NO APPARENT INJURY,NOT DISTRACTED,PASSENGER CAR,MOVING CONSTANT SPEED,South,South,40,2009,INFINITI,1,60.4,31.8,0
Property Damage Crash,05-11-2022 11:24,Maryland (State),CONNECTICUT AVE,N/A,SAME DIR REAR END,CLEAR,WET,DAYLIGHT,NO CONTROLS,Yes,NO APPARENT INJURY,NOT DISTRACTED,POLICE VEHICLE/NON EMERGENCY,SLOWING OR STOPPING,East,North,35,2009,CHEVROLET,10.2,73.8,43.3,0
Property Damage Crash,05-11-2022 12:24,Maryland (State),UNIVERSITY BLVD W,N/A,OTHER,CLEAR,DRY,DAYLIGHT,NO CONTROLS,Yes,NO APPARENT INJURY,NOT DISTRACTED,SCHOOL BUS,BACKING,South,East,25,2001,THOMAS,2.6,56.8,54,0
Property Damage Crash,05-11-2022 12:24,Maryland (State),UNIVERSITY BLVD W,N/A,N/A,WINTRY MIX,WET,DAYLIGHT,TRAFFIC SIGNAL,No,NO APPARENT INJURY,NOT DISTRACTED,PASSENGER CAR,MOVING CONSTANT SPEED,South,South,35,2007,ACURA,4.4,81.7,66.5,0.01
Injury Crash,05-11-2022 13:44,Interstate (State),CAPITAL BELTWAY,N/A,SAME DIRECTION SIDESWIPE,CLEAR,DRY,DAYLIGHT,NO CONTROLS,Unknown,SUSPECTED MINOR INJURY,NOT DISTRACTED,VAN,CHANGING LANES,West,West,55,2014,GMC,6,69.8,37.7,0
Injury Crash,05-11-2022 13:44,Maryland (State),OLD HUNDRED RD,N/A,SAME DIRECTION LEFT TURN,CLEAR,DRY,DAYLIGHT,NO CONTROLS,Yes,NO APPARENT INJURY,LOOKED BUT DID NOT SEE,PASSENGER CAR,MAKING U TURN,North,South,40,2015,NISSAN,9,67.1,41.7,0
Property Damage Crash,05-11-2022 14:15,,,,UNKNOWN,CLEAR,,DAYLIGHT,N/A,Yes,NO APPARENT INJURY,NOT DISTRACTED,POLICE VEHICLE/NON EMERGENCY,SLOWING OR STOPPING,Unknown,Unknown,0,2017,FORD,0.8,49.5,46,0
Property Damage Crash,05-11-2022 14:15,Maryland (State),DICKERSON RD,N/A,SINGLE VEHICLE,CLEAR,ICE,DARK NO LIGHTS,N/A,Yes,NO APPARENT INJURY,NOT DISTRACTED,STATION WAGON,SLOWING OR STOPPING,East,East,30,2018,CHEV,5.1,70.2,59,0
Property Damage Crash,05-11-2022 14:25,Maryland (State),NEW HAMPSHIRE AVE,N/A,SAME DIR REAR END,CLEAR,DRY,DAYLIGHT,TRAFFIC SIGNAL,No,NO APPARENT INJURY,NOT DISTRACTED,PASSENGER CAR,STOPPED IN TRAFFIC LANE,West,West,35,2013,HYUNDAI,2.6,60,49.5,0
Injury Crash,05-11-2022 14:25,Interstate (State),EISENHOWER MEMORIAL HWY,N/A,SAME DIR REAR END,CLEAR,DRY,DARK LIGHTS ON,NO CONTROLS,Yes,SUSPECTED MINOR INJURY,UNKNOWN,PASSENGER CAR,MOVING CONSTANT SPEED,North,North,55,2013,MERCEDES BENZ,1.7,50.7,43.9,0
Property Damage Crash,05-11-2022 14:30,Municipality,KNOLL MIST LA,GAITHERSBURG,SINGLE VEHICLE,CLOUDY,DRY,DUSK,NO CONTROLS,Yes,NO APPARENT INJURY,NOT DISTRACTED,SCHOOL BUS,BACKING,South,North,15,2008,THOMAS BUILT,1.4,70.5,64.1,0
Property Damage Crash,05-11-2022 14:30,County,MIDDLEBROOK RD,N/A,HEAD ON LEFT TURN,CLOUDY,DRY,DAYLIGHT,TRAFFIC SIGNAL,Yes,NO APPARENT INJURY,NOT DISTRACTED,PASSENGER CAR,MAKING RIGHT TURN,West,West,35,2006,HONDA,3.1,67.9,51.4,0
Property Damage Crash,05-11-2022 16:20,Maryland (State),WILSON LA,N/A,SAME DIRECTION SIDESWIPE,CLEAR,DRY,DAYLIGHT,N/A,No,NO APPARENT INJURY,NOT DISTRACTED,VAN,PARKED,,,0,2018,DODGE,4,74.4,41.5,0
Property Damage Crash,05-11-2022 16:20,County,LORAIN AVE,N/A,SINGLE VEHICLE,RAINING,WET,DARK LIGHTS ON,STOP SIGN,Yes,NO APPARENT INJURY,UNKNOWN,PASSENGER CAR,MOVING CONSTANT SPEED,East,East,25,2016,HONDA,1.4,62.2,56.7,0
Injury Crash,05-11-2022 17:00,Maryland (State),FALLS RD,N/A,SAME DIR REAR END,CLEAR,DRY,DAYLIGHT,TRAFFIC SIGNAL,No,POSSIBLE INJURY,NOT DISTRACTED,PASSENGER CAR,STOPPED IN TRAFFIC LANE,North,North,40,2004,HOND,2.8,64.5,61.1,0
Property Damage Crash,05-11-2022 17:48,County,FOUNTAIN VALLEY DR,N/A,HEAD ON LEFT TURN,RAINING,WET,DAYLIGHT,NO CONTROLS,No,NO APPARENT INJURY,NOT DISTRACTED,(SPORT) UTILITY VEHICLE,STARTING FROM PARKED,North,North,15,2008,FORD,2,52.8,50.6,0
Property Damage Crash,05-11-2022 17:48,County,RADNOR RD,N/A,OTHER,CLEAR,DRY,DAYLIGHT,N/A,Yes,NO APPARENT INJURY,LOOKED BUT DID NOT SEE,RECREATIONAL VEHICLE,PASSING,North,North,25,2007,CHRY,0.8,51.5,49,0
Property Damage Crash,05-11-2022 17:48,Maryland (State),PINEY BRANCH RD,N/A,OTHER,CLEAR,DRY,DAYLIGHT,TRAFFIC SIGNAL,Yes,NO APPARENT INJURY,OTHER DISTRACTION,"CARGO VAN/LIGHT TRUCK 2 AXLES (OVER 10,000LBS (4,536 KG))",BACKING,South,North,40,2008,FORD,2,64.1,62.3,0
Injury Crash,05-11-2022 18:59,Maryland (State),RIVER RD,N/A,SAME DIR REAR END,CLEAR,DRY,DAYLIGHT,TRAFFIC SIGNAL,Yes,SUSPECTED MINOR INJURY,UNKNOWN,PASSENGER CAR,SLOWING OR STOPPING,West,West,40,2007,HOND,3.7,72.9,30.9,0
Injury Crash,05-11-2022 18:59,County,ROCTON AVE,N/A,SAME DIR REAR END,CLEAR,DRY,DAYLIGHT,NO CONTROLS,Yes,NO APPARENT INJURY,UNKNOWN,VAN,MOVING CONSTANT SPEED,North,North,25,2012,DODGE,2,73.6,66.2,0
Property Damage Crash,05-11-2022 20:01,Maryland (State),GEORGIA AVE,N/A,SAME DIRECTION SIDESWIPE,CLOUDY,DRY,DAYLIGHT,NO CONTROLS,No,NO APPARENT INJURY,NOT DISTRACTED,OTHER,MOVING CONSTANT SPEED,South,South,25,2013,FORD,1.6,58.4,55.3,0
Property Damage Crash,05-11-2022 20:01,County,SILVER SPRING AVE,N/A,HEAD ON LEFT TURN,CLEAR,DRY,DAYLIGHT,TRAFFIC SIGNAL,No,NO APPARENT INJURY,NOT DISTRACTED,PASSENGER CAR,MOVING CONSTANT SPEED,West,West,35,2004,TOYOTA,4.5,51.6,46.9,0
Injury Crash,06-11-2022 02:55,US (State),COLUMBIA PIKE,N/A,SAME DIR REAR END,CLEAR,DRY,DARK LIGHTS ON,TRAFFIC SIGNAL,No,POSSIBLE INJURY,NOT DISTRACTED,PASSENGER CAR,SLOWING OR STOPPING,North,North,55,2010,MITSIBUISHI,0.9,53.8,51.1,0
Injury Crash,06-11-2022 03:20,Maryland (State),MONTGOMERY VILLAGE AVE,GAITHERSBURG,HEAD ON LEFT TURN,CLOUDY,DRY,DAYLIGHT,TRAFFIC SIGNAL,Yes,SUSPECTED MINOR INJURY,NOT DISTRACTED,PASSENGER CAR,MAKING LEFT TURN,East,South,35,2013,HONDA,1.7,58.5,52.4,0
Injury Crash,06-11-2022 03:20,Maryland (State),EAST WEST HWY,N/A,STRAIGHT MOVEMENT ANGLE,CLOUDY,DRY,DAYLIGHT,STOP SIGN,No,POSSIBLE INJURY,NOT DISTRACTED,"OTHER LIGHT TRUCKS (10,000LBS (4,536KG) OR LESS)",MOVING CONSTANT SPEED,West,West,35,2007,GMC,4,49.4,39.1,0
Property Damage Crash,06-11-2022 04:04,County,SHADY GROVE RD,N/A,HEAD ON LEFT TURN,CLOUDY,DRY,DARK LIGHTS ON,TRAFFIC SIGNAL,No,NO APPARENT INJURY,NOT DISTRACTED,VAN,MOVING CONSTANT SPEED,North,North,40,2007,CHEV,3,68.5,61.4,0
Property Damage Crash,06-11-2022 07:43,County,BRIGGS CHANEY RD,N/A,SAME DIRECTION RIGHT TURN,CLEAR,DRY,DAYLIGHT,NO CONTROLS,Yes,NO APPARENT INJURY,NOT DISTRACTED,PASSENGER CAR,SLOWING OR STOPPING,East,East,40,2007,TOYT,2.5,75.8,62.1,0
Injury Crash,06-11-2022 07:43,Maryland (State),NEW HAMPSHIRE AVE,TAKOMA PARK,SAME DIR REAR END,RAINING,WET,DAYLIGHT,TRAFFIC SIGNAL,No,NO APPARENT INJURY,UNKNOWN,PASSENGER CAR,SLOWING OR STOPPING,South,South,35,2012,FORD,5.6,72.9,59.9,0
Injury Crash,06-11-2022 07:56,County,RAINBOW ARCH DR,N/A,STRAIGHT MOVEMENT ANGLE,RAINING,WET,DAYLIGHT,NO CONTROLS,Yes,NO APPARENT INJURY,LOOKED BUT DID NOT SEE,(SPORT) UTILITY VEHICLE,MOVING CONSTANT SPEED,North,North,25,2008,TOYT,2.8,50.2,47.3,0
Injury Crash,06-11-2022 08:26,County,AMHERST AVE,N/A,SAME DIR REAR END,RAINING,WET,DAYLIGHT,NO CONTROLS,Yes,NO APPARENT INJURY,UNKNOWN,PASSENGER CAR,MOVING CONSTANT SPEED,South,South,25,2008,CHEVROLET,4,80.5,63.9,0
Injury Crash,06-11-2022 08:58,County,CONNECTICUT AVE,N/A,OTHER,RAINING,WET,DAYLIGHT,NO CONTROLS,Yes,NO APPARENT INJURY,NOT DISTRACTED,PASSENGER CAR,MAKING RIGHT TURN,West,West,30,2017,SUBARU,6.8,65.7,50.1,0
Injury Crash,06-11-2022 09:18,Maryland (State),RIDGE RD,N/A,HEAD ON,CLEAR,DRY,DAYLIGHT,NO CONTROLS,No,NO APPARENT INJURY,NOT DISTRACTED,VAN,MOVING CONSTANT SPEED,South,South,40,2007,TOYOTA,1.3,73.8,65,0
Property Damage Crash,06-11-2022 09:32,Interstate (State),CAPITAL BELTWAY,N/A,SAME DIR REAR END,CLEAR,DRY,DARK LIGHTS ON,NO CONTROLS,No,NO APPARENT INJURY,NOT DISTRACTED,PICKUP TRUCK,MOVING CONSTANT SPEED,West,West,55,2014,TOYOTA,9.3,63.3,55.4,0
Property Damage Crash,06-11-2022 09:35,County,LEAMAN FARM RD,N/A,STRAIGHT MOVEMENT ANGLE,RAINING,WET,DAYLIGHT,STOP SIGN,No,NO APPARENT INJURY,NOT DISTRACTED,PASSENGER CAR,ACCELERATING,South,South,25,2019,MERZ,3.6,73.9,55.4,0
Property Damage Crash,06-11-2022 09:35,Maryland (State),GEORGIA AVE,N/A,STRAIGHT MOVEMENT ANGLE,CLEAR,DRY,DAYLIGHT,N/A,Yes,NO APPARENT INJURY,LOOKED BUT DID NOT SEE,PASSENGER CAR,BACKING,East,East,5,2017,KIA,2.5,62.9,44.8,0
Property Damage Crash,06-11-2022 10:25,,,,HEAD ON LEFT TURN,CLEAR,,DAYLIGHT,STOP SIGN,No,NO APPARENT INJURY,NOT DISTRACTED,PASSENGER CAR,MOVING CONSTANT SPEED,West,West,15,2002,FORD,1.2,39.4,28.5,0
Injury Crash,06-11-2022 10:25,County,WICKSHIRE WAY,N/A,OTHER,CLEAR,DRY,DAYLIGHT,NO CONTROLS,No,SUSPECTED MINOR INJURY,NOT DISTRACTED,PASSENGER CAR,MOVING CONSTANT SPEED,North,North,45,2013,LAND ROVER,12.3,42.8,30.7,0
Injury Crash,06-11-2022 10:29,,,,SAME DIR REAR END,CLOUDY,,DAYLIGHT,N/A,Yes,POSSIBLE INJURY,NOT DISTRACTED,SCHOOL BUS,MOVING CONSTANT SPEED,North,North,15,2007,THOMAS,3.6,77.5,50.3,0
Property Damage Crash,06-11-2022 10:29,County,WARFIELD RD,N/A,SINGLE VEHICLE,CLEAR,ICE,DARK NO LIGHTS,NO CONTROLS,Yes,NO APPARENT INJURY,NOT DISTRACTED,PASSENGER CAR,SKIDDING,South,South,30,2002,TOYOTA,7,70.3,68.2,0.04
Injury Crash,06-11-2022 10:41,Maryland (State),CAPITOL VIEW AVE,N/A,SINGLE VEHICLE,CLEAR,DRY,DAYLIGHT,STOP SIGN,Yes,POSSIBLE INJURY,UNKNOWN,PICKUP TRUCK,MAKING LEFT TURN,South,West,25,2002,TOYOTA,6.1,44.2,30.1,0
Injury Crash,06-11-2022 10:41,Maryland (State),VEIRS MILL RD,ROCKVILLE,SAME DIR REAR END,CLEAR,DRY,DAYLIGHT,TRAFFIC SIGNAL,No,POSSIBLE INJURY,NOT DISTRACTED,PASSENGER CAR,STOPPED IN TRAFFIC LANE,West,West,40,2005,ACURA,5.2,62.9,38.9,0
Injury Crash,06-11-2022 10:45,County,GAME PRESERVE RD,N/A,SINGLE VEHICLE,CLEAR,N/A,DARK LIGHTS ON,N/A,Yes,SUSPECTED MINOR INJURY,UNKNOWN,PASSENGER CAR,ACCELERATING,East,East,30,2017,HYUNDAI,4.8,71.6,47.1,0
Property Damage Crash,06-11-2022 10:45,County,CENTERHILL ST,N/A,SAME DIR REAR END,WINTRY MIX,ICE,DAYLIGHT,STOP SIGN,No,NO APPARENT INJURY,NOT DISTRACTED,PASSENGER CAR,MOVING CONSTANT SPEED,South,South,25,2016,TOYOTA,8.2,58.6,33.5,0
Property Damage Crash,06-11-2022 12:24,Maryland (State),BROOKVILLE RD,N/A,STRAIGHT MOVEMENT ANGLE,CLEAR,DRY,DAYLIGHT,STOP SIGN,Yes,NO APPARENT INJURY,LOOKED BUT DID NOT SEE,(SPORT) UTILITY VEHICLE,ACCELERATING,West,West,25,2014,SUBARU,2.1,62.5,27.4,0
Property Damage Crash,06-11-2022 12:24,County,NICHOLSON LA,N/A,SAME DIR REAR END,CLEAR,DRY,DAYLIGHT,TRAFFIC SIGNAL,Yes,NO APPARENT INJURY,LOOKED BUT DID NOT SEE,PASSENGER CAR,SLOWING OR STOPPING,East,East,30,2012,NISSAN,1.3,57.3,51.6,0
Property Damage Crash,06-11-2022 12:24,Maryland (State),GEORGIA AVE,N/A,SAME DIR REND RIGHT TURN,CLEAR,DRY,DARK LIGHTS ON,TRAFFIC SIGNAL,No,NO APPARENT INJURY,NOT DISTRACTED,TRANSIT BUS,MOVING CONSTANT SPEED,North,North,35,2010,TRANSIT,5.4,41.8,22.8,0
Property Damage Crash,06-11-2022 13:47,County,GOSHEN RD,N/A,SAME DIR REAR END,CLEAR,DRY,DUSK,TRAFFIC SIGNAL,Yes,NO APPARENT INJURY,UNKNOWN,PASSENGER CAR,SLOWING OR STOPPING,South,South,35,2010,NISSAN,4.9,55.3,41.4,0
Property Damage Crash,06-11-2022 13:47,US (State),COLESVILLE RD,N/A,SAME DIR REAR END,CLEAR,DRY,DAYLIGHT,NO CONTROLS,No,NO APPARENT INJURY,NOT DISTRACTED,OTHER,STOPPED IN TRAFFIC LANE,North,North,45,2018,ACCURA,11.1,85.6,53.9,0
Injury Crash,06-11-2022 14:00,Maryland (State),CONNECTICUT AVE,N/A,SAME DIRECTION SIDESWIPE,CLEAR,DRY,DARK LIGHTS ON,NO CONTROLS,No,POSSIBLE INJURY,NOT DISTRACTED,PASSENGER CAR,MOVING CONSTANT SPEED,South,South,35,2007,TOYOTA,1.6,63.4,49.2,0
Injury Crash,06-11-2022 14:30,Interstate (State),EISENHOWER MEMORIAL HWY,N/A,SINGLE VEHICLE,N/A,N/A,DAYLIGHT,N/A,Yes,POSSIBLE INJURY,ADJUSTING AUDIO AND OR CLIMATE CONTROLS,PASSENGER CAR,MOVING CONSTANT SPEED,North,North,55,2007,HONDA,2,72.6,50,0
Property Damage Crash,06-11-2022 14:30,Maryland (State),GREAT SENECA HWY,N/A,SAME DIRECTION RIGHT TURN,CLEAR,DRY,DAYLIGHT,TRAFFIC SIGNAL,Yes,NO APPARENT INJURY,NOT DISTRACTED,PASSENGER CAR,MAKING RIGHT TURN,East,North,35,0,FORD,5.2,64.5,63,0
Property Damage Crash,06-11-2022 14:56,County,CONNECTICUT AVE,N/A,STRAIGHT MOVEMENT ANGLE,CLEAR,DRY,DAYLIGHT,NO CONTROLS,No,NO APPARENT INJURY,NOT DISTRACTED,PASSENGER CAR,MOVING CONSTANT SPEED,South,South,30,2004,CHEV,4.2,64.1,61.2,0
Injury Crash,06-11-2022 14:56,Maryland (State),MUNCASTER MILL RD,N/A,SAME DIR REAR END,CLEAR,DRY,DAYLIGHT,N/A,Yes,NO APPARENT INJURY,NOT DISTRACTED,PASSENGER CAR,SLOWING OR STOPPING,East,East,35,2007,HONDA,3.4,69.6,42.4,0
Property Damage Crash,06-11-2022 15:30,Maryland (State),LAYHILL RD,N/A,STRAIGHT MOVEMENT ANGLE,CLEAR,DRY,DAYLIGHT,STOP SIGN,No,NO APPARENT INJURY,NOT DISTRACTED,PASSENGER CAR,MOVING CONSTANT SPEED,South,South,35,2018,NISS,7.8,78.7,55.4,0
Property Damage Crash,06-11-2022 15:45,County,BAUER DR,N/A,STRAIGHT MOVEMENT ANGLE,CLEAR,DRY,DARK LIGHTS ON,FLASHING TRAFFIC SIGNAL,Yes,NO APPARENT INJURY,NOT DISTRACTED,PASSENGER CAR,ACCELERATING,East,North,35,2012,TOYT,5.3,65.9,50.8,0
Property Damage Crash,06-11-2022 16:19,US (State),GEORGIA AVE,N/A,SAME DIR REAR END,CLEAR,DRY,DAYLIGHT,N/A,Yes,NO APPARENT INJURY,LOOKED BUT DID NOT SEE,(SPORT) UTILITY VEHICLE,MOVING CONSTANT SPEED,North,North,35,2016,TOYOTA,2.1,53.2,46,0
Property Damage Crash,06-11-2022 16:19,,,,OTHER,CLEAR,,DAYLIGHT,NO CONTROLS,Yes,NO APPARENT INJURY,UNKNOWN,,BACKING,East,East,0,0,UNKNOWN,2,46.7,40.9,0
Property Damage Crash,06-11-2022 16:28,County,MACARTHUR BLVD,N/A,SINGLE VEHICLE,RAINING,WET,DARK NO LIGHTS,NO CONTROLS,Yes,NO APPARENT INJURY,NOT DISTRACTED,PASSENGER CAR,MOVING CONSTANT SPEED,South,South,35,2021,ACURA,3.2,74.7,63.9,0
Property Damage Crash,06-11-2022 16:28,County,FENTON ST,N/A,SAME DIRECTION SIDESWIPE,CLEAR,DRY,DAYLIGHT,NO CONTROLS,No,NO APPARENT INJURY,NOT DISTRACTED,TRANSIT BUS,STOPPED IN TRAFFIC LANE,North,North,30,2020,GILLIG,1.7,47.9,28.3,0
Injury Crash,06-11-2022 18:16,,E WAYNE AVENUE,N/A,HEAD ON LEFT TURN,CLEAR,DRY,DAYLIGHT,NO CONTROLS,No,NO APPARENT INJURY,NOT DISTRACTED,PASSENGER CAR,ACCELERATING,South,South,25,2019,NISSAN,1.4,59.8,53.7,0
Property Damage Crash,06-11-2022 18:32,,,,SINGLE VEHICLE,CLEAR,,DAYLIGHT,NO CONTROLS,Yes,NO APPARENT INJURY,UNKNOWN,PASSENGER CAR,UNKNOWN,West,West,15,2001,MERCEDES,2.6,45.7,40.6,0
Injury Crash,06-11-2022 18:32,County,PARKWOOD DR,N/A,OTHER,CLEAR,WET,DARK LIGHTS ON,NO CONTROLS,Yes,SUSPECTED MINOR INJURY,NOT DISTRACTED,PASSENGER CAR,MAKING RIGHT TURN,North,West,25,2012,MERCEDES,4.9,55.2,53.2,0
Injury Crash,06-11-2022 18:36,County,ODENDHAL AVE,N/A,SAME DIR REAR END,CLEAR,DRY,DAYLIGHT,NO CONTROLS,No,NO APPARENT INJURY,NOT DISTRACTED,PASSENGER CAR,SLOWING OR STOPPING,North,East,35,2000,FORD,0.8,60.1,48.1,0
Property Damage Crash,06-11-2022 18:36,County,MONTGOMERY VILLAGE AVE,N/A,SAME DIRECTION SIDESWIPE,CLOUDY,DRY,DAYLIGHT,NO CONTROLS,Yes,NO APPARENT INJURY,NOT DISTRACTED,PASSENGER CAR,MOVING CONSTANT SPEED,North,North,35,2017,HOND,5.4,80.8,48.7,0
Property Damage Crash,06-11-2022 19:12,Municipality,MARYLAND AVE,ROCKVILLE,SINGLE VEHICLE,CLEAR,DRY,DAYLIGHT,N/A,No,NO APPARENT INJURY,NOT DISTRACTED,(SPORT) UTILITY VEHICLE,MOVING CONSTANT SPEED,West,West,30,2008,CHEV,1.5,48,44.6,0
Injury Crash,06-11-2022 19:12,County,WAYNE AVE,N/A,SAME DIR REAR END,CLEAR,DRY,DAYLIGHT,TRAFFIC SIGNAL,No,NO APPARENT INJURY,NOT DISTRACTED,PASSENGER CAR,STOPPED IN TRAFFIC LANE,North,North,25,2015,CHRYSLER,1.3,71.3,58.4,0
Fatal Crash,06-11-2022 22:36,Maryland (State),GEORGIA AVE,N/A,STRAIGHT MOVEMENT ANGLE,CLEAR,DRY,DAYLIGHT,TRAFFIC SIGNAL,No,FATAL INJURY,UNKNOWN,PASSENGER CAR,MAKING LEFT TURN,West,North,35,2014,TOYOTA,4.4,82.6,54.5,0
Injury Crash,06-11-2022 22:36,Maryland (State),NORBECK RD,N/A,SAME DIR REAR END,CLEAR,DRY,DAYLIGHT,NO CONTROLS,No,NO APPARENT INJURY,NOT DISTRACTED,PASSENGER CAR,SLOWING OR STOPPING,West,West,35,2020,KIA,7.4,78.3,55.5,0
Property Damage Crash,06-11-2022 22:50,Maryland (State),UNIVERSITY BLVD E,N/A,SAME DIR REAR END,CLEAR,DRY,N/A,N/A,Yes,NO APPARENT INJURY,LOOKED BUT DID NOT SEE,PASSENGER CAR,SLOWING OR STOPPING,West,West,40,2011,GMC,4.4,73.7,48,0
Property Damage Crash,06-11-2022 22:50,Maryland (State),GEORGIA AVE,N/A,SAME DIR REAR END,CLEAR,DRY,DAYLIGHT,NO CONTROLS,Yes,NO APPARENT INJURY,LOOKED BUT DID NOT SEE,PASSENGER CAR,STARTING FROM LANE,South,East,45,2015,HONDA,1.2,30.3,26.7,0
Property Damage Crash,06-11-2022 23:08,Maryland (State),GREAT SENECA HWY,GAITHERSBURG,SAME DIRECTION SIDESWIPE,CLEAR,DRY,DAYLIGHT,NO CONTROLS,Yes,NO APPARENT INJURY,UNKNOWN,PASSENGER CAR,PASSING,East,East,50,2017,HONDA,3.4,72,69.9,0.01
Injury Crash,06-11-2022 23:20,County,TUSCARAWAS RD,N/A,SINGLE VEHICLE,CLEAR,WET,DAYLIGHT,NO CONTROLS,Yes,POSSIBLE INJURY,OTHER DISTRACTION,PASSENGER CAR,MOVING CONSTANT SPEED,North,North,20,2003,CADILLAC,1.7,57.6,53.2,0
Property Damage Crash,06-11-2022 23:46,County,RANDOLPH RD,N/A,SAME DIR BOTH LEFT TURN,CLEAR,DRY,DAYLIGHT,TRAFFIC SIGNAL,Yes,NO APPARENT INJURY,UNKNOWN,PASSENGER CAR,MAKING LEFT TURN,Unknown,East,35,2016,MAZDA,1.8,60.4,53.4,0
Property Damage Crash,06-11-2022 23:46,Maryland (State),GEORGIA AVE,N/A,STRAIGHT MOVEMENT ANGLE,CLEAR,DRY,DAYLIGHT,TRAFFIC SIGNAL,Yes,NO APPARENT INJURY,LOOKED BUT DID NOT SEE,PASSENGER CAR,MOVING CONSTANT SPEED,South,South,35,2020,CADILLAC,2.7,74,43.3,0
Injury Crash,06-11-2022 23:46,County,GROSVENOR LA,N/A,SAME DIR REAR END,CLOUDY,DRY,DUSK,NO CONTROLS,Yes,SUSPECTED MINOR INJURY,NOT DISTRACTED,PASSENGER CAR,SLOWING OR STOPPING,West,West,30,2015,HONDA,2.9,56.6,52.6,0
Injury Crash,07-11-2022 01:40,Municipality,BALTIMORE RD,ROCKVILLE,SINGLE VEHICLE,CLEAR,DRY,DARK LIGHTS ON,NO CONTROLS,Yes,SUSPECTED MINOR INJURY,UNKNOWN,PASSENGER CAR,MOVING CONSTANT SPEED,West,West,25,2017,TOYT,1.5,70,61.2,0
Property Damage Crash,07-11-2022 01:40,County,VEIRS MILL RD,N/A,SAME DIR REAR END,N/A,N/A,DAYLIGHT,TRAFFIC SIGNAL,Yes,NO APPARENT INJURY,UNKNOWN,PASSENGER CAR,SLOWING OR STOPPING,South,South,35,2017,FORD,1.5,58.3,53.7,0
Injury Crash,07-11-2022 05:14,County,MUDDY BRANCH RD,GAITHERSBURG,HEAD ON LEFT TURN,CLEAR,DRY,DAYLIGHT,TRAFFIC SIGNAL,Yes,SUSPECTED MINOR INJURY,UNKNOWN,(SPORT) UTILITY VEHICLE,MAKING LEFT TURN,East,South,40,2013,BMW,1.1,58,51.8,0
Injury Crash,07-11-2022 06:42,Maryland (State),MUNCASTER MILL RD,N/A,SAME DIRECTION LEFT TURN,CLEAR,DRY,DAYLIGHT,NO CONTROLS,No,POSSIBLE INJURY,NOT DISTRACTED,PASSENGER CAR,MOVING CONSTANT SPEED,North,North,40,2015,FORD,1.9,57.5,50,0
Property Damage Crash,07-11-2022 07:58,County,SEVEN LOCKS RD,N/A,SAME DIR REAR END,CLEAR,DRY,DAYLIGHT,TRAFFIC SIGNAL,Yes,NO APPARENT INJURY,LOOKED BUT DID NOT SEE,PASSENGER CAR,SLOWING OR STOPPING,North,North,35,1997,LEXUS,5.6,55.1,41.4,0
Injury Crash,07-11-2022 07:58,County,MIDDLEBROOK RD,N/A,SAME DIRECTION RIGHT TURN,RAINING,WET,DAYLIGHT,TRAFFIC SIGNAL,Yes,NO APPARENT INJURY,NOT DISTRACTED,PASSENGER CAR,SLOWING OR STOPPING,East,East,30,2001,HONDA,4.8,74.6,70.8,0
Injury Crash,07-11-2022 08:45,County,PRINCE PHILIP DR,N/A,HEAD ON LEFT TURN,CLEAR,DRY,DARK LIGHTS ON,STOP SIGN,Yes,POSSIBLE INJURY,UNKNOWN,PASSENGER CAR,MOVING CONSTANT SPEED,North,North,35,2019,KIA,1.1,61.4,52.7,0
Property Damage Crash,07-11-2022 08:45,,,,OPPOSITE DIRECTION SIDESWIPE,CLEAR,,DAYLIGHT,NO CONTROLS,No,NO APPARENT INJURY,NOT DISTRACTED,PASSENGER CAR,STOPPED IN TRAFFIC LANE,Unknown,Unknown,10,2015,BMW,6.1,58.8,49,0
Property Damage Crash,07-11-2022 08:50,US (State),COLESVILLE RD,N/A,SAME DIR REAR END,CLEAR,DRY,DAYLIGHT,TRAFFIC SIGNAL,No,NO APPARENT INJURY,NOT DISTRACTED,POLICE VEHICLE/NON EMERGENCY,SLOWING OR STOPPING,South,South,40,2012,DODGE,4.8,56.8,56.8,0.05
Injury Crash,07-11-2022 09:10,Maryland (State),OLD GEORGETOWN RD,N/A,SAME DIRECTION SIDESWIPE,CLEAR,DRY,DAYLIGHT,TRAFFIC SIGNAL,Yes,POSSIBLE INJURY,LOOKED BUT DID NOT SEE,PASSENGER CAR,STARTING FROM LANE,North,West,45,2019,NISSAN,8,55.8,34.4,0
Injury Crash,07-11-2022 09:10,Maryland (State),NEW HAMPSHIRE AVE,N/A,SINGLE VEHICLE,FOGGY,WET,DARK NO LIGHTS,N/A,Yes,POSSIBLE INJURY,NOT DISTRACTED,PASSENGER CAR,MOVING CONSTANT SPEED,North,North,35,2013,CHEVY,2,56,52.6,0