ACRS Report Type,Date and Time,Route Type,Road Name,Municipality,Collision Type,Weather,Surface Condition,Light,Traffic Control,Driver At Fault,Injury Severity,Driver Distracted By,Vehicle Body Type,Vehicle Movement,Vehicle Continuing Dir,Vehicle Going Dir,Speed Limit,Vehicle Year,Vehicle Make,Wind Speed (MPH),TMP10-DK ,Relative Humidity (%),Rain (Inches)
Property Damage Crash,10-11-2022 07:41,Maryland (State),CONNECTICUT AVE,N/A,SAME DIR REAR END,RAINING,WET,DAYLIGHT,TRAFFIC SIGNAL,No,NO APPARENT INJURY,NOT DISTRACTED,PASSENGER CAR,STOPPED IN TRAFFIC LANE,South,South,40,2011,JEEP,5,73.6,62.2,0
Property Damage Crash,10-11-2022 07:41,Maryland (State),QUINCE ORCHARD RD,GAITHERSBURG,SAME DIR REAR END,RAINING,WET,DAYLIGHT,N/A,No,NO APPARENT INJURY,NOT DISTRACTED,PASSENGER CAR,SLOWING OR STOPPING,North,North,40,2007,CHEVROLET,16.3,60.4,56.6,0
Property Damage Crash,10-11-2022 07:41,County,SHADY GROVE RD,N/A,STRAIGHT MOVEMENT ANGLE,RAINING,WET,DAYLIGHT,N/A,Yes,NO APPARENT INJURY,LOOKED BUT DID NOT SEE,PASSENGER CAR,ACCELERATING,North,East,35,2017,CHEVY,8.7,80.9,52.7,0
Property Damage Crash,10-11-2022 08:00,Maryland (State),GEORGIA AVE,N/A,SAME DIRECTION SIDESWIPE,CLEAR,DRY,DARK LIGHTS ON,TRAFFIC SIGNAL,No,NO APPARENT INJURY,NOT DISTRACTED,PASSENGER CAR,MOVING CONSTANT SPEED,South,South,45,2003,CHEV,1.3,67.4,55.4,0
Property Damage Crash,10-11-2022 08:00,Maryland (State),GEORGIA AVE,N/A,SAME DIR REAR END,CLEAR,DRY,DARK LIGHTS ON,TRAFFIC SIGNAL,No,NO APPARENT INJURY,NOT DISTRACTED,PASSENGER CAR,STOPPED IN TRAFFIC LANE,North,North,35,2013,TOYOTA,4.9,72.2,41.4,0
Property Damage Crash,10-11-2022 08:20,US (State),COLESVILLE RD,N/A,SAME DIR REAR END,CLEAR,DRY,DAYLIGHT,NO CONTROLS,No,NO APPARENT INJURY,UNKNOWN,PASSENGER CAR,MAKING RIGHT TURN,West,South,40,2008,KIA,5,77.6,39.3,0
Injury Crash,10-11-2022 08:20,Maryland (State),GEORGIA AVE,N/A,SAME DIR REAR END,CLEAR,DRY,DAYLIGHT,NO CONTROLS,No,NO APPARENT INJURY,NOT DISTRACTED,PASSENGER CAR,STOPPED IN TRAFFIC LANE,South,South,35,2006,VOLKSWAGON,2.1,59.1,44.2,0
Injury Crash,10-11-2022 08:55,County,MONTGOMERY VILLAGE AVE,N/A,SAME DIR REAR END,CLEAR,DRY,DAYLIGHT,NO CONTROLS,Yes,POSSIBLE INJURY,NOT DISTRACTED,PASSENGER CAR,MAKING RIGHT TURN,East,East,35,2017,HYUN,10.8,77.3,61.9,0
Property Damage Crash,10-11-2022 08:55,,,,SAME DIRECTION SIDESWIPE,CLEAR,,DAYLIGHT,NO CONTROLS,Yes,NO APPARENT INJURY,NOT DISTRACTED,PASSENGER CAR,PARKING,Unknown,Unknown,15,2008,FORD,1.3,61.2,52.8,0
Property Damage Crash,10-11-2022 09:00,Maryland (State),GEORGIA AVE,N/A,SINGLE VEHICLE,CLEAR,N/A,DARK LIGHTS ON,NO CONTROLS,Yes,NO APPARENT INJURY,NOT DISTRACTED,PASSENGER CAR,MOVING CONSTANT SPEED,North,North,35,2019,NISS,3.8,64.3,40,0
Property Damage Crash,10-11-2022 09:05,County,FENTON ST,N/A,SAME DIRECTION RIGHT TURN,CLEAR,DRY,DAYLIGHT,NO CONTROLS,Unknown,NO APPARENT INJURY,NOT DISTRACTED,TRANSIT BUS,STARTING FROM PARKED,East,East,30,2009,GILL,2,62.1,57.4,0
Injury Crash,10-11-2022 09:05,Maryland (State),FALLS RD,N/A,HEAD ON LEFT TURN,CLEAR,DRY,DARK NO LIGHTS,TRAFFIC SIGNAL,No,SUSPECTED MINOR INJURY,NOT DISTRACTED,(SPORT) UTILITY VEHICLE,MOVING CONSTANT SPEED,North,North,35,2018,MERCEDES,3.5,54,36.5,0
Injury Crash,10-11-2022 09:40,Maryland (State),GEORGIA AVE,N/A,SAME DIR REAR END,CLEAR,DRY,DAYLIGHT,NO CONTROLS,Yes,NO APPARENT INJURY,LOOKED BUT DID NOT SEE,PASSENGER CAR,CHANGING LANES,North,North,35,2013,TOYOTA,7.7,74,59.1,0
Property Damage Crash,10-11-2022 09:40,County,BRINK RD,N/A,SINGLE VEHICLE,RAINING,WET,DAYLIGHT,N/A,Yes,NO APPARENT INJURY,UNKNOWN,PASSENGER CAR,MOVING CONSTANT SPEED,West,West,30,2015,FORD,3.9,72.4,58.1,0
Injury Crash,10-11-2022 10:56,County,LONGDRAFT RD,GAITHERSBURG,STRAIGHT MOVEMENT ANGLE,CLEAR,DRY,DAYLIGHT,STOP SIGN,Yes,POSSIBLE INJURY,NOT DISTRACTED,(SPORT) UTILITY VEHICLE,MAKING LEFT TURN,South,West,30,2014,HOND,3.7,48.3,40.9,0
Property Damage Crash,10-11-2022 10:56,,,,OTHER,CLEAR,,DARK LIGHTS ON,N/A,Yes,NO APPARENT INJURY,UNKNOWN,PICKUP TRUCK,BACKING,Unknown,Unknown,15,2005,CHEVY,9.9,56.7,30.6,0
Injury Crash,10-11-2022 12:00,County,STEWART LA,N/A,HEAD ON LEFT TURN,CLEAR,DRY,DARK LIGHTS ON,TRAFFIC SIGNAL,Yes,NO APPARENT INJURY,LOOKED BUT DID NOT SEE,PASSENGER CAR,ACCELERATING,East,South,50,2012,TOYOTA,2.6,60.4,39.5,0
Property Damage Crash,10-11-2022 12:00,Maryland (State),PINEY BRANCH RD,TAKOMA PARK,OPPOSITE DIRECTION SIDESWIPE,CLEAR,DRY,DARK LIGHTS ON,N/A,Yes,NO APPARENT INJURY,UNKNOWN,,MOVING CONSTANT SPEED,North,North,25,0,UNKNOWN,0.9,78.7,62.9,0
Property Damage Crash,10-11-2022 12:45,County,RANDOLPH RD,N/A,SAME DIRECTION SIDESWIPE,N/A,DRY,DAYLIGHT,TRAFFIC SIGNAL,No,NO APPARENT INJURY,NOT DISTRACTED,"OTHER LIGHT TRUCKS (10,000LBS (4,536KG) OR LESS)",ACCELERATING,South,South,40,2012,FORD,1.4,56.9,51.2,0
Property Damage Crash,10-11-2022 12:45,Maryland (State),PHILADELPHIA AVE,N/A,SINGLE VEHICLE,CLEAR,DRY,DARK LIGHTS ON,N/A,Yes,NO APPARENT INJURY,INATTENTIVE OR LOST IN THOUGHT,PASSENGER CAR,N/A,East,East,30,2004,HONDA,4,45.1,32.2,0
Property Damage Crash,10-11-2022 13:00,Maryland (State),E JEFFERSON ST,ROCKVILLE,STRAIGHT MOVEMENT ANGLE,N/A,DRY,DARK LIGHTS ON,TRAFFIC SIGNAL,No,NO APPARENT INJURY,NOT DISTRACTED,TRANSIT BUS,ACCELERATING,South,South,30,2014,GILLIG,1.4,51.6,44.8,0
Property Damage Crash,10-11-2022 13:00,County,PRICE AVE,N/A,OTHER,CLEAR,DRY,DARK LIGHTS ON,N/A,Yes,NO APPARENT INJURY,NOT DISTRACTED,PASSENGER CAR,BACKING,East,West,25,2015,NISSAN,1.9,44.1,40.9,0
Property Damage Crash,10-11-2022 13:12,US (State),COLUMBIA PIKE,N/A,SAME DIRECTION SIDESWIPE,CLEAR,WET,DARK LIGHTS ON,N/A,No,NO APPARENT INJURY,NOT DISTRACTED,PASSENGER CAR,MOVING CONSTANT SPEED,North,North,40,2007,HONDA,7.6,57.5,57.8,0.03
Property Damage Crash,10-11-2022 13:12,County,BEL PRE RD,N/A,STRAIGHT MOVEMENT ANGLE,CLOUDY,DRY,DAYLIGHT,TRAFFIC SIGNAL,No,NO APPARENT INJURY,NOT DISTRACTED,PASSENGER CAR,MOVING CONSTANT SPEED,West,West,35,2020,NISSAN,8.5,61.3,54.8,0
Property Damage Crash,10-11-2022 13:21,Maryland (State),GEORGIA AVE,N/A,SAME DIR REAR END,CLOUDY,DRY,DAYLIGHT,NO CONTROLS,No,NO APPARENT INJURY,NOT DISTRACTED,PASSENGER CAR,SLOWING OR STOPPING,North,North,35,2013,HONDA,2.4,57.6,51.1,0
Property Damage Crash,10-11-2022 13:21,Municipality,ROLLINS AVE,N/A,OTHER,N/A,DRY,DARK LIGHTS ON,TRAFFIC SIGNAL,Yes,NO APPARENT INJURY,UNKNOWN,PASSENGER CAR,MOVING CONSTANT SPEED,East,East,30,2015,CHEVROLET,3.4,65,52.7,0
Property Damage Crash,10-11-2022 13:55,County,SHADY GROVE RD,ROCKVILLE,SAME DIR REAR END,RAINING,WET,DAYLIGHT,NO CONTROLS,No,NO APPARENT INJURY,NOT DISTRACTED,PASSENGER CAR,STOPPED IN TRAFFIC LANE,South,South,40,2012,VOLV,2.6,61.2,60,0
Injury Crash,10-11-2022 14:00,Maryland (State),CONNECTICUT AVE,N/A,SINGLE VEHICLE,CLEAR,N/A,DARK LIGHTS ON,N/A,Yes,POSSIBLE INJURY,UNKNOWN,(SPORT) UTILITY VEHICLE,MAKING RIGHT TURN,South,South,45,2008,TOYOTA,0.8,63.7,42.3,0
Property Damage Crash,10-11-2022 14:00,Maryland (State),GEORGIA AVE,N/A,SAME DIRECTION SIDESWIPE,CLEAR,DRY,DARK LIGHTS ON,NO CONTROLS,Yes,NO APPARENT INJURY,LOOKED BUT DID NOT SEE,PASSENGER CAR,CHANGING LANES,North,North,30,2013,FORD,3.5,76.3,47.2,0
Injury Crash,10-11-2022 14:10,,,,SAME DIR REAR END,CLEAR,,DARK NO LIGHTS,NO CONTROLS,No,NO APPARENT INJURY,NOT DISTRACTED,PASSENGER CAR,STOPPED IN TRAFFIC LANE,South,South,5,2015,NISSAN,4,74.5,66,0
Property Damage Crash,10-11-2022 14:30,County,RIDGE RD,N/A,SAME DIR REAR END,CLEAR,DRY,DAYLIGHT,TRAFFIC SIGNAL,No,NO APPARENT INJURY,NOT DISTRACTED,(SPORT) UTILITY VEHICLE,STOPPED IN TRAFFIC LANE,North,North,45,2004,NISS,6.9,55.1,31.6,0
Injury Crash,10-11-2022 14:30,County,SCENERY DR,N/A,SAME DIRECTION LEFT TURN,N/A,DRY,DAYLIGHT,NO CONTROLS,No,NO APPARENT INJURY,NOT DISTRACTED,PASSENGER CAR,MAKING LEFT TURN,North,North,35,2011,CHEVY,5.9,82.6,68.8,0
Property Damage Crash,10-11-2022 14:33,County,RANDOLPH RD,N/A,SAME DIR REAR END,RAINING,WET,DARK LIGHTS ON,TRAFFIC SIGNAL,No,NO APPARENT INJURY,NOT DISTRACTED,PASSENGER CAR,STOPPED IN TRAFFIC LANE,East,East,40,2010,TOYOTA,1,35.1,28.4,0
Injury Crash,10-11-2022 14:33,Maryland (State),OLD COLUMBIA PIKE,N/A,SAME DIR REAR END,CLEAR,DRY,DUSK,NO CONTROLS,No,NO APPARENT INJURY,NOT DISTRACTED,PASSENGER CAR,SLOWING OR STOPPING,South,South,40,2011,NISSAN,8.8,69.1,48.9,0
Property Damage Crash,10-11-2022 14:33,County,GRAND PRE RD,N/A,SAME DIRECTION RIGHT TURN,CLOUDY,WET,DARK LIGHTS ON,NO CONTROLS,Yes,NO APPARENT INJURY,NOT DISTRACTED,STATION WAGON,PARKING,North,North,30,2009,NWFL,3.9,56.9,52.8,0
Injury Crash,10-11-2022 14:46,County,SHADY GROVE RD,N/A,STRAIGHT MOVEMENT ANGLE,CLEAR,DRY,DAYLIGHT,TRAFFIC SIGNAL,Yes,NO APPARENT INJURY,NOT DISTRACTED,PASSENGER CAR,MOVING CONSTANT SPEED,East,East,40,2004,MAZDA,4.2,69.5,45.2,0
Injury Crash,10-11-2022 14:46,Maryland (State),FALLS RD,ROCKVILLE,SAME DIR REAR END,CLEAR,DRY,DAYLIGHT,NO CONTROLS,No,POSSIBLE INJURY,UNKNOWN,PICKUP TRUCK,MOVING CONSTANT SPEED,North,North,40,97,DODGE,5.1,77.9,48.3,0
Injury Crash,10-11-2022 15:15,Municipality,POTOMAC VALLEY RD,ROCKVILLE,HEAD ON LEFT TURN,CLEAR,DRY,DARK LIGHTS ON,TRAFFIC SIGNAL,No,POSSIBLE INJURY,NOT DISTRACTED,PASSENGER CAR,MOVING CONSTANT SPEED,West,West,30,2016,HONDA,8.7,47.4,30.5,0
Property Damage Crash,10-11-2022 15:15,Maryland (State),VEIRS MILL RD,N/A,SAME DIR REAR END,RAINING,WET,DAYLIGHT,TRAFFIC SIGNAL,Yes,NO APPARENT INJURY,NOT DISTRACTED,PASSENGER CAR,SLOWING OR STOPPING,West,West,40,2000,GMC,4.5,71.5,42.9,0
Injury Crash,10-11-2022 15:39,Maryland (State),GEORGIA AVE,N/A,SAME DIR REAR END,RAINING,WET,DUSK,TRAFFIC SIGNAL,No,NO APPARENT INJURY,NOT DISTRACTED,PASSENGER CAR,STOPPED IN TRAFFIC LANE,North,North,35,2013,HONDA,6.8,78.6,49.4,0
Property Damage Crash,10-11-2022 15:39,Maryland (State),FREDERICK RD,GAITHERSBURG,SINGLE VEHICLE,CLEAR,DRY,DARK LIGHTS ON,FLASHING TRAFFIC SIGNAL,No,NO APPARENT INJURY,NOT DISTRACTED,POLICE VEHICLE/NON EMERGENCY,MOVING CONSTANT SPEED,North,North,35,2010,FORD,9.3,67.9,42.7,0
Injury Crash,10-11-2022 16:05,Maryland (State),PINEY BRANCH RD,N/A,SAME DIR REAR END,CLOUDY,DRY,DAYLIGHT,TRAFFIC SIGNAL,Yes,POSSIBLE INJURY,UNKNOWN,PASSENGER CAR,MOVING CONSTANT SPEED,East,East,35,1998,INFINITI,1.4,50.6,45.4,0
Property Damage Crash,10-11-2022 16:05,Maryland (State),FREDERICK RD,N/A,SAME DIR REAR END,CLEAR,DRY,DARK LIGHTS ON,YIELD SIGN,No,NO APPARENT INJURY,NOT DISTRACTED,PASSENGER CAR,SLOWING OR STOPPING,North,West,25,2011,TOYT,3.8,68.7,66.9,0.22
Property Damage Crash,10-11-2022 16:20,Municipality,SCHOOL DR,GAITHERSBURG,SINGLE VEHICLE,CLEAR,DRY,DARK LIGHTS ON,STOP SIGN,Yes,NO APPARENT INJURY,UNKNOWN,PASSENGER CAR,ACCELERATING,North,North,30,2005,HONDA,6.3,60.2,38.9,0
Property Damage Crash,10-11-2022 16:41,Maryland (State),UNIVERSITY BLVD E,TAKOMA PARK,STRAIGHT MOVEMENT ANGLE,CLEAR,DRY,DUSK,N/A,No,NO APPARENT INJURY,NOT DISTRACTED,PASSENGER CAR,MOVING CONSTANT SPEED,South,East,25,2005,FORD,8.8,66.5,49.1,0
Property Damage Crash,10-11-2022 16:41,Maryland (State),NORBECK RD,N/A,HEAD ON LEFT TURN,RAINING,WET,DAYLIGHT,TRAFFIC SIGNAL,Yes,NO APPARENT INJURY,UNKNOWN,PASSENGER CAR,MAKING LEFT TURN,South,West,45,2009,MINI,1,60.6,54,0
Injury Crash,10-11-2022 16:41,US (State),COLESVILLE RD,N/A,SAME DIRECTION SIDESWIPE,CLEAR,DRY,DAYLIGHT,TRAFFIC SIGNAL,No,NO APPARENT INJURY,NOT DISTRACTED,(SPORT) UTILITY VEHICLE,UNKNOWN,Unknown,South,35,2008,FORD,3.4,82.8,47.1,0
Injury Crash,10-11-2022 17:25,County,SHADY GROVE RD,N/A,HEAD ON LEFT TURN,CLEAR,DRY,DARK NO LIGHTS,TRAFFIC SIGNAL,Yes,NO APPARENT INJURY,UNKNOWN,(SPORT) UTILITY VEHICLE,MAKING RIGHT TURN,West,North,40,2012,HYUNDAI,8.7,69,46.7,0
Property Damage Crash,10-11-2022 17:25,Maryland (State),NEW HAMPSHIRE AVE,TAKOMA PARK,SAME DIR REAR END,RAINING,WET,DAYLIGHT,TRAFFIC SIGNAL,Yes,NO APPARENT INJURY,UNKNOWN,TRANSIT BUS,SLOWING OR STOPPING,West,North,35,2016,GILL,2.6,43.8,35.9,0
Injury Crash,10-11-2022 17:25,Maryland (State),FREDERICK RD,N/A,SAME DIR REAR END,CLEAR,DRY,DAYLIGHT,TRAFFIC SIGNAL,No,NO APPARENT INJURY,NOT DISTRACTED,PASSENGER CAR,SLOWING OR STOPPING,South,South,25,2011,FORD TK,4.7,56,47.8,0
Property Damage Crash,10-11-2022 17:31,County,BRIGGS CHANEY RD,N/A,STRAIGHT MOVEMENT ANGLE,CLOUDY,WET,DAYLIGHT,STOP SIGN,Yes,NO APPARENT INJURY,NOT DISTRACTED,PASSENGER CAR,MAKING LEFT TURN,East,South,35,1998,HONDA,2,73.5,50.7,0
Property Damage Crash,10-11-2022 17:31,,,,OTHER,CLEAR,,DAYLIGHT,NO CONTROLS,No,NO APPARENT INJURY,NOT DISTRACTED,PASSENGER CAR,OTHER,South,South,0,2017,HOND,2.8,63.2,51.9,0
Property Damage Crash,10-11-2022 17:45,County,DENNIS AVE,N/A,STRAIGHT MOVEMENT ANGLE,CLEAR,DRY,DAYLIGHT,STOP SIGN,No,NO APPARENT INJURY,NOT DISTRACTED,PASSENGER CAR,MOVING CONSTANT SPEED,North,North,35,2011,FORD,0.8,52.1,50.6,0
Property Damage Crash,10-11-2022 17:45,County,OAKVIEW DR,N/A,SAME DIR REAR END,CLEAR,DRY,DARK LIGHTS ON,TRAFFIC SIGNAL,No,NO APPARENT INJURY,NOT DISTRACTED,POLICE VEHICLE/EMERGENCY,MOVING CONSTANT SPEED,South,South,40,2008,DODGE,0.6,66,60.7,0
Property Damage Crash,10-11-2022 18:39,Maryland (State),NEW HAMPSHIRE AVE,N/A,SAME DIRECTION SIDESWIPE,CLEAR,DRY,DAYLIGHT,TRAFFIC SIGNAL,Yes,NO APPARENT INJURY,LOOKED BUT DID NOT SEE,PASSENGER CAR,CHANGING LANES,North,North,35,2002,ACUR,1.6,70,46.1,0
Injury Crash,10-11-2022 18:39,Maryland (State),CONNECTICUT AVE,N/A,SAME DIR REAR END,CLEAR,DRY,DARK LIGHTS ON,TRAFFIC SIGNAL,No,POSSIBLE INJURY,NOT DISTRACTED,PASSENGER CAR,STOPPED IN TRAFFIC LANE,South,South,35,2003,TOYOTA,1.8,51.5,49.3,0
Property Damage Crash,10-11-2022 19:25,County,RANDOLPH RD,N/A,SAME DIRECTION RIGHT TURN,RAINING,WET,DAYLIGHT,TRAFFIC SIGNAL,No,NO APPARENT INJURY,NOT DISTRACTED,TRANSIT BUS,STARTING FROM PARKED,South,South,40,2016,GILL,5.2,52.9,51.4,0.05
Fatal Crash,10-11-2022 19:25,County,MIDCOUNTY HWY,GAITHERSBURG,STRAIGHT MOVEMENT ANGLE,CLEAR,DRY,DARK LIGHTS ON,TRAFFIC SIGNAL,Unknown,SUSPECTED SERIOUS INJURY,UNKNOWN,PASSENGER CAR,MOVING CONSTANT SPEED,South,South,50,2021,TOYT,1.8,74.6,65.9,0
Injury Crash,10-11-2022 19:28,Maryland (State),NORBECK RD,N/A,SAME DIR REAR END,CLEAR,DRY,DAYLIGHT,NO CONTROLS,No,SUSPECTED MINOR INJURY,NOT DISTRACTED,VAN,STOPPED IN TRAFFIC LANE,West,West,35,2013,HONDA,5.3,73.8,47.9,0
Injury Crash,10-11-2022 19:28,Maryland (State),FREDERICK RD,N/A,HEAD ON LEFT TURN,CLEAR,DRY,DAYLIGHT,TRAFFIC SIGNAL,Yes,NO APPARENT INJURY,NOT DISTRACTED,PASSENGER CAR,MOVING CONSTANT SPEED,South,North,40,2010,HONDA,5.7,71.6,48.2,0
Property Damage Crash,10-11-2022 20:45,Maryland (State),NEW HAMPSHIRE AVE,N/A,ANGLE MEETS LEFT TURN,CLEAR,DRY,DAYLIGHT,STOP SIGN,No,NO APPARENT INJURY,NOT DISTRACTED,PASSENGER CAR,MOVING CONSTANT SPEED,South,South,40,2007,FORD,6.4,66.5,28.2,0
Injury Crash,10-11-2022 20:45,Maryland (State),OLNEY SANDY SPRING RD,N/A,SAME DIR REAR END,CLEAR,DRY,DAYLIGHT,NO CONTROLS,Yes,POSSIBLE INJURY,UNKNOWN,PASSENGER CAR,MOVING CONSTANT SPEED,West,West,30,2000,HONDA,3.4,73.8,56.6,0
Property Damage Crash,10-11-2022 21:45,Municipality,COLLEGE PKWY,N/A,SAME DIR REAR END,RAINING,WET,DAYLIGHT,TRAFFIC SIGNAL,Yes,NO APPARENT INJURY,UNKNOWN,SCHOOL BUS,SLOWING OR STOPPING,East,East,25,2016,THOM,2.7,48.8,40.9,0
Injury Crash,10-11-2022 22:30,Maryland (State),CONNECTICUT AVE,N/A,SAME DIR REAR END,CLEAR,DRY,DARK LIGHTS ON,TRAFFIC SIGNAL,Yes,NO APPARENT INJURY,NOT DISTRACTED,(SPORT) UTILITY VEHICLE,SLOWING OR STOPPING,North,North,45,2004,CHEVROLET,3.5,47.9,37.3,0
Property Damage Crash,10-11-2022 22:30,,CHESTERWOOD DRIVE,N/A,SINGLE VEHICLE,UNKNOWN,DRY,DARK -- UNKNOWN LIGHTING,N/A,Yes,NO APPARENT INJURY,UNKNOWN,PASSENGER CAR,MOVING CONSTANT SPEED,North,North,0,1996,TOYOTA,5,82.9,65.7,0
Injury Crash,11-11-2022 00:20,County,GREENTREE RD,N/A,HEAD ON LEFT TURN,CLEAR,WET,DAYLIGHT,STOP SIGN,Yes,NO APPARENT INJURY,UNKNOWN,PASSENGER CAR,MAKING LEFT TURN,East,South,35,2009,HONDA,5,78.1,62.2,0
Property Damage Crash,11-11-2022 00:58,,,,SINGLE VEHICLE,CLEAR,,DAYLIGHT,NO CONTROLS,Yes,NO APPARENT INJURY,NOT DISTRACTED,PASSENGER CAR,ACCELERATING,East,East,0,2008,FORD,6.3,68.7,41,0
Injury Crash,11-11-2022 01:42,Maryland (State),GEORGIA AVE,N/A,ANGLE MEETS LEFT TURN,CLEAR,DRY,DAYLIGHT,STOP SIGN,Yes,SUSPECTED MINOR INJURY,LOOKED BUT DID NOT SEE,PASSENGER CAR,STARTING FROM LANE,South,East,35,2019,HONDA,3.2,72.8,53.1,0
Property Damage Crash,11-11-2022 02:40,County,WASHINGTON GROVE LA,N/A,STRAIGHT MOVEMENT ANGLE,RAINING,WET,DAYLIGHT,N/A,No,NO APPARENT INJURY,NOT DISTRACTED,SCHOOL BUS,MAKING RIGHT TURN,West,South,35,2010,THOM,2.2,72.3,69.8,0
Injury Crash,11-11-2022 03:30,Maryland (State),CONNECTICUT AVE,N/A,SINGLE VEHICLE,CLOUDY,DRY,DAYLIGHT,N/A,Yes,POSSIBLE INJURY,LOOKED BUT DID NOT SEE,PASSENGER CAR,MOVING CONSTANT SPEED,North,North,45,2014,TOYOTA,6.6,50.4,50.3,0
Property Damage Crash,11-11-2022 06:42,Maryland (State),PINEY BRANCH RD,N/A,STRAIGHT MOVEMENT ANGLE,CLOUDY,DRY,DARK LIGHTS ON,NO CONTROLS,No,NO APPARENT INJURY,NOT DISTRACTED,PASSENGER CAR,MOVING CONSTANT SPEED,South,South,40,2001,TOYOTA,2.8,60.3,55.7,0
Injury Crash,11-11-2022 06:42,Maryland (State),UNIVERSITY BLVD E,N/A,STRAIGHT MOVEMENT ANGLE,RAINING,WET,DARK LIGHTS ON,STOP SIGN,Yes,NO APPARENT INJURY,LOOKED BUT DID NOT SEE,PASSENGER CAR,MAKING LEFT TURN,West,North,40,2009,TOYOTA,4.6,71.2,47.6,0
Property Damage Crash,11-11-2022 07:20,County,SHADY GROVE RD,N/A,SAME DIR REAR END,CLOUDY,DRY,DAYLIGHT,TRAFFIC SIGNAL,No,NO APPARENT INJURY,NOT DISTRACTED,(SPORT) UTILITY VEHICLE,STOPPED IN TRAFFIC LANE,South,South,45,2015,HONDA,6.3,57.6,54.7,0
Property Damage Crash,11-11-2022 07:20,,ALLIED PL,N/A,STRAIGHT MOVEMENT ANGLE,CLEAR,DRY,DAYLIGHT,NO CONTROLS,No,NO APPARENT INJURY,NOT DISTRACTED,PASSENGER CAR,MOVING CONSTANT SPEED,North,North,25,2023,KIA,1.5,70.9,55.1,0
Property Damage Crash,11-11-2022 07:37,Maryland (State),FREDERICK RD,N/A,SINGLE VEHICLE,CLEAR,DRY,DAYLIGHT,N/A,Yes,NO APPARENT INJURY,NOT DISTRACTED,PASSENGER CAR,SLOWING OR STOPPING,North,North,30,2017,TOYOTA,4.1,55.3,27.5,0
Injury Crash,11-11-2022 07:37,County,EAST AVE,N/A,SAME DIR REAR END,CLEAR,DRY,DAYLIGHT,YIELD SIGN,No,POSSIBLE INJURY,NOT DISTRACTED,PASSENGER CAR,STOPPED IN TRAFFIC LANE,East,East,15,2013,HONDA,4,70.7,62.9,0
Property Damage Crash,11-11-2022 07:43,,,,HEAD ON LEFT TURN,CLEAR,,DARK LIGHTS ON,NO CONTROLS,Yes,NO APPARENT INJURY,UNKNOWN,PASSENGER CAR,MAKING LEFT TURN,North,North,25,2016,NISSAN,12.4,63.1,50.8,0.02
Property Damage Crash,11-11-2022 07:43,Maryland (State),LAYHILL RD,N/A,STRAIGHT MOVEMENT ANGLE,CLEAR,WET,DAYLIGHT,STOP SIGN,No,NO APPARENT INJURY,NOT DISTRACTED,PASSENGER CAR,MOVING CONSTANT SPEED,North,North,40,1999,GMC,9.1,72.5,47,0
Property Damage Crash,11-11-2022 09:05,Maryland (State),RIVER RD,N/A,SAME DIR REAR END,CLEAR,DRY,DAYLIGHT,TRAFFIC SIGNAL,No,NO APPARENT INJURY,NOT DISTRACTED,(SPORT) UTILITY VEHICLE,STOPPED IN TRAFFIC LANE,West,West,35,2002,FORD,6.7,60.5,55.8,0.03
Injury Crash,11-11-2022 09:05,County,SHADY GROVE RD,N/A,STRAIGHT MOVEMENT ANGLE,CLEAR,DRY,DARK LIGHTS ON,TRAFFIC SIGNAL,No,SUSPECTED MINOR INJURY,NOT DISTRACTED,PASSENGER CAR,MOVING CONSTANT SPEED,South,South,45,1996,MERC,6.7,71.8,65.2,0
Property Damage Crash,11-11-2022 09:29,US (State),COLESVILLE RD,N/A,SAME DIRECTION SIDESWIPE,CLEAR,DRY,DAYLIGHT,TRAFFIC SIGNAL,Yes,NO APPARENT INJURY,LOOKED BUT DID NOT SEE,PASSENGER CAR,CHANGING LANES,South,South,35,2012,NISSAN,3.7,73.5,46.4,0
Injury Crash,11-11-2022 09:59,Maryland (State),CLOPPER RD,N/A,SAME DIR REAR END,RAINING,WET,DARK -- UNKNOWN LIGHTING,TRAFFIC SIGNAL,No,NO APPARENT INJURY,NOT DISTRACTED,(SPORT) UTILITY VEHICLE,STOPPED IN TRAFFIC LANE,East,South,30,2017,GMC,4.8,52.3,51.5,0
Injury Crash,11-11-2022 09:59,Maryland (State),GERMANTOWN RD,N/A,HEAD ON LEFT TURN,N/A,DRY,DAYLIGHT,TRAFFIC SIGNAL,No,NO APPARENT INJURY,NOT DISTRACTED,PASSENGER CAR,MOVING CONSTANT SPEED,West,West,40,2002,BMW,3.8,75.6,51.5,0
Property Damage Crash,11-11-2022 10:25,,,,OTHER,RAINING,,DARK LIGHTS ON,NO CONTROLS,Yes,NO APPARENT INJURY,UNKNOWN,(SPORT) UTILITY VEHICLE,BACKING,North,North,0,2019,TESLA,7.5,78,61,0
Property Damage Crash,11-11-2022 10:50,,,,OPPOSITE DIRECTION SIDESWIPE,CLEAR,,DAYLIGHT,NO CONTROLS,Yes,NO APPARENT INJURY,NOT DISTRACTED,PASSENGER CAR,MAKING LEFT TURN,South,South,15,2001,CHRYSLER,1.4,86.8,56,0
Injury Crash,11-11-2022 10:50,County,E RANDOLPH RD,N/A,SAME DIR REAR END,RAINING,WET,DAYLIGHT,NO CONTROLS,No,NO APPARENT INJURY,NOT DISTRACTED,PASSENGER CAR,MOVING CONSTANT SPEED,East,East,45,2017,LEXUS,2.3,52.7,23.3,0