ACRS Report Type,Date and Time,Route Type,Road Name,Municipality,Collision Type,Weather,Surface Condition,Light,Traffic Control,Driver At Fault,Injury Severity,Driver Distracted By,Vehicle Body Type,Vehicle Movement,Vehicle Continuing Dir,Vehicle Going Dir,Speed Limit,Vehicle Year,Vehicle Make,Wind Speed (MPH),TMP10-DK ,Relative Humidity (%),Rain (Inches)
Property Damage Crash,11-11-2022 11:00,Maryland (State),MUNCASTER MILL RD,N/A,SAME DIR REAR END,CLEAR,DRY,DAYLIGHT,TRAFFIC SIGNAL,No,NO APPARENT INJURY,NOT DISTRACTED,(SPORT) UTILITY VEHICLE,STOPPED IN TRAFFIC LANE,West,West,35,2017,HOND,1.8,64.2,63.3,0
Property Damage Crash,11-11-2022 11:38,County,WISCONSIN CIR,N/A,OTHER,CLEAR,DRY,DAYLIGHT,NO CONTROLS,Yes,NO APPARENT INJURY,UNKNOWN,"MEDIUM/HEAVY TRUCKS 3 AXLES (OVER 10,000LBS (4,536KG))",STARTING FROM LANE,East,East,30,2009,FORD,6.2,72.8,38.9,0
Injury Crash,11-11-2022 11:38,Maryland (State),FREDERICK RD,N/A,SAME DIRECTION LEFT TURN,N/A,DRY,DAYLIGHT,TRAFFIC SIGNAL,No,POSSIBLE INJURY,NOT DISTRACTED,(SPORT) UTILITY VEHICLE,SLOWING OR STOPPING,South,South,45,2013,TOYOTA,4.9,60,55.4,0
Injury Crash,11-11-2022 12:37,County,AMHERST AVE,N/A,N/A,CLOUDY,WET,DAYLIGHT,NO CONTROLS,Yes,NO APPARENT INJURY,INATTENTIVE OR LOST IN THOUGHT,PICKUP TRUCK,MOVING CONSTANT SPEED,North,North,35,1999,FORD,3.7,60.1,53,0
Injury Crash,11-11-2022 12:37,Maryland (State),GEORGIA AVE,N/A,SAME DIRECTION SIDESWIPE,CLEAR,DRY,DARK LIGHTS ON,NO CONTROLS,No,NO APPARENT INJURY,NOT DISTRACTED,PASSENGER CAR,ACCELERATING,South,South,25,2007,TOYOTA,5.8,57.1,47.7,0
Injury Crash,11-11-2022 12:59,Maryland (State),WOODFIELD RD,N/A,SAME DIR REAR END,CLEAR,DRY,DAYLIGHT,NO CONTROLS,No,NO APPARENT INJURY,NOT DISTRACTED,PASSENGER CAR,SLOWING OR STOPPING,North,North,45,2009,TOYT,10,49.6,39.6,0
Property Damage Crash,11-11-2022 12:59,County,BRIGGS CHANEY RD,N/A,SAME DIRECTION RIGHT TURN,N/A,DRY,DAYLIGHT,OTHER,Yes,NO APPARENT INJURY,UNKNOWN,PASSENGER CAR,STARTING FROM LANE,East,East,35,2004,TOYOTA,3.6,77.3,50.3,0
Property Damage Crash,11-11-2022 13:25,Maryland (State),GEORGIA AVE,N/A,SAME DIR REAR END,FOGGY,WET,DARK LIGHTS ON,TRAFFIC SIGNAL,No,NO APPARENT INJURY,NOT DISTRACTED,PASSENGER CAR,MOVING CONSTANT SPEED,South,South,45,1995,TOYOTA,4.9,78.8,55.2,0
Property Damage Crash,11-11-2022 13:53,County,NAVAHOE DR,N/A,SAME DIRECTION RIGHT TURN,CLOUDY,DRY,DAYLIGHT,NO CONTROLS,Yes,NO APPARENT INJURY,NOT DISTRACTED,SCHOOL BUS,MOVING CONSTANT SPEED,South,South,25,2018,THOMA,5,62.5,37.2,0
Property Damage Crash,11-11-2022 13:53,County,TECH RD,N/A,OTHER,RAINING,WET,DAYLIGHT,STOP SIGN,No,NO APPARENT INJURY,NOT DISTRACTED,TRANSIT BUS,MOVING CONSTANT SPEED,North,North,30,2013,GILLIG BUS,1.4,53.5,46.5,0
Property Damage Crash,11-11-2022 14:00,Maryland (State),GREAT SENECA HWY,GAITHERSBURG,SINGLE VEHICLE,CLOUDY,DRY,DAYLIGHT,TRAFFIC SIGNAL,Yes,NO APPARENT INJURY,LOOKED BUT DID NOT SEE,PASSENGER CAR,MOVING CONSTANT SPEED,North,North,50,2015,VOLK,6.5,59.9,44.2,0
Property Damage Crash,11-11-2022 14:00,Interstate (State),EISENHOWER MEMORIAL HWY,N/A,SAME DIR REAR END,CLEAR,DRY,DAYLIGHT,NO CONTROLS,No,NO APPARENT INJURY,NOT DISTRACTED,PASSENGER CAR,SLOWING OR STOPPING,South,South,55,2008,BMW,1.5,60.4,59.3,0
Property Damage Crash,11-11-2022 14:45,County,BONIFANT RD,N/A,SAME DIR REAR END,RAINING,WET,DAYLIGHT,NO CONTROLS,Yes,NO APPARENT INJURY,NOT DISTRACTED,PASSENGER CAR,SLOWING OR STOPPING,East,East,35,2011,BMW,3.2,62.9,39.6,0
Injury Crash,11-11-2022 14:45,Maryland (State),VEIRS MILL RD,N/A,OTHER,CLEAR,DRY,DAYLIGHT,TRAFFIC SIGNAL,No,POSSIBLE INJURY,NOT DISTRACTED,(SPORT) UTILITY VEHICLE,STARTING FROM LANE,North,North,25,2017,GMC,3.8,64.4,54.6,0
Property Damage Crash,11-11-2022 14:50,Maryland (State),GEORGIA AVE,N/A,HEAD ON LEFT TURN,CLEAR,DRY,DAYLIGHT,NO CONTROLS,No,NO APPARENT INJURY,NOT DISTRACTED,PASSENGER CAR,MOVING CONSTANT SPEED,South,South,45,2003,TOYT,1.5,53.1,49.7,0
Property Damage Crash,11-11-2022 14:50,County,BEL PRE RD,N/A,HEAD ON LEFT TURN,SLEET,WET,DARK LIGHTS ON,TRAFFIC SIGNAL,Yes,NO APPARENT INJURY,NOT DISTRACTED,PASSENGER CAR,ACCELERATING,South,West,35,2000,OLDSMOBILE,2.8,70.3,48.5,0
Injury Crash,11-11-2022 14:53,Maryland (State),FREDERICK RD,GAITHERSBURG,HEAD ON LEFT TURN,CLEAR,DRY,DAYLIGHT,TRAFFIC SIGNAL,Yes,NO APPARENT INJURY,NOT DISTRACTED,(SPORT) UTILITY VEHICLE,MAKING LEFT TURN,West,North,40,2018,TOYOTA,1.5,50,43.8,0
Injury Crash,11-11-2022 14:53,US (State),COLUMBIA PIKE,N/A,STRAIGHT MOVEMENT ANGLE,RAINING,WET,DAYLIGHT,TRAFFIC SIGNAL,Yes,POSSIBLE INJURY,OTHER ELECTRONIC DEVICE (NAVIGATIONAL PALM PILOT),PASSENGER CAR,MOVING CONSTANT SPEED,North,North,50,2018,FORD,7,59.8,57.5,0.06
Property Damage Crash,11-11-2022 15:20,Maryland (State),ROCKVILLE PIKE,ROCKVILLE,SAME DIR REAR END,CLEAR,DRY,DARK LIGHTS ON,NO CONTROLS,Yes,NO APPARENT INJURY,UNKNOWN,PASSENGER CAR,MOVING CONSTANT SPEED,North,North,40,2009,HONDA,4.4,84.7,65.7,0
Property Damage Crash,11-11-2022 15:20,Maryland (State),ROCKVILLE PIKE,ROCKVILLE,STRAIGHT MOVEMENT ANGLE,CLEAR,N/A,DAYLIGHT,NO CONTROLS,No,NO APPARENT INJURY,NOT DISTRACTED,PASSENGER CAR,MOVING CONSTANT SPEED,South,South,35,2012,TOYT,4.1,48.7,43,0.01
Property Damage Crash,11-11-2022 16:15,Maryland (State),GEORGIA AVE,N/A,SAME DIR REAR END,CLEAR,DRY,DAYLIGHT,TRAFFIC SIGNAL,No,NO APPARENT INJURY,NOT DISTRACTED,PASSENGER CAR,SLOWING OR STOPPING,South,South,35,2007,TOYT,1.1,41.6,34.5,0
Property Damage Crash,11-11-2022 16:37,Maryland (State),NEW HAMPSHIRE AVE,N/A,SAME DIR BOTH LEFT TURN,CLEAR,N/A,DAYLIGHT,TRAFFIC SIGNAL,No,NO APPARENT INJURY,NOT DISTRACTED,"MEDIUM/HEAVY TRUCKS 3 AXLES (OVER 10,000LBS (4,536KG))",MAKING LEFT TURN,South,West,40,2012,INTERNATIONALTK,1.2,42.3,31.7,0
Property Damage Crash,11-11-2022 16:37,Maryland (State),BRADLEY BLVD,N/A,HEAD ON LEFT TURN,CLEAR,DRY,DAYLIGHT,TRAFFIC SIGNAL,No,NO APPARENT INJURY,NOT DISTRACTED,TRANSIT BUS,STARTING FROM LANE,Unknown,North,30,2013,BUS,4.8,78.7,70.6,0
Property Damage Crash,11-11-2022 16:38,Maryland (State),VEIRS MILL RD,N/A,SAME DIR REAR END,N/A,DRY,N/A,TRAFFIC SIGNAL,No,NO APPARENT INJURY,NOT DISTRACTED,PASSENGER CAR,STOPPED IN TRAFFIC LANE,East,East,25,2012,MITS,3.6,62.8,62.9,0
Property Damage Crash,11-11-2022 16:38,,,,OTHER,CLEAR,,DAYLIGHT,NO CONTROLS,Yes,NO APPARENT INJURY,OTHER DISTRACTION,PASSENGER CAR,OTHER,East,East,10,2010,HONDA,2.6,45.7,41,0
Injury Crash,11-11-2022 16:38,County,E GUDE DR,N/A,HEAD ON LEFT TURN,CLEAR,DRY,DAYLIGHT,TRAFFIC SIGNAL,Yes,POSSIBLE INJURY,LOOKED BUT DID NOT SEE,PASSENGER CAR,MAKING LEFT TURN,West,East,40,2011,TOYOTA,1.1,65.1,56.9,0
Injury Crash,11-11-2022 17:22,County,CHARLES RD,N/A,STRAIGHT MOVEMENT ANGLE,CLEAR,WET,DAYLIGHT,STOP SIGN,No,SUSPECTED MINOR INJURY,NOT DISTRACTED,PASSENGER CAR,MOVING CONSTANT SPEED,North,North,25,2015,HYUN,1.7,68.3,63.5,0.01
Injury Crash,11-11-2022 17:46,Maryland (State),MONTGOMERY VILLAGE AVE,N/A,SAME DIR REAR END,CLEAR,DRY,DARK LIGHTS ON,NO CONTROLS,No,NO APPARENT INJURY,NOT DISTRACTED,PASSENGER CAR,SLOWING OR STOPPING,North,North,15,2000,HONDA,3.9,55.8,28.9,0
Property Damage Crash,11-11-2022 17:46,,,,SINGLE VEHICLE,CLEAR,,DAYLIGHT,N/A,Yes,NO APPARENT INJURY,UNKNOWN,SCHOOL BUS,MAKING LEFT TURN,South,East,0,2018,THOMAS,3,51.7,50.2,0
Property Damage Crash,11-11-2022 20:45,Maryland (State),CLOPPER RD,GAITHERSBURG,SAME DIRECTION LEFT TURN,CLOUDY,DRY,DAYLIGHT,N/A,Yes,NO APPARENT INJURY,UNKNOWN,(SPORT) UTILITY VEHICLE,CHANGING LANES,West,West,35,2010,LEXS,1.4,39.3,35.4,0
Property Damage Crash,11-11-2022 20:45,Municipality,MERRIMAC DR,N/A,SAME DIRECTION SIDESWIPE,RAINING,WET,DAYLIGHT,NO CONTROLS,Yes,NO APPARENT INJURY,LOOKED BUT DID NOT SEE,TRANSIT BUS,PASSING,West,West,25,2009,GILLIG,8.4,78.2,57.5,0
Property Damage Crash,11-11-2022 21:00,County,E GUDE DR,N/A,SAME DIRECTION LEFT TURN,CLEAR,DRY,DAYLIGHT,TRAFFIC SIGNAL,No,NO APPARENT INJURY,NOT DISTRACTED,VAN,SLOWING OR STOPPING,South,West,40,2013,CHEV,3.8,61.7,51.8,0
Injury Crash,11-11-2022 21:00,Maryland (State),FREDERICK RD,N/A,STRAIGHT MOVEMENT ANGLE,CLEAR,DRY,DAYLIGHT,TRAFFIC SIGNAL,No,POSSIBLE INJURY,NOT DISTRACTED,PASSENGER CAR,MOVING CONSTANT SPEED,South,South,35,2003,HOND,1.9,51.3,34.5,0
Injury Crash,11-11-2022 23:55,Municipality,HOLTON LA,N/A,HEAD ON LEFT TURN,CLEAR,WET,DARK LIGHTS ON,NO CONTROLS,Yes,NO APPARENT INJURY,NOT DISTRACTED,PASSENGER CAR,MAKING U TURN,East,West,15,2013,HONDA,3.4,75.3,70,0
Property Damage Crash,11-11-2022 23:55,Maryland (State),FREDERICK RD,N/A,SAME DIR REAR END,CLEAR,DRY,DAYLIGHT,N/A,Yes,NO APPARENT INJURY,UNKNOWN,PASSENGER CAR,SLOWING OR STOPPING,North,North,45,2019,NISSAN,3.1,61.5,51.3,0
Property Damage Crash,12-11-2022 00:20,Maryland (State),ROCKVILLE PIKE,N/A,SAME DIRECTION SIDESWIPE,CLEAR,DRY,DARK LIGHTS ON,N/A,Yes,NO APPARENT INJURY,UNKNOWN,PASSENGER CAR,MOVING CONSTANT SPEED,North,North,40,2017,FORD,2.3,62.1,30.8,0
Property Damage Crash,12-11-2022 00:21,US (State),COLUMBIA PIKE,N/A,SAME DIRECTION SIDESWIPE,CLEAR,DRY,DAYLIGHT,TRAFFIC SIGNAL,Yes,NO APPARENT INJURY,LOOKED BUT DID NOT SEE,PASSENGER CAR,SLOWING OR STOPPING,North,South,40,2002,FORD,2.1,63.3,52.2,0
Property Damage Crash,12-11-2022 00:23,,,,OTHER,CLEAR,,DAYLIGHT,N/A,Yes,NO APPARENT INJURY,UNKNOWN,PASSENGER CAR,BACKING,Unknown,Unknown,0,2006,ACURA,6.6,83.9,48.7,0
Injury Crash,12-11-2022 00:43,Maryland (State),GEORGIA AVE,N/A,SAME DIR REAR END,CLEAR,DRY,DARK LIGHTS ON,TRAFFIC SIGNAL,Yes,NO APPARENT INJURY,UNKNOWN,PASSENGER CAR,MOVING CONSTANT SPEED,South,South,30,2021,NISSAN,5.8,67.6,67.4,0
Property Damage Crash,12-11-2022 01:47,Maryland (State),NEW HAMPSHIRE AVE,N/A,SAME DIRECTION SIDESWIPE,CLEAR,DRY,DAYLIGHT,NO CONTROLS,Yes,NO APPARENT INJURY,UNKNOWN,PASSENGER CAR,CHANGING LANES,South,South,40,2009,TOYOTA,6,76.9,64.3,0
Injury Crash,12-11-2022 05:50,County,RANDOLPH RD,N/A,SAME DIR REAR END,N/A,WET,DAYLIGHT,NO CONTROLS,No,SUSPECTED MINOR INJURY,NOT DISTRACTED,PASSENGER CAR,SLOWING OR STOPPING,West,West,45,2015,CHEV,2.2,35.9,29.5,0
Property Damage Crash,12-11-2022 06:45,,,,OTHER,N/A,,DAYLIGHT,NO CONTROLS,Yes,NO APPARENT INJURY,LOOKED BUT DID NOT SEE,PASSENGER CAR,BACKING,Unknown,Unknown,25,2015,SUBARU,4.8,53.4,32,0
Property Damage Crash,12-11-2022 08:28,Maryland (State),ROCKVILLE PIKE,N/A,HEAD ON LEFT TURN,CLEAR,DRY,DAYLIGHT,TRAFFIC SIGNAL,Yes,NO APPARENT INJURY,NOT DISTRACTED,PASSENGER CAR,MAKING LEFT TURN,North,East,35,2010,HONDA,4.2,54.9,50.5,0
Property Damage Crash,12-11-2022 11:20,County,LOCKWOOD DR,N/A,SAME DIR REAR END,CLEAR,DRY,DAYLIGHT,NO CONTROLS,No,NO APPARENT INJURY,NOT DISTRACTED,PASSENGER CAR,STOPPED IN TRAFFIC LANE,West,West,30,2015,HYUNDAI,3.2,62.8,42.9,0
Injury Crash,12-11-2022 11:20,County,EXECUTIVE BLVD,N/A,SAME DIR REAR END,CLEAR,DRY,DAYLIGHT,N/A,Yes,NO APPARENT INJURY,NOT DISTRACTED,"CARGO VAN/LIGHT TRUCK 2 AXLES (OVER 10,000LBS (4,536 KG))",STARTING FROM LANE,South,South,35,2014,FREIGHT LINER,5.3,68.6,68.1,0
Property Damage Crash,12-11-2022 11:20,Maryland (State),VEIRS MILL RD,N/A,SAME DIR REAR END,CLOUDY,WET,DAYLIGHT,N/A,No,NO APPARENT INJURY,UNKNOWN,,STOPPED IN TRAFFIC LANE,East,East,40,0,UNKNOWN,1.8,48.2,45,0
Property Damage Crash,12-11-2022 12:15,County,CHERRY HILL RD,N/A,HEAD ON LEFT TURN,CLEAR,DRY,DARK LIGHTS ON,TRAFFIC SIGNAL,Yes,NO APPARENT INJURY,NOT DISTRACTED,(SPORT) UTILITY VEHICLE,MAKING LEFT TURN,West,North,40,2021,TOYOTA,7.3,79,52.5,0
Property Damage Crash,12-11-2022 14:10,,,,STRAIGHT MOVEMENT ANGLE,CLEAR,,DAYLIGHT,NO CONTROLS,Yes,NO APPARENT INJURY,INATTENTIVE OR LOST IN THOUGHT,PASSENGER CAR,BACKING,East,East,5,2015,JEEP,6.9,72.9,60.8,0
Injury Crash,12-11-2022 14:10,Maryland (State),NEW HAMPSHIRE AVE,N/A,OTHER,CLEAR,DRY,DAYLIGHT,N/A,Yes,NO APPARENT INJURY,NOT DISTRACTED,PASSENGER CAR,MAKING LEFT TURN,South,South,40,2009,HYUN,4.6,66.4,51.8,0
Injury Crash,12-11-2022 14:55,County,MONTROSE RD,ROCKVILLE,SAME DIR REAR END,CLOUDY,WET,DAYLIGHT,TRAFFIC SIGNAL,Yes,NO APPARENT INJURY,UNKNOWN,PASSENGER CAR,MOVING CONSTANT SPEED,West,West,35,2008,FORD,3.7,40.3,32.8,0
Injury Crash,12-11-2022 14:55,Maryland (State),NEW HAMPSHIRE AVE,TAKOMA PARK,OTHER,CLEAR,DRY,DAYLIGHT,NO CONTROLS,No,NO APPARENT INJURY,NOT DISTRACTED,PASSENGER CAR,MOVING CONSTANT SPEED,North,North,35,2004,HONDA,16,64.7,40.5,0
Injury Crash,12-11-2022 15:04,County,SHADY GROVE RD,N/A,SAME DIR REAR END,CLOUDY,DRY,DAYLIGHT,TRAFFIC SIGNAL,No,POSSIBLE INJURY,UNKNOWN,PASSENGER CAR,SLOWING OR STOPPING,North,North,40,2004,KIA,4.6,54.7,32.9,0
Injury Crash,12-11-2022 15:32,Maryland (State),FREDERICK RD,GAITHERSBURG,SAME DIR REAR END,CLEAR,DRY,DAYLIGHT,TRAFFIC SIGNAL,Yes,NO APPARENT INJURY,UNKNOWN,PASSENGER CAR,MOVING CONSTANT SPEED,East,North,30,2000,CHEV,1.5,44.6,42.2,0
Injury Crash,12-11-2022 15:32,Maryland (State),GREAT SENECA HWY,N/A,SAME DIR REAR END,RAINING,WET,DAYLIGHT,NO CONTROLS,No,NO APPARENT INJURY,NOT DISTRACTED,PASSENGER CAR,STOPPED IN TRAFFIC LANE,North,North,50,2017,SUBA,4.9,57.3,38.3,0
Property Damage Crash,12-11-2022 16:10,Municipality,ROLLINS AVE,ROCKVILLE,SAME DIRECTION SIDESWIPE,CLEAR,DRY,DAYLIGHT,NO CONTROLS,No,NO APPARENT INJURY,NOT DISTRACTED,PASSENGER CAR,MOVING CONSTANT SPEED,West,West,25,2023,CHEV,3.4,52.1,24,0
Injury Crash,12-11-2022 16:10,Maryland (State),FREDERICK RD,GAITHERSBURG,STRAIGHT MOVEMENT ANGLE,CLEAR,DRY,DAYLIGHT,NO CONTROLS,No,NO APPARENT INJURY,NOT DISTRACTED,PASSENGER CAR,SKIDDING,North,North,40,2003,NISSAN,5.1,45.6,40.9,0
Property Damage Crash,12-11-2022 17:00,County,FATHER HURLEY BLVD,N/A,SAME DIR REAR END,CLEAR,DRY,DAYLIGHT,NO CONTROLS,No,NO APPARENT INJURY,NOT DISTRACTED,PASSENGER CAR,STOPPED IN TRAFFIC LANE,South,South,40,2016,ACURA,5.7,57.7,27.3,0
Property Damage Crash,12-11-2022 17:00,Maryland (State),RIVER RD,N/A,SAME DIRECTION SIDESWIPE,CLEAR,DRY,DARK LIGHTS ON,NO CONTROLS,Yes,NO APPARENT INJURY,NOT DISTRACTED,PASSENGER CAR,MOVING CONSTANT SPEED,West,West,35,2019,TESLA,1.7,68,60.4,0
Property Damage Crash,12-11-2022 17:14,County,ROCK RUN DR,N/A,STRAIGHT MOVEMENT ANGLE,CLEAR,DRY,DAYLIGHT,NO CONTROLS,Yes,NO APPARENT INJURY,NOT DISTRACTED,PICKUP TRUCK,BACKING,North,North,15,2001,FORD,10,57.1,42.1,0
Injury Crash,12-11-2022 17:14,Maryland (State),RIDGE RD,N/A,SAME DIR REAR END,RAINING,WET,DARK LIGHTS ON,NO CONTROLS,Yes,NO APPARENT INJURY,NOT DISTRACTED,VAN,SLOWING OR STOPPING,North,North,40,1999,CHEVY,11.2,82.3,52.8,0
Property Damage Crash,12-11-2022 17:15,County,BATCHELLORS FOREST RD,N/A,HEAD ON LEFT TURN,CLEAR,DRY,DARK NO LIGHTS,YIELD SIGN,Yes,NO APPARENT INJURY,LOOKED BUT DID NOT SEE,PASSENGER CAR,STARTING FROM LANE,East,East,40,2021,HOND,3.8,63.1,24.2,0
Property Damage Crash,12-11-2022 18:20,Maryland (State),DARNESTOWN RD,N/A,SINGLE VEHICLE,CLEAR,DRY,DAYLIGHT,NO CONTROLS,Yes,NO APPARENT INJURY,OTHER CELLULAR PHONE RELATED,PASSENGER CAR,MOVING CONSTANT SPEED,East,East,30,2016,CHEVROLET,1.3,66.8,48.2,0
Property Damage Crash,12-11-2022 18:20,Interstate (State),EISENHOWER MEMORIAL HWY,N/A,SAME DIR REAR END,RAINING,WET,DAYLIGHT,N/A,No,NO APPARENT INJURY,NOT DISTRACTED,PASSENGER CAR,MOVING CONSTANT SPEED,South,South,55,2016,ACURA,6.8,68.3,59.1,0
Property Damage Crash,12-11-2022 18:40,US (State),COLUMBIA PIKE,N/A,STRAIGHT MOVEMENT ANGLE,CLEAR,DRY,DARK LIGHTS ON,TRAFFIC SIGNAL,No,NO APPARENT INJURY,NOT DISTRACTED,PASSENGER CAR,MOVING CONSTANT SPEED,South,South,50,2010,HONDA,1.3,56,45.5,0
Injury Crash,12-11-2022 18:40,Maryland (State),CONNECTICUT AVE,N/A,HEAD ON LEFT TURN,CLEAR,DRY,DAYLIGHT,NO CONTROLS,No,NO APPARENT INJURY,NOT DISTRACTED,PASSENGER CAR,MOVING CONSTANT SPEED,North,South,45,2013,VOLK,1,66.4,56.9,0
Property Damage Crash,12-11-2022 18:46,County,RANDOLPH RD,N/A,SAME DIR REAR END,CLEAR,N/A,DAYLIGHT,N/A,Yes,NO APPARENT INJURY,NOT DISTRACTED,PASSENGER CAR,SLOWING OR STOPPING,West,West,45,2007,NISS,5,60.6,43.7,0
Injury Crash,12-11-2022 19:20,County,DARNESTOWN RD,N/A,HEAD ON LEFT TURN,CLEAR,DRY,DUSK,TRAFFIC SIGNAL,No,POSSIBLE INJURY,NOT DISTRACTED,PASSENGER CAR,MAKING LEFT TURN,East,East,40,2011,HOND,4,56.6,37.6,0
Property Damage Crash,12-11-2022 19:20,County,DALEWOOD DR,N/A,HEAD ON,CLEAR,DRY,DARK LIGHTS ON,NO CONTROLS,Yes,NO APPARENT INJURY,NOT DISTRACTED,PASSENGER CAR,MOVING CONSTANT SPEED,North,North,30,2014,JEEP,6.4,46,28.3,0
Injury Crash,12-11-2022 19:30,Maryland (State),WISCONSIN AVE,N/A,SAME DIR REAR END,CLEAR,DRY,DAYLIGHT,NO CONTROLS,Yes,NO APPARENT INJURY,NOT DISTRACTED,"CARGO VAN/LIGHT TRUCK 2 AXLES (OVER 10,000LBS (4,536 KG))",SLOWING OR STOPPING,North,North,35,2010,GMC,1.4,72.7,50.8,0
Injury Crash,12-11-2022 19:30,County,SEVEN LOCKS RD,N/A,SAME DIR REAR END,CLEAR,DRY,DAYLIGHT,TRAFFIC SIGNAL,No,POSSIBLE INJURY,NOT DISTRACTED,(SPORT) UTILITY VEHICLE,STOPPED IN TRAFFIC LANE,South,South,35,2006,HUMM,1.8,51.1,48.4,0
Property Damage Crash,12-11-2022 19:31,County,MONTGOMERY VILLAGE AVE,N/A,ANGLE MEETS LEFT HEAD ON,N/A,N/A,DARK LIGHTS ON,TRAFFIC SIGNAL,Unknown,NO APPARENT INJURY,NOT DISTRACTED,PASSENGER CAR,MOVING CONSTANT SPEED,West,West,35,2002,LINCOLN,1,54.4,50.3,0
Injury Crash,01-12-2022 04:06,Maryland (State),VEIRS MILL RD,N/A,SINGLE VEHICLE,CLEAR,DRY,DAYLIGHT,NO CONTROLS,No,NO APPARENT INJURY,UNKNOWN,,UNKNOWN,West,West,40,0,UNKNOWN,2.5,40.2,27.6,0
Injury Crash,01-12-2022 04:06,Maryland (State),CONNECTICUT AVE,KENSINGTON,SAME DIR REAR END,N/A,DRY,DAYLIGHT,TRAFFIC SIGNAL,No,POSSIBLE INJURY,NOT DISTRACTED,PASSENGER CAR,STOPPED IN TRAFFIC LANE,North,North,35,2004,NISSAN,3.3,67.2,53.1,0
Injury Crash,01-12-2022 05:20,Maryland (State),NORBECK RD,N/A,OTHER,CLEAR,DRY,DAYLIGHT,NO CONTROLS,No,POSSIBLE INJURY,NOT DISTRACTED,PASSENGER CAR,ACCELERATING,West,West,45,2018,ACURA,1.7,58.7,45.8,0
Property Damage Crash,01-12-2022 05:20,County,WATKINS MILL RD,N/A,SAME DIR REAR END,CLEAR,DRY,DARK LIGHTS ON,TRAFFIC SIGNAL,Yes,NO APPARENT INJURY,UNKNOWN,PASSENGER CAR,MOVING CONSTANT SPEED,North,North,35,2002,DODGE,2.8,80.1,56.7,0
Property Damage Crash,01-12-2022 06:10,County,GOSHEN RD,N/A,STRAIGHT MOVEMENT ANGLE,RAINING,WET,DAYLIGHT,STOP SIGN,Yes,NO APPARENT INJURY,NOT DISTRACTED,PASSENGER CAR,MAKING LEFT TURN,North,East,35,2012,NISS,1.5,50.4,45,0
Property Damage Crash,01-12-2022 06:10,US (State),COLUMBIA PIKE,N/A,SAME DIR REAR END,CLEAR,DRY,DAYLIGHT,N/A,No,NO APPARENT INJURY,NOT DISTRACTED,VAN,SLOWING OR STOPPING,North,North,50,2005,HONDA,1.4,62,54.2,0
Injury Crash,01-12-2022 08:14,Maryland (State),VEIRS MILL RD,N/A,STRAIGHT MOVEMENT ANGLE,RAINING,WET,DARK LIGHTS ON,TRAFFIC SIGNAL,No,SUSPECTED MINOR INJURY,NOT DISTRACTED,PASSENGER CAR,MOVING CONSTANT SPEED,East,East,45,2002,HONDA,4.8,63.7,53.4,0
Property Damage Crash,01-12-2022 08:14,Maryland (State),WISCONSIN AVE,N/A,SAME DIRECTION SIDESWIPE,CLEAR,DRY,DARK LIGHTS ON,TRAFFIC SIGNAL,Yes,NO APPARENT INJURY,UNKNOWN,UNKNOWN,ACCELERATING,South,South,25,0,UNKNOWN,3.8,72.6,54.8,0
Property Damage Crash,01-12-2022 08:30,,,,OTHER,CLOUDY,,DAYLIGHT,N/A,Yes,NO APPARENT INJURY,UNKNOWN,PASSENGER CAR,UNKNOWN,Unknown,Unknown,5,0,HONDA,3.3,54.3,52.3,0
Injury Crash,01-12-2022 09:30,Maryland (State),OLD GEORGETOWN RD,N/A,OPPOSITE DIRECTION SIDESWIPE,CLEAR,DRY,DUSK,NO CONTROLS,No,SUSPECTED MINOR INJURY,NOT DISTRACTED,(SPORT) UTILITY VEHICLE,MOVING CONSTANT SPEED,South,South,40,2011,KIA,1,72.5,52.4,0
Injury Crash,01-12-2022 09:30,US (State),COLUMBIA PIKE,N/A,SAME DIR REAR END,CLEAR,DRY,DAYLIGHT,TRAFFIC SIGNAL,No,NO APPARENT INJURY,NOT DISTRACTED,PASSENGER CAR,STOPPED IN TRAFFIC LANE,North,North,50,2012,NISS,3.8,62,57.1,0
Property Damage Crash,01-12-2022 10:50,Maryland (State),HUNGERFORD DR,ROCKVILLE,SAME DIR REAR END,CLEAR,DRY,DARK LIGHTS ON,TRAFFIC SIGNAL,Yes,NO APPARENT INJURY,NOT DISTRACTED,PASSENGER CAR,SLOWING OR STOPPING,South,South,35,2004,MAZD,1.5,51.6,48.7,0
Injury Crash,01-12-2022 10:50,Other Public Roadway,STRINGTOWN RD,N/A,HEAD ON LEFT TURN,CLEAR,DRY,DAYLIGHT,TRAFFIC SIGNAL,No,SUSPECTED MINOR INJURY,NOT DISTRACTED,PASSENGER CAR,MOVING CONSTANT SPEED,West,West,35,2014,HONDA,3.2,70.9,50.3,0
Injury Crash,01-12-2022 10:59,County,BROADBIRCH DR,N/A,STRAIGHT MOVEMENT ANGLE,CLEAR,DRY,DAYLIGHT,STOP SIGN,Yes,NO APPARENT INJURY,UNKNOWN,(SPORT) UTILITY VEHICLE,STARTING FROM LANE,West,West,30,2010,KIA,13.6,60.6,56.4,0
Injury Crash,01-12-2022 10:59,Maryland (State),W DIAMOND AVE,GAITHERSBURG,SAME DIRECTION RIGHT TURN,RAINING,WET,DARK LIGHTS ON,NO CONTROLS,Yes,NO APPARENT INJURY,UNKNOWN,PASSENGER CAR,CHANGING LANES,West,West,35,2015,MASERATI,2.3,59,55.8,0