ACRS Report Type,Date and Time,Route Type,Road Name,Municipality,Collision Type,Weather,Surface Condition,Light,Traffic Control,Driver At Fault,Injury Severity,Driver Distracted By,Vehicle Body Type,Vehicle Movement,Vehicle Continuing Dir,Vehicle Going Dir,Speed Limit,Vehicle Year,Vehicle Make,Wind Speed (MPH),TMP10-DK ,Relative Humidity (%),Rain (Inches)
Property Damage Crash,01-12-2022 12:54,County,SHADY GROVE RD,N/A,SAME DIR REAR END,CLEAR,DRY,DAYLIGHT,TRAFFIC SIGNAL,Yes,NO APPARENT INJURY,NOT DISTRACTED,PASSENGER CAR,SLOWING OR STOPPING,West,West,40,2014,HOND,1.5,59.2,57.1,0
Property Damage Crash,01-12-2022 12:54,County,MILESTONE DR,N/A,SINGLE VEHICLE,N/A,UNKNOWN,UNKNOWN,UNKNOWN,Unknown,NO APPARENT INJURY,UNKNOWN,POLICE VEHICLE/NON EMERGENCY,UNKNOWN,Unknown,Unknown,0,2013,FORD,1.7,49.2,38.4,0
Injury Crash,01-12-2022 13:30,County,BEL PRE RD,N/A,SAME DIRECTION RIGHT TURN,CLEAR,DRY,DAYLIGHT,STOP SIGN,Yes,NO APPARENT INJURY,LOOKED BUT DID NOT SEE,PASSENGER CAR,CHANGING LANES,East,East,35,2000,HONDA,7.5,50.9,26,0
Injury Crash,01-12-2022 13:30,Maryland (State),FALLS RD,N/A,SAME DIR REAR END,CLEAR,DRY,DARK LIGHTS ON,TRAFFIC SIGNAL,No,POSSIBLE INJURY,NOT DISTRACTED,PASSENGER CAR,STOPPED IN TRAFFIC LANE,South,South,35,2005,TOYOTA,9.3,65.8,46.3,0
Property Damage Crash,01-12-2022 13:33,Maryland (State),NEW HAMPSHIRE AVE,N/A,OTHER,N/A,DRY,DAYLIGHT,NO CONTROLS,Yes,NO APPARENT INJURY,NOT DISTRACTED,PASSENGER CAR,MOVING CONSTANT SPEED,North,North,40,2016,MAZDA,5.5,79.5,43.9,0
Injury Crash,01-12-2022 14:00,Maryland (State),WOODFIELD RD,N/A,SAME DIR REAR END,CLEAR,DRY,DAYLIGHT,TRAFFIC SIGNAL,Yes,NO APPARENT INJURY,EATING OR DRINKING,PASSENGER CAR,MOVING CONSTANT SPEED,North,North,45,2004,DODGE,1.1,51.3,44.4,0
Injury Crash,01-12-2022 14:00,Maryland (State),VEIRS MILL RD,ROCKVILLE,OTHER,BLOWING SNOW,OTHER,DAYLIGHT,N/A,No,SUSPECTED MINOR INJURY,NOT DISTRACTED,PASSENGER CAR,MOVING CONSTANT SPEED,West,West,40,2016,JEEP,6.6,54.6,46.6,0
Property Damage Crash,01-12-2022 14:25,Municipality,CLAGETT DR,N/A,ANGLE MEETS RIGHT TURN,RAINING,WET,DAYLIGHT,STOP SIGN,Yes,NO APPARENT INJURY,LOOKED BUT DID NOT SEE,PASSENGER CAR,MAKING RIGHT TURN,North,North,30,2003,HONDA,14.5,84.4,59.6,0
Injury Crash,01-12-2022 14:25,County,HIGH WOOD RD,N/A,SAME DIRECTION SIDESWIPE,RAINING,WET,DAYLIGHT,NO CONTROLS,Yes,POSSIBLE INJURY,NOT DISTRACTED,PASSENGER CAR,BACKING,North,South,25,2008,HONDA,4.1,61.3,49,0
Property Damage Crash,01-12-2022 15:00,County,MONTROSE RD,ROCKVILLE,HEAD ON,RAINING,WET,DAYLIGHT,TRAFFIC SIGNAL,No,NO APPARENT INJURY,NOT DISTRACTED,VAN,STOPPED IN TRAFFIC LANE,North,West,35,2019,HONDA,6.6,71.1,39.1,0
Injury Crash,01-12-2022 15:20,County,NORWOOD RD,N/A,STRAIGHT MOVEMENT ANGLE,WINTRY MIX,ICE,DAYLIGHT,NO CONTROLS,No,SUSPECTED SERIOUS INJURY,NOT DISTRACTED,(SPORT) UTILITY VEHICLE,MOVING CONSTANT SPEED,East,East,45,2005,BUICK,7.7,76.5,59.4,0
Property Damage Crash,01-12-2022 15:20,,,,OTHER,N/A,,DAYLIGHT,N/A,No,NO APPARENT INJURY,NOT DISTRACTED,POLICE VEHICLE/NON EMERGENCY,PARKED,,,0,2013,FORD,1.8,70.4,69.7,0
Property Damage Crash,01-12-2022 15:29,,,,SINGLE VEHICLE,N/A,,DAYLIGHT,N/A,Yes,NO APPARENT INJURY,INATTENTIVE OR LOST IN THOUGHT,PASSENGER CAR,ACCELERATING,East,East,0,2014,FORD,1.5,31.9,27,0
Property Damage Crash,01-12-2022 16:18,Maryland (State),FREDERICK RD,N/A,STRAIGHT MOVEMENT ANGLE,CLEAR,DRY,DARK LIGHTS ON,TRAFFIC SIGNAL,No,NO APPARENT INJURY,NOT DISTRACTED,PASSENGER CAR,MOVING CONSTANT SPEED,South,South,35,2019,HYUNDAI,3.4,61.9,52.4,0
Injury Crash,01-12-2022 16:18,Maryland (State),CARROLL AVE,N/A,SAME DIR REAR END,CLEAR,DRY,DAYLIGHT,FLASHING TRAFFIC SIGNAL,No,POSSIBLE INJURY,NOT DISTRACTED,PASSENGER CAR,SLOWING OR STOPPING,South,South,30,2009,TOYOTA,2,62.4,60.3,0
Property Damage Crash,01-12-2022 16:20,Maryland (State),GEORGIA AVE,N/A,SAME DIRECTION RIGHT TURN,CLEAR,DRY,DAYLIGHT,TRAFFIC SIGNAL,No,NO APPARENT INJURY,NOT DISTRACTED,PASSENGER CAR,MOVING CONSTANT SPEED,South,South,50,2010,HONDA,2,56.2,51.4,0
Injury Crash,01-12-2022 16:58,Maryland (State),GERMANTOWN RD,N/A,STRAIGHT MOVEMENT ANGLE,CLEAR,DRY,DARK LIGHTS ON,TRAFFIC SIGNAL,No,POSSIBLE INJURY,NOT DISTRACTED,PASSENGER CAR,STARTING FROM LANE,North,East,45,2009,HYUNDAI,4.7,73.1,39.8,0
Property Damage Crash,01-12-2022 16:58,County,SEVEN LOCKS RD,N/A,STRAIGHT MOVEMENT ANGLE,CLEAR,DRY,DAYLIGHT,STOP SIGN,Yes,NO APPARENT INJURY,UNKNOWN,PASSENGER CAR,MAKING LEFT TURN,South,West,35,2010,INFI,3.8,52.9,46.7,0
Injury Crash,01-12-2022 18:00,Maryland (State),WOODFIELD RD,N/A,SAME DIR REAR END,CLEAR,DRY,DAYLIGHT,TRAFFIC SIGNAL,No,POSSIBLE INJURY,NOT DISTRACTED,PICKUP TRUCK,STOPPED IN TRAFFIC LANE,South,South,40,2000,GMC,4.5,75.8,57,0
Property Damage Crash,01-12-2022 18:00,Maryland (State),GEORGIA AVE,N/A,SAME DIR REAR END,RAINING,WET,DARK LIGHTS ON,N/A,No,NO APPARENT INJURY,NOT DISTRACTED,PASSENGER CAR,SLOWING OR STOPPING,North,North,35,1998,TOYOTA,4.2,52.6,30.5,0
Injury Crash,01-12-2022 20:50,Government,SLIGO CREEK PKWY,TAKOMA PARK,HEAD ON,CLOUDY,WET,DARK NO LIGHTS,NO CONTROLS,No,POSSIBLE INJURY,NOT DISTRACTED,PASSENGER CAR,MOVING CONSTANT SPEED,North,North,25,2007,FORD,8.2,53.1,50.9,0.12
Property Damage Crash,01-12-2022 20:50,County,MASON ST,N/A,SAME DIR REAR END,CLEAR,DRY,DAYLIGHT,TRAFFIC SIGNAL,Yes,NO APPARENT INJURY,LOOKED BUT DID NOT SEE,PICKUP TRUCK,BACKING,East,East,20,2014,TOYOTA,6.8,73.4,58.1,0
Property Damage Crash,01-12-2022 21:05,Maryland (State),GEORGIA AVE,N/A,SINGLE VEHICLE,RAINING,WET,DARK LIGHTS ON,TRAFFIC SIGNAL,Yes,NO APPARENT INJURY,NOT DISTRACTED,PASSENGER CAR,MOVING CONSTANT SPEED,North,North,35,2015,HONDA,1,58.4,56.3,0
Injury Crash,01-12-2022 21:05,County,DARNESTOWN RD,N/A,STRAIGHT MOVEMENT ANGLE,CLEAR,DRY,DARK LIGHTS ON,STOP SIGN,No,POSSIBLE INJURY,NOT DISTRACTED,PASSENGER CAR,MOVING CONSTANT SPEED,East,East,35,2005,BMW,1.3,55.4,51,0
Property Damage Crash,01-12-2022 21:51,Maryland (State),DAMASCUS RD,N/A,SINGLE VEHICLE,CLEAR,DRY,DAYLIGHT,NO CONTROLS,Yes,NO APPARENT INJURY,NOT DISTRACTED,VAN,NEGOTIATING A CURVE,North,North,40,2005,TOYT,5.5,62,59.5,0.01
Injury Crash,01-12-2022 21:51,,DOC BERLIN DRIVE,N/A,HEAD ON,RAINING,WET,DARK LIGHTS ON,NO CONTROLS,Yes,NO APPARENT INJURY,UNKNOWN,PASSENGER CAR,MOVING CONSTANT SPEED,North,North,25,2019,TESLA,4.6,78.2,48.9,0
Injury Crash,01-12-2022 22:02,Maryland (State),DARNESTOWN RD,N/A,HEAD ON LEFT TURN,CLEAR,DRY,DAYLIGHT,NO CONTROLS,Yes,POSSIBLE INJURY,NOT DISTRACTED,PASSENGER CAR,MAKING LEFT TURN,South,West,35,2010,HOND,6.1,84,42.4,0
Property Damage Crash,01-12-2022 22:02,US (State),COLESVILLE RD,N/A,SAME DIR REAR END,RAINING,WET,DAYLIGHT,NO CONTROLS,Yes,NO APPARENT INJURY,NOT DISTRACTED,PASSENGER CAR,SLOWING OR STOPPING,North,North,40,2013,FORD,1,64.8,42,0
Property Damage Crash,01-12-2022 22:15,Maryland (State),CONNECTICUT AVE,N/A,STRAIGHT MOVEMENT ANGLE,CLEAR,DRY,DAYLIGHT,NO CONTROLS,No,NO APPARENT INJURY,NOT DISTRACTED,VAN,MAKING LEFT TURN,South,West,45,2003,CHEVROLET,6.5,56.3,56.4,0.01
Property Damage Crash,01-12-2022 22:15,County,DEMOCRACY BLVD,N/A,SAME DIR REAR END,CLEAR,DRY,DAYLIGHT,TRAFFIC SIGNAL,Yes,NO APPARENT INJURY,UNKNOWN,UNKNOWN,MOVING CONSTANT SPEED,South,West,45,0,UNKNOWN,1.6,66.6,66.2,0
Property Damage Crash,01-12-2022 22:36,Maryland (State),OLD GEORGETOWN RD,N/A,HEAD ON LEFT TURN,CLOUDY,DRY,DAYLIGHT,TRAFFIC SIGNAL,Yes,NO APPARENT INJURY,LOOKED BUT DID NOT SEE,PASSENGER CAR,MAKING LEFT TURN,East,North,40,2011,BMW,1.8,36.8,32.5,0
Injury Crash,02-12-2022 00:08,Maryland (State),GEORGIA AVE,N/A,SAME DIR REAR END,CLOUDY,DRY,DARK LIGHTS ON,FLASHING TRAFFIC SIGNAL,Yes,NO APPARENT INJURY,NOT DISTRACTED,(SPORT) UTILITY VEHICLE,MOVING CONSTANT SPEED,South,South,35,2015,JEEP,3.7,81.1,65.1,0
Property Damage Crash,02-12-2022 00:08,Maryland (State),GEORGIA AVE,N/A,SAME DIR REAR END,CLEAR,DRY,DARK LIGHTS ON,NO CONTROLS,Yes,NO APPARENT INJURY,BY OTHER OCCUPANTS,PASSENGER CAR,SLOWING OR STOPPING,North,North,35,2019,TOYOTA,5.5,65.7,31.5,0
Property Damage Crash,02-12-2022 00:08,County,MERRIMAC DR,N/A,OTHER,N/A,DRY,DARK NO LIGHTS,N/A,Yes,NO APPARENT INJURY,UNKNOWN,PASSENGER CAR,MOVING CONSTANT SPEED,North,North,25,2016,INFINITI,3.9,71.4,41.6,0
Injury Crash,02-12-2022 00:55,Maryland (State),OLD GEORGETOWN RD,N/A,HEAD ON LEFT TURN,CLEAR,DRY,DAYLIGHT,TRAFFIC SIGNAL,Yes,NO APPARENT INJURY,NOT DISTRACTED,PASSENGER CAR,MAKING LEFT TURN,East,East,35,2015,TOYOTA,2,44.2,39.4,0
Injury Crash,02-12-2022 00:55,,,,SAME DIR REAR END,CLEAR,,DAYLIGHT,NO CONTROLS,No,SUSPECTED MINOR INJURY,NOT DISTRACTED,PASSENGER CAR,PARKED,,,0,2006,CHRY,2,51.2,48.7,0
Property Damage Crash,02-12-2022 01:02,,,,SAME DIR REAR END,CLEAR,,DAYLIGHT,N/A,Yes,NO APPARENT INJURY,NOT DISTRACTED,PASSENGER CAR,MOVING CONSTANT SPEED,North,North,10,2013,MERZ,2.6,64,52.7,0
Injury Crash,02-12-2022 03:43,County,WARFIELD RD,N/A,SINGLE VEHICLE,CLEAR,DRY,DAYLIGHT,NO CONTROLS,Yes,POSSIBLE INJURY,NOT DISTRACTED,MOTORCYCLE,NEGOTIATING A CURVE,South,South,35,2003,HARLEY,4.2,64.5,63.4,0
Injury Crash,02-12-2022 03:43,County,MIDLAND RD,N/A,STRAIGHT MOVEMENT ANGLE,WINTRY MIX,WET,DAYLIGHT,TRAFFIC SIGNAL,Yes,NO APPARENT INJURY,TALKING OR LISTENING TO CELLULAR PHONE,PASSENGER CAR,MOVING CONSTANT SPEED,South,South,40,2001,NISSAN,8.6,69.6,37.9,0
Injury Crash,02-12-2022 04:22,Maryland (State),MUNCASTER MILL RD,N/A,SAME DIR REAR END,CLEAR,DRY,DARK LIGHTS ON,NO CONTROLS,No,POSSIBLE INJURY,NOT DISTRACTED,PASSENGER CAR,STARTING FROM LANE,East,East,35,2014,HONDA,3.2,72.4,65.6,0
Property Damage Crash,02-12-2022 06:29,Maryland (State),OLD GEORGETOWN RD,N/A,HEAD ON LEFT TURN,CLEAR,DRY,DARK LIGHTS ON,TRAFFIC SIGNAL,No,NO APPARENT INJURY,NOT DISTRACTED,(SPORT) UTILITY VEHICLE,MOVING CONSTANT SPEED,South,South,35,2014,JEEP,5.2,81.9,62.2,0
Property Damage Crash,02-12-2022 07:20,County,FAIRLAND RD,N/A,STRAIGHT MOVEMENT ANGLE,CLEAR,DRY,DARK LIGHTS ON,FLASHING TRAFFIC SIGNAL,No,NO APPARENT INJURY,NOT DISTRACTED,PICKUP TRUCK,MOVING CONSTANT SPEED,West,West,45,2004,FORD,7.7,63.8,38.4,0
Property Damage Crash,02-12-2022 07:20,County,GREENCASTLE RD,N/A,STRAIGHT MOVEMENT ANGLE,RAINING,WET,DAYLIGHT,TRAFFIC SIGNAL,Yes,NO APPARENT INJURY,NOT DISTRACTED,UNKNOWN,MOVING CONSTANT SPEED,South,South,55,2006,PETE,6.8,57.8,32.9,0
Injury Crash,02-12-2022 09:17,Maryland (State),GEORGIA AVE,N/A,SAME DIR REAR END,CLEAR,WET,DAYLIGHT,NO CONTROLS,No,POSSIBLE INJURY,NOT DISTRACTED,PASSENGER CAR,SLOWING OR STOPPING,South,South,40,2005,TOYOTA,1.4,54.7,50,0
Property Damage Crash,02-12-2022 09:17,Maryland (State),WOODFIELD RD,N/A,SAME DIR REAR END,CLEAR,DRY,DAYLIGHT,TRAFFIC SIGNAL,Yes,NO APPARENT INJURY,LOOKED BUT DID NOT SEE,SCHOOL BUS,SLOWING OR STOPPING,East,South,35,2020,THMS,10.2,74.3,46.8,0
Property Damage Crash,02-12-2022 11:00,Maryland (State),VEIRS MILL RD,N/A,SAME DIRECTION SIDESWIPE,CLEAR,DRY,DARK LIGHTS ON,TRAFFIC SIGNAL,No,NO APPARENT INJURY,NOT DISTRACTED,TRANSIT BUS,MOVING CONSTANT SPEED,East,East,30,2013,GILL,6.2,55.3,26.6,0
Injury Crash,02-12-2022 11:00,Maryland (State),VEIRS MILL RD,N/A,STRAIGHT MOVEMENT ANGLE,CLOUDY,DRY,DAWN,TRAFFIC SIGNAL,No,SUSPECTED MINOR INJURY,NOT DISTRACTED,TRANSIT BUS,STARTING FROM LANE,East,South,35,2013,GILL,1.2,36,29.3,0
Property Damage Crash,02-12-2022 12:15,Maryland (State),CONNECTICUT AVE,N/A,SAME DIR REAR END,CLEAR,DRY,DAYLIGHT,TRAFFIC SIGNAL,Yes,NO APPARENT INJURY,LOOKED BUT DID NOT SEE,PASSENGER CAR,MOVING CONSTANT SPEED,North,North,35,2006,HONDA,13.5,66.1,54.3,0
Injury Crash,02-12-2022 12:15,,,,SINGLE VEHICLE,N/A,,DAYLIGHT,NO CONTROLS,Yes,NO APPARENT INJURY,LOOKED BUT DID NOT SEE,VAN,STARTING FROM PARKED,South,South,5,2007,CHRYSLER,4.5,75.5,39.7,0
Property Damage Crash,02-12-2022 13:45,Maryland (State),CONNECTICUT AVE,N/A,SINGLE VEHICLE,CLEAR,DRY,DARK LIGHTS ON,N/A,Yes,NO APPARENT INJURY,OTHER DISTRACTION,PASSENGER CAR,MOVING CONSTANT SPEED,South,South,35,2008,TOYOTA,6,61.8,59,0.03
Property Damage Crash,02-12-2022 13:45,County,KERWIN RD,N/A,OTHER,CLEAR,DRY,DARK LIGHTS ON,NO CONTROLS,Yes,NO APPARENT INJURY,UNKNOWN,PASSENGER CAR,MOVING CONSTANT SPEED,West,West,25,1997,CHEV,1.4,42.4,31.4,0
Injury Crash,02-12-2022 13:50,Maryland (State),CONNECTICUT AVE,CHEVY CHASE #4,SAME DIRECTION SIDESWIPE,CLEAR,DRY,DAYLIGHT,NO CONTROLS,No,NO APPARENT INJURY,NOT DISTRACTED,PASSENGER CAR,STOPPED IN TRAFFIC LANE,South,South,30,2017,HONDA,4,69.3,52,0
Injury Crash,02-12-2022 13:50,County,CARROLL AVE,N/A,ANGLE MEETS LEFT TURN,CLEAR,DRY,DARK -- UNKNOWN LIGHTING,STOP SIGN,No,NO APPARENT INJURY,NOT DISTRACTED,PASSENGER CAR,MOVING CONSTANT SPEED,South,South,30,2015,NISS,2.6,73.3,60.2,0
Injury Crash,02-12-2022 15:04,Maryland (State),RIDGE RD,N/A,SAME DIR REAR END,RAINING,WET,DAYLIGHT,NO CONTROLS,Yes,NO APPARENT INJURY,NOT DISTRACTED,VAN,SLOWING OR STOPPING,North,North,40,2015,RAM,1.7,72.1,69.7,0
Property Damage Crash,02-12-2022 15:04,Maryland (State),OLNEY LAYTONSVILLE RD,N/A,SINGLE VEHICLE,CLEAR,DRY,DAYLIGHT,NO CONTROLS,Yes,NO APPARENT INJURY,NOT DISTRACTED,PASSENGER CAR,MOVING CONSTANT SPEED,East,East,40,2000,FORD,9.7,57.4,39,0
Property Damage Crash,02-12-2022 15:58,Municipality,WOOTTON PKWY,ROCKVILLE,SAME DIRECTION SIDESWIPE,CLEAR,DRY,DAYLIGHT,STOP SIGN,No,NO APPARENT INJURY,NOT DISTRACTED,PASSENGER CAR,MOVING CONSTANT SPEED,South,South,30,2012,TOYOTA,1.1,39.5,30,0
Fatal Crash,02-12-2022 15:58,Maryland (State),GEORGIA AVE,N/A,STRAIGHT MOVEMENT ANGLE,CLOUDY,DRY,DAYLIGHT,TRAFFIC SIGNAL,No,SUSPECTED SERIOUS INJURY,UNKNOWN,PASSENGER CAR,MAKING LEFT TURN,East,South,35,2015,MERCEDES,5,66.8,61.1,0.01
Property Damage Crash,02-12-2022 16:10,County,TWINBROOK PKWY,N/A,SAME DIRECTION SIDESWIPE,CLEAR,DRY,DAYLIGHT,TRAFFIC SIGNAL,No,NO APPARENT INJURY,NOT DISTRACTED,(SPORT) UTILITY VEHICLE,STARTING FROM LANE,North,North,35,2015,HYUN,0.9,63.6,51.5,0
Injury Crash,02-12-2022 16:10,Other Public Roadway,MONTROSE PKWY,N/A,STRAIGHT MOVEMENT ANGLE,CLOUDY,DRY,DAYLIGHT,TRAFFIC SIGNAL,Yes,SUSPECTED MINOR INJURY,NOT DISTRACTED,PASSENGER CAR,MOVING CONSTANT SPEED,North,North,30,2020,TOYOT,10,67.4,54.8,0
Property Damage Crash,02-12-2022 16:11,US (State),COLUMBIA PIKE,N/A,SAME DIR REAR END,CLEAR,DRY,DARK LIGHTS ON,TRAFFIC SIGNAL,Yes,NO APPARENT INJURY,INATTENTIVE OR LOST IN THOUGHT,PASSENGER CAR,UNKNOWN,South,South,50,1998,FORD,4,58.2,42.5,0
Injury Crash,02-12-2022 16:11,Maryland (State),GEORGIA AVE,N/A,SINGLE VEHICLE,CLEAR,ICE,DAYLIGHT,NO CONTROLS,No,POSSIBLE INJURY,NOT DISTRACTED,PASSENGER CAR,MOVING CONSTANT SPEED,South,South,45,2011,TOYOTA,1.3,54.3,49,0
Property Damage Crash,02-12-2022 19:15,Maryland (State),CONNECTICUT AVE,N/A,SAME DIRECTION SIDESWIPE,CLEAR,N/A,DARK LIGHTS ON,N/A,No,NO APPARENT INJURY,NOT DISTRACTED,PASSENGER CAR,CHANGING LANES,South,South,35,2005,HONDA,1,57.7,56.7,0
Property Damage Crash,02-12-2022 19:15,Maryland (State),VEIRS MILL RD,N/A,STRAIGHT MOVEMENT ANGLE,CLEAR,DRY,DAYLIGHT,TRAFFIC SIGNAL,Yes,NO APPARENT INJURY,LOOKED BUT DID NOT SEE,(SPORT) UTILITY VEHICLE,MOVING CONSTANT SPEED,North,North,40,2016,TOYOTA,3.3,76,57.6,0
Property Damage Crash,02-12-2022 21:24,County,GLENALLAN AVE,N/A,SAME DIRECTION SIDESWIPE,CLEAR,DRY,DAYLIGHT,TRAFFIC SIGNAL,Yes,NO APPARENT INJURY,UNKNOWN,UNKNOWN,MOVING CONSTANT SPEED,East,South,25,0,UNKNOWN,5.2,58.8,50.3,0
Property Damage Crash,02-12-2022 21:24,Municipality,FLEET ST,ROCKVILLE,HEAD ON LEFT TURN,CLEAR,DRY,DARK LIGHTS ON,TRAFFIC SIGNAL,No,NO APPARENT INJURY,NOT DISTRACTED,PASSENGER CAR,MOVING CONSTANT SPEED,East,East,30,2016,TOYOTA,3.9,62,54.7,0.01
Property Damage Crash,02-12-2022 21:45,County,BOWIE MILL RD,N/A,SINGLE VEHICLE,N/A,WET,DAYLIGHT,N/A,Yes,NO APPARENT INJURY,UNKNOWN,PASSENGER CAR,MOVING CONSTANT SPEED,East,East,40,2017,LEXS,0.9,62.5,53.1,0
Property Damage Crash,02-12-2022 21:45,Maryland (State),WISCONSIN AVE,N/A,SAME DIRECTION LEFT TURN,CLEAR,N/A,DARK LIGHTS ON,TRAFFIC SIGNAL,Yes,NO APPARENT INJURY,UNKNOWN,PASSENGER CAR,MAKING LEFT TURN,North,East,25,2019,VOLKSWAGEN,2,43.1,40.5,0
Property Damage Crash,02-12-2022 22:44,Maryland (State),LAYHILL RD,N/A,STRAIGHT MOVEMENT ANGLE,CLEAR,DRY,DAYLIGHT,NO CONTROLS,Yes,NO APPARENT INJURY,UNKNOWN,PASSENGER CAR,ACCELERATING,West,West,40,2012,TOYOTA,3.4,58.5,51.5,0
Fatal Crash,02-12-2022 23:00,County,MIDCOUNTY HWY,GAITHERSBURG,STRAIGHT MOVEMENT ANGLE,CLEAR,DRY,DARK LIGHTS ON,TRAFFIC SIGNAL,Unknown,FATAL INJURY,UNKNOWN,PASSENGER CAR,MAKING LEFT TURN,West,North,50,2018,HOND,0.9,49,46.7,0
Property Damage Crash,02-12-2022 23:47,,,,OTHER,CLEAR,,DAYLIGHT,N/A,Yes,NO APPARENT INJURY,UNKNOWN,PICKUP TRUCK,MAKING RIGHT TURN,North,North,15,2014,FORD,2.7,65,56.5,0
Injury Crash,02-12-2022 23:47,US (State),COLUMBIA PIKE,N/A,SAME DIR REAR END,CLEAR,DRY,DAYLIGHT,TRAFFIC SIGNAL,No,NO APPARENT INJURY,NOT DISTRACTED,PASSENGER CAR,SLOWING OR STOPPING,North,North,50,2014,CHEVY,1.3,79.7,59.6,0
Injury Crash,03-12-2022 00:45,Maryland (State),CONNECTICUT AVE,N/A,SAME DIR REAR END,CLEAR,DRY,DAYLIGHT,NO CONTROLS,No,POSSIBLE INJURY,NOT DISTRACTED,PASSENGER CAR,SLOWING OR STOPPING,North,North,40,2017,HONDA,3.7,68,43.2,0
Property Damage Crash,03-12-2022 00:45,Maryland (State),VEIRS MILL RD,ROCKVILLE,HEAD ON LEFT TURN,CLOUDY,DRY,DUSK,TRAFFIC SIGNAL,No,NO APPARENT INJURY,NOT DISTRACTED,PASSENGER CAR,MOVING CONSTANT SPEED,East,East,40,2016,TOYOTA,3.4,77.9,52.7,0
Injury Crash,03-12-2022 02:10,US (State),COLESVILLE RD,N/A,STRAIGHT MOVEMENT ANGLE,CLEAR,DRY,DARK LIGHTS ON,TRAFFIC SIGNAL,Unknown,SUSPECTED MINOR INJURY,UNKNOWN,(SPORT) UTILITY VEHICLE,MOVING CONSTANT SPEED,South,South,40,2013,CHEVROLET,5.6,81.9,59.4,0
Property Damage Crash,03-12-2022 02:10,Maryland (State),DARNESTOWN RD,GAITHERSBURG,SAME DIR REAR END,CLEAR,DRY,DAYLIGHT,NO CONTROLS,No,NO APPARENT INJURY,NOT DISTRACTED,PASSENGER CAR,SLOWING OR STOPPING,West,West,40,2014,NISSAN,1.7,53.3,45.4,0
Injury Crash,03-12-2022 02:11,Maryland (State),NEW HAMPSHIRE AVE,N/A,SAME DIR REAR END,CLEAR,DRY,DAYLIGHT,NO CONTROLS,No,NO APPARENT INJURY,NOT DISTRACTED,(SPORT) UTILITY VEHICLE,SLOWING OR STOPPING,North,North,45,2011,TOYOTA,4.8,69.3,53.8,0
Injury Crash,03-12-2022 02:11,Maryland (State),W DIAMOND AVE,N/A,SAME DIR REAR END,CLEAR,DRY,DAYLIGHT,NO CONTROLS,Yes,SUSPECTED MINOR INJURY,OTHER DISTRACTION,PASSENGER CAR,MOVING CONSTANT SPEED,East,East,30,2007,HYUNDAI,8.9,51.3,26.3,0
Injury Crash,03-12-2022 03:00,Maryland (State),CLOPPER RD,N/A,STRAIGHT MOVEMENT ANGLE,CLEAR,DRY,DARK LIGHTS ON,TRAFFIC SIGNAL,Yes,NO APPARENT INJURY,UNKNOWN,PASSENGER CAR,MOVING CONSTANT SPEED,North,North,30,2019,KIA,2.1,60.9,52.3,0
Property Damage Crash,03-12-2022 03:15,Maryland (State),LAYHILL RD,N/A,STRAIGHT MOVEMENT ANGLE,CLEAR,DRY,DAWN,FLASHING TRAFFIC SIGNAL,No,NO APPARENT INJURY,NOT DISTRACTED,PASSENGER CAR,MOVING CONSTANT SPEED,East,East,40,1996,HONDA,5.7,52.1,24.9,0
Property Damage Crash,03-12-2022 03:15,Maryland (State),CONNECTICUT AVE,N/A,SAME DIRECTION SIDESWIPE,CLOUDY,DRY,DAYLIGHT,N/A,Yes,NO APPARENT INJURY,LOOKED BUT DID NOT SEE,PASSENGER CAR,MOVING CONSTANT SPEED,South,South,40,2002,HONDA,1.4,60.6,55.5,0
Property Damage Crash,03-12-2022 03:59,US (State),COLUMBIA PIKE,N/A,SAME DIR REAR END,CLEAR,DRY,DAYLIGHT,TRAFFIC SIGNAL,No,NO APPARENT INJURY,NOT DISTRACTED,PASSENGER CAR,STOPPED IN TRAFFIC LANE,South,South,50,2003,CHRYSLER,1.5,57,55.3,0
Property Damage Crash,03-12-2022 07:00,County,BLUERIDGE AVE,N/A,SAME DIRECTION LEFT TURN,CLEAR,DRY,DAYLIGHT,TRAFFIC SIGNAL,Yes,NO APPARENT INJURY,LOOKED BUT DID NOT SEE,PASSENGER CAR,ACCELERATING,East,East,35,2007,INFI,9.8,71.4,50.5,0
Property Damage Crash,03-12-2022 07:02,County,PINEY MEETINGHOUSE RD,N/A,STRAIGHT MOVEMENT ANGLE,RAINING,WET,DAYLIGHT,STOP SIGN,No,NO APPARENT INJURY,NOT DISTRACTED,PASSENGER CAR,MOVING CONSTANT SPEED,South,South,35,2012,TOYOTA,1.4,35.2,27.3,0
Property Damage Crash,03-12-2022 07:15,,,,SAME DIRECTION SIDESWIPE,CLEAR,,DAYLIGHT,NO CONTROLS,Yes,NO APPARENT INJURY,UNKNOWN,SCHOOL BUS,PASSING,Unknown,Unknown,0,2007,THOMAS,6.2,57.4,52,0
Property Damage Crash,03-12-2022 07:15,,,,OTHER,CLEAR,,DARK -- UNKNOWN LIGHTING,NO CONTROLS,Yes,NO APPARENT INJURY,UNKNOWN,,BACKING,South,North,0,0,UNKNOWN,9.3,67.2,53,0