ACRS Report Type,Date and Time,Route Type,Road Name,Municipality,Collision Type,Weather,Surface Condition,Light,Traffic Control,Driver At Fault,Injury Severity,Driver Distracted By,Vehicle Body Type,Vehicle Movement,Vehicle Continuing Dir,Vehicle Going Dir,Speed Limit,Vehicle Year,Vehicle Make,Wind Speed (MPH),TMP10-DK ,Relative Humidity (%),Rain (Inches)
Property Damage Crash,03-12-2022 07:34,County,BUBBLING SPRING TERR,N/A,OTHER,CLEAR,DRY,DAYLIGHT,NO CONTROLS,Yes,NO APPARENT INJURY,DISTRACTED BY OUTSIDE PERSON OBJECT OR EVENT,PASSENGER CAR,NEGOTIATING A CURVE,East,East,25,2018,TOYT,2.9,74.7,65.9,0
Property Damage Crash,03-12-2022 07:34,Maryland (State),GREAT SENECA HWY,N/A,SAME DIRECTION SIDESWIPE,CLEAR,DRY,DARK LIGHTS ON,NO CONTROLS,No,NO APPARENT INJURY,NOT DISTRACTED,PASSENGER CAR,SLOWING OR STOPPING,North,North,45,2013,HONDA,5.9,77.2,68,0
Property Damage Crash,03-12-2022 08:19,County,GATEWAY CENTER DR,N/A,SAME DIRECTION SIDESWIPE,CLEAR,DRY,DAYLIGHT,NO CONTROLS,No,NO APPARENT INJURY,NOT DISTRACTED,SCHOOL BUS,MOVING CONSTANT SPEED,South,South,30,2021,FRHT,4.8,65.8,55.5,0
Injury Crash,03-12-2022 08:19,County,DARNESTOWN RD,N/A,HEAD ON LEFT TURN,CLEAR,DRY,DAYLIGHT,TRAFFIC SIGNAL,No,SUSPECTED MINOR INJURY,NOT DISTRACTED,PASSENGER CAR,N/A,West,West,40,2013,DODGE,2.5,59.6,58,0
Property Damage Crash,03-12-2022 09:30,Municipality,N WASHINGTON ST,ROCKVILLE,STRAIGHT MOVEMENT ANGLE,CLOUDY,DRY,DAYLIGHT,TRAFFIC SIGNAL,Yes,NO APPARENT INJURY,NOT DISTRACTED,PASSENGER CAR,MAKING LEFT TURN,East,South,25,2006,ACUR,0.9,69.6,68.9,0
Property Damage Crash,03-12-2022 10:45,Maryland (State),MUNCASTER MILL RD,N/A,SAME DIRECTION LEFT TURN,N/A,WET,DAYLIGHT,NO CONTROLS,No,NO APPARENT INJURY,NOT DISTRACTED,TRUCK TRACTOR,MOVING CONSTANT SPEED,South,South,35,2016,VOLVO,5.4,70.2,61.6,0
Injury Crash,03-12-2022 10:45,Maryland (State),UNIVERSITY BLVD E,N/A,SAME DIR REAR END,RAINING,WET,DAYLIGHT,N/A,Yes,NO APPARENT INJURY,UNKNOWN,PASSENGER CAR,MOVING CONSTANT SPEED,East,East,35,2018,DODGE,6.1,61.3,51.7,0
Property Damage Crash,03-12-2022 11:00,Maryland (State),FREDERICK RD,ROCKVILLE,STRAIGHT MOVEMENT ANGLE,CLEAR,DRY,DAYLIGHT,TRAFFIC SIGNAL,No,NO APPARENT INJURY,NOT DISTRACTED,PICKUP TRUCK,MOVING CONSTANT SPEED,West,West,30,2012,DODG,2,83,52.4,0
Property Damage Crash,03-12-2022 11:00,Maryland (State),NEW HAMPSHIRE AVE,N/A,SAME DIRECTION RIGHT TURN,CLEAR,DRY,DARK LIGHTS ON,TRAFFIC SIGNAL,Yes,NO APPARENT INJURY,LOOKED BUT DID NOT SEE,PASSENGER CAR,CHANGING LANES,South,South,45,2016,FORD,1,52.6,49,0
Property Damage Crash,03-12-2022 11:40,County,ADELPHI RD,N/A,SAME DIRECTION RIGHT TURN,CLEAR,DRY,DARK LIGHTS ON,TRAFFIC SIGNAL,No,NO APPARENT INJURY,NOT DISTRACTED,PASSENGER CAR,STARTING FROM LANE,North,West,40,2016,TOYOTA,1.2,63.1,52.8,0
Injury Crash,03-12-2022 11:40,Maryland (State),UNIVERSITY BLVD E,N/A,OTHER,CLEAR,DRY,DUSK,TRAFFIC SIGNAL,Yes,NO APPARENT INJURY,LOOKED BUT DID NOT SEE,PASSENGER CAR,ACCELERATING,East,East,35,2011,HYUN,1.7,60.1,51.5,0
Injury Crash,03-12-2022 11:48,,,,SAME DIRECTION SIDESWIPE,CLEAR,,DUSK,NO CONTROLS,Yes,POSSIBLE INJURY,NOT DISTRACTED,(SPORT) UTILITY VEHICLE,ACCELERATING,Unknown,Unknown,0,1998,TOYOTA,7.1,84.2,53.3,0
Property Damage Crash,03-12-2022 11:48,Maryland (State),W MONTGOMERY AVE,ROCKVILLE,SAME DIRECTION LEFT TURN,CLEAR,DRY,DUSK,TRAFFIC SIGNAL,No,NO APPARENT INJURY,NOT DISTRACTED,PASSENGER CAR,ACCELERATING,East,East,40,2018,HONDA,4.9,53.7,39.7,0
Property Damage Crash,03-12-2022 12:02,Maryland (State),GEORGIA AVE,N/A,OTHER,RAINING,WET,DAYLIGHT,TRAFFIC SIGNAL,No,NO APPARENT INJURY,NOT DISTRACTED,PASSENGER CAR,ACCELERATING,North,North,40,2011,TOYT,6.1,69.3,54.6,0
Property Damage Crash,03-12-2022 12:02,County,GOSHEN RD,N/A,SAME DIR REAR END,CLEAR,DRY,DARK LIGHTS ON,NO CONTROLS,Yes,NO APPARENT INJURY,UNKNOWN,PICKUP TRUCK,MOVING CONSTANT SPEED,North,North,30,1999,FORD,5.3,75.4,45.7,0
Injury Crash,03-12-2022 12:24,County,LYTTONSVILLE RD,N/A,ANGLE MEETS LEFT TURN,CLEAR,DRY,DAYLIGHT,NO CONTROLS,Yes,NO APPARENT INJURY,UNKNOWN,VAN,MAKING LEFT TURN,West,North,30,2013,NISSAN,4.5,64.5,62.7,0
Property Damage Crash,03-12-2022 12:24,County,RANDOLPH RD,N/A,SAME DIR REAR END,N/A,DRY,DAYLIGHT,N/A,No,NO APPARENT INJURY,NOT DISTRACTED,PASSENGER CAR,MOVING CONSTANT SPEED,West,West,40,2007,TOYOTA,1.2,69.7,49.1,0
Injury Crash,03-12-2022 12:25,County,RANDOLPH RD,N/A,STRAIGHT MOVEMENT ANGLE,CLOUDY,DRY,DAYLIGHT,TRAFFIC SIGNAL,Yes,POSSIBLE INJURY,LOOKED BUT DID NOT SEE,PASSENGER CAR,MAKING RIGHT TURN,East,East,45,2007,VOLVO,3.3,62.9,62.6,0
Injury Crash,03-12-2022 12:25,County,RANDOLPH RD,N/A,SAME DIR REAR END,CLEAR,DRY,DAYLIGHT,TRAFFIC SIGNAL,No,POSSIBLE INJURY,NOT DISTRACTED,(SPORT) UTILITY VEHICLE,SLOWING OR STOPPING,West,West,35,2014,JEEP,4.9,57,44.4,0
Property Damage Crash,03-12-2022 12:39,,,,OTHER,CLEAR,,DAYLIGHT,NO CONTROLS,No,NO APPARENT INJURY,NOT DISTRACTED,PASSENGER CAR,MOVING CONSTANT SPEED,North,North,10,2011,CHEVY,4,65,59.4,0
Injury Crash,03-12-2022 12:39,County,GOSHEN RD,N/A,STRAIGHT MOVEMENT ANGLE,CLEAR,DRY,DAYLIGHT,STOP SIGN,No,SUSPECTED MINOR INJURY,NOT DISTRACTED,PASSENGER CAR,STOPPED IN TRAFFIC LANE,South,South,35,2005,NISSAN,2.1,55.2,55.5,0
Property Damage Crash,03-12-2022 12:47,Maryland (State),UNIVERSITY BLVD W,N/A,SAME DIR BOTH LEFT TURN,CLEAR,DRY,DAYLIGHT,TRAFFIC SIGNAL,No,NO APPARENT INJURY,NOT DISTRACTED,PICKUP TRUCK,STARTING FROM LANE,South,West,30,2017,TOYOTA,6.7,67.4,34.5,0
Injury Crash,03-12-2022 12:47,County,SENECA VIEW DR,N/A,STRAIGHT MOVEMENT ANGLE,CLEAR,DRY,DAYLIGHT,STOP SIGN,No,NO APPARENT INJURY,NOT DISTRACTED,"CARGO VAN/LIGHT TRUCK 2 AXLES (OVER 10,000LBS (4,536 KG))",MOVING CONSTANT SPEED,South,South,25,2004,FORD,1.5,45.3,39.9,0
Property Damage Crash,03-12-2022 13:32,Maryland (State),GEORGIA AVE,N/A,SAME DIR REAR END,CLEAR,DRY,DAYLIGHT,NO CONTROLS,No,NO APPARENT INJURY,NOT DISTRACTED,PICKUP TRUCK,STOPPED IN TRAFFIC LANE,South,South,35,2015,TOYOTA,6.1,72.7,37.5,0
Injury Crash,03-12-2022 14:08,Maryland (State),EAST WEST HWY,N/A,SAME DIR REAR END,RAINING,WET,DAYLIGHT,STOP SIGN,No,POSSIBLE INJURY,UNKNOWN,PASSENGER CAR,ENTERING TRAFFIC LANE,East,North,35,2017,TOYOTA,1.5,60.2,54.2,0
Property Damage Crash,03-12-2022 14:11,Maryland (State),VEIRS MILL RD,N/A,SAME DIR REAR END,CLOUDY,DRY,DAYLIGHT,YIELD SIGN,No,NO APPARENT INJURY,NOT DISTRACTED,OTHER,STOPPED IN TRAFFIC LANE,North,West,30,2000,FORD,1.8,56,41.6,0
Property Damage Crash,03-12-2022 14:11,Municipality,MANNAKEE ST,N/A,SAME DIR REAR END,N/A,OTHER,DARK LIGHTS ON,NO CONTROLS,Yes,NO APPARENT INJURY,UNKNOWN,PASSENGER CAR,ACCELERATING,North,North,30,2012,VW,2.2,75.2,65.6,0
Property Damage Crash,03-12-2022 14:33,County,APPLE RIDGE RD,N/A,SAME DIRECTION SIDESWIPE,CLOUDY,DRY,DARK LIGHTS ON,N/A,Yes,NO APPARENT INJURY,NOT DISTRACTED,"MEDIUM/HEAVY TRUCKS 3 AXLES (OVER 10,000LBS (4,536KG))",MOVING CONSTANT SPEED,East,East,25,2005,GMC,1,55,51.3,0
Property Damage Crash,03-12-2022 14:48,Maryland (State),NORBECK RD,N/A,OTHER,CLEAR,DRY,DAYLIGHT,NO CONTROLS,No,NO APPARENT INJURY,NOT DISTRACTED,PASSENGER CAR,MOVING CONSTANT SPEED,East,East,45,2009,TOYOTA,5.4,81,46,0
Property Damage Crash,03-12-2022 14:48,County,MARINELLI RD,N/A,SAME DIRECTION RIGHT TURN,RAINING,WET,DARK LIGHTS ON,NO CONTROLS,Yes,NO APPARENT INJURY,NOT DISTRACTED,TRANSIT BUS,MAKING RIGHT TURN,East,North,30,2013,TBU,4.6,72.7,47.8,0
Property Damage Crash,03-12-2022 14:48,,,,STRAIGHT MOVEMENT ANGLE,RAINING,,DARK LIGHTS ON,NO CONTROLS,Yes,NO APPARENT INJURY,UNKNOWN,PASSENGER CAR,BACKING,Unknown,Unknown,10,2002,MITS,5.5,64.2,59.2,0
Property Damage Crash,03-12-2022 15:00,Maryland (State),UNIVERSITY BLVD W,N/A,SAME DIRECTION SIDESWIPE,CLEAR,DRY,DAYLIGHT,N/A,No,NO APPARENT INJURY,NOT DISTRACTED,SCHOOL BUS,MOVING CONSTANT SPEED,West,West,40,2014,THOM,3.2,63.8,57.3,0
Property Damage Crash,03-12-2022 15:00,County,GOSHEN SCHOOL RD,N/A,SINGLE VEHICLE,N/A,DRY,DAYLIGHT,NO CONTROLS,No,NO APPARENT INJURY,NOT DISTRACTED,PICKUP TRUCK,MOVING CONSTANT SPEED,North,North,30,2017,NISSAN,8,49.7,49.7,0.01
Property Damage Crash,03-12-2022 15:00,Maryland (State),NEW HAMPSHIRE AVE,N/A,SAME DIRECTION SIDESWIPE,CLEAR,DRY,DARK LIGHTS ON,TRAFFIC SIGNAL,Yes,NO APPARENT INJURY,NOT DISTRACTED,PASSENGER CAR,MOVING CONSTANT SPEED,East,North,40,2013,ACURA,2.9,64.3,35.8,0
Property Damage Crash,03-12-2022 15:00,Maryland (State),GEORGIA AVE,N/A,SAME DIR REAR END,N/A,DRY,DARK LIGHTS ON,NO CONTROLS,No,NO APPARENT INJURY,NOT DISTRACTED,PASSENGER CAR,STOPPED IN TRAFFIC LANE,North,North,35,2017,NISSAN,5.4,81.5,45.4,0
Property Damage Crash,03-12-2022 15:01,US (State),COLESVILLE RD,N/A,SAME DIR REAR END,CLOUDY,DRY,DAYLIGHT,NO CONTROLS,No,NO APPARENT INJURY,NOT DISTRACTED,(SPORT) UTILITY VEHICLE,SLOWING OR STOPPING,North,North,40,2017,NISSAN,3.6,69.4,50.2,0
Injury Crash,03-12-2022 15:01,Maryland (State),CONNECTICUT AVE,N/A,SAME DIR REAR END,RAINING,WET,DAYLIGHT,NO CONTROLS,Yes,NO APPARENT INJURY,NOT DISTRACTED,(SPORT) UTILITY VEHICLE,MOVING CONSTANT SPEED,North,North,35,2004,TOYOTA,5.6,57.9,53.7,0
Property Damage Crash,03-12-2022 15:25,Municipality,PARK RD,ROCKVILLE,SAME DIRECTION LEFT TURN,N/A,N/A,DARK LIGHTS ON,TRAFFIC SIGNAL,Yes,NO APPARENT INJURY,LOOKED BUT DID NOT SEE,TRANSIT BUS,STARTING FROM LANE,West,West,30,2014,GILLIG,2.3,70.4,42.2,0
Injury Crash,03-12-2022 15:30,Maryland (State),VEIRS MILL RD,N/A,SAME DIR REAR END,CLEAR,DRY,DAYLIGHT,OTHER,Yes,NO APPARENT INJURY,UNKNOWN,PASSENGER CAR,MOVING CONSTANT SPEED,West,West,45,2004,TOYT,6.9,60.9,35.4,0
Property Damage Crash,03-12-2022 15:30,Interstate (State),CAPITAL BELTWAY,N/A,SINGLE VEHICLE,SNOW,SNOW,DUSK,NO CONTROLS,No,NO APPARENT INJURY,NOT DISTRACTED,POLICE VEHICLE/NON EMERGENCY,SLOWING OR STOPPING,North,West,55,2014,DODGE,4.2,64.1,55.1,0
Property Damage Crash,03-12-2022 15:30,,,,OTHER,CLEAR,,DAYLIGHT,NO CONTROLS,Yes,NO APPARENT INJURY,LOOKED BUT DID NOT SEE,PASSENGER CAR,BACKING,West,South,5,1995,MAZDA,1.9,45.7,43.1,0
Injury Crash,03-12-2022 15:30,County,WISTERIA DR,N/A,STRAIGHT MOVEMENT ANGLE,CLEAR,DRY,DAYLIGHT,STOP SIGN,Yes,NO APPARENT INJURY,LOOKED BUT DID NOT SEE,(SPORT) UTILITY VEHICLE,ACCELERATING,North,North,25,2006,ACUR,6.3,85,42.6,0
Injury Crash,03-12-2022 15:34,Maryland (State),WOODFIELD RD,N/A,SAME DIR REAR END,CLEAR,DRY,DAYLIGHT,NO CONTROLS,No,POSSIBLE INJURY,NOT DISTRACTED,PICKUP TRUCK,STOPPED IN TRAFFIC LANE,South,South,40,2018,CHEVY,2.1,62.5,47.1,0
Injury Crash,03-12-2022 15:34,Maryland (State),UNIVERSITY BLVD E,N/A,SAME DIR REAR END,CLOUDY,DRY,DARK LIGHTS ON,N/A,No,POSSIBLE INJURY,NOT DISTRACTED,PASSENGER CAR,SLOWING OR STOPPING,East,East,40,2006,NISSAN,3.6,64.4,59.4,0
Property Damage Crash,03-12-2022 15:45,,,,SINGLE VEHICLE,CLEAR,,DAYLIGHT,NO CONTROLS,Yes,NO APPARENT INJURY,OTHER DISTRACTION,PASSENGER CAR,STARTING FROM PARKED,East,East,10,2018,MERCEDES,1.7,71.5,62.3,0
Injury Crash,03-12-2022 15:45,Municipality,KENTLANDS BLVD,GAITHERSBURG,STRAIGHT MOVEMENT ANGLE,CLEAR,DRY,DARK LIGHTS ON,STOP SIGN,Yes,NO APPARENT INJURY,NOT DISTRACTED,PASSENGER CAR,ACCELERATING,South,South,35,2014,CHEV,1.1,55.4,50.4,0
Property Damage Crash,03-12-2022 16:52,Maryland (State),MONTGOMERY AVE,N/A,SAME DIRECTION LEFT TURN,CLEAR,DRY,DAYLIGHT,TRAFFIC SIGNAL,Yes,NO APPARENT INJURY,NOT DISTRACTED,(SPORT) UTILITY VEHICLE,CHANGING LANES,East,East,20,2021,TOYTA,2.3,51.7,33.9,0
Injury Crash,03-12-2022 16:52,County,SHADY GROVE RD,N/A,SAME DIR REND LEFT TURN,RAINING,WET,DAYLIGHT,TRAFFIC SIGNAL,No,SUSPECTED MINOR INJURY,NOT DISTRACTED,(SPORT) UTILITY VEHICLE,SLOWING OR STOPPING,South,West,35,2014,HYUN,6.2,65,61.9,0
Property Damage Crash,03-12-2022 17:02,Municipality,FULKS CORNER AVE,GAITHERSBURG,SAME DIR REAR END,CLOUDY,DRY,DAYLIGHT,STOP SIGN,No,NO APPARENT INJURY,NOT DISTRACTED,PASSENGER CAR,SLOWING OR STOPPING,Unknown,North,25,2016,DODGE,6,61.5,44.2,0
Property Damage Crash,03-12-2022 17:03,County,FAIRLAND RD,N/A,SAME DIR REAR END,CLEAR,WET,DARK LIGHTS ON,TRAFFIC SIGNAL,No,NO APPARENT INJURY,NOT DISTRACTED,PASSENGER CAR,MOVING CONSTANT SPEED,West,West,40,2012,HONDA,4,73.4,56,0
Property Damage Crash,03-12-2022 17:03,County,WILKINS AVE,N/A,SAME DIR REND LEFT TURN,RAINING,WET,DARK LIGHTS ON,NO CONTROLS,No,NO APPARENT INJURY,NOT DISTRACTED,(SPORT) UTILITY VEHICLE,MAKING LEFT TURN,Unknown,Unknown,30,2011,SUBA,3.3,73.1,61.8,0
Property Damage Crash,03-12-2022 17:27,Maryland (State),SPENCERVILLE RD,N/A,SAME DIR REAR END,CLEAR,DRY,DARK LIGHTS ON,NO CONTROLS,No,NO APPARENT INJURY,NOT DISTRACTED,PASSENGER CAR,STOPPED IN TRAFFIC LANE,East,East,40,1987,TOYO,,,,
Injury Crash,03-12-2022 17:27,Maryland (State),RIDGE RD,N/A,SAME DIR REAR END,CLEAR,DRY,DAYLIGHT,N/A,Yes,POSSIBLE INJURY,UNKNOWN,(SPORT) UTILITY VEHICLE,MOVING CONSTANT SPEED,South,South,50,2006,LAND ROVER,3.2,54.2,50.3,0
Property Damage Crash,03-12-2022 17:38,Maryland (State),VEIRS MILL RD,N/A,SINGLE VEHICLE,CLEAR,DRY,DARK LIGHTS ON,TRAFFIC SIGNAL,Yes,NO APPARENT INJURY,NOT DISTRACTED,PASSENGER CAR,UNKNOWN,Unknown,Unknown,40,2017,VOLKS,3.7,59.5,55.6,0
Property Damage Crash,03-12-2022 17:38,,,,OTHER,CLEAR,,DAYLIGHT,N/A,No,NO APPARENT INJURY,NOT DISTRACTED,(SPORT) UTILITY VEHICLE,STOPPED IN TRAFFIC LANE,Unknown,Unknown,10,2013,FORD,9,73.1,37.2,0
Property Damage Crash,03-12-2022 17:53,Maryland (State),MASSACHUSETTS AVE,N/A,HEAD ON,N/A,DRY,DAYLIGHT,TRAFFIC SIGNAL,No,NO APPARENT INJURY,NOT DISTRACTED,PASSENGER CAR,STOPPED IN TRAFFIC LANE,West,West,35,2011,CHEV,3.3,79.4,57.1,0
Property Damage Crash,03-12-2022 17:53,,,,OTHER,CLEAR,,DAYLIGHT,NO CONTROLS,Yes,NO APPARENT INJURY,UNKNOWN,FIRE VEHICLE/EMERGENCY,BACKING,Unknown,Unknown,0,2000,EMON,1.1,56.9,40.8,0
Injury Crash,03-12-2022 19:22,Maryland (State),GREAT SENECA HWY,N/A,SAME DIR REAR END,CLEAR,DRY,DAYLIGHT,N/A,Yes,SUSPECTED MINOR INJURY,NOT DISTRACTED,PASSENGER CAR,SLOWING OR STOPPING,East,East,50,2015,HONDA,5.8,71.2,56.1,0
Injury Crash,03-12-2022 19:22,County,TURKEY BRANCH PKWY,N/A,SAME DIRECTION SIDESWIPE,CLEAR,DRY,DARK LIGHTS ON,N/A,Yes,NO APPARENT INJURY,NOT DISTRACTED,PASSENGER CAR,MOVING CONSTANT SPEED,East,East,25,2000,INFINITI,7.2,73,60.4,0
Property Damage Crash,03-12-2022 19:30,County,BOILING BROOK PKWY,N/A,SINGLE VEHICLE,CLEAR,DRY,DARK LIGHTS ON,NO CONTROLS,Yes,NO APPARENT INJURY,UNKNOWN,PASSENGER CAR,MOVING CONSTANT SPEED,East,East,25,2007,HONDA,4.8,63.3,62.2,0.02
Property Damage Crash,03-12-2022 19:30,,,,OPPOSITE DIRECTION SIDESWIPE,CLEAR,,DAYLIGHT,NO CONTROLS,No,NO APPARENT INJURY,NOT DISTRACTED,PASSENGER CAR,MOVING CONSTANT SPEED,South,South,5,2014,CHEV,5.3,75.2,60.9,0
Injury Crash,03-12-2022 21:00,County,RANDOLPH RD,N/A,SAME DIR REAR END,CLEAR,DRY,DAYLIGHT,OTHER,Yes,NO APPARENT INJURY,LOOKED BUT DID NOT SEE,"CARGO VAN/LIGHT TRUCK 2 AXLES (OVER 10,000LBS (4,536 KG))",SLOWING OR STOPPING,West,West,30,2017,INTL,8.8,58,55.8,0.01
Injury Crash,03-12-2022 21:00,Maryland (State),VEIRS MILL RD,ROCKVILLE,STRAIGHT MOVEMENT ANGLE,CLEAR,DRY,DARK LIGHTS ON,STOP SIGN,No,SUSPECTED MINOR INJURY,NOT DISTRACTED,POLICE VEHICLE/NON EMERGENCY,MOVING CONSTANT SPEED,East,East,35,2013,FORD,4,76.2,47,0
Property Damage Crash,03-12-2022 21:00,Maryland (State),ASHTON RD,N/A,SINGLE VEHICLE,CLOUDY,WET,DAYLIGHT,NO CONTROLS,Yes,NO APPARENT INJURY,NOT DISTRACTED,PASSENGER CAR,SLOWING OR STOPPING,West,West,45,2005,GMC,2.6,69.4,59,0
Property Damage Crash,03-12-2022 21:05,County,CHERRY HILL RD,N/A,STRAIGHT MOVEMENT ANGLE,RAINING,WET,DARK LIGHTS ON,TRAFFIC SIGNAL,No,NO APPARENT INJURY,NOT DISTRACTED,(SPORT) UTILITY VEHICLE,MOVING CONSTANT SPEED,East,East,40,2010,GMC,3.5,64.2,51.1,0
Property Damage Crash,03-12-2022 21:05,Maryland (State),GEORGIA AVE,N/A,STRAIGHT MOVEMENT ANGLE,CLEAR,DRY,DAYLIGHT,TRAFFIC SIGNAL,No,NO APPARENT INJURY,NOT DISTRACTED,PASSENGER CAR,SLOWING OR STOPPING,East,East,15,2016,HONDA,1.1,69.8,69.4,0.01
Injury Crash,03-12-2022 22:20,County,SAM EIG HWY,N/A,SINGLE VEHICLE,N/A,DRY,DARK LIGHTS ON,NO CONTROLS,Yes,SUSPECTED MINOR INJURY,UNKNOWN,PASSENGER CAR,MOVING CONSTANT SPEED,South,South,30,2007,TOYT,5.8,77.2,48.4,0
Property Damage Crash,03-12-2022 22:20,Maryland (State),ROCKVILLE PIKE,N/A,SAME DIR REAR END,CLEAR,DRY,DARK LIGHTS ON,TRAFFIC SIGNAL,No,NO APPARENT INJURY,NOT DISTRACTED,PASSENGER CAR,STOPPED IN TRAFFIC LANE,South,South,40,2002,TOYT,3.6,71.4,71.9,0
Property Damage Crash,03-12-2022 22:30,Maryland (State),ROCKVILLE PIKE,N/A,SAME DIR REAR END,RAINING,WET,DARK NO LIGHTS,TRAFFIC SIGNAL,No,NO APPARENT INJURY,NOT DISTRACTED,PASSENGER CAR,SLOWING OR STOPPING,South,South,35,2007,TOYOTA,7,60.9,56.3,0.03
Property Damage Crash,03-12-2022 22:47,County,LAYTONIA DR,N/A,SINGLE VEHICLE,CLEAR,DRY,DAYLIGHT,NO CONTROLS,Yes,NO APPARENT INJURY,NOT DISTRACTED,SCHOOL BUS,MAKING LEFT TURN,South,West,25,2004,THOMAS,3.4,58.9,25.3,0
Injury Crash,03-12-2022 22:47,County,KEMP MILL RD,N/A,SAME DIR REAR END,SNOW,WET,DAYLIGHT,STOP SIGN,No,NO APPARENT INJURY,NOT DISTRACTED,(SPORT) UTILITY VEHICLE,STOPPED IN TRAFFIC LANE,East,East,35,2000,TOYOTA,3.8,47.1,31.5,0
Property Damage Crash,03-12-2022 23:54,Maryland (State),UNIVERSITY BLVD E,N/A,SAME DIRECTION SIDESWIPE,N/A,DRY,DAYLIGHT,NO CONTROLS,Yes,NO APPARENT INJURY,UNKNOWN,PASSENGER CAR,CHANGING LANES,East,East,35,2012,HONDA,10.7,79.1,54.6,0
Property Damage Crash,04-12-2022 06:15,Maryland (State),METROPOLITAN AVE,KENSINGTON,OPPOSITE DIRECTION SIDESWIPE,CLEAR,DRY,DAYLIGHT,NO CONTROLS,No,NO APPARENT INJURY,NOT DISTRACTED,PASSENGER CAR,MOVING CONSTANT SPEED,South,South,25,2005,VOLVO,1.3,42.9,35.5,0
Property Damage Crash,04-12-2022 06:15,Maryland (State),GREAT SENECA HWY,GAITHERSBURG,HEAD ON LEFT TURN,CLEAR,DRY,DARK LIGHTS ON,TRAFFIC SIGNAL,No,NO APPARENT INJURY,NOT DISTRACTED,PASSENGER CAR,MOVING CONSTANT SPEED,West,West,50,2016,HONDA,9.5,85.4,55.6,0
Property Damage Crash,04-12-2022 07:02,County,HANNANS WAY,N/A,OTHER,CLEAR,DRY,DAYLIGHT,NO CONTROLS,Yes,NO APPARENT INJURY,NOT DISTRACTED,PASSENGER CAR,MOVING CONSTANT SPEED,East,East,25,2019,SUBARU,5.2,79.5,68,0
Injury Crash,04-12-2022 07:02,Maryland (State),GEORGIA AVE,N/A,SAME DIR REAR END,CLEAR,DRY,DAYLIGHT,NO CONTROLS,Yes,NO APPARENT INJURY,NOT DISTRACTED,"CARGO VAN/LIGHT TRUCK 2 AXLES (OVER 10,000LBS (4,536 KG))",MOVING CONSTANT SPEED,North,North,35,2005,INTERNATIONAL,2.6,70.5,54,0
Property Damage Crash,04-12-2022 07:40,County,MACON RD,N/A,OPPOSITE DIR BOTH LEFT TURN,CLEAR,DRY,DAYLIGHT,NO CONTROLS,No,NO APPARENT INJURY,NOT DISTRACTED,PASSENGER CAR,MOVING CONSTANT SPEED,East,East,25,2019,ACURA,3.7,59.1,45.7,0
Property Damage Crash,04-12-2022 07:40,Municipality,SOUTHLAWN LA,ROCKVILLE,STRAIGHT MOVEMENT ANGLE,CLEAR,DRY,DAYLIGHT,N/A,Yes,NO APPARENT INJURY,LOOKED BUT DID NOT SEE,PASSENGER CAR,MAKING LEFT TURN,North,East,35,2018,FORD,2.4,50.3,46.4,0
Property Damage Crash,04-12-2022 09:30,County,GLEN RD,N/A,SAME DIR REAR END,OTHER,WET,DAYLIGHT,N/A,No,NO APPARENT INJURY,NOT DISTRACTED,"CARGO VAN/LIGHT TRUCK 2 AXLES (OVER 10,000LBS (4,536 KG))",MOVING CONSTANT SPEED,East,East,35,2017,CHEV,7.7,76.6,66.7,0
Property Damage Crash,04-12-2022 10:45,County,SHADY GROVE RD,N/A,ANGLE MEETS RIGHT TURN,CLEAR,DRY,DAYLIGHT,TRAFFIC SIGNAL,Yes,NO APPARENT INJURY,LOOKED BUT DID NOT SEE,PASSENGER CAR,RIGHT TURN ON RED,South,East,35,2000,HONDA,5.1,55.5,50.9,0
Property Damage Crash,04-12-2022 10:45,Maryland (State),DARNESTOWN RD,N/A,SAME DIR REAR END,N/A,DRY,DAYLIGHT,N/A,No,NO APPARENT INJURY,NOT DISTRACTED,PASSENGER CAR,SLOWING OR STOPPING,West,West,50,2011,JEEP,1.9,59.7,51.8,0
Property Damage Crash,04-12-2022 11:29,Maryland (State),NEW HAMPSHIRE AVE,TAKOMA PARK,SAME DIR BOTH LEFT TURN,CLEAR,DRY,DAYLIGHT,TRAFFIC SIGNAL,Yes,NO APPARENT INJURY,UNKNOWN,UNKNOWN,ACCELERATING,North,North,35,0,UNKNOWN,1.3,81.7,51.9,0
Property Damage Crash,04-12-2022 11:29,Municipality,BROADWOOD DR,ROCKVILLE,STRAIGHT MOVEMENT ANGLE,CLEAR,DRY,DAYLIGHT,STOP SIGN,Yes,NO APPARENT INJURY,NOT DISTRACTED,PASSENGER CAR,ACCELERATING,East,East,25,2004,TOYT,5.8,72,69,0
Injury Crash,04-12-2022 11:33,Maryland (State),FREDERICK RD,N/A,SAME DIR REAR END,RAINING,WET,DUSK,TRAFFIC SIGNAL,No,POSSIBLE INJURY,NOT DISTRACTED,(SPORT) UTILITY VEHICLE,SLOWING OR STOPPING,North,North,35,2016,JEEP,3.3,76.3,46.8,0
Injury Crash,04-12-2022 11:40,Interstate (State),EISENHOWER MEMORIAL HWY,N/A,SAME DIR REAR END,CLEAR,WET,DAYLIGHT,NO CONTROLS,No,SUSPECTED MINOR INJURY,NOT DISTRACTED,PASSENGER CAR,SLOWING OR STOPPING,South,South,65,2009,VOLK,1.9,66.1,64.2,0.05