ACRS Report Type,Date and Time,Route Type,Road Name,Municipality,Collision Type,Weather,Surface Condition,Light,Traffic Control,Driver At Fault,Injury Severity,Driver Distracted By,Vehicle Body Type,Vehicle Movement,Vehicle Continuing Dir,Vehicle Going Dir,Speed Limit,Vehicle Year,Vehicle Make,Wind Speed (MPH),TMP10-DK ,Relative Humidity (%),Rain (Inches)
Property Damage Crash,04-12-2022 11:40,Maryland (State),FREDERICK RD,N/A,SAME DIRECTION SIDESWIPE,UNKNOWN,UNKNOWN,DAYLIGHT,TRAFFIC SIGNAL,No,NO APPARENT INJURY,UNKNOWN,PASSENGER CAR,MAKING LEFT TURN,South,West,35,2009,HONDA,3.2,80.8,60.2,0
Injury Crash,04-12-2022 12:30,County,VEIRS MILL RD,N/A,SAME DIR REAR END,CLEAR,DRY,DAYLIGHT,N/A,No,NO APPARENT INJURY,NOT DISTRACTED,PASSENGER CAR,STOPPED IN TRAFFIC LANE,South,South,45,2017,HONDA,4.8,51.8,30.4,0
Injury Crash,04-12-2022 12:30,Maryland (State),MONTGOMERY VILLAGE AVE,N/A,SAME DIR REAR END,CLOUDY,DRY,DAYLIGHT,TRAFFIC SIGNAL,No,POSSIBLE INJURY,NOT DISTRACTED,PASSENGER CAR,STOPPED IN TRAFFIC LANE,North,North,35,2020,KIA,2.6,71.7,24.4,0
Injury Crash,04-12-2022 13:36,Maryland (State),NORBECK RD,N/A,STRAIGHT MOVEMENT ANGLE,CLEAR,DRY,DAYLIGHT,STOP SIGN,No,POSSIBLE INJURY,NOT DISTRACTED,PASSENGER CAR,MOVING CONSTANT SPEED,West,West,45,2018,HONDA,3.2,48.5,38.2,0
Injury Crash,04-12-2022 13:36,Maryland (State),CONNECTICUT AVE,N/A,SAME DIR REAR END,RAINING,WET,DARK LIGHTS ON,TRAFFIC SIGNAL,No,POSSIBLE INJURY,NOT DISTRACTED,PASSENGER CAR,STOPPED IN TRAFFIC LANE,North,North,35,2012,TOYOTA,1.7,52.9,48.8,0
Injury Crash,04-12-2022 13:52,Municipality,E GUDE DR,ROCKVILLE,SAME DIRECTION RIGHT TURN,CLEAR,DRY,DAYLIGHT,NO CONTROLS,No,POSSIBLE INJURY,NOT DISTRACTED,PASSENGER CAR,MOVING CONSTANT SPEED,East,East,40,2011,VOLK,10.1,64.1,47.2,0
Injury Crash,04-12-2022 13:52,Maryland (State),MUNCASTER MILL RD,N/A,HEAD ON LEFT TURN,RAINING,WET,DARK LIGHTS ON,TRAFFIC SIGNAL,No,POSSIBLE INJURY,NOT DISTRACTED,OTHER,MOVING CONSTANT SPEED,East,East,35,2015,FORD,2.8,68.4,57.9,0
Property Damage Crash,04-12-2022 13:52,,,,STRAIGHT MOVEMENT ANGLE,CLEAR,,DAYLIGHT,NO CONTROLS,No,NO APPARENT INJURY,NOT DISTRACTED,PASSENGER CAR,STARTING FROM PARKED,South,West,5,2013,FORD,4.3,43.2,29.2,0
Property Damage Crash,04-12-2022 13:59,Maryland (State),CONNECTICUT AVE,N/A,SAME DIR REAR END,CLEAR,DRY,DUSK,NO CONTROLS,No,NO APPARENT INJURY,OTHER DISTRACTION,PASSENGER CAR,MOVING CONSTANT SPEED,North,North,45,2017,CHRYSLER,4.2,82.2,66.2,0
Property Damage Crash,04-12-2022 13:59,County,SHADY GROVE RD,N/A,SAME DIR REAR END,CLEAR,DRY,DAYLIGHT,TRAFFIC SIGNAL,No,NO APPARENT INJURY,NOT DISTRACTED,"OTHER LIGHT TRUCKS (10,000LBS (4,536KG) OR LESS)",STOPPED IN TRAFFIC LANE,North,North,40,2016,FORD,8.8,86.6,57.6,0
Property Damage Crash,04-12-2022 14:00,,,,SAME DIR REND LEFT TURN,CLEAR,,DUSK,NO CONTROLS,Yes,NO APPARENT INJURY,LOOKED BUT DID NOT SEE,FIRE VEHICLE/EMERGENCY,PARKING,West,West,15,2011,CHEVY,4.6,48.5,25,0
Property Damage Crash,04-12-2022 14:21,Maryland (State),RIDGE RD,N/A,STRAIGHT MOVEMENT ANGLE,CLEAR,DRY,DAYLIGHT,STOP SIGN,No,NO APPARENT INJURY,NOT DISTRACTED,PASSENGER CAR,MOVING CONSTANT SPEED,North,North,40,2014,FORD,2.4,54.6,48.2,0
Injury Crash,04-12-2022 14:30,County,RANDOLPH RD,N/A,STRAIGHT MOVEMENT ANGLE,CLEAR,DRY,DAYLIGHT,STOP SIGN,No,POSSIBLE INJURY,UNKNOWN,PASSENGER CAR,MOVING CONSTANT SPEED,East,East,40,2003,MERZ,11,54.6,40.9,0
Property Damage Crash,04-12-2022 14:30,County,DARNESTOWN RD,N/A,SAME DIR REND LEFT TURN,CLEAR,DRY,DAYLIGHT,TRAFFIC SIGNAL,No,NO APPARENT INJURY,NOT DISTRACTED,VAN,STOPPED IN TRAFFIC LANE,East,East,40,2009,FORD,1.6,59.7,51.3,0
Property Damage Crash,04-12-2022 14:50,Maryland (State),CONNECTICUT AVE,N/A,SAME DIRECTION RIGHT TURN,CLEAR,DRY,DAYLIGHT,NO CONTROLS,Yes,NO APPARENT INJURY,NOT DISTRACTED,PASSENGER CAR,CHANGING LANES,South,South,35,2001,CHEVY,1.9,47.7,46.1,0
Injury Crash,04-12-2022 14:50,County,WYNNFIELD DR,N/A,OTHER,CLEAR,DRY,DARK LIGHTS ON,TRAFFIC SIGNAL,No,NO APPARENT INJURY,NOT DISTRACTED,PASSENGER CAR,N/A,South,South,0,1997,HOND,4.4,63.6,61.4,0
Property Damage Crash,04-12-2022 15:30,Maryland (State),LAYHILL RD,N/A,SAME DIRECTION LEFT TURN,CLEAR,DRY,DAYLIGHT,NO CONTROLS,Yes,NO APPARENT INJURY,NO DRIVER PRESENT,PASSENGER CAR,ACCELERATING,North,North,45,1999,ACURA,4,59.3,59,0.05
Injury Crash,04-12-2022 15:30,Maryland (State),LAYHILL RD,N/A,SAME DIRECTION SIDESWIPE,N/A,DRY,DAYLIGHT,TRAFFIC SIGNAL,Yes,NO APPARENT INJURY,INATTENTIVE OR LOST IN THOUGHT,PASSENGER CAR,MOVING CONSTANT SPEED,South,South,40,2012,FORD,1.3,49,44.6,0
Property Damage Crash,04-12-2022 15:51,Maryland (State),NEW HAMPSHIRE AVE,TAKOMA PARK,ANGLE MEETS LEFT TURN,CLOUDY,DRY,DAYLIGHT,TRAFFIC SIGNAL,No,NO APPARENT INJURY,NOT DISTRACTED,PASSENGER CAR,MOVING CONSTANT SPEED,South,South,35,2008,VOLVO,2.8,56.6,45.6,0
Property Damage Crash,04-12-2022 15:51,County,RANDOLPH RD,N/A,SINGLE VEHICLE,CLEAR,DRY,DAYLIGHT,TRAFFIC SIGNAL,Yes,NO APPARENT INJURY,NOT DISTRACTED,STATION WAGON,MOVING CONSTANT SPEED,East,East,40,2016,SUBU,4.7,53.2,26.6,0
Property Damage Crash,04-12-2022 16:41,Municipality,COLLEGE PKWY,N/A,SAME DIR REAR END,CLEAR,DRY,DAYLIGHT,TRAFFIC SIGNAL,Yes,NO APPARENT INJURY,OTHER DISTRACTION,SCHOOL BUS,ACCELERATING,North,North,25,2008,THOMAS,6.4,74.7,49.4,0
Injury Crash,04-12-2022 16:41,Maryland (State),DARNESTOWN RD,N/A,OPPOSITE DIRECTION SIDESWIPE,CLEAR,DRY,DARK NO LIGHTS,STOP SIGN,Yes,POSSIBLE INJURY,UNKNOWN,(SPORT) UTILITY VEHICLE,MOVING CONSTANT SPEED,West,West,50,2012,JEEP,1.3,44.1,30.8,0
Property Damage Crash,04-12-2022 17:00,County,DEWEY RD,N/A,HEAD ON LEFT TURN,CLOUDY,DRY,DAYLIGHT,NO CONTROLS,Yes,NO APPARENT INJURY,UNKNOWN,PASSENGER CAR,MAKING LEFT TURN,East,South,25,2006,KIA,2,64.9,45.5,0
Property Damage Crash,04-12-2022 17:00,County,RIVER RD,N/A,SAME DIRECTION RIGHT TURN,CLOUDY,DRY,DAYLIGHT,TRAFFIC SIGNAL,Yes,NO APPARENT INJURY,UNKNOWN,PASSENGER CAR,MAKING RIGHT TURN,West,South,35,2013,VOLK,9.3,73.2,47.5,0
Injury Crash,04-12-2022 17:03,Maryland (State),VEIRS MILL RD,N/A,STRAIGHT MOVEMENT ANGLE,N/A,DRY,DARK LIGHTS ON,FLASHING TRAFFIC SIGNAL,No,SUSPECTED MINOR INJURY,NOT DISTRACTED,PASSENGER CAR,MOVING CONSTANT SPEED,West,West,45,2003,ACURA,1.1,47,44.1,0
Injury Crash,04-12-2022 17:03,Maryland (State),GREAT SENECA HWY,GAITHERSBURG,STRAIGHT MOVEMENT ANGLE,CLOUDY,DRY,DAYLIGHT,STOP SIGN,Yes,SUSPECTED MINOR INJURY,UNKNOWN,PASSENGER CAR,ACCELERATING,East,East,25,2005,ACURA,2.2,75.1,47.8,0
Property Damage Crash,04-12-2022 17:09,,,,OTHER,CLEAR,,DAYLIGHT,NO CONTROLS,Yes,NO APPARENT INJURY,NOT DISTRACTED,PASSENGER CAR,BACKING,East,East,10,2013,CHEV,2.3,73.8,53.2,0
Injury Crash,04-12-2022 17:09,Maryland (State),UNIVERSITY BLVD E,N/A,SAME DIR REAR END,CLEAR,DRY,DAYLIGHT,N/A,Yes,NO APPARENT INJURY,TALKING OR LISTENING TO CELLULAR PHONE,PASSENGER CAR,MOVING CONSTANT SPEED,West,West,35,2014,HYUN,4.7,81.7,62.1,0
Property Damage Crash,04-12-2022 17:46,County,TURKEY BRANCH PKWY,N/A,SINGLE VEHICLE,CLEAR,DRY,DAYLIGHT,N/A,Yes,NO APPARENT INJURY,NOT DISTRACTED,PASSENGER CAR,MOVING CONSTANT SPEED,East,East,25,2011,CHEVROLET,1.5,56.8,55,0
Property Damage Crash,04-12-2022 18:05,Municipality,PLEASANT DR,ROCKVILLE,STRAIGHT MOVEMENT ANGLE,CLEAR,DRY,DAYLIGHT,TRAFFIC SIGNAL,Yes,NO APPARENT INJURY,LOOKED BUT DID NOT SEE,PASSENGER CAR,MOVING CONSTANT SPEED,North,North,35,2006,VOLV,2.3,48.3,31.4,0
Property Damage Crash,04-12-2022 18:05,County,SNOUFFERS SCHOOL RD,N/A,SAME DIRECTION SIDESWIPE,CLEAR,DRY,DARK NO LIGHTS,NO CONTROLS,No,NO APPARENT INJURY,NOT DISTRACTED,PASSENGER CAR,PARKED,,,35,2000,FORD,12.8,79.1,60.8,0
Property Damage Crash,04-12-2022 18:35,Maryland (State),GEORGIA AVE,N/A,STRAIGHT MOVEMENT ANGLE,CLEAR,DRY,DAYLIGHT,TRAFFIC SIGNAL,No,NO APPARENT INJURY,NOT DISTRACTED,PASSENGER CAR,MOVING CONSTANT SPEED,West,West,25,2009,ACUR,4.9,64.1,33.2,0
Injury Crash,04-12-2022 18:35,Maryland (State),FALLS RD,ROCKVILLE,SAME DIR REAR END,RAINING,WET,DAYLIGHT,TRAFFIC SIGNAL,No,POSSIBLE INJURY,NOT DISTRACTED,PASSENGER CAR,STOPPED IN TRAFFIC LANE,North,North,30,2010,HONDA,1.4,46.3,43.6,0
Injury Crash,04-12-2022 19:35,Maryland (State),WISCONSIN AVE,N/A,OTHER,RAINING,WET,DARK LIGHTS ON,NO CONTROLS,Yes,POSSIBLE INJURY,NOT DISTRACTED,MOPED,SKIDDING,North,North,25,2013,HONDA,5,64.4,58.1,0
Property Damage Crash,04-12-2022 20:53,Municipality,MAIN ST,GAITHERSBURG,OTHER,CLEAR,DRY,DAYLIGHT,N/A,Yes,NO APPARENT INJURY,NOT DISTRACTED,PASSENGER CAR,MOVING CONSTANT SPEED,North,North,25,2012,VOLK,4.7,85.3,53.8,0
Property Damage Crash,04-12-2022 21:00,Maryland (State),NEW HAMPSHIRE AVE,N/A,STRAIGHT MOVEMENT ANGLE,RAINING,WET,DARK LIGHTS ON,NO CONTROLS,Yes,NO APPARENT INJURY,NOT DISTRACTED,PASSENGER CAR,MAKING RIGHT TURN,East,North,40,2017,HONDA,2.1,56.1,52.3,0
Injury Crash,04-12-2022 21:58,County,TWINBROOK PKWY,ROCKVILLE,SAME DIR REAR END,CLOUDY,DRY,DAYLIGHT,OTHER,No,POSSIBLE INJURY,NOT DISTRACTED,PASSENGER CAR,MOVING CONSTANT SPEED,North,North,30,2011,CADILLAC,3.4,56.3,51.5,0
Property Damage Crash,04-12-2022 22:32,Maryland (State),NEW HAMPSHIRE AVE,TAKOMA PARK,SAME DIR REAR END,CLEAR,DRY,DAYLIGHT,TRAFFIC SIGNAL,No,NO APPARENT INJURY,NOT DISTRACTED,PASSENGER CAR,SLOWING OR STOPPING,South,South,35,2018,TOYOTA,7.4,62.6,44.9,0
Property Damage Crash,05-12-2022 00:30,Maryland (State),GEORGIA AVE,N/A,STRAIGHT MOVEMENT ANGLE,CLEAR,DRY,DAYLIGHT,NO CONTROLS,Yes,NO APPARENT INJURY,NOT DISTRACTED,PASSENGER CAR,ENTERING TRAFFIC LANE,North,North,35,2006,CHEVROLET,1.8,59.4,52.3,0
Injury Crash,05-12-2022 00:45,County,CENTERWAY RD,N/A,OTHER,CLEAR,DRY,DAYLIGHT,STOP SIGN,No,NO APPARENT INJURY,NOT DISTRACTED,PASSENGER CAR,MOVING CONSTANT SPEED,West,West,35,2009,NISSAN,11.1,51.9,39.8,0
Property Damage Crash,05-12-2022 07:28,,,,SINGLE VEHICLE,CLEAR,,DAYLIGHT,N/A,Yes,NO APPARENT INJURY,NOT DISTRACTED,"CARGO VAN/LIGHT TRUCK 2 AXLES (OVER 10,000LBS (4,536 KG))",PARKING,West,West,10,2019,ISUZU,1.2,46.4,43.8,0
Property Damage Crash,05-12-2022 07:35,US (State),COLESVILLE RD,N/A,SAME DIR REAR END,N/A,DRY,DARK LIGHTS ON,NO CONTROLS,No,NO APPARENT INJURY,NOT DISTRACTED,PASSENGER CAR,STOPPED IN TRAFFIC LANE,North,North,35,1997,FORD,5.6,56.9,50.4,0
Injury Crash,05-12-2022 07:35,County,GOSHEN RD,N/A,SAME DIRECTION LEFT TURN,CLOUDY,WET,DAYLIGHT,NO CONTROLS,Yes,SUSPECTED SERIOUS INJURY,UNKNOWN,PASSENGER CAR,ENTERING TRAFFIC LANE,South,South,35,1999,HONDA,1.4,52.4,46.5,0
Injury Crash,05-12-2022 07:40,County,CHERRY HILL RD,N/A,SAME DIR REAR END,CLOUDY,DRY,DAYLIGHT,NO CONTROLS,No,SUSPECTED MINOR INJURY,NOT DISTRACTED,PASSENGER CAR,STOPPED IN TRAFFIC LANE,North,North,40,2014,BMW,15.8,85.1,58.9,0
Property Damage Crash,05-12-2022 07:40,,,,OTHER,CLEAR,,DAYLIGHT,NO CONTROLS,Yes,NO APPARENT INJURY,LOOKED BUT DID NOT SEE,(SPORT) UTILITY VEHICLE,BACKING,Unknown,Unknown,10,2007,MAZDA,8.8,53.3,38.2,0
Property Damage Crash,05-12-2022 07:40,County,TWINBROOK PKWY,N/A,SAME DIRECTION SIDESWIPE,CLEAR,DRY,DUSK,TRAFFIC SIGNAL,Yes,NO APPARENT INJURY,UNKNOWN,PASSENGER CAR,STOPPED IN TRAFFIC LANE,Unknown,South,25,2008,TOYT,7.1,58.4,56.4,0
Property Damage Crash,05-12-2022 07:40,Municipality,N SUMMIT AVE,GAITHERSBURG,STRAIGHT MOVEMENT ANGLE,CLEAR,N/A,DAYLIGHT,NO CONTROLS,Yes,NO APPARENT INJURY,LOOKED BUT DID NOT SEE,PASSENGER CAR,ACCELERATING,South,South,25,2014,TOYOTA,7.2,68.3,62.3,0
Property Damage Crash,05-12-2022 07:50,Maryland (State),CONNECTICUT AVE,N/A,SAME DIR REAR END,CLEAR,DRY,DAYLIGHT,TRAFFIC SIGNAL,Yes,NO APPARENT INJURY,UNKNOWN,PASSENGER CAR,SLOWING OR STOPPING,South,South,45,1998,HONDA,4.9,74.2,45.4,0
Injury Crash,05-12-2022 07:50,Maryland (State),ROCKVILLE PIKE,N/A,STRAIGHT MOVEMENT ANGLE,CLEAR,DRY,DAYLIGHT,TRAFFIC SIGNAL,No,SUSPECTED MINOR INJURY,NOT DISTRACTED,PASSENGER CAR,MOVING CONSTANT SPEED,North,North,40,2019,JEEP,3.3,44.6,43.2,0
Property Damage Crash,05-12-2022 07:50,Maryland (State),ROCKVILLE PIKE,ROCKVILLE,SAME DIR REAR END,RAINING,WET,DARK NO LIGHTS,TRAFFIC SIGNAL,No,NO APPARENT INJURY,NOT DISTRACTED,PASSENGER CAR,SLOWING OR STOPPING,West,South,35,2015,SUBARU,8.5,78,47.3,0
Injury Crash,05-12-2022 07:50,County,COTTRELL TERR,N/A,HEAD ON,CLOUDY,DRY,DAYLIGHT,NO CONTROLS,No,NO APPARENT INJURY,NOT DISTRACTED,PASSENGER CAR,PARKED,,,35,2017,FORD,2.1,51.2,45.1,0
Property Damage Crash,05-12-2022 08:30,County,OAKMONT ST,N/A,SAME DIRECTION SIDESWIPE,CLEAR,DRY,DAYLIGHT,NO CONTROLS,Yes,NO APPARENT INJURY,NOT DISTRACTED,SCHOOL BUS,MAKING RIGHT TURN,North,West,25,2017,THOMAS,3.8,61.1,51.4,0
Property Damage Crash,05-12-2022 08:37,County,HEWITT AVE,N/A,STRAIGHT MOVEMENT ANGLE,N/A,DRY,DAYLIGHT,TRAFFIC SIGNAL,No,NO APPARENT INJURY,NOT DISTRACTED,PASSENGER CAR,MOVING CONSTANT SPEED,North,North,45,1998,TOYT,3.4,57.9,25,0
Property Damage Crash,05-12-2022 08:52,Maryland (State),COLESVILLE RD,N/A,SAME DIRECTION SIDESWIPE,RAINING,WET,DUSK,NO CONTROLS,Yes,NO APPARENT INJURY,UNKNOWN,PASSENGER CAR,MOVING CONSTANT SPEED,North,North,35,1993,TOYOTA,4.2,70.7,51.7,0
Property Damage Crash,05-12-2022 08:52,County,SNOWDEN FARM PKWY,N/A,SAME DIRECTION SIDESWIPE,CLEAR,DRY,DARK LIGHTS ON,YIELD SIGN,No,NO APPARENT INJURY,NOT DISTRACTED,(SPORT) UTILITY VEHICLE,MOVING CONSTANT SPEED,East,East,30,2015,NISSAN,1.9,48.9,28,0
Property Damage Crash,05-12-2022 09:02,Maryland (State),GEORGIA AVE,N/A,SAME DIRECTION RIGHT TURN,CLEAR,DRY,DAYLIGHT,NO CONTROLS,Yes,NO APPARENT INJURY,LOOKED BUT DID NOT SEE,PASSENGER CAR,MAKING RIGHT TURN,East,North,35,2015,TOYOTA,4.6,63.1,61.2,0
Injury Crash,05-12-2022 09:02,Maryland (State),UNIVERSITY BLVD W,N/A,SAME DIRECTION RIGHT TURN,CLEAR,DRY,DARK LIGHTS ON,NO CONTROLS,No,SUSPECTED MINOR INJURY,NOT DISTRACTED,"OTHER LIGHT TRUCKS (10,000LBS (4,536KG) OR LESS)",STOPPED IN TRAFFIC LANE,East,East,40,2008,FORD,4.3,72.5,69.6,0
Property Damage Crash,05-12-2022 09:20,Maryland (State),EAST WEST HWY,N/A,SINGLE VEHICLE,RAINING,WET,DARK LIGHTS ON,FLASHING TRAFFIC SIGNAL,Yes,NO APPARENT INJURY,UNKNOWN,PASSENGER CAR,UNKNOWN,East,East,30,2007,GMC,4.3,48.1,41,0
Property Damage Crash,05-12-2022 09:20,Maryland (State),CARROLL AVE,N/A,SAME DIR REAR END,RAINING,WET,DAYLIGHT,NO CONTROLS,No,NO APPARENT INJURY,NOT DISTRACTED,PASSENGER CAR,SLOWING OR STOPPING,North,North,25,2009,NISSAN,1,49.9,48,0
Injury Crash,05-12-2022 09:45,Maryland (State),FREDERICK RD,N/A,SINGLE VEHICLE,CLEAR,DRY,DAYLIGHT,NO CONTROLS,Yes,NO APPARENT INJURY,UNKNOWN,PICKUP TRUCK,MOVING CONSTANT SPEED,South,South,40,1996,DODGE,4.5,70.8,53.4,0
Property Damage Crash,05-12-2022 11:14,,,,OPPOSITE DIRECTION SIDESWIPE,CLEAR,,DARK LIGHTS ON,STOP SIGN,No,NO APPARENT INJURY,NOT DISTRACTED,PASSENGER CAR,STOPPED IN TRAFFIC LANE,East,East,10,2003,BMW,3.4,45.3,31.2,0
Injury Crash,05-12-2022 11:14,Maryland (State),UNIVERSITY BLVD E,N/A,OTHER,CLEAR,DRY,DAYLIGHT,NO CONTROLS,Yes,SUSPECTED MINOR INJURY,UNKNOWN,PASSENGER CAR,MAKING LEFT TURN,South,West,35,2008,CHEVROLET,1.7,47.7,45.4,0
Injury Crash,05-12-2022 11:26,Maryland (State),GEORGIA AVE,N/A,SAME DIR REAR END,RAINING,WET,DAYLIGHT,TRAFFIC SIGNAL,No,NO APPARENT INJURY,NOT DISTRACTED,PASSENGER CAR,SLOWING OR STOPPING,North,North,35,2019,TOYOTA,1.7,57,51.1,0
Injury Crash,05-12-2022 11:42,County,TUCKERMAN LA,N/A,SAME DIRECTION LEFT TURN,RAINING,WET,DAYLIGHT,NO CONTROLS,No,POSSIBLE INJURY,NOT DISTRACTED,VAN,MOVING CONSTANT SPEED,West,West,35,2004,TOYT,10.9,83,53.6,0
Property Damage Crash,05-12-2022 11:42,County,ARCOLA AVE,N/A,SAME DIR REAR END,CLEAR,DRY,DAYLIGHT,N/A,Yes,NO APPARENT INJURY,UNKNOWN,"OTHER LIGHT TRUCKS (10,000LBS (4,536KG) OR LESS)",MOVING CONSTANT SPEED,East,East,35,2014,MACK,1.2,52.9,37.2,0
Property Damage Crash,05-12-2022 12:07,Maryland (State),FISHER AVE,POOLESVILLE,SAME DIR REAR END,CLEAR,DRY,DAYLIGHT,NO CONTROLS,Yes,NO APPARENT INJURY,OTHER DISTRACTION,POLICE VEHICLE/NON EMERGENCY,SLOWING OR STOPPING,West,West,30,2014,DODGE,8.2,50.5,25.2,0
Property Damage Crash,05-12-2022 12:07,County,SHADY GROVE RD,N/A,SAME DIR REAR END,CLEAR,DRY,DAYLIGHT,TRAFFIC SIGNAL,No,NO APPARENT INJURY,NOT DISTRACTED,(SPORT) UTILITY VEHICLE,STOPPED IN TRAFFIC LANE,South,South,40,2014,HOND,6.9,72,38.1,0
Property Damage Crash,05-12-2022 14:00,Maryland (State),GEORGIA AVE,N/A,STRAIGHT MOVEMENT ANGLE,CLEAR,DRY,DAYLIGHT,TRAFFIC SIGNAL,Yes,NO APPARENT INJURY,LOOKED BUT DID NOT SEE,PASSENGER CAR,MAKING LEFT TURN,East,East,35,2005,HOND,2,63.4,55.3,0
Property Damage Crash,05-12-2022 14:00,,,,OTHER,CLEAR,,DARK LIGHTS ON,N/A,Yes,NO APPARENT INJURY,UNKNOWN,PASSENGER CAR,BACKING,South,South,15,2015,NISSAN,5.3,58.2,55.9,0.01
Injury Crash,05-12-2022 14:02,County,CONTOUR RD,N/A,SAME DIR REAR END,CLEAR,DRY,DARK NO LIGHTS,N/A,Yes,NO APPARENT INJURY,UNKNOWN,PASSENGER CAR,MOVING CONSTANT SPEED,North,North,25,2007,HONDA,12.2,44.8,31.4,0
Property Damage Crash,05-12-2022 14:06,,,,OTHER,CLEAR,,DAYLIGHT,N/A,Yes,NO APPARENT INJURY,LOOKED BUT DID NOT SEE,PICKUP TRUCK,PARKING,West,West,0,1999,DODGE,4.8,83.6,45.4,0
Property Damage Crash,05-12-2022 14:30,Maryland (State),ROCKVILLE PIKE,ROCKVILLE,SAME DIR REAR END,CLOUDY,DRY,DAYLIGHT,NO CONTROLS,Yes,NO APPARENT INJURY,NOT DISTRACTED,PASSENGER CAR,MOVING CONSTANT SPEED,North,North,40,2013,CHRYSLER,3,81.1,45,0
Property Damage Crash,05-12-2022 16:45,US (State),COLESVILLE RD,N/A,SAME DIR REAR END,CLEAR,DRY,DARK LIGHTS ON,TRAFFIC SIGNAL,Yes,NO APPARENT INJURY,UNKNOWN,PASSENGER CAR,UNKNOWN,South,South,40,2019,NISSAN,6.4,51.6,49.8,0.06
Property Damage Crash,05-12-2022 16:45,Maryland (State),LAYHILL RD,N/A,SINGLE VEHICLE,CLEAR,DRY,DARK LIGHTS ON,NO CONTROLS,No,NO APPARENT INJURY,NOT DISTRACTED,POLICE VEHICLE/NON EMERGENCY,MOVING CONSTANT SPEED,East,East,40,2017,FORD,2.4,51.1,48.8,0
Property Damage Crash,05-12-2022 16:45,Maryland (State),WISCONSIN AVE,FRIENDSHIP HEIGHTS,SAME DIRECTION LEFT TURN,SNOW,WET,DAYLIGHT,TRAFFIC SIGNAL,Yes,NO APPARENT INJURY,NOT DISTRACTED,"MEDIUM/HEAVY TRUCKS 3 AXLES (OVER 10,000LBS (4,536KG))",ACCELERATING,South,South,35,1991,FORD,6.6,84,42.2,0
Property Damage Crash,05-12-2022 17:31,Maryland (State),CLOPPER RD,N/A,HEAD ON,RAINING,WET,DARK -- UNKNOWN LIGHTING,TRAFFIC SIGNAL,No,NO APPARENT INJURY,NOT DISTRACTED,PASSENGER CAR,STOPPED IN TRAFFIC LANE,East,East,45,2016,TOYOTA,1.3,37,32.7,0
Injury Crash,05-12-2022 17:31,Maryland (State),BRADLEY LA,CHEVY CHASE #4,SAME DIR REAR END,CLOUDY,DRY,DAYLIGHT,NO CONTROLS,Yes,NO APPARENT INJURY,UNKNOWN,PASSENGER CAR,MOVING CONSTANT SPEED,South,South,25,2017,CHEVROLET,4.9,69.7,68.4,0.01
Property Damage Crash,05-12-2022 18:07,,,,OTHER,CLEAR,,DAYLIGHT,NO CONTROLS,Yes,NO APPARENT INJURY,LOOKED BUT DID NOT SEE,"CARGO VAN/LIGHT TRUCK 2 AXLES (OVER 10,000LBS (4,536 KG))",BACKING,Unknown,Unknown,25,0,XXX,5.1,57.2,55.1,0
Property Damage Crash,05-12-2022 18:07,Ramp,RAMP 8 FR IS 270 SB TO MD 124 WB,N/A,SAME DIR REAR END,CLEAR,DRY,DAYLIGHT,YIELD SIGN,Yes,NO APPARENT INJURY,NOT DISTRACTED,POLICE VEHICLE/NON EMERGENCY,STARTING FROM LANE,West,South,35,2014,DODGE,0.7,45.1,43.3,0
Property Damage Crash,05-12-2022 19:18,County,BETHESDA CHURCH RD,N/A,SINGLE VEHICLE,RAINING,WET,DARK NO LIGHTS,NO CONTROLS,Yes,NO APPARENT INJURY,NOT DISTRACTED,PASSENGER CAR,MOVING CONSTANT SPEED,West,West,30,2017,TOYOTA,5.5,59.2,40.4,0
Property Damage Crash,05-12-2022 19:18,Maryland (State),CONNECTICUT AVE,N/A,SAME DIR REAR END,CLEAR,DRY,DARK LIGHTS ON,NO CONTROLS,Yes,NO APPARENT INJURY,UNKNOWN,PASSENGER CAR,MOVING CONSTANT SPEED,North,North,45,2002,ACURA,7.4,70.8,50.7,0
Property Damage Crash,05-12-2022 19:48,Maryland (State),GEORGIA AVE,N/A,SAME DIRECTION LEFT TURN,CLEAR,DRY,DAYLIGHT,N/A,No,NO APPARENT INJURY,UNKNOWN,PASSENGER CAR,CHANGING LANES,North,North,50,1999,HONDA,4.2,71.8,47.9,0
Property Damage Crash,05-12-2022 19:48,County,NEBEL ST,N/A,STRAIGHT MOVEMENT ANGLE,CLEAR,DRY,DAYLIGHT,NO CONTROLS,Yes,NO APPARENT INJURY,UNKNOWN,UNKNOWN,STARTING FROM PARKED,South,West,30,0,UNKNOWN,1.2,61.3,53.1,0
Injury Crash,05-12-2022 21:59,Maryland (State),NEW HAMPSHIRE AVE,N/A,SAME DIR REAR END,CLEAR,DRY,DAYLIGHT,TRAFFIC SIGNAL,No,NO APPARENT INJURY,NOT DISTRACTED,PASSENGER CAR,SLOWING OR STOPPING,South,South,40,2014,TOYT,7.6,64.8,52,0
Injury Crash,05-12-2022 21:59,County,RANDOLPH RD,N/A,OTHER,CLOUDY,DRY,DAYLIGHT,TRAFFIC SIGNAL,No,NO APPARENT INJURY,NOT DISTRACTED,(SPORT) UTILITY VEHICLE,STARTING FROM LANE,East,East,40,2005,FORD,3.5,56.9,53.3,0