ACRS Report Type,Date and Time,Route Type,Road Name,Municipality,Collision Type,Weather,Surface Condition,Light,Traffic Control,Driver At Fault,Injury Severity,Driver Distracted By,Vehicle Body Type,Vehicle Movement,Vehicle Continuing Dir,Vehicle Going Dir,Speed Limit,Vehicle Year,Vehicle Make,Wind Speed (MPH),TMP10-DK ,Relative Humidity (%),Rain (Inches)
Property Damage Crash,05-12-2022 22:40,County,MOXLEY RD,N/A,SINGLE VEHICLE,CLEAR,DRY,DAYLIGHT,NO CONTROLS,Yes,NO APPARENT INJURY,UNKNOWN,AMBULANCE/NON EMERGENCY,UNKNOWN,South,South,55,2007,FRHT,4.7,67.6,55.4,0
Injury Crash,05-12-2022 22:40,County,SEVEN LOCKS RD,N/A,SAME DIR REAR END,CLEAR,WET,DAYLIGHT,TRAFFIC SIGNAL,No,NO APPARENT INJURY,NOT DISTRACTED,PASSENGER CAR,STOPPED IN TRAFFIC LANE,North,North,35,2012,MERZ,10.2,66,47.5,0
Property Damage Crash,05-12-2022 23:18,County,PARKLAND DR,N/A,STRAIGHT MOVEMENT ANGLE,CLOUDY,DRY,DAYLIGHT,STOP SIGN,No,NO APPARENT INJURY,LOOKED BUT DID NOT SEE,(SPORT) UTILITY VEHICLE,MAKING LEFT TURN,South,West,25,2014,HONDA,2.4,52.6,50.6,0
Injury Crash,05-12-2022 23:18,Maryland (State),VEIRS MILL RD,N/A,SAME DIR BOTH LEFT TURN,CLEAR,DRY,DAYLIGHT,TRAFFIC SIGNAL,Yes,SUSPECTED MINOR INJURY,UNKNOWN,PASSENGER CAR,MOVING CONSTANT SPEED,South,South,35,2001,TOYOTA,2.3,64.6,46.2,0
Property Damage Crash,05-12-2022 23:18,Government,SLIGO CREEK PKWY,N/A,STRAIGHT MOVEMENT ANGLE,CLEAR,DRY,DAYLIGHT,FLASHING TRAFFIC SIGNAL,Unknown,NO APPARENT INJURY,UNKNOWN,"CARGO VAN/LIGHT TRUCK 2 AXLES (OVER 10,000LBS (4,536 KG))",MOVING CONSTANT SPEED,South,South,35,2017,KENWORTH,7.7,72.7,65.4,0
Injury Crash,06-12-2022 00:50,County,INTERNATIONAL DR,N/A,SINGLE VEHICLE,RAINING,WET,DAYLIGHT,STOP SIGN,No,NO APPARENT INJURY,LOOKED BUT DID NOT SEE,PASSENGER CAR,STARTING FROM LANE,West,North,5,1997,CHEVROLET,3.8,69.1,59,0
Injury Crash,06-12-2022 02:23,Interstate (State),EISENHOWER MEMORIAL HWY,N/A,SAME DIR REAR END,CLEAR,DRY,DARK LIGHTS ON,N/A,No,SUSPECTED MINOR INJURY,NOT DISTRACTED,PASSENGER CAR,MOVING CONSTANT SPEED,South,South,55,2019,TOYT,2,70.8,58,0
Property Damage Crash,06-12-2022 02:23,County,BLUHILL RD,N/A,STRAIGHT MOVEMENT ANGLE,N/A,DRY,DAYLIGHT,NO CONTROLS,Yes,NO APPARENT INJURY,NOT DISTRACTED,PASSENGER CAR,BACKING,North,South,30,2016,FORD,8.8,47.6,33.2,0
Injury Crash,06-12-2022 03:26,County,LITTLE SENECA PKWY,N/A,HEAD ON LEFT TURN,CLEAR,WET,DARK LIGHTS ON,NO CONTROLS,No,NO APPARENT INJURY,NOT DISTRACTED,PASSENGER CAR,MOVING CONSTANT SPEED,South,South,30,1999,DODGE,2,76.9,50.2,0
Property Damage Crash,06-12-2022 03:53,Maryland (State),RIVER RD,N/A,SAME DIRECTION SIDESWIPE,CLEAR,DRY,DARK NO LIGHTS,STOP SIGN,Yes,NO APPARENT INJURY,UNKNOWN,PASSENGER CAR,MAKING LEFT TURN,North,North,30,2018,NISSAN,1,53.9,52.1,0
Property Damage Crash,06-12-2022 07:15,County,13TH ST,N/A,OTHER,CLEAR,DRY,DARK LIGHTS ON,NO CONTROLS,Yes,NO APPARENT INJURY,UNKNOWN,PASSENGER CAR,MOVING CONSTANT SPEED,East,East,25,2011,CHEVROLET,3.9,70.6,51.6,0
Property Damage Crash,06-12-2022 07:58,County,FATHER HURLEY BLVD,N/A,SAME DIR REAR END,CLEAR,N/A,DAYLIGHT,N/A,No,NO APPARENT INJURY,NOT DISTRACTED,(SPORT) UTILITY VEHICLE,SLOWING OR STOPPING,West,West,45,2019,NISS,2.6,80.1,66.2,0
Property Damage Crash,06-12-2022 08:10,Municipality,RUSSELL AVE,N/A,SAME DIR REAR END,RAINING,WET,DAYLIGHT,TRAFFIC SIGNAL,No,NO APPARENT INJURY,NOT DISTRACTED,PASSENGER CAR,STOPPED IN TRAFFIC LANE,East,South,30,2022,MAZDA,5.2,60.3,35.3,0
Injury Crash,06-12-2022 10:13,US (State),COLESVILLE RD,N/A,SAME DIR REAR END,CLOUDY,DRY,DAYLIGHT,N/A,No,NO APPARENT INJURY,NOT DISTRACTED,PASSENGER CAR,SLOWING OR STOPPING,South,South,35,2012,HYUNDAI,5,74.8,45.1,0
Property Damage Crash,06-12-2022 10:13,Maryland (State),NEW HAMPSHIRE AVE,N/A,STRAIGHT MOVEMENT ANGLE,CLEAR,DRY,DAYLIGHT,TRAFFIC SIGNAL,No,NO APPARENT INJURY,NOT DISTRACTED,PASSENGER CAR,MOVING CONSTANT SPEED,South,South,40,2015,HOND,6.2,57.8,46.6,0
Injury Crash,06-12-2022 10:30,Maryland (State),GEORGIA AVE,N/A,STRAIGHT MOVEMENT ANGLE,CLEAR,DRY,DAYLIGHT,STOP SIGN,No,POSSIBLE INJURY,NOT DISTRACTED,PASSENGER CAR,MOVING CONSTANT SPEED,South,South,35,2020,JEEP,1.9,53.6,50.6,0
Property Damage Crash,06-12-2022 10:30,,,,SINGLE VEHICLE,N/A,,DARK LIGHTS ON,N/A,Yes,NO APPARENT INJURY,INATTENTIVE OR LOST IN THOUGHT,POLICE VEHICLE/NON EMERGENCY,BACKING,Unknown,Unknown,0,2016,FORD,3.7,58.5,58,0
Property Damage Crash,06-12-2022 10:34,Maryland (State),NORBECK RD,ROCKVILLE,SAME DIR REAR END,CLEAR,DRY,DARK LIGHTS ON,TRAFFIC SIGNAL,Yes,NO APPARENT INJURY,NOT DISTRACTED,PASSENGER CAR,CHANGING LANES,East,East,50,2020,FORD,6,53.7,38.5,0
Injury Crash,06-12-2022 10:34,Maryland (State),VEIRS MILL RD,N/A,SAME DIR REAR END,CLEAR,DRY,DAYLIGHT,NO CONTROLS,Yes,NO APPARENT INJURY,NOT DISTRACTED,PASSENGER CAR,MOVING CONSTANT SPEED,West,West,45,2015,AUDI,1.1,45.3,44.1,0
Injury Crash,06-12-2022 11:45,Interstate (State),CAPITAL BELTWAY,N/A,SAME DIR REAR END,N/A,DRY,DAYLIGHT,NO CONTROLS,Yes,NO APPARENT INJURY,LOOKED BUT DID NOT SEE,PASSENGER CAR,ACCELERATING,South,East,25,2016,TOYOTA,5.3,50,50,0.01
Property Damage Crash,06-12-2022 12:06,Maryland (State),GEORGIA AVE,N/A,SAME DIRECTION SIDESWIPE,CLEAR,DRY,DARK LIGHTS ON,TRAFFIC SIGNAL,Yes,NO APPARENT INJURY,LOOKED BUT DID NOT SEE,PASSENGER CAR,MAKING RIGHT TURN,North,West,15,2005,TOYT,2.2,56.8,42.5,0
Injury Crash,06-12-2022 12:06,County,CLARKSBURG RD,N/A,SAME DIR REAR END,CLEAR,DRY,DAYLIGHT,NO CONTROLS,Yes,NO APPARENT INJURY,EATING OR DRINKING,PASSENGER CAR,SLOWING OR STOPPING,South,South,30,2008,HOND,3,48.2,40.2,0
Fatal Crash,06-12-2022 12:19,County,FAIRLAND RD,N/A,HEAD ON,CLEAR,N/A,DARK LIGHTS ON,NO CONTROLS,Yes,FATAL INJURY,UNKNOWN,STATION WAGON,LEAVING TRAFFIC LANE,South,South,40,1990,TOYOTA,8.8,50.6,42.5,0
Injury Crash,06-12-2022 12:19,Maryland (State),VEIRS MILL RD,ROCKVILLE,SAME DIR REAR END,CLEAR,DRY,DAYLIGHT,TRAFFIC SIGNAL,Yes,POSSIBLE INJURY,UNKNOWN,PASSENGER CAR,ACCELERATING,West,West,40,1997,HOND,2.7,46.8,37.6,0
Property Damage Crash,06-12-2022 12:27,Maryland (State),KEMPTOWN RD,N/A,SAME DIR REAR END,CLOUDY,WET,DAYLIGHT,NO CONTROLS,Yes,NO APPARENT INJURY,LOOKED BUT DID NOT SEE,POLICE VEHICLE/NON EMERGENCY,STARTING FROM LANE,South,East,40,2021,FORD,2.4,60.6,54.1,0
Property Damage Crash,06-12-2022 12:27,Municipality,E DIAMOND AVE,GAITHERSBURG,SAME DIR REAR END,CLEAR,DRY,DAYLIGHT,NO CONTROLS,Yes,NO APPARENT INJURY,UNKNOWN,PASSENGER CAR,MOVING CONSTANT SPEED,West,West,30,2005,TOYOTA,4.5,68.4,50.5,0
Property Damage Crash,06-12-2022 12:27,Maryland (State),GEORGIA AVE,N/A,SAME DIR REAR END,CLEAR,DRY,DAYLIGHT,NO CONTROLS,Yes,NO APPARENT INJURY,LOOKED BUT DID NOT SEE,PASSENGER CAR,SLOWING OR STOPPING,North,North,30,2000,LEXUS,3.1,82.1,51.3,0
Injury Crash,06-12-2022 12:27,,,,OTHER,CLEAR,,DAYLIGHT,N/A,No,NO APPARENT INJURY,NOT DISTRACTED,PASSENGER CAR,MOVING CONSTANT SPEED,Unknown,Unknown,0,2010,CHEV,4.2,71.2,50.3,0
Property Damage Crash,06-12-2022 13:55,Maryland (State),RIDGE RD,N/A,SAME DIR REAR END,RAINING,WET,DAYLIGHT,TRAFFIC SIGNAL,Yes,NO APPARENT INJURY,INATTENTIVE OR LOST IN THOUGHT,PASSENGER CAR,SLOWING OR STOPPING,South,South,40,2017,DODGE,8.5,47.3,30.5,0
Property Damage Crash,06-12-2022 13:55,County,SPIRE ST,N/A,SAME DIR REAR END,CLEAR,DRY,DAYLIGHT,STOP SIGN,No,NO APPARENT INJURY,NOT DISTRACTED,MOTORCYCLE,SLOWING OR STOPPING,East,North,25,2004,HARLEY DAVIDSON,5,51.7,43.8,0
Injury Crash,06-12-2022 15:18,County,ASPEN HILL RD,N/A,SAME DIR REAR END,N/A,N/A,DARK LIGHTS ON,N/A,Yes,POSSIBLE INJURY,UNKNOWN,PASSENGER CAR,MOVING CONSTANT SPEED,East,East,30,2013,NISSAN,3.6,69.7,47.4,0
Property Damage Crash,06-12-2022 15:18,,,,OTHER,CLOUDY,,DAYLIGHT,N/A,Yes,NO APPARENT INJURY,NOT DISTRACTED,PASSENGER CAR,SLOWING OR STOPPING,East,East,15,1996,PLYMOUTH,5.2,81.4,46.3,0
Property Damage Crash,06-12-2022 16:29,,,,SINGLE VEHICLE,CLEAR,,DAYLIGHT,NO CONTROLS,Yes,NO APPARENT INJURY,OTHER DISTRACTION,PASSENGER CAR,ACCELERATING,East,East,25,2017,VOLKSWAGEN,5.9,90,54.2,0
Property Damage Crash,06-12-2022 17:45,County,TECH RD,N/A,STRAIGHT MOVEMENT ANGLE,CLEAR,DRY,DARK -- UNKNOWN LIGHTING,NO CONTROLS,Unknown,NO APPARENT INJURY,UNKNOWN,PASSENGER CAR,MAKING U TURN,West,North,30,2001,MERCEDES,6.7,56.4,36.5,0
Property Damage Crash,06-12-2022 17:45,Municipality,S SUMMIT AVE,N/A,OTHER,CLEAR,DRY,DARK LIGHTS ON,FLASHING TRAFFIC SIGNAL,Yes,NO APPARENT INJURY,OTHER DISTRACTION,PASSENGER CAR,MAKING RIGHT TURN,North,North,25,2005,FORD,5.2,47.3,42.9,0
Injury Crash,06-12-2022 18:00,Maryland (State),GEORGIA AVE,N/A,OTHER,CLEAR,DRY,DAYLIGHT,TRAFFIC SIGNAL,No,SUSPECTED MINOR INJURY,NOT DISTRACTED,PASSENGER CAR,MOVING CONSTANT SPEED,South,South,40,2004,TOYT,5.3,80.7,69.8,0
Property Damage Crash,06-12-2022 18:00,County,RANDOLPH RD,N/A,STRAIGHT MOVEMENT ANGLE,N/A,DRY,DAYLIGHT,N/A,Yes,NO APPARENT INJURY,LOOKED BUT DID NOT SEE,PASSENGER CAR,MAKING LEFT TURN,North,North,35,2007,HOND,2.3,62.8,62.1,0.04
Injury Crash,06-12-2022 18:25,County,SNOUFFERS SCHOOL RD,N/A,SAME DIR REAR END,CLEAR,WET,DAYLIGHT,TRAFFIC SIGNAL,No,POSSIBLE INJURY,NOT DISTRACTED,(SPORT) UTILITY VEHICLE,STOPPED IN TRAFFIC LANE,South,South,40,2005,VOLVO,3.4,71.4,70.1,0
Injury Crash,06-12-2022 18:25,,,,OTHER,CLEAR,,DAYLIGHT,N/A,Yes,NO APPARENT INJURY,UNKNOWN,PASSENGER CAR,MOVING CONSTANT SPEED,West,West,40,2015,HONDA,3,78.5,57.1,0
Property Damage Crash,06-12-2022 19:00,County,REDLAND RD,N/A,STRAIGHT MOVEMENT ANGLE,RAINING,WET,DAYLIGHT,TRAFFIC SIGNAL,No,NO APPARENT INJURY,NOT DISTRACTED,(SPORT) UTILITY VEHICLE,MOVING CONSTANT SPEED,West,West,40,2011,CHEVY,1.6,52.1,49.1,0
Property Damage Crash,06-12-2022 19:00,Maryland (State),FIRST ST,ROCKVILLE,SAME DIRECTION SIDESWIPE,CLEAR,DRY,DAYLIGHT,NO CONTROLS,Yes,NO APPARENT INJURY,UNKNOWN,PASSENGER CAR,SLOWING OR STOPPING,West,West,40,2014,DODGE,5,67,34.6,0
Injury Crash,06-12-2022 19:10,Maryland (State),ROCKVILLE PIKE,N/A,STRAIGHT MOVEMENT ANGLE,CLEAR,DRY,DAYLIGHT,TRAFFIC SIGNAL,No,SUSPECTED MINOR INJURY,NOT DISTRACTED,PASSENGER CAR,MOVING CONSTANT SPEED,North,North,40,2019,HONDA,0.8,51.3,26,0
Injury Crash,06-12-2022 19:10,County,SHADY GROVE RD,N/A,OTHER,CLEAR,DRY,DAYLIGHT,TRAFFIC SIGNAL,No,NO APPARENT INJURY,NOT DISTRACTED,PASSENGER CAR,SLOWING OR STOPPING,North,North,40,2007,HOND,15.4,67.8,41.3,0
Injury Crash,06-12-2022 19:37,Maryland (State),S FREDERICK RD,N/A,STRAIGHT MOVEMENT ANGLE,CLEAR,WET,DARK NO LIGHTS,STOP SIGN,Yes,NO APPARENT INJURY,UNKNOWN,PASSENGER CAR,MAKING LEFT TURN,South,West,40,2007,TOYOTA,3.8,63.4,61.7,0.02
Property Damage Crash,06-12-2022 19:37,County,BLAIR RD,N/A,STRAIGHT MOVEMENT ANGLE,CLEAR,DRY,DAYLIGHT,TRAFFIC SIGNAL,No,NO APPARENT INJURY,NOT DISTRACTED,(SPORT) UTILITY VEHICLE,ACCELERATING,East,East,30,2016,SUBA,12.2,52.1,40.6,0
Property Damage Crash,06-12-2022 19:41,US (State),GEORGIA AVE,N/A,OTHER,CLOUDY,DRY,DAYLIGHT,TRAFFIC SIGNAL,No,NO APPARENT INJURY,NOT DISTRACTED,TRANSIT BUS,STOPPED IN TRAFFIC LANE,South,South,30,2009,NEW FLYER,1.3,59.9,59.4,0
Property Damage Crash,06-12-2022 21:02,Maryland (State),W DIAMOND AVE,N/A,SAME DIR REAR END,CLEAR,DRY,DAYLIGHT,TRAFFIC SIGNAL,No,NO APPARENT INJURY,NOT DISTRACTED,PASSENGER CAR,STOPPED IN TRAFFIC LANE,East,East,35,2015,SCION,2.6,64,61.9,0.01
Injury Crash,06-12-2022 22:16,Maryland (State),VEIRS MILL RD,N/A,SAME DIR REAR END,CLEAR,DRY,DAYLIGHT,NO CONTROLS,Yes,NO APPARENT INJURY,ADJUSTING AUDIO AND OR CLIMATE CONTROLS,PASSENGER CAR,MOVING CONSTANT SPEED,East,East,40,1998,NISS,6.5,74.8,42.4,0
Property Damage Crash,06-12-2022 22:40,Maryland (State),GEORGIA AVE,N/A,SAME DIR REAR END,RAINING,WET,DAYLIGHT,NO CONTROLS,No,NO APPARENT INJURY,NOT DISTRACTED,PASSENGER CAR,SLOWING OR STOPPING,West,South,30,2023,HONDA,8.4,47.2,31.4,0
Property Damage Crash,06-12-2022 23:05,Ramp,RAMP 1 FR RAMP 4 (FR IS270) TO MD 189 WB,N/A,SAME DIRECTION SIDESWIPE,RAINING,WET,DARK LIGHTS ON,N/A,No,NO APPARENT INJURY,NOT DISTRACTED,PASSENGER CAR,MOVING CONSTANT SPEED,North,North,55,2015,TOYOTA,9.6,83.8,44.7,0
Injury Crash,06-12-2022 23:09,Maryland (State),NEW HAMPSHIRE AVE,N/A,SAME DIR REAR END,CLEAR,DRY,DAYLIGHT,NO CONTROLS,Yes,NO APPARENT INJURY,NOT DISTRACTED,PASSENGER CAR,CHANGING LANES,South,South,40,2005,ACURA,4.9,61.9,55.7,0
Property Damage Crash,06-12-2022 23:09,US (State),COLESVILLE RD,N/A,SAME DIRECTION SIDESWIPE,N/A,DRY,DAYLIGHT,TRAFFIC SIGNAL,No,NO APPARENT INJURY,NOT DISTRACTED,PASSENGER CAR,STOPPED IN TRAFFIC LANE,South,South,35,2014,TOYOTA,3.7,73.6,51.8,0
Injury Crash,06-12-2022 23:25,US (State),COLESVILLE RD,N/A,HEAD ON LEFT TURN,CLEAR,DRY,DAYLIGHT,NO CONTROLS,Yes,NO APPARENT INJURY,NOT DISTRACTED,PASSENGER CAR,MOVING CONSTANT SPEED,South,South,30,2015,FORD,6,81.8,45.1,0
Property Damage Crash,06-12-2022 23:25,County,FENTON ST,N/A,SAME DIR REAR END,CLEAR,N/A,DAYLIGHT,NO CONTROLS,No,NO APPARENT INJURY,NOT DISTRACTED,PASSENGER CAR,PARKED,,,25,2015,BUICK,4.5,67.1,46.9,0
Injury Crash,06-12-2022 23:25,County,BEL PRE RD,N/A,SINGLE VEHICLE,CLOUDY,WET,DAYLIGHT,NO CONTROLS,Yes,SUSPECTED MINOR INJURY,TALKING OR LISTENING TO CELLULAR PHONE,PASSENGER CAR,MOVING CONSTANT SPEED,East,East,25,2014,DODGE,1.5,57.6,54.3,0
Injury Crash,06-12-2022 23:59,,,,OTHER,CLEAR,,DAYLIGHT,N/A,Yes,POSSIBLE INJURY,NOT DISTRACTED,PASSENGER CAR,ACCELERATING,East,East,0,2010,SUBARU,3.5,43.6,32,0
Injury Crash,07-12-2022 06:30,Maryland (State),GEORGIA AVE,N/A,SAME DIR REAR END,CLEAR,DRY,DARK LIGHTS ON,TRAFFIC SIGNAL,Yes,NO APPARENT INJURY,NOT DISTRACTED,PASSENGER CAR,SLOWING OR STOPPING,North,North,35,2013,LEXUS,3.9,58.3,34.8,0
Property Damage Crash,07-12-2022 06:30,Maryland (State),OLNEY LAYTONSVILLE RD,N/A,SAME DIRECTION SIDESWIPE,N/A,DRY,DAYLIGHT,NO CONTROLS,Yes,NO APPARENT INJURY,UNKNOWN,,MOVING CONSTANT SPEED,West,West,30,0,UNKNOWN,4.6,73.4,40.5,0
Injury Crash,07-12-2022 08:10,,,,OTHER,CLEAR,,DAYLIGHT,N/A,Yes,NO APPARENT INJURY,NOT DISTRACTED,(SPORT) UTILITY VEHICLE,MAKING LEFT TURN,West,North,0,2002,TOYOTA,2.1,46.7,41.2,0
Property Damage Crash,07-12-2022 08:10,Maryland (State),MASSACHUSETTS AVE,N/A,SAME DIR REAR END,CLEAR,DRY,DARK NO LIGHTS,NO CONTROLS,Yes,NO APPARENT INJURY,NOT DISTRACTED,PASSENGER CAR,MOVING CONSTANT SPEED,West,West,35,2016,ACURA,2.1,54,44.8,0
Property Damage Crash,07-12-2022 08:25,Maryland (State),OLNEY SANDY SPRING RD,N/A,SAME DIRECTION SIDESWIPE,N/A,DRY,DARK LIGHTS ON,NO CONTROLS,Yes,NO APPARENT INJURY,NOT DISTRACTED,PASSENGER CAR,MOVING CONSTANT SPEED,West,West,30,2016,MERZ,13.4,68.8,41.6,0
Property Damage Crash,07-12-2022 08:25,Maryland (State),CLOPPER RD,N/A,SAME DIR REAR END,CLEAR,DRY,DAYLIGHT,TRAFFIC SIGNAL,Yes,NO APPARENT INJURY,INATTENTIVE OR LOST IN THOUGHT,PASSENGER CAR,SLOWING OR STOPPING,East,East,35,2013,FORD,4.2,53.2,51.4,0.03
Injury Crash,07-12-2022 08:35,County,FIDLER LA,N/A,SINGLE VEHICLE,CLEAR,UNKNOWN,DAYLIGHT,NO CONTROLS,Yes,SUSPECTED MINOR INJURY,DISTRACTED BY OUTSIDE PERSON OBJECT OR EVENT,POLICE VEHICLE/EMERGENCY,SLOWING OR STOPPING,South,West,30,2014,DODGE,7.3,71,58.4,0
Injury Crash,07-12-2022 08:35,Maryland (State),LAYHILL RD,N/A,STRAIGHT MOVEMENT ANGLE,CLEAR,DRY,DARK LIGHTS ON,TRAFFIC SIGNAL,Yes,NO APPARENT INJURY,LOOKED BUT DID NOT SEE,PASSENGER CAR,MAKING LEFT TURN,West,West,40,2008,NISS,8.1,55.2,38.4,0
Property Damage Crash,07-12-2022 08:40,County,BOILING BROOK PKWY,N/A,STRAIGHT MOVEMENT ANGLE,CLEAR,DRY,DAYLIGHT,STOP SIGN,Yes,NO APPARENT INJURY,LOOKED BUT DID NOT SEE,PASSENGER CAR,STARTING FROM LANE,North,North,20,2014,CHEVY,4.9,79.7,44.4,0
Property Damage Crash,07-12-2022 08:40,Maryland (State),EAST WEST HWY,N/A,SAME DIRECTION SIDESWIPE,CLEAR,DRY,DAYLIGHT,NO CONTROLS,Yes,NO APPARENT INJURY,NOT DISTRACTED,PICKUP TRUCK,SLOWING OR STOPPING,East,East,35,2014,FORD,3.8,47.9,41,0
Injury Crash,07-12-2022 08:40,County,MUDDY BRANCH RD,N/A,SAME DIR REAR END,N/A,DRY,DAYLIGHT,N/A,No,NO APPARENT INJURY,NOT DISTRACTED,PASSENGER CAR,SLOWING OR STOPPING,South,South,35,2008,BMW,4.7,52.3,32.4,0
Injury Crash,07-12-2022 08:45,Maryland (State),FREDERICK RD,N/A,HEAD ON LEFT TURN,CLOUDY,DRY,DAYLIGHT,TRAFFIC SIGNAL,Yes,NO APPARENT INJURY,LOOKED BUT DID NOT SEE,PASSENGER CAR,MAKING LEFT TURN,East,South,40,2017,TOYOTA,4.8,56.4,53.6,0
Injury Crash,07-12-2022 08:45,Interstate (State),CAPITAL BELTWAY,N/A,UNKNOWN,CLEAR,DRY,DAYLIGHT,N/A,Unknown,NO APPARENT INJURY,NOT DISTRACTED,PASSENGER CAR,MOVING CONSTANT SPEED,East,East,55,2009,TOYOTA,7.6,61.9,50.6,0
Injury Crash,07-12-2022 09:15,County,ARCOLA AVE,N/A,SAME DIR REAR END,SNOW,SNOW,DAYLIGHT,NO CONTROLS,No,NO APPARENT INJURY,NOT DISTRACTED,PICKUP TRUCK,SLOWING OR STOPPING,West,West,35,2013,FORD,8.8,84.3,64.4,0
Injury Crash,07-12-2022 09:53,County,AIRPARK RD,N/A,SAME DIRECTION RIGHT TURN,CLEAR,DRY,DAYLIGHT,NO CONTROLS,No,SUSPECTED MINOR INJURY,NOT DISTRACTED,MOTORCYCLE,MOVING CONSTANT SPEED,North,North,30,2006,HONDA,1.6,53.9,43.2,0
Property Damage Crash,07-12-2022 09:53,Maryland (State),VEIRS MILL RD,N/A,SAME DIR REAR END,CLEAR,DRY,DAYLIGHT,NO CONTROLS,Yes,NO APPARENT INJURY,LOOKED BUT DID NOT SEE,PASSENGER CAR,MOVING CONSTANT SPEED,East,East,40,2007,TOYOTA,8.9,66.2,61.8,0
Injury Crash,07-12-2022 10:01,County,FLOWER AVE,N/A,HEAD ON LEFT TURN,CLEAR,DRY,DARK LIGHTS ON,TRAFFIC SIGNAL,Yes,NO APPARENT INJURY,LOOKED BUT DID NOT SEE,PASSENGER CAR,MAKING RIGHT TURN,East,East,35,2013,LEXUS,8.1,85.5,43.8,0
Injury Crash,07-12-2022 10:01,Maryland (State),FREDERICK RD,N/A,SAME DIR REAR END,CLEAR,DRY,DAYLIGHT,NO CONTROLS,Yes,NO APPARENT INJURY,LOOKED BUT DID NOT SEE,PASSENGER CAR,STARTING FROM LANE,North,North,30,2009,VOLVO,6,75.1,48.1,0
Property Damage Crash,07-12-2022 10:04,County,WISTERIA DR,N/A,OTHER,CLEAR,DRY,DAYLIGHT,N/A,Yes,NO APPARENT INJURY,INATTENTIVE OR LOST IN THOUGHT,PASSENGER CAR,MOVING CONSTANT SPEED,South,South,30,2016,HYUN,1.6,50.8,49,0
Property Damage Crash,07-12-2022 10:11,County,MUDDY BRANCH RD,GAITHERSBURG,SAME DIR REAR END,CLEAR,DRY,DARK LIGHTS ON,TRAFFIC SIGNAL,No,NO APPARENT INJURY,NOT DISTRACTED,PASSENGER CAR,STOPPED IN TRAFFIC LANE,North,North,45,2021,HONDA,6.2,60.5,44.7,0
Injury Crash,07-12-2022 10:11,Maryland (State),UNIVERSITY BLVD E,N/A,SAME DIR REAR END,CLEAR,WET,DARK LIGHTS ON,TRAFFIC SIGNAL,Yes,NO APPARENT INJURY,UNKNOWN,PASSENGER CAR,MOVING CONSTANT SPEED,East,East,40,2011,CADILLAC,2.9,66.5,54,0
Property Damage Crash,07-12-2022 10:11,,,,UNKNOWN,N/A,,DARK -- UNKNOWN LIGHTING,NO CONTROLS,Yes,NO APPARENT INJURY,UNKNOWN,PASSENGER CAR,STARTING FROM PARKED,Unknown,Unknown,25,2016,HONDA,1.1,45.3,42.1,0
Property Damage Crash,07-12-2022 10:11,Maryland (State),QUINCE ORCHARD RD,N/A,SAME DIRECTION RIGHT TURN,CLEAR,DRY,DAYLIGHT,TRAFFIC SIGNAL,Yes,NO APPARENT INJURY,LOOKED BUT DID NOT SEE,PASSENGER CAR,CHANGING LANES,South,South,30,2008,ACUR,1.2,70.3,58.9,0
Injury Crash,07-12-2022 10:45,County,ODENDHAL AVE,N/A,STRAIGHT MOVEMENT ANGLE,CLEAR,DRY,DARK LIGHTS ON,STOP SIGN,Yes,NO APPARENT INJURY,OTHER DISTRACTION,(SPORT) UTILITY VEHICLE,MOVING CONSTANT SPEED,East,South,15,2005,FORD,4.3,44.6,28.6,0
Property Damage Crash,07-12-2022 10:45,County,SNOUFFERS SCHOOL RD,N/A,OTHER,CLEAR,DRY,DAYLIGHT,N/A,No,NO APPARENT INJURY,NOT DISTRACTED,TRANSIT BUS,MOVING CONSTANT SPEED,South,South,40,2005,ORIO,0.7,62.3,46.5,0
Property Damage Crash,07-12-2022 11:00,County,RANDOLPH RD,N/A,SAME DIR REAR END,CLEAR,DRY,DAYLIGHT,TRAFFIC SIGNAL,No,NO APPARENT INJURY,NOT DISTRACTED,PASSENGER CAR,STOPPED IN TRAFFIC LANE,South,South,40,2003,TOYOTA,6.1,44.6,34,0
Injury Crash,07-12-2022 11:32,County,HEWITT AVE,N/A,STRAIGHT MOVEMENT ANGLE,CLOUDY,DRY,DAYLIGHT,N/A,No,POSSIBLE INJURY,NOT DISTRACTED,PASSENGER CAR,MOVING CONSTANT SPEED,West,West,30,1996,HONDA,3.9,77.6,48.5,0
Property Damage Crash,07-12-2022 11:40,County,YORKTOWN RD,N/A,SAME DIRECTION SIDESWIPE,WINTRY MIX,SNOW,DARK LIGHTS ON,NO CONTROLS,Yes,NO APPARENT INJURY,NOT DISTRACTED,"OTHER LIGHT TRUCKS (10,000LBS (4,536KG) OR LESS)",MOVING CONSTANT SPEED,West,West,15,2019,MACK,6.2,71.5,53.7,0
Property Damage Crash,07-12-2022 11:40,County,SHAKESPEARE BLVD,N/A,SAME DIR REAR END,CLEAR,DRY,DAYLIGHT,TRAFFIC SIGNAL,Yes,NO APPARENT INJURY,UNKNOWN,TRANSIT BUS,MOVING CONSTANT SPEED,East,East,45,2014,GILL,2.1,63.9,60.8,0
Property Damage Crash,07-12-2022 11:45,County,WEXFORD DR,N/A,SAME DIR REAR END,CLOUDY,WET,DAYLIGHT,NO CONTROLS,Yes,NO APPARENT INJURY,UNKNOWN,PASSENGER CAR,MOVING CONSTANT SPEED,North,North,25,2014,FORD,6,70.1,45.8,0