ACRS Report Type,Date and Time,Route Type,Road Name,Municipality,Collision Type,Weather,Surface Condition,Light,Traffic Control,Driver At Fault,Injury Severity,Driver Distracted By,Vehicle Body Type,Vehicle Movement,Vehicle Continuing Dir,Vehicle Going Dir,Speed Limit,Vehicle Year,Vehicle Make,Wind Speed (MPH),TMP10-DK ,Relative Humidity (%),Rain (Inches)
Injury Crash,07-12-2022 12:00,Maryland (State),FREDERICK RD,GAITHERSBURG,HEAD ON LEFT TURN,CLEAR,DRY,DAYLIGHT,TRAFFIC SIGNAL,No,POSSIBLE INJURY,NOT DISTRACTED,PASSENGER CAR,MOVING CONSTANT SPEED,West,West,40,2010,INFINITI,7.5,63.5,59.3,0.01
Injury Crash,07-12-2022 13:23,County,RANDOLPH RD,N/A,OTHER,CLOUDY,DRY,DAYLIGHT,TRAFFIC SIGNAL,Yes,NO APPARENT INJURY,INATTENTIVE OR LOST IN THOUGHT,PASSENGER CAR,ACCELERATING,West,West,40,2000,TOYOTA,6.5,63.7,49.8,0
Injury Crash,07-12-2022 13:23,County,BRAHMS AVE,N/A,SAME DIR REAR END,CLEAR,DRY,DAYLIGHT,NO CONTROLS,No,POSSIBLE INJURY,NOT DISTRACTED,PASSENGER CAR,SLOWING OR STOPPING,South,South,30,2003,HYUN,15.8,74.7,45.9,0
Property Damage Crash,07-12-2022 13:28,,,,OTHER,CLEAR,,DAYLIGHT,N/A,Yes,NO APPARENT INJURY,UNKNOWN,VAN,MAKING U TURN,North,South,20,2005,HOND,0.6,56.7,55.2,0
Injury Crash,07-12-2022 13:28,Maryland (State),GEORGIA AVE,N/A,STRAIGHT MOVEMENT ANGLE,CLEAR,DRY,DAYLIGHT,STOP SIGN,Yes,NO APPARENT INJURY,UNKNOWN,PASSENGER CAR,ACCELERATING,South,South,35,2017,HONDA,6.8,74.9,62.1,0
Injury Crash,07-12-2022 14:28,County,BROADBIRCH DR,N/A,ANGLE MEETS LEFT TURN,CLOUDY,DRY,DAYLIGHT,STOP SIGN,Yes,SUSPECTED SERIOUS INJURY,UNKNOWN,PICKUP TRUCK,ACCELERATING,East,East,30,2016,TOYOTA,1.1,47.6,44.2,0
Injury Crash,07-12-2022 14:28,County,ROCKLEDGE DR,N/A,SINGLE VEHICLE,CLEAR,DRY,DAYLIGHT,NO CONTROLS,No,POSSIBLE INJURY,NOT DISTRACTED,PASSENGER CAR,MOVING CONSTANT SPEED,South,South,55,2009,MAZDA,2,64.5,48.3,0
Property Damage Crash,07-12-2022 14:34,US (State),GEORGIA AVE,N/A,SAME DIR REND RIGHT TURN,CLEAR,DRY,DARK LIGHTS ON,TRAFFIC SIGNAL,Yes,NO APPARENT INJURY,UNKNOWN,PASSENGER CAR,MOVING CONSTANT SPEED,East,East,40,2011,NISSAN,1.2,53.5,51,0
Property Damage Crash,07-12-2022 14:34,County,NORTHAMPTON DR,N/A,OTHER,CLEAR,DRY,DAYLIGHT,NO CONTROLS,Yes,NO APPARENT INJURY,INATTENTIVE OR LOST IN THOUGHT,VAN,BACKING,West,West,30,2009,FORD,3,47.1,37.7,0
Property Damage Crash,07-12-2022 16:15,US (State),COLESVILLE RD,N/A,SAME DIR REAR END,CLEAR,DRY,DAYLIGHT,TRAFFIC SIGNAL,Yes,NO APPARENT INJURY,NOT DISTRACTED,VAN,SLOWING OR STOPPING,South,South,40,2009,FORD,5.3,58.6,54.7,0
Injury Crash,07-12-2022 16:15,Municipality,KENTLANDS BLVD,N/A,SAME DIR REAR END,CLEAR,DRY,DAYLIGHT,TRAFFIC SIGNAL,Yes,NO APPARENT INJURY,NOT DISTRACTED,PASSENGER CAR,ACCELERATING,South,South,25,2009,HONDA,1.7,52.4,46,0
Property Damage Crash,07-12-2022 16:55,Maryland (State),NEW HAMPSHIRE AVE,N/A,SAME DIR REAR END,CLOUDY,DRY,DAYLIGHT,N/A,Yes,NO APPARENT INJURY,UNKNOWN,PASSENGER CAR,SLOWING OR STOPPING,North,North,40,2014,NISSAN,1.2,54.6,51.3,0
Property Damage Crash,07-12-2022 16:55,Maryland (State),EAST WEST HWY,N/A,SINGLE VEHICLE,CLEAR,DRY,DARK LIGHTS ON,NO CONTROLS,Yes,NO APPARENT INJURY,LOOKED BUT DID NOT SEE,(SPORT) UTILITY VEHICLE,MOVING CONSTANT SPEED,West,West,35,2022,CHEVY,0.8,45.9,43.7,0
Property Damage Crash,07-12-2022 17:52,Maryland (State),CLOPPER RD,N/A,HEAD ON LEFT TURN,CLEAR,DRY,DAYLIGHT,TRAFFIC SIGNAL,No,NO APPARENT INJURY,NOT DISTRACTED,PASSENGER CAR,MAKING LEFT TURN,South,West,35,2018,BMW,7.3,58.7,56.3,0
Property Damage Crash,07-12-2022 21:15,County,PARKLAND DR,N/A,OTHER,CLEAR,DRY,DARK LIGHTS ON,N/A,Yes,NO APPARENT INJURY,OTHER CELLULAR PHONE RELATED,PASSENGER CAR,MOVING CONSTANT SPEED,South,South,30,2005,CHRY,4.3,53.8,51.6,0
Injury Crash,07-12-2022 21:18,Municipality,WOOTTON PKWY,ROCKVILLE,HEAD ON LEFT TURN,CLEAR,DRY,DAYLIGHT,TRAFFIC SIGNAL,Yes,POSSIBLE INJURY,NOT DISTRACTED,PASSENGER CAR,MAKING LEFT TURN,South,West,40,2013,SUBA,5.9,56.3,44.1,0
Property Damage Crash,07-12-2022 21:18,Maryland (State),VEIRS MILL RD,N/A,SINGLE VEHICLE,CLEAR,DRY,DAYLIGHT,NO CONTROLS,Yes,NO APPARENT INJURY,NOT DISTRACTED,PASSENGER CAR,MOVING CONSTANT SPEED,East,East,10,2013,TOYT,4.9,63.8,40,0
Property Damage Crash,08-12-2022 00:09,Maryland (State),FREDERICK RD,ROCKVILLE,SAME DIR REAR END,CLEAR,DRY,DAYLIGHT,TRAFFIC SIGNAL,No,NO APPARENT INJURY,NOT DISTRACTED,(SPORT) UTILITY VEHICLE,SLOWING OR STOPPING,South,South,40,2003,TOYT,3.9,72.1,67.5,0
Property Damage Crash,08-12-2022 02:09,Maryland (State),ROCKVILLE PIKE,N/A,SAME DIR REAR END,CLEAR,DRY,DAYLIGHT,NO CONTROLS,No,NO APPARENT INJURY,NOT DISTRACTED,PASSENGER CAR,SLOWING OR STOPPING,South,South,35,2007,TOYOTA,1.1,48.2,40.4,0
Property Damage Crash,08-12-2022 08:20,Maryland (State),MASSACHUSETTS AVE,N/A,SAME DIR REAR END,RAINING,WET,DARK LIGHTS ON,TRAFFIC SIGNAL,Yes,NO APPARENT INJURY,UNKNOWN,PASSENGER CAR,MOVING CONSTANT SPEED,East,East,35,2018,AUDI,2.2,47.9,33,0
Property Damage Crash,08-12-2022 08:20,Interstate (State),CAPITAL BELTWAY,N/A,SAME DIRECTION SIDESWIPE,RAINING,WET,DAYLIGHT,NO CONTROLS,Yes,NO APPARENT INJURY,UNKNOWN,,UNKNOWN,West,West,55,0,UNKNOWN,3.6,74.9,42,0
Property Damage Crash,08-12-2022 08:20,County,PARKER AVE,N/A,SAME DIR REAR END,CLEAR,DRY,DARK -- UNKNOWN LIGHTING,NO CONTROLS,Yes,NO APPARENT INJURY,UNKNOWN,,MOVING CONSTANT SPEED,West,West,25,0,UNKNOWN,5.9,59.6,59.6,0.08
Injury Crash,08-12-2022 08:20,County,MIDCOUNTY HWY,N/A,SAME DIR REAR END,CLEAR,DRY,DARK LIGHTS ON,NO CONTROLS,Yes,NO APPARENT INJURY,NOT DISTRACTED,PASSENGER CAR,SLOWING OR STOPPING,South,South,50,1999,TOYOTA,2,65.9,65.8,0
Property Damage Crash,08-12-2022 08:20,,,,SINGLE VEHICLE,RAINING,,DARK NO LIGHTS,N/A,Yes,NO APPARENT INJURY,LOOKED BUT DID NOT SEE,PASSENGER CAR,ACCELERATING,East,East,35,2003,MERZ,3,46.5,37,0
Property Damage Crash,08-12-2022 08:20,County,FALLS RD,N/A,HEAD ON LEFT TURN,CLEAR,DRY,DARK LIGHTS ON,TRAFFIC SIGNAL,Yes,NO APPARENT INJURY,LOOKED BUT DID NOT SEE,PASSENGER CAR,MAKING LEFT TURN,North,North,45,1998,HOND,1.7,57.2,53.6,0
Injury Crash,08-12-2022 08:41,Maryland (State),CLOPPER RD,N/A,STRAIGHT MOVEMENT ANGLE,CLEAR,DRY,DAYLIGHT,OTHER,No,POSSIBLE INJURY,NOT DISTRACTED,PASSENGER CAR,MOVING CONSTANT SPEED,East,East,35,2007,TOYT,2,43.1,39.2,0
Property Damage Crash,08-12-2022 09:07,County,SHADY GROVE RD,N/A,HEAD ON LEFT TURN,N/A,DRY,DAYLIGHT,TRAFFIC SIGNAL,Yes,NO APPARENT INJURY,UNKNOWN,PASSENGER CAR,MAKING LEFT TURN,East,East,40,2011,BMW,1.3,66.3,60.4,0
Injury Crash,08-12-2022 09:07,County,RANDOLPH RD,N/A,SAME DIR REAR END,CLEAR,DRY,DARK LIGHTS ON,NO CONTROLS,No,POSSIBLE INJURY,NOT DISTRACTED,(SPORT) UTILITY VEHICLE,SLOWING OR STOPPING,East,East,45,2014,ACURA,2.4,44.5,39.8,0
Property Damage Crash,08-12-2022 09:07,Maryland (State),NORBECK RD,ROCKVILLE,SAME DIR REAR END,CLEAR,DRY,DAYLIGHT,N/A,Yes,NO APPARENT INJURY,NOT DISTRACTED,PASSENGER CAR,MOVING CONSTANT SPEED,East,East,40,2023,AUDI,4.4,64.5,57.3,0
Property Damage Crash,08-12-2022 10:30,Maryland (State),EAST WEST HWY,N/A,STRAIGHT MOVEMENT ANGLE,CLEAR,DRY,DARK LIGHTS ON,NO CONTROLS,Yes,NO APPARENT INJURY,NOT DISTRACTED,PASSENGER CAR,BACKING,West,East,35,2002,TOYOTA,6.2,61.6,30.3,0
Injury Crash,08-12-2022 12:21,Maryland (State),GEORGIA AVE,N/A,SAME DIR REAR END,RAINING,WET,DARK LIGHTS ON,TRAFFIC SIGNAL,No,NO APPARENT INJURY,NOT DISTRACTED,PASSENGER CAR,SLOWING OR STOPPING,South,South,50,2011,TOYOTA,1.8,62.7,60.8,0
Property Damage Crash,08-12-2022 12:21,Maryland (State),CONNECTICUT AVE,N/A,SAME DIR REAR END,RAINING,WET,DAYLIGHT,NO CONTROLS,Yes,NO APPARENT INJURY,LOOKED BUT DID NOT SEE,PASSENGER CAR,MOVING CONSTANT SPEED,South,South,40,2012,MAZDA,5.2,59.2,50.5,0
Property Damage Crash,08-12-2022 12:27,Municipality,ODENDHAL AVE,N/A,SAME DIRECTION SIDESWIPE,CLEAR,DRY,DAYLIGHT,N/A,No,NO APPARENT INJURY,NOT DISTRACTED,PASSENGER CAR,STOPPED IN TRAFFIC LANE,East,East,30,1997,NISS,11.1,66.8,53.7,0.02
Property Damage Crash,08-12-2022 12:38,,,,OTHER,N/A,,DARK -- UNKNOWN LIGHTING,N/A,Yes,NO APPARENT INJURY,UNKNOWN,(SPORT) UTILITY VEHICLE,BACKING,Unknown,Unknown,10,2018,JEEP,2.1,60.7,56.3,0
Injury Crash,08-12-2022 12:38,County,AUGUST DR,N/A,OTHER,CLEAR,DRY,DAYLIGHT,NO CONTROLS,Yes,SUSPECTED MINOR INJURY,UNKNOWN,(SPORT) UTILITY VEHICLE,MOVING CONSTANT SPEED,West,West,25,2012,HONDA,4.3,53.9,30.7,0
Property Damage Crash,08-12-2022 13:07,Municipality,DOGWOOD DR,GAITHERSBURG,SAME DIR REAR END,CLEAR,DRY,DAYLIGHT,NO CONTROLS,Yes,NO APPARENT INJURY,INATTENTIVE OR LOST IN THOUGHT,PASSENGER CAR,BACKING,North,North,25,2022,TOYT,1.4,47.6,45.6,0
Property Damage Crash,08-12-2022 13:07,Municipality,KING FARM BLVD,ROCKVILLE,STRAIGHT MOVEMENT ANGLE,CLEAR,DRY,DAYLIGHT,YIELD SIGN,Yes,NO APPARENT INJURY,UNKNOWN,PASSENGER CAR,MAKING LEFT TURN,East,South,25,2000,TOYOTA,7.3,54.8,47.4,0
Injury Crash,08-12-2022 13:15,Maryland (State),GEORGIA AVE,N/A,ANGLE MEETS LEFT TURN,CLEAR,DRY,DARK LIGHTS ON,NO CONTROLS,Yes,SUSPECTED MINOR INJURY,UNKNOWN,PASSENGER CAR,MAKING LEFT TURN,East,South,35,2021,TOYOTA,3,64.4,57.3,0
Injury Crash,08-12-2022 13:40,Maryland (State),EAST WEST HWY,N/A,SAME DIR REAR END,CLEAR,DRY,DAYLIGHT,NO CONTROLS,Yes,NO APPARENT INJURY,OTHER DISTRACTION,PASSENGER CAR,MOVING CONSTANT SPEED,East,East,35,2001,TOYOTA,5.3,52.6,37,0
Property Damage Crash,08-12-2022 13:40,Maryland (State),EAST WEST HWY,N/A,SAME DIRECTION SIDESWIPE,CLOUDY,DRY,DAYLIGHT,TRAFFIC SIGNAL,No,NO APPARENT INJURY,NOT DISTRACTED,SCHOOL BUS,STOPPED IN TRAFFIC LANE,East,East,35,2014,THOMAS,6.8,64,58.6,0
Injury Crash,08-12-2022 13:40,Maryland (State),QUINCE ORCHARD RD,N/A,SAME DIR REAR END,CLOUDY,DRY,DAYLIGHT,NO CONTROLS,No,NO APPARENT INJURY,NOT DISTRACTED,PASSENGER CAR,SLOWING OR STOPPING,South,West,35,2018,VOLK,4.5,46.8,39.1,0
Injury Crash,08-12-2022 14:35,Interstate (State),EISENHOWER MEMORIAL HWY,N/A,SAME DIR REAR END,CLEAR,DRY,DUSK,NO CONTROLS,No,SUSPECTED MINOR INJURY,NOT DISTRACTED,PASSENGER CAR,MOVING CONSTANT SPEED,South,South,55,1998,HOND,1.3,53.5,50.9,0
Property Damage Crash,08-12-2022 14:35,County,SANGAMORE RD,N/A,SAME DIRECTION SIDESWIPE,CLEAR,WET,DARK LIGHTS ON,NO CONTROLS,Yes,NO APPARENT INJURY,NOT DISTRACTED,PASSENGER CAR,MOVING CONSTANT SPEED,North,North,35,2012,VOLKSWAGEN,0.9,61.8,61.2,0
Property Damage Crash,08-12-2022 14:44,Municipality,E DIAMOND AVE,GAITHERSBURG,SAME DIR REND LEFT TURN,CLEAR,DRY,DAYLIGHT,NO CONTROLS,No,NO APPARENT INJURY,NOT DISTRACTED,PASSENGER CAR,MAKING LEFT TURN,East,South,35,2009,NISSAN,7.8,53.8,29.9,0
Property Damage Crash,08-12-2022 14:44,Maryland (State),NEW HAMPSHIRE AVE,N/A,HEAD ON LEFT TURN,CLEAR,DRY,DAYLIGHT,NO CONTROLS,No,NO APPARENT INJURY,NOT DISTRACTED,PASSENGER CAR,MOVING CONSTANT SPEED,South,South,35,2009,INFI,1.5,58.6,58.5,0
Property Damage Crash,08-12-2022 14:55,Maryland (State),16TH ST,N/A,SAME DIR REAR END,CLEAR,DRY,DARK LIGHTS ON,NO CONTROLS,No,NO APPARENT INJURY,NOT DISTRACTED,PASSENGER CAR,SLOWING OR STOPPING,South,South,35,2010,CHEVROLET,0.8,49,46,0
Property Damage Crash,08-12-2022 15:27,Maryland (State),RIVER RD,N/A,SINGLE VEHICLE,CLOUDY,DRY,DARK LIGHTS ON,N/A,Yes,NO APPARENT INJURY,NOT DISTRACTED,PASSENGER CAR,MOVING CONSTANT SPEED,East,East,45,2014,HYUNDAI,4.7,75.2,57,0
Property Damage Crash,08-12-2022 15:27,,,,SAME DIR REAR END,CLEAR,,DAWN,NO CONTROLS,No,NO APPARENT INJURY,NOT DISTRACTED,PASSENGER CAR,PARKED,,,5,2012,ACURA,6.8,72.2,36.1,0
Property Damage Crash,08-12-2022 15:27,Maryland (State),GERMANTOWN RD,N/A,SINGLE VEHICLE,N/A,DRY,DAYLIGHT,NO CONTROLS,Yes,NO APPARENT INJURY,OTHER DISTRACTION,PASSENGER CAR,MAKING RIGHT TURN,West,South,35,2014,TOYOTA,4.9,47.7,37.5,0
Injury Crash,08-12-2022 15:34,County,MATENY RD,N/A,ANGLE MEETS LEFT HEAD ON,CLEAR,DRY,DAYLIGHT,STOP SIGN,No,SUSPECTED MINOR INJURY,NOT DISTRACTED,PASSENGER CAR,MOVING CONSTANT SPEED,South,South,30,2009,TOYOTA,4.4,63.5,61.2,0
Injury Crash,08-12-2022 15:34,US (State),COLUMBIA PIKE,N/A,STRAIGHT MOVEMENT ANGLE,CLEAR,DRY,DARK LIGHTS ON,TRAFFIC SIGNAL,Yes,NO APPARENT INJURY,NOT DISTRACTED,PASSENGER CAR,MOVING CONSTANT SPEED,North,North,50,2012,TOYOTA,6.5,72.9,57.5,0
Property Damage Crash,08-12-2022 16:12,Maryland (State),UNIVERSITY BLVD E,N/A,SINGLE VEHICLE,CLEAR,DRY,DAYLIGHT,TRAFFIC SIGNAL,Yes,NO APPARENT INJURY,NOT DISTRACTED,PASSENGER CAR,ACCELERATING,East,East,40,2012,NISSAN,5.8,57,47.5,0
Property Damage Crash,08-12-2022 16:12,Maryland (State),QUINCE ORCHARD RD,N/A,SAME DIR REAR END,CLEAR,DRY,DAYLIGHT,NO CONTROLS,No,NO APPARENT INJURY,NOT DISTRACTED,PASSENGER CAR,SLOWING OR STOPPING,North,North,40,2012,HOND,8.6,43.2,25.4,0
Injury Crash,08-12-2022 17:04,,,,STRAIGHT MOVEMENT ANGLE,CLEAR,,DAYLIGHT,STOP SIGN,No,POSSIBLE INJURY,NOT DISTRACTED,PASSENGER CAR,MOVING CONSTANT SPEED,West,West,25,2015,CHRY,1.8,46.4,38.4,0
Injury Crash,08-12-2022 17:04,Maryland (State),FREDERICK RD,N/A,HEAD ON LEFT TURN,CLEAR,DRY,DAYLIGHT,TRAFFIC SIGNAL,No,NO APPARENT INJURY,NOT DISTRACTED,PICKUP TRUCK,ACCELERATING,East,East,25,2008,CHEV,4.9,82.2,61.4,0
Injury Crash,08-12-2022 17:18,Maryland (State),NORBECK RD,N/A,SAME DIR REAR END,CLEAR,DRY,DAYLIGHT,TRAFFIC SIGNAL,Yes,NO APPARENT INJURY,UNKNOWN,PASSENGER CAR,SLOWING OR STOPPING,West,West,40,1997,MERZ,1.2,43.7,41.3,0
Property Damage Crash,08-12-2022 17:18,Maryland (State),NEW HAMPSHIRE AVE,N/A,SAME DIR REAR END,CLEAR,DRY,DAYLIGHT,TRAFFIC SIGNAL,No,NO APPARENT INJURY,NOT DISTRACTED,PASSENGER CAR,STOPPED IN TRAFFIC LANE,North,North,40,2014,HONDA,0.9,61.2,57.9,0
Property Damage Crash,08-12-2022 17:24,County,SHADY GROVE RD,N/A,SAME DIRECTION SIDESWIPE,CLOUDY,DRY,DARK -- UNKNOWN LIGHTING,TRAFFIC SIGNAL,No,NO APPARENT INJURY,NOT DISTRACTED,PASSENGER CAR,STOPPED IN TRAFFIC LANE,West,North,45,2012,TOYT,3.4,77.4,66.4,0
Property Damage Crash,08-12-2022 17:24,County,MEDICAL CENTER DR,N/A,SAME DIR REAR END,N/A,DRY,DAYLIGHT,N/A,No,NO APPARENT INJURY,NOT DISTRACTED,PASSENGER CAR,MOVING CONSTANT SPEED,East,East,25,2017,TOYO,2.6,69.4,69.4,0
Property Damage Crash,08-12-2022 17:24,Maryland (State),NORBECK RD,N/A,SAME DIR REAR END,CLEAR,DRY,DAYLIGHT,TRAFFIC SIGNAL,No,NO APPARENT INJURY,NOT DISTRACTED,PASSENGER CAR,SLOWING OR STOPPING,East,East,45,2011,HONDA,2.5,73.3,59.1,0
Property Damage Crash,08-12-2022 17:52,Maryland (State),NEW HAMPSHIRE AVE,N/A,SAME DIR REAR END,RAINING,WET,DARK LIGHTS ON,TRAFFIC SIGNAL,Yes,NO APPARENT INJURY,NOT DISTRACTED,(SPORT) UTILITY VEHICLE,SLOWING OR STOPPING,South,South,45,2009,JEEP,4.9,57,56.8,0.01
Injury Crash,08-12-2022 17:52,County,CLUB VIEW DR,N/A,OTHER,RAINING,WET,DARK LIGHTS ON,NO CONTROLS,Yes,SUSPECTED MINOR INJURY,NOT DISTRACTED,PASSENGER CAR,MOVING CONSTANT SPEED,West,West,25,2017,HYUNDIA,2.4,43.6,42.5,0
Injury Crash,08-12-2022 18:02,County,MIDCOUNTY HWY,N/A,HEAD ON LEFT TURN,CLEAR,DRY,DARK LIGHTS ON,TRAFFIC SIGNAL,Yes,POSSIBLE INJURY,LOOKED BUT DID NOT SEE,PASSENGER CAR,MAKING LEFT TURN,West,West,45,2013,NISS,7.8,75.6,46.4,0
Injury Crash,08-12-2022 18:02,County,OLD COLUMBIA PIKE,N/A,HEAD ON LEFT TURN,CLEAR,DRY,DARK LIGHTS ON,NO CONTROLS,Yes,NO APPARENT INJURY,LOOKED BUT DID NOT SEE,PASSENGER CAR,MAKING LEFT TURN,East,South,15,2008,HYUNDAI,1.3,43.2,41.7,0.01
Property Damage Crash,08-12-2022 18:10,Maryland (State),GEORGIA AVE,N/A,SAME DIRECTION SIDESWIPE,N/A,DRY,DAYLIGHT,NO CONTROLS,Unknown,NO APPARENT INJURY,NOT DISTRACTED,PICKUP TRUCK,CHANGING LANES,North,North,30,2018,FORD,2.5,52.9,52.5,0
Property Damage Crash,08-12-2022 18:10,Municipality,NEW HAMPSHIRE AVE SERV RD,TAKOMA PARK,SAME DIR REND RIGHT TURN,CLEAR,SNOW,DAYLIGHT,NO CONTROLS,No,NO APPARENT INJURY,NOT DISTRACTED,PASSENGER CAR,MAKING RIGHT TURN,East,North,40,2019,NISSIAN,3.5,80.5,45.8,0
Injury Crash,08-12-2022 18:48,County,WINDHAM LA,N/A,SINGLE VEHICLE,CLEAR,DRY,DARK NO LIGHTS,TRAFFIC SIGNAL,No,NO APPARENT INJURY,NOT DISTRACTED,PASSENGER CAR,MAKING LEFT TURN,North,East,15,2018,FORD,5.4,71.9,62.5,0
Injury Crash,08-12-2022 18:48,Maryland (State),GEORGIA AVE,N/A,HEAD ON,RAINING,WET,DAYLIGHT,NO CONTROLS,Yes,NO APPARENT INJURY,UNKNOWN,PASSENGER CAR,SKIDDING,North,North,45,2008,FORD,1.8,58.6,51.3,0
Property Damage Crash,08-12-2022 19:31,Maryland (State),LAYHILL RD,N/A,SAME DIR REAR END,CLEAR,DRY,DAYLIGHT,N/A,No,NO APPARENT INJURY,NOT DISTRACTED,PASSENGER CAR,SLOWING OR STOPPING,North,North,40,2008,MERCEDES,4.9,66.7,61.8,0.2
Property Damage Crash,08-12-2022 19:31,County,E RANDOLPH RD,N/A,STRAIGHT MOVEMENT ANGLE,CLEAR,DRY,DARK LIGHTS ON,YIELD SIGN,Yes,NO APPARENT INJURY,LOOKED BUT DID NOT SEE,PASSENGER CAR,MAKING LEFT TURN,West,North,35,2012,NISSAN,5.9,68.3,55.8,0
Property Damage Crash,08-12-2022 19:35,County,FENTON ST,N/A,SAME DIRECTION SIDESWIPE,CLEAR,N/A,DAYLIGHT,NO CONTROLS,Yes,NO APPARENT INJURY,NOT DISTRACTED,PASSENGER CAR,MOVING CONSTANT SPEED,North,North,35,2005,HYUNDIA,2.5,68.7,49,0
Property Damage Crash,08-12-2022 19:35,County,NORFOLK AVE,N/A,OTHER,CLEAR,DRY,DAYLIGHT,NO CONTROLS,Yes,NO APPARENT INJURY,NOT DISTRACTED,PASSENGER CAR,PASSING,North,North,25,2009,NISSAN,5.7,75.6,44.9,0
Injury Crash,08-12-2022 19:35,County,MUDDY BRANCH RD,N/A,OTHER,CLEAR,DRY,DARK LIGHTS ON,TRAFFIC SIGNAL,Unknown,SUSPECTED MINOR INJURY,UNKNOWN,PASSENGER CAR,MAKING LEFT TURN,East,East,45,2012,GMC,7.1,62.3,59.9,0.02
Property Damage Crash,08-12-2022 19:45,County,CALVERTON BLVD,N/A,STRAIGHT MOVEMENT ANGLE,CLEAR,DRY,DAYLIGHT,N/A,No,NO APPARENT INJURY,NOT DISTRACTED,PASSENGER CAR,MOVING CONSTANT SPEED,North,North,30,1999,HONDA,5.4,58.2,52.5,0
Injury Crash,08-12-2022 19:45,Maryland (State),WISCONSIN AVE,N/A,STRAIGHT MOVEMENT ANGLE,CLEAR,DRY,DAYLIGHT,TRAFFIC SIGNAL,No,SUSPECTED MINOR INJURY,NOT DISTRACTED,PASSENGER CAR,MOVING CONSTANT SPEED,North,North,40,2012,HYUNDAI,1.8,64.1,60,0
Property Damage Crash,08-12-2022 19:45,County,LANIER DR,N/A,OTHER,CLEAR,DRY,DAYLIGHT,NO CONTROLS,Yes,NO APPARENT INJURY,UNKNOWN,"CARGO VAN/LIGHT TRUCK 2 AXLES (OVER 10,000LBS (4,536 KG))",BACKING,North,North,25,2020,CHEV,6.4,55.8,33.6,0
Property Damage Crash,08-12-2022 20:54,Maryland (State),CLOPPER RD,N/A,SINGLE VEHICLE,CLEAR,N/A,DARK LIGHTS ON,NO CONTROLS,Yes,NO APPARENT INJURY,NOT DISTRACTED,PASSENGER CAR,MOVING CONSTANT SPEED,East,East,40,2009,INFI,1,42.8,36.4,0
Property Damage Crash,08-12-2022 20:54,US (State),COLUMBIA PIKE,N/A,SAME DIR REAR END,CLEAR,DRY,DAYLIGHT,NO CONTROLS,Yes,NO APPARENT INJURY,NOT DISTRACTED,PASSENGER CAR,SLOWING OR STOPPING,South,South,45,2005,NISS,3.1,60.2,50.5,0
Property Damage Crash,08-12-2022 20:57,County,FAIRLAND RD,N/A,STRAIGHT MOVEMENT ANGLE,N/A,DRY,DARK LIGHTS ON,FLASHING TRAFFIC SIGNAL,No,NO APPARENT INJURY,NOT DISTRACTED,PASSENGER CAR,MOVING CONSTANT SPEED,North,North,40,2013,INFI,1.2,51.9,49.6,0
Injury Crash,08-12-2022 20:57,Maryland (State),GEORGIA AVE,N/A,OTHER,N/A,DRY,DAYLIGHT,TRAFFIC SIGNAL,Yes,NO APPARENT INJURY,INATTENTIVE OR LOST IN THOUGHT,PASSENGER CAR,MOVING CONSTANT SPEED,North,North,35,2016,FORD,5.4,83.2,42.3,0
Injury Crash,08-12-2022 20:57,County,SHADY GROVE RD,N/A,SAME DIRECTION RIGHT TURN,CLOUDY,DRY,DAYLIGHT,NO CONTROLS,No,NO APPARENT INJURY,NOT DISTRACTED,PASSENGER CAR,SLOWING OR STOPPING,South,South,40,2014,MERCEDES-BENZ,0.8,65.5,56.7,0
Property Damage Crash,08-12-2022 23:05,US (State),GEORGIA AVE,N/A,SAME DIRECTION SIDESWIPE,CLEAR,DRY,DAYLIGHT,NO CONTROLS,No,NO APPARENT INJURY,NOT DISTRACTED,PASSENGER CAR,MOVING CONSTANT SPEED,South,South,35,2011,TOYOTA,3,54.5,52,0
Injury Crash,08-12-2022 23:05,County,LOCKRIDGE DR,N/A,STRAIGHT MOVEMENT ANGLE,CLEAR,WET,DUSK,STOP SIGN,Yes,POSSIBLE INJURY,NOT DISTRACTED,PASSENGER CAR,MOVING CONSTANT SPEED,West,West,25,2012,MAZD,1.4,52.7,24.9,0
Property Damage Crash,09-12-2022 00:55,County,BETHESDA CHURCH RD,N/A,OTHER,CLOUDY,DRY,DAYLIGHT,STOP SIGN,No,NO APPARENT INJURY,NOT DISTRACTED,(SPORT) UTILITY VEHICLE,STOPPED IN TRAFFIC LANE,East,East,30,2016,SUBARU,1,76.4,63.5,0
Property Damage Crash,09-12-2022 02:18,County,SEMINARY RD,N/A,STRAIGHT MOVEMENT ANGLE,CLOUDY,DRY,DAYLIGHT,STOP SIGN,Yes,NO APPARENT INJURY,NOT DISTRACTED,PASSENGER CAR,ACCELERATING,South,South,35,2004,TOYOTA,3.5,65.8,41,0
Injury Crash,09-12-2022 02:18,US (State),COLUMBIA PIKE,N/A,SAME DIR REAR END,CLEAR,DRY,DAYLIGHT,N/A,No,POSSIBLE INJURY,NOT DISTRACTED,PASSENGER CAR,SLOWING OR STOPPING,North,North,50,2005,TOYOTA,1.9,53,49.4,0
Injury Crash,09-12-2022 04:23,County,MIDDLEBROOK RD,N/A,ANGLE MEETS LEFT TURN,CLOUDY,DRY,DAYLIGHT,N/A,No,SUSPECTED MINOR INJURY,NOT DISTRACTED,PASSENGER CAR,MOVING CONSTANT SPEED,East,East,40,2017,TOYT,1,56.6,51.5,0