ACRS Report Type,Date and Time,Route Type,Road Name,Municipality,Collision Type,Weather,Surface Condition,Light,Traffic Control,Driver At Fault,Injury Severity,Driver Distracted By,Vehicle Body Type,Vehicle Movement,Vehicle Continuing Dir,Vehicle Going Dir,Speed Limit,Vehicle Year,Vehicle Make,Wind Speed (MPH),TMP10-DK ,Relative Humidity (%),Rain (Inches)
Injury Crash,09-12-2022 04:23,County,CENTERWAY RD,N/A,HEAD ON LEFT TURN,CLEAR,DRY,DARK NO LIGHTS,TRAFFIC SIGNAL,No,SUSPECTED MINOR INJURY,UNKNOWN,"OTHER LIGHT TRUCKS (10,000LBS (4,536KG) OR LESS)",MOVING CONSTANT SPEED,East,East,35,2010,FORD,6.5,61.9,59.5,0.03
Property Damage Crash,09-12-2022 05:30,Municipality,ROLLINS AVE,ROCKVILLE,OTHER,CLEAR,DRY,DARK LIGHTS ON,NO CONTROLS,Yes,NO APPARENT INJURY,INATTENTIVE OR LOST IN THOUGHT,PASSENGER CAR,MOVING CONSTANT SPEED,West,West,30,2015,TOYT,1.2,55.9,45.5,0
Property Damage Crash,09-12-2022 05:30,Maryland (State),HUNGERFORD DR,ROCKVILLE,SAME DIR REAR END,CLEAR,DRY,DARK LIGHTS ON,NO CONTROLS,No,NO APPARENT INJURY,DISTRACTED BY OUTSIDE PERSON OBJECT OR EVENT,PASSENGER CAR,MOVING CONSTANT SPEED,North,North,40,2017,HONDA,8.5,74.5,60.6,0
Property Damage Crash,09-12-2022 06:49,County,MEDICAL PARK DR,N/A,SINGLE VEHICLE,CLEAR,DRY,DAYLIGHT,NO CONTROLS,Yes,NO APPARENT INJURY,OTHER DISTRACTION,PASSENGER CAR,STARTING FROM LANE,East,East,15,2008,TOYOTA,2.8,61.5,47.2,0
Injury Crash,09-12-2022 06:49,Maryland (State),LAYTONSVILLE RD,N/A,SAME DIR REAR END,CLEAR,DRY,DAYLIGHT,N/A,Yes,NO APPARENT INJURY,NOT DISTRACTED,PASSENGER CAR,SLOWING OR STOPPING,West,West,30,2005,CHEVY,2,46.7,44.7,0
Property Damage Crash,09-12-2022 07:03,,,,OTHER,N/A,,DAYLIGHT,NO CONTROLS,Yes,NO APPARENT INJURY,UNKNOWN,PASSENGER CAR,SLOWING OR STOPPING,West,West,25,1999,FORD,6.7,51.6,25.2,0
Property Damage Crash,09-12-2022 07:03,Interstate (State),CAPITAL BELTWAY,N/A,SAME DIR REAR END,CLEAR,DRY,DAYLIGHT,NO CONTROLS,No,NO APPARENT INJURY,NOT DISTRACTED,PASSENGER CAR,MOVING CONSTANT SPEED,East,East,55,2010,LEXUS,1.9,58.1,53.9,0
Property Damage Crash,09-12-2022 07:48,Municipality,BARKLEY PL,GAITHERSBURG,SAME DIR REAR END,CLEAR,DRY,DAYLIGHT,NO CONTROLS,Yes,NO APPARENT INJURY,UNKNOWN,,STARTING FROM PARKED,Unknown,Unknown,25,0,UNKNOWN,2.5,58,57.2,0
Injury Crash,09-12-2022 07:48,Maryland (State),ASHTON RD,N/A,HEAD ON LEFT TURN,CLEAR,DRY,DAYLIGHT,NO CONTROLS,No,POSSIBLE INJURY,NOT DISTRACTED,PICKUP TRUCK,MOVING CONSTANT SPEED,East,East,45,2013,FORD,2.5,55.9,51.4,0
Property Damage Crash,09-12-2022 08:58,,,,SAME DIR REAR END,CLEAR,,DARK LIGHTS ON,NO CONTROLS,No,NO APPARENT INJURY,NOT DISTRACTED,PASSENGER CAR,PARKED,,,25,2015,TOYOTA,9.7,85.8,52.9,0
Property Damage Crash,09-12-2022 08:58,,,,UNKNOWN,CLEAR,,DAWN,NO CONTROLS,Yes,NO APPARENT INJURY,UNKNOWN,,UNKNOWN,East,South,15,0,UNKNOWN,3.7,68.1,41.7,0
Injury Crash,09-12-2022 09:00,,,,SINGLE VEHICLE,CLEAR,,DARK LIGHTS ON,N/A,Yes,SUSPECTED MINOR INJURY,UNKNOWN,PASSENGER CAR,STARTING FROM PARKED,West,West,10,2012,HONDA,12.8,60.4,56.2,0
Injury Crash,09-12-2022 09:00,County,RANDOLPH RD,N/A,SAME DIR REAR END,CLEAR,DRY,DAYLIGHT,NO CONTROLS,No,NO APPARENT INJURY,NOT DISTRACTED,PASSENGER CAR,SLOWING OR STOPPING,West,West,35,2012,KIA,5,64.8,62.7,0
Injury Crash,09-12-2022 09:00,Municipality,MANNAKEE ST,N/A,STRAIGHT MOVEMENT ANGLE,N/A,WET,DARK LIGHTS ON,NO CONTROLS,Yes,NO APPARENT INJURY,NOT DISTRACTED,PASSENGER CAR,MAKING LEFT TURN,South,South,30,2011,BMW,1.7,52.2,45.6,0
Injury Crash,09-12-2022 09:10,Maryland (State),GEORGIA AVE,N/A,SAME DIR REAR END,CLEAR,DRY,DAYLIGHT,NO CONTROLS,No,POSSIBLE INJURY,NOT DISTRACTED,PASSENGER CAR,SLOWING OR STOPPING,North,North,35,1998,TOYOTA,2.4,55.2,52.4,0
Property Damage Crash,09-12-2022 10:24,,,,OTHER,N/A,,UNKNOWN,UNKNOWN,Yes,NO APPARENT INJURY,UNKNOWN,PASSENGER CAR,UNKNOWN,Unknown,Unknown,0,2007,CHEVROLET,7.3,64.7,50.6,0
Property Damage Crash,09-12-2022 11:22,Municipality,REDLAND BLVD,N/A,SAME DIR REAR END,N/A,DRY,DAYLIGHT,OTHER,Yes,NO APPARENT INJURY,INATTENTIVE OR LOST IN THOUGHT,PASSENGER CAR,SLOWING OR STOPPING,West,West,35,2002,NISS,4.5,70.5,45.3,0
Property Damage Crash,09-12-2022 11:22,Maryland (State),NEW HAMPSHIRE AVE,N/A,STRAIGHT MOVEMENT ANGLE,SNOW,WET,DARK LIGHTS ON,TRAFFIC SIGNAL,Yes,NO APPARENT INJURY,NOT DISTRACTED,PASSENGER CAR,MAKING LEFT TURN,West,North,40,2007,VOLKSWAGEN,3.3,54,32.9,0
Injury Crash,09-12-2022 12:30,Maryland (State),EAST WEST HWY,N/A,OTHER,N/A,DRY,DARK LIGHTS ON,N/A,No,NO APPARENT INJURY,NOT DISTRACTED,(SPORT) UTILITY VEHICLE,MOVING CONSTANT SPEED,East,East,35,2018,HONDA,1.3,53.5,46.3,0
Property Damage Crash,09-12-2022 14:44,County,WATERS LANDING DR,N/A,SAME DIR REAR END,N/A,DRY,DARK LIGHTS ON,STOP SIGN,Yes,NO APPARENT INJURY,NOT DISTRACTED,PASSENGER CAR,MOVING CONSTANT SPEED,West,West,30,2014,HONDA,3.4,44.9,43.3,0
Property Damage Crash,09-12-2022 14:44,Maryland (State),UNIVERSITY BLVD W,N/A,SAME DIR REAR END,CLOUDY,WET,DAYLIGHT,TRAFFIC SIGNAL,Yes,NO APPARENT INJURY,LOOKED BUT DID NOT SEE,PASSENGER CAR,STOPPED IN TRAFFIC LANE,East,East,35,2007,HONDA,3.5,62.7,42.6,0
Property Damage Crash,09-12-2022 15:12,Maryland (State),FREDERICK RD,ROCKVILLE,SAME DIR REAR END,CLEAR,DRY,DAYLIGHT,TRAFFIC SIGNAL,Yes,NO APPARENT INJURY,NOT DISTRACTED,PASSENGER CAR,SLOWING OR STOPPING,South,South,40,2017,MITS,1.3,48.9,44.2,0
Property Damage Crash,09-12-2022 15:12,Maryland (State),RIDGE RD,N/A,SAME DIR REAR END,CLEAR,DRY,DAYLIGHT,NO CONTROLS,Yes,NO APPARENT INJURY,UNKNOWN,PASSENGER CAR,MOVING CONSTANT SPEED,South,South,30,2006,FORD,3.2,65.6,60.1,0
Injury Crash,09-12-2022 15:14,Maryland (State),GEORGIA AVE,N/A,SAME DIR REAR END,CLEAR,DRY,DAYLIGHT,NO CONTROLS,Yes,NO APPARENT INJURY,NOT DISTRACTED,PICKUP TRUCK,MOVING CONSTANT SPEED,South,South,35,2016,TOYOTA,6.3,67.5,42.2,0
Property Damage Crash,09-12-2022 15:14,Maryland (State),DICKERSON RD,N/A,SAME DIR REND LEFT TURN,CLOUDY,DRY,DAYLIGHT,NO CONTROLS,Yes,NO APPARENT INJURY,UNKNOWN,"MEDIUM/HEAVY TRUCKS 3 AXLES (OVER 10,000LBS (4,536KG))",MOVING CONSTANT SPEED,East,East,40,2011,FORD,1.2,64.8,48.8,0
Property Damage Crash,09-12-2022 15:42,Municipality,E DIAMOND AVE,GAITHERSBURG,OTHER,CLEAR,DRY,N/A,N/A,Yes,NO APPARENT INJURY,NOT DISTRACTED,PASSENGER CAR,MOVING CONSTANT SPEED,North,North,25,2017,FORD,2.4,59.5,52.2,0
Property Damage Crash,09-12-2022 15:43,County,CEDAR LA,N/A,SAME DIR REAR END,CLEAR,DRY,DAYLIGHT,NO CONTROLS,No,NO APPARENT INJURY,NOT DISTRACTED,PASSENGER CAR,SLOWING OR STOPPING,East,East,35,2012,FORD,1,57,53.5,0
Injury Crash,09-12-2022 15:46,Maryland (State),OLD GEORGETOWN RD,N/A,SAME DIR REAR END,N/A,WET,DAYLIGHT,OTHER,Yes,NO APPARENT INJURY,NOT DISTRACTED,PASSENGER CAR,ACCELERATING,South,South,40,2015,TOYOTA,1.2,67.2,60.4,0
Property Damage Crash,09-12-2022 15:46,Maryland (State),QUINCE ORCHARD RD,GAITHERSBURG,STRAIGHT MOVEMENT ANGLE,CLEAR,DRY,DAYLIGHT,STOP SIGN,No,NO APPARENT INJURY,NOT DISTRACTED,PASSENGER CAR,MOVING CONSTANT SPEED,East,East,35,2016,HOND,1.7,49.7,47.7,0
Injury Crash,09-12-2022 17:00,,,,STRAIGHT MOVEMENT ANGLE,CLEAR,,DAYLIGHT,NO CONTROLS,Yes,NO APPARENT INJURY,NOT DISTRACTED,N/A,MOVING CONSTANT SPEED,West,West,5,1990,GRUMMAN,5,57.9,55.6,0.04
Injury Crash,09-12-2022 17:00,County,SCARLET MIST WAY,N/A,SINGLE VEHICLE,CLEAR,DRY,DARK LIGHTS ON,NO CONTROLS,Yes,SUSPECTED MINOR INJURY,UNKNOWN,PASSENGER CAR,ACCELERATING,South,South,30,2016,FORD,3.3,45.7,31.2,0
Injury Crash,09-12-2022 17:21,Maryland (State),FREDERICK RD,ROCKVILLE,HEAD ON LEFT TURN,CLEAR,DRY,DAYLIGHT,TRAFFIC SIGNAL,Yes,POSSIBLE INJURY,LOOKED BUT DID NOT SEE,(SPORT) UTILITY VEHICLE,MAKING LEFT TURN,West,North,40,2019,HONDA,3.1,63.4,59.1,0
Injury Crash,09-12-2022 17:25,Maryland (State),KEY WEST AVE,N/A,STRAIGHT MOVEMENT ANGLE,CLEAR,WET,DARK LIGHTS ON,N/A,Yes,SUSPECTED MINOR INJURY,LOOKED BUT DID NOT SEE,PASSENGER CAR,ACCELERATING,South,South,45,2014,MERZ,1.2,59.5,55.4,0
Injury Crash,09-12-2022 17:25,Maryland (State),UNIVERSITY BLVD E,N/A,SAME DIR REAR END,CLEAR,DRY,DAYLIGHT,N/A,No,POSSIBLE INJURY,NOT DISTRACTED,(SPORT) UTILITY VEHICLE,SLOWING OR STOPPING,East,East,35,2020,HYUNDAI,3.5,60.5,45.1,0
Injury Crash,09-12-2022 19:15,Maryland (State),OLNEY SANDY SPRING RD,N/A,SAME DIR REAR END,CLEAR,WET,DAYLIGHT,TRAFFIC SIGNAL,No,NO APPARENT INJURY,NOT DISTRACTED,PASSENGER CAR,STOPPED IN TRAFFIC LANE,East,East,40,2000,MERZ,9.4,86.1,67.4,0
Property Damage Crash,09-12-2022 19:15,County,BEL PRE RD,N/A,SAME DIRECTION SIDESWIPE,N/A,WET,DAYLIGHT,TRAFFIC SIGNAL,Yes,NO APPARENT INJURY,LOOKED BUT DID NOT SEE,PASSENGER CAR,CHANGING LANES,West,West,35,1995,CHEVY,4.9,57.8,52.4,0
Injury Crash,09-12-2022 19:30,County,BONIFANT RD,N/A,SAME DIR REAR END,N/A,DRY,DARK NO LIGHTS,NO CONTROLS,No,NO APPARENT INJURY,NOT DISTRACTED,PASSENGER CAR,STOPPED IN TRAFFIC LANE,North,East,35,2015,NISSAN,5.1,67.8,43.2,0
Property Damage Crash,09-12-2022 19:30,Municipality,N SUMMIT AVE,GAITHERSBURG,ANGLE MEETS RIGHT TURN,RAINING,WET,DAYLIGHT,STOP SIGN,No,NO APPARENT INJURY,NOT DISTRACTED,PASSENGER CAR,MOVING CONSTANT SPEED,North,North,25,2012,NISSAN,0.9,57.7,51.2,0
Injury Crash,09-12-2022 19:30,County,WESTLAKE DR,N/A,SAME DIR REND RIGHT TURN,CLOUDY,DRY,DAYLIGHT,NO CONTROLS,No,POSSIBLE INJURY,NOT DISTRACTED,PASSENGER CAR,SLOWING OR STOPPING,South,South,35,2013,TOYOTA,1.6,57.3,53.6,0
Property Damage Crash,09-12-2022 20:08,US (State),COLESVILLE RD,N/A,STRAIGHT MOVEMENT ANGLE,RAINING,WET,DAYLIGHT,TRAFFIC SIGNAL,No,NO APPARENT INJURY,NOT DISTRACTED,PASSENGER CAR,STOPPED IN TRAFFIC LANE,West,West,25,2007,CHEVY,8.3,49.7,24.3,0
Property Damage Crash,09-12-2022 20:08,County,GOSHEN RD,N/A,HEAD ON LEFT TURN,CLEAR,DRY,DARK LIGHTS ON,TRAFFIC SIGNAL,No,NO APPARENT INJURY,NOT DISTRACTED,PASSENGER CAR,MOVING CONSTANT SPEED,North,North,35,2012,TOYOTA,6.2,57.3,43.6,0
Property Damage Crash,09-12-2022 20:45,Maryland (State),MONTGOMERY VILLAGE AVE,N/A,SAME DIR REND RIGHT TURN,RAINING,WET,DAYLIGHT,TRAFFIC SIGNAL,No,NO APPARENT INJURY,NOT DISTRACTED,PASSENGER CAR,STOPPED IN TRAFFIC LANE,East,South,35,2011,HOND,1.3,70.3,69,0
Property Damage Crash,09-12-2022 20:45,Maryland (State),VEIRS MILL RD,N/A,OTHER,CLOUDY,DRY,DAYLIGHT,N/A,No,NO APPARENT INJURY,NOT DISTRACTED,PASSENGER CAR,STOPPED IN TRAFFIC LANE,West,West,35,2012,TOYOTA,3.7,63.8,54,0
Property Damage Crash,10-12-2022 02:33,,,,SAME DIRECTION SIDESWIPE,CLEAR,,DAYLIGHT,NO CONTROLS,Yes,NO APPARENT INJURY,LOOKED BUT DID NOT SEE,PASSENGER CAR,PARKING,South,South,5,2009,TOYOTA,13.1,81.2,61.5,0
Property Damage Crash,10-12-2022 02:33,Municipality,EDMONSTON DR,N/A,STRAIGHT MOVEMENT ANGLE,CLEAR,DRY,DAYLIGHT,NO CONTROLS,Yes,NO APPARENT INJURY,LOOKED BUT DID NOT SEE,(SPORT) UTILITY VEHICLE,STARTING FROM LANE,South,South,25,2004,HONDA,1,75.7,69.5,0
Injury Crash,10-12-2022 02:42,County,FLOWER AVE,N/A,HEAD ON LEFT TURN,CLEAR,DRY,DAYLIGHT,NO CONTROLS,No,SUSPECTED SERIOUS INJURY,NOT DISTRACTED,MOPED,SLOWING OR STOPPING,North,North,35,0,TAOTAO,1.2,54.4,49.7,0
Property Damage Crash,10-12-2022 02:42,Maryland (State),VEIRS MILL RD,N/A,SAME DIR REAR END,RAINING,WET,DARK LIGHTS ON,TRAFFIC SIGNAL,Yes,NO APPARENT INJURY,NOT DISTRACTED,SCHOOL BUS,SLOWING OR STOPPING,West,West,45,2002,FREI,1.3,64.8,55,0
Injury Crash,10-12-2022 05:55,Maryland (State),FREDERICK RD,N/A,STRAIGHT MOVEMENT ANGLE,CLEAR,DRY,DARK LIGHTS ON,TRAFFIC SIGNAL,No,NO APPARENT INJURY,NOT DISTRACTED,PASSENGER CAR,MOVING CONSTANT SPEED,North,North,35,2006,MECEDES BENZ,5.4,71.6,49.8,0
Injury Crash,10-12-2022 05:55,Maryland (State),NEW HAMPSHIRE AVE,N/A,STRAIGHT MOVEMENT ANGLE,CLEAR,DRY,DAYLIGHT,NO CONTROLS,No,SUSPECTED MINOR INJURY,NOT DISTRACTED,PASSENGER CAR,MOVING CONSTANT SPEED,South,South,45,2022,FORD,8.2,86.1,65.8,0
Injury Crash,10-12-2022 05:58,Maryland (State),HUNGERFORD DR,N/A,SINGLE VEHICLE,CLEAR,DRY,DAYLIGHT,N/A,Yes,POSSIBLE INJURY,UNKNOWN,PASSENGER CAR,MOVING CONSTANT SPEED,South,South,35,2007,HONDA,1.2,49.4,44.5,0
Property Damage Crash,10-12-2022 06:00,,,,SAME DIR REAR END,CLEAR,,DAYLIGHT,NO CONTROLS,Yes,NO APPARENT INJURY,UNKNOWN,PASSENGER CAR,STARTING FROM PARKED,East,North,25,2015,TOYOTA,4.4,74.3,48.5,0
Property Damage Crash,10-12-2022 06:20,County,MONTGOMERY VILLAGE AVE,N/A,SAME DIR REAR END,CLEAR,DRY,DAYLIGHT,NO CONTROLS,No,NO APPARENT INJURY,NOT DISTRACTED,PASSENGER CAR,STOPPED IN TRAFFIC LANE,South,South,35,2008,HYUNDIA,7.5,67.7,44.8,0
Property Damage Crash,10-12-2022 06:20,County,RANDOLPH RD,N/A,STRAIGHT MOVEMENT ANGLE,CLEAR,DRY,DAYLIGHT,N/A,No,NO APPARENT INJURY,NOT DISTRACTED,PASSENGER CAR,MOVING CONSTANT SPEED,East,East,45,2011,SUBARU,2.7,55.7,50.3,0
Property Damage Crash,10-12-2022 07:08,Maryland (State),CLOPPER RD,N/A,SAME DIR REAR END,CLEAR,WET,DAYLIGHT,NO CONTROLS,No,NO APPARENT INJURY,NOT DISTRACTED,PASSENGER CAR,SLOWING OR STOPPING,East,East,30,2016,DODGDE,5.2,55.7,42.8,0
Property Damage Crash,10-12-2022 07:08,County,WATKINS MILL RD,N/A,SAME DIR REAR END,CLEAR,DRY,DARK LIGHTS ON,TRAFFIC SIGNAL,No,NO APPARENT INJURY,NOT DISTRACTED,PASSENGER CAR,SLOWING OR STOPPING,North,North,35,2003,HONDA,4.9,74.9,60,0
Property Damage Crash,10-12-2022 07:12,Other Public Roadway,TECH RD,N/A,STRAIGHT MOVEMENT ANGLE,CLEAR,DRY,DAYLIGHT,TRAFFIC SIGNAL,Yes,NO APPARENT INJURY,LOOKED BUT DID NOT SEE,PASSENGER CAR,ACCELERATING,South,South,30,1998,LEXU,1.9,60.9,52.8,0
Property Damage Crash,10-12-2022 07:41,County,BETHESDA AVE,N/A,OTHER,UNKNOWN,UNKNOWN,DAYLIGHT,UNKNOWN,Yes,NO APPARENT INJURY,UNKNOWN,OTHER,UNKNOWN,Unknown,Unknown,0,2015,TESLA,1.6,70,52.4,0
Injury Crash,10-12-2022 07:41,Municipality,GIRARD ST,GAITHERSBURG,STRAIGHT MOVEMENT ANGLE,N/A,DRY,DAYLIGHT,NO CONTROLS,No,POSSIBLE INJURY,NOT DISTRACTED,PASSENGER CAR,MOVING CONSTANT SPEED,West,West,35,2017,FORD,2.1,50.3,47.4,0
Injury Crash,10-12-2022 08:22,US (State),COLUMBIA PIKE,N/A,STRAIGHT MOVEMENT ANGLE,CLEAR,DRY,DAYLIGHT,TRAFFIC SIGNAL,Yes,POSSIBLE INJURY,UNKNOWN,PASSENGER CAR,MAKING LEFT TURN,West,West,55,2017,TOYOTA,3.6,63.1,62.6,0
Injury Crash,10-12-2022 08:22,,,,SINGLE VEHICLE,OTHER,,DAYLIGHT,NO CONTROLS,Yes,NO APPARENT INJURY,LOOKED BUT DID NOT SEE,PASSENGER CAR,BACKING,Unknown,West,25,2011,HONDA,1,59.2,53.9,0
Property Damage Crash,10-12-2022 08:25,County,DEMOCRACY BLVD,N/A,HEAD ON LEFT TURN,CLEAR,DRY,DARK LIGHTS ON,TRAFFIC SIGNAL,Yes,NO APPARENT INJURY,NOT DISTRACTED,(SPORT) UTILITY VEHICLE,MAKING LEFT TURN,South,West,40,2005,JEEP,3,64.1,54.4,0
Property Damage Crash,10-12-2022 08:25,County,DENNIS AVE,N/A,SAME DIR REAR END,CLEAR,DRY,DAYLIGHT,NO CONTROLS,No,NO APPARENT INJURY,NOT DISTRACTED,PASSENGER CAR,CHANGING LANES,East,East,30,2001,HOND,4.2,66.9,56,0
Property Damage Crash,10-12-2022 08:25,,LITTLE FALLS PKWY,N/A,SAME DIR REAR END,CLEAR,DRY,DAYLIGHT,N/A,No,NO APPARENT INJURY,NOT DISTRACTED,PASSENGER CAR,SLOWING OR STOPPING,North,North,35,2013,HONDA,4.2,60.3,28.4,0
Injury Crash,10-12-2022 08:25,Maryland (State),GERMANTOWN RD,N/A,SINGLE VEHICLE,CLEAR,DRY,DAYLIGHT,TRAFFIC SIGNAL,Unknown,NO APPARENT INJURY,NOT DISTRACTED,PASSENGER CAR,MOVING CONSTANT SPEED,North,North,40,2001,CHRY,4,76.4,46,0
Injury Crash,10-12-2022 08:25,Maryland (State),NEW HAMPSHIRE AVE,N/A,STRAIGHT MOVEMENT ANGLE,CLEAR,DRY,DARK LIGHTS ON,TRAFFIC SIGNAL,No,SUSPECTED MINOR INJURY,NOT DISTRACTED,PASSENGER CAR,MOVING CONSTANT SPEED,North,North,40,2019,TOYOTA,3.9,79,63.4,0
Property Damage Crash,10-12-2022 08:25,Maryland (State),FREDERICK RD,N/A,SAME DIRECTION RIGHT TURN,CLOUDY,DRY,DAYLIGHT,TRAFFIC SIGNAL,No,NO APPARENT INJURY,NOT DISTRACTED,TRANSIT BUS,MAKING LEFT TURN,South,West,30,2009,GILL,0.8,55.7,48,0
Property Damage Crash,10-12-2022 08:33,Maryland (State),VEIRS MILL RD,N/A,SAME DIRECTION RIGHT TURN,CLEAR,DRY,DAYLIGHT,NO CONTROLS,No,NO APPARENT INJURY,NOT DISTRACTED,TRANSIT BUS,ACCELERATING,East,East,25,2019,NEW FLYER,6.4,53.2,31,0
Property Damage Crash,10-12-2022 08:33,County,NORWOOD RD,N/A,SAME DIR REAR END,RAINING,WET,DARK -- UNKNOWN LIGHTING,TRAFFIC SIGNAL,Yes,NO APPARENT INJURY,UNKNOWN,PASSENGER CAR,MOVING CONSTANT SPEED,North,North,45,2012,TOYOTA,8,61.5,52.2,0
Property Damage Crash,10-12-2022 08:36,,,,OTHER,CLEAR,,DAYLIGHT,N/A,Yes,NO APPARENT INJURY,NOT DISTRACTED,POLICE VEHICLE/EMERGENCY,BACKING,West,West,20,2003,FORD,4.5,74.8,61.2,0
Property Damage Crash,10-12-2022 08:36,Maryland (State),NEW HAMPSHIRE AVE,N/A,SAME DIR REAR END,CLEAR,DRY,DAYLIGHT,NO CONTROLS,No,NO APPARENT INJURY,NOT DISTRACTED,PICKUP TRUCK,SLOWING OR STOPPING,North,North,35,2014,CHEVROLET,9.5,70.2,61.9,0
Injury Crash,10-12-2022 09:00,County,NORBECK RD,N/A,HEAD ON LEFT TURN,CLEAR,DRY,DAYLIGHT,NO CONTROLS,Yes,NO APPARENT INJURY,LOOKED BUT DID NOT SEE,PASSENGER CAR,ACCELERATING,North,North,40,2021,TOYOTA,1.4,53.6,49,0
Property Damage Crash,10-12-2022 09:00,,,,OTHER,CLEAR,,DAYLIGHT,NO CONTROLS,Yes,NO APPARENT INJURY,LOOKED BUT DID NOT SEE,SCHOOL BUS,PARKING,Unknown,North,25,2015,THOMAS,3.8,83.3,41.2,0
Property Damage Crash,10-12-2022 09:03,County,DIAMONDBACK DR,N/A,SAME DIR REAR END,RAINING,WET,DAYLIGHT,TRAFFIC SIGNAL,No,NO APPARENT INJURY,NOT DISTRACTED,PASSENGER CAR,SLOWING OR STOPPING,West,West,30,2017,FORD,3.7,67.5,33.7,0
Property Damage Crash,10-12-2022 09:03,Maryland (State),FREDERICK RD,N/A,HEAD ON LEFT TURN,CLEAR,DRY,DAYLIGHT,NO CONTROLS,No,NO APPARENT INJURY,NOT DISTRACTED,PASSENGER CAR,MOVING CONSTANT SPEED,South,South,45,2016,FORD,5.9,70.9,61.3,0
Property Damage Crash,10-12-2022 09:15,Maryland (State),ROCKVILLE PIKE,N/A,OTHER,CLEAR,DRY,DAYLIGHT,NO CONTROLS,Yes,NO APPARENT INJURY,DISTRACTED BY OUTSIDE PERSON OBJECT OR EVENT,PASSENGER CAR,BACKING,South,South,35,2019,NISSAN,4.2,67.5,56.2,0
Injury Crash,10-12-2022 09:15,County,CALVERTON BLVD,N/A,OTHER,CLEAR,DRY,DAYLIGHT,NO CONTROLS,Yes,NO APPARENT INJURY,UNKNOWN,PICKUP TRUCK,LEAVING TRAFFIC LANE,East,East,30,0,UNKNOWN,4,81.2,66.1,0
Property Damage Crash,10-12-2022 09:16,Municipality,RUSSELL AVE,GAITHERSBURG,STRAIGHT MOVEMENT ANGLE,N/A,DRY,DARK LIGHTS ON,FLASHING TRAFFIC SIGNAL,No,NO APPARENT INJURY,NOT DISTRACTED,PASSENGER CAR,MOVING CONSTANT SPEED,South,South,35,2018,PORS,10.4,51.7,50.3,0.26
Injury Crash,10-12-2022 11:19,Maryland (State),GEORGIA AVE,N/A,SINGLE VEHICLE,CLEAR,DRY,DAYLIGHT,TRAFFIC SIGNAL,Unknown,SUSPECTED SERIOUS INJURY,UNKNOWN,(SPORT) UTILITY VEHICLE,UNKNOWN,South,South,30,2017,SUBARU,0.8,54.4,48,0
Injury Crash,10-12-2022 11:19,US (State),COLESVILLE RD,N/A,SAME DIRECTION LEFT TURN,CLOUDY,WET,DAYLIGHT,TRAFFIC SIGNAL,No,POSSIBLE INJURY,UNKNOWN,PASSENGER CAR,OTHER,South,South,35,2003,TOYT,2.5,71.1,60.8,0
Property Damage Crash,10-12-2022 12:00,Maryland (State),ASHTON RD,N/A,SAME DIR REAR END,CLEAR,DRY,DAYLIGHT,N/A,No,NO APPARENT INJURY,NOT DISTRACTED,PASSENGER CAR,STOPPED IN TRAFFIC LANE,East,East,40,2008,HOND,3.4,57.5,39.4,0
Injury Crash,10-12-2022 12:24,Maryland (State),FREDERICK RD,N/A,HEAD ON LEFT TURN,CLOUDY,WET,DAYLIGHT,NO CONTROLS,Yes,POSSIBLE INJURY,LOOKED BUT DID NOT SEE,PASSENGER CAR,MAKING LEFT TURN,West,North,40,2000,TOYOTA,1.6,66.7,58,0
Injury Crash,10-12-2022 12:24,Maryland (State),GEORGIA AVE,N/A,SAME DIR REAR END,N/A,DRY,DAYLIGHT,TRAFFIC SIGNAL,No,NO APPARENT INJURY,NOT DISTRACTED,(SPORT) UTILITY VEHICLE,STOPPED IN TRAFFIC LANE,South,South,35,2010,JEEP,4.6,59.3,42.2,0
Property Damage Crash,10-12-2022 12:50,Maryland (State),FREDERICK RD,ROCKVILLE,SAME DIR REND RIGHT TURN,CLEAR,DRY,DAYLIGHT,NO CONTROLS,Yes,NO APPARENT INJURY,NOT DISTRACTED,PASSENGER CAR,MOVING CONSTANT SPEED,North,North,35,2009,HONDA,6.1,50.7,48.1,0
Property Damage Crash,10-12-2022 13:03,Maryland (State),FREDERICK RD,GAITHERSBURG,OTHER,CLOUDY,WET,DAYLIGHT,TRAFFIC SIGNAL,Yes,NO APPARENT INJURY,OTHER DISTRACTION,(SPORT) UTILITY VEHICLE,MOVING CONSTANT SPEED,South,South,40,2008,NISSAN,2.1,54.2,50.2,0
Property Damage Crash,10-12-2022 13:03,,,,SINGLE VEHICLE,CLEAR,,DARK LIGHTS ON,N/A,Yes,NO APPARENT INJURY,NOT DISTRACTED,POLICE VEHICLE/EMERGENCY,PARKING,South,South,0,2003,TOYOTA,2.9,83,57.4,0
Injury Crash,10-12-2022 14:05,Maryland (State),GREAT SENECA HWY,N/A,STRAIGHT MOVEMENT ANGLE,CLEAR,DRY,DARK LIGHTS ON,TRAFFIC SIGNAL,Unknown,POSSIBLE INJURY,UNKNOWN,PASSENGER CAR,ACCELERATING,West,West,50,2017,KIA,3.1,54.2,47,0
Property Damage Crash,10-12-2022 14:09,County,CROWNSGATE CIR,N/A,SAME DIR REAR END,CLEAR,WET,DAYLIGHT,NO CONTROLS,Yes,NO APPARENT INJURY,UNKNOWN,PASSENGER CAR,MOVING CONSTANT SPEED,West,West,25,2010,NISSAN,2.2,56.2,53.1,0