ACRS Report Type,Date and Time,Route Type,Road Name,Municipality,Collision Type,Weather,Surface Condition,Light,Traffic Control,Driver At Fault,Injury Severity,Driver Distracted By,Vehicle Body Type,Vehicle Movement,Vehicle Continuing Dir,Vehicle Going Dir,Speed Limit,Vehicle Year,Vehicle Make,Wind Speed (MPH),TMP10-DK ,Relative Humidity (%),Rain (Inches)
Property Damage Crash,10-12-2022 14:09,Maryland (State),ROCKVILLE PIKE,N/A,SAME DIR REAR END,CLEAR,N/A,DAYLIGHT,NO CONTROLS,Yes,NO APPARENT INJURY,INATTENTIVE OR LOST IN THOUGHT,AMBULANCE/NON EMERGENCY,MOVING CONSTANT SPEED,North,North,35,1995,BUIC,4.5,49.1,22.8,0
Injury Crash,10-12-2022 14:15,County,RANDOLPH RD,N/A,SAME DIR REAR END,CLEAR,DRY,DAYLIGHT,TRAFFIC SIGNAL,No,POSSIBLE INJURY,NOT DISTRACTED,PASSENGER CAR,STOPPED IN TRAFFIC LANE,East,East,35,2014,SUBARU,1.9,64.4,62.2,0
Property Damage Crash,10-12-2022 14:15,County,NEBEL ST,N/A,HEAD ON LEFT TURN,RAINING,WET,DARK LIGHTS ON,NO CONTROLS,Yes,NO APPARENT INJURY,NOT DISTRACTED,(SPORT) UTILITY VEHICLE,MAKING LEFT TURN,West,South,30,2005,TOYOTA,1.3,70.1,51.3,0
Property Damage Crash,10-12-2022 14:18,Maryland (State),OLD GEORGETOWN RD,N/A,STRAIGHT MOVEMENT ANGLE,CLEAR,DRY,DAYLIGHT,TRAFFIC SIGNAL,Yes,NO APPARENT INJURY,NOT DISTRACTED,PASSENGER CAR,MAKING LEFT TURN,North,South,35,2017,LEXS,4.7,64.4,62.6,0
Property Damage Crash,10-12-2022 14:18,County,MIDDLEBROOK RD,N/A,SAME DIRECTION SIDESWIPE,CLOUDY,DRY,DAYLIGHT,TRAFFIC SIGNAL,No,NO APPARENT INJURY,NOT DISTRACTED,PASSENGER CAR,STOPPED IN TRAFFIC LANE,East,East,40,2008,MERCEDEZ,1.4,44.7,39.4,0
Property Damage Crash,10-12-2022 15:50,Maryland (State),UNIVERSITY BLVD E,N/A,SAME DIRECTION RIGHT TURN,CLEAR,DRY,DAYLIGHT,NO CONTROLS,No,NO APPARENT INJURY,NOT DISTRACTED,TRANSIT BUS,MAKING RIGHT TURN,East,North,40,2010,NEW,5.6,75.1,60.7,0
Injury Crash,10-12-2022 15:50,Interstate (State),EISENHOWER MEMORIAL HWY,N/A,SINGLE VEHICLE,CLEAR,DRY,DAWN,NO CONTROLS,Yes,SUSPECTED MINOR INJURY,NOT DISTRACTED,PASSENGER CAR,SLOWING OR STOPPING,North,North,25,2010,TOYOTA,2.8,70.3,58.9,0
Injury Crash,10-12-2022 15:54,Maryland (State),OLD GEORGETOWN RD,N/A,SAME DIR REAR END,N/A,WET,DAYLIGHT,OTHER,No,SUSPECTED MINOR INJURY,NOT DISTRACTED,PASSENGER CAR,MOVING CONSTANT SPEED,South,South,40,1997,TOYT,4.7,58.5,52.8,0
Injury Crash,10-12-2022 15:54,Maryland (State),VEIRS MILL RD,ROCKVILLE,OTHER,CLOUDY,DRY,DAYLIGHT,NO CONTROLS,No,NO APPARENT INJURY,NOT DISTRACTED,PASSENGER CAR,MOVING CONSTANT SPEED,East,East,40,2002,MERCEDES,3.2,77.7,46.4,0
Injury Crash,10-12-2022 16:02,Maryland (State),DARNESTOWN RD,N/A,SAME DIR REAR END,CLEAR,DRY,DAYLIGHT,N/A,Yes,SUSPECTED MINOR INJURY,NOT DISTRACTED,PASSENGER CAR,MOVING CONSTANT SPEED,West,West,30,2007,JEEP,1.9,66.5,66.3,0
Property Damage Crash,10-12-2022 16:02,US (State),COLESVILLE RD,N/A,STRAIGHT MOVEMENT ANGLE,CLEAR,DRY,DARK LIGHTS ON,TRAFFIC SIGNAL,Yes,NO APPARENT INJURY,UNKNOWN,PASSENGER CAR,MOVING CONSTANT SPEED,North,North,40,2014,FORD,10.2,72,43.7,0
Injury Crash,10-12-2022 16:13,County,CLARKSBURG RD,N/A,SINGLE VEHICLE,CLOUDY,WET,DAYLIGHT,N/A,Yes,SUSPECTED MINOR INJURY,NOT DISTRACTED,PASSENGER CAR,MOVING CONSTANT SPEED,North,North,30,2014,CHEVY,0.9,59,52.9,0
Property Damage Crash,10-12-2022 16:56,County,MONTGOMERY VILLAGE AVE,N/A,SINGLE VEHICLE,CLEAR,DRY,DAYLIGHT,N/A,Yes,NO APPARENT INJURY,NOT DISTRACTED,OTHER,MOVING CONSTANT SPEED,North,North,30,2008,MAZDA,3.1,41.7,31.9,0
Property Damage Crash,10-12-2022 16:56,,,,HEAD ON,CLEAR,,DAYLIGHT,NO CONTROLS,Yes,NO APPARENT INJURY,UNKNOWN,PASSENGER CAR,STARTING FROM PARKED,North,Unknown,0,2012,FORD,4.3,55.4,46,0
Injury Crash,10-12-2022 17:20,Maryland (State),OLD GEORGETOWN RD,N/A,SAME DIR REAR END,CLEAR,DRY,DAYLIGHT,NO CONTROLS,No,POSSIBLE INJURY,NOT DISTRACTED,PASSENGER CAR,STOPPED IN TRAFFIC LANE,North,North,30,2003,TOYOTA,3.3,45.2,31.1,0
Property Damage Crash,10-12-2022 17:20,Maryland (State),GEORGIA AVE,N/A,STRAIGHT MOVEMENT ANGLE,CLOUDY,WET,DAYLIGHT,TRAFFIC SIGNAL,No,NO APPARENT INJURY,NOT DISTRACTED,(SPORT) UTILITY VEHICLE,MOVING CONSTANT SPEED,North,North,30,2016,HOND,11,76,58.4,0
Property Damage Crash,10-12-2022 17:20,County,CHISWELL LA,N/A,SAME DIRECTION SIDESWIPE,RAINING,WET,DAYLIGHT,NO CONTROLS,Yes,NO APPARENT INJURY,NOT DISTRACTED,SCHOOL BUS,PARKING,South,South,30,2014,THOMAS,2.3,59.7,56.8,0
Injury Crash,10-12-2022 17:27,,,,SINGLE VEHICLE,CLEAR,,DAYLIGHT,N/A,No,SUSPECTED MINOR INJURY,LOOKED BUT DID NOT SEE,MOTORCYCLE,NEGOTIATING A CURVE,Unknown,Unknown,0,2013,HOND,3.5,62.9,63.1,0.01
Injury Crash,10-12-2022 17:30,Maryland (State),SPENCERVILLE RD,N/A,SINGLE VEHICLE,RAINING,WET,DARK LIGHTS ON,NO CONTROLS,Yes,POSSIBLE INJURY,NOT DISTRACTED,PICKUP TRUCK,MOVING CONSTANT SPEED,East,East,40,1998,FORD,2.8,84.2,44.6,0
Property Damage Crash,10-12-2022 17:30,County,DEMOCRACY BLVD,N/A,SINGLE VEHICLE,RAINING,WET,DAYLIGHT,N/A,Yes,NO APPARENT INJURY,NOT DISTRACTED,PASSENGER CAR,MOVING CONSTANT SPEED,West,West,35,2013,BMW,4.2,63.6,46,0
Property Damage Crash,10-12-2022 17:39,County,NEWPORT MILL RD,N/A,SAME DIR REAR END,CLEAR,DRY,DAYLIGHT,TRAFFIC SIGNAL,No,NO APPARENT INJURY,NOT DISTRACTED,PASSENGER CAR,STOPPED IN TRAFFIC LANE,West,South,35,2011,HONDD,6.5,72.8,56.7,0
Property Damage Crash,10-12-2022 17:39,Maryland (State),FREDERICK RD,N/A,SAME DIRECTION SIDESWIPE,CLEAR,DRY,DARK LIGHTS ON,NO CONTROLS,No,NO APPARENT INJURY,NOT DISTRACTED,"CARGO VAN/LIGHT TRUCK 2 AXLES (OVER 10,000LBS (4,536 KG))",MOVING CONSTANT SPEED,North,North,40,2016,FORD,6.5,76.4,45.1,0
Property Damage Crash,10-12-2022 18:30,Maryland (State),QUINCE ORCHARD RD,N/A,HEAD ON LEFT TURN,CLOUDY,DRY,DAYLIGHT,TRAFFIC SIGNAL,No,NO APPARENT INJURY,NOT DISTRACTED,PASSENGER CAR,STOPPED IN TRAFFIC LANE,West,North,35,2014,INFI,4,80.4,42.4,0
Injury Crash,10-12-2022 18:30,County,CENTERWAY RD,N/A,SAME DIR REAR END,SNOW,SNOW,DAYLIGHT,NO CONTROLS,No,POSSIBLE INJURY,NOT DISTRACTED,(SPORT) UTILITY VEHICLE,SLOWING OR STOPPING,East,East,30,2012,HOND,2.7,69.7,65.3,0
Fatal Crash,10-12-2022 18:53,US (State),COLUMBIA PIKE,N/A,OTHER,RAINING,WET,DARK LIGHTS ON,TRAFFIC SIGNAL,Unknown,SUSPECTED MINOR INJURY,UNKNOWN,PASSENGER CAR,STOPPED IN TRAFFIC LANE,South,South,50,2014,HONDA,1.4,35.1,31.5,0
Injury Crash,10-12-2022 18:53,Maryland (State),UNIVERSITY BLVD W,N/A,HEAD ON LEFT TURN,CLEAR,DRY,DAYLIGHT,NO CONTROLS,No,POSSIBLE INJURY,NOT DISTRACTED,PASSENGER CAR,MOVING CONSTANT SPEED,West,West,35,2015,CHVY,7.3,66.6,47.8,0
Property Damage Crash,10-12-2022 19:00,Municipality,RIO BLVD,GAITHERSBURG,STRAIGHT MOVEMENT ANGLE,CLEAR,DRY,DAYLIGHT,NO CONTROLS,No,NO APPARENT INJURY,NOT DISTRACTED,PASSENGER CAR,MOVING CONSTANT SPEED,East,East,15,2010,VOLK,4.6,71.6,63.6,0
Property Damage Crash,10-12-2022 19:00,Maryland (State),UNIVERSITY BLVD E,N/A,SAME DIRECTION SIDESWIPE,CLOUDY,DRY,DARK LIGHTS ON,N/A,No,NO APPARENT INJURY,NOT DISTRACTED,PASSENGER CAR,MOVING CONSTANT SPEED,East,East,35,2003,CADI,1.7,63.4,54.8,0
Injury Crash,10-12-2022 20:45,County,UNIVERSITY BLVD E SERV RD,N/A,SAME DIRECTION SIDESWIPE,CLEAR,DRY,DARK LIGHTS ON,STOP SIGN,Yes,NO APPARENT INJURY,UNKNOWN,(SPORT) UTILITY VEHICLE,ACCELERATING,West,West,25,2015,FORD,10.2,53.1,50.8,0.16
Property Damage Crash,10-12-2022 21:23,County,BLUERIDGE AVE,N/A,HEAD ON LEFT TURN,CLEAR,DRY,DARK LIGHTS ON,TRAFFIC SIGNAL,No,NO APPARENT INJURY,NOT DISTRACTED,PASSENGER CAR,MOVING CONSTANT SPEED,North,North,35,2007,SUBA,8.6,57.2,48.6,0
Property Damage Crash,10-12-2022 21:23,County,E RANDOLPH RD,N/A,SAME DIR REAR END,CLEAR,DRY,DAYLIGHT,N/A,No,NO APPARENT INJURY,NOT DISTRACTED,PASSENGER CAR,STOPPED IN TRAFFIC LANE,East,East,40,2008,LEXS,6.7,61.1,49.5,0
Property Damage Crash,10-12-2022 21:42,County,SERPENTINE WAY,N/A,OTHER,CLEAR,DRY,DARK LIGHTS ON,NO CONTROLS,No,NO APPARENT INJURY,NOT DISTRACTED,PASSENGER CAR,MOVING CONSTANT SPEED,North,North,10,2015,TOYOTA,9.7,78.2,47.3,0
Property Damage Crash,10-12-2022 21:42,County,CONNECTICUT AVE,N/A,STRAIGHT MOVEMENT ANGLE,RAINING,WET,DAYLIGHT,TRAFFIC SIGNAL,Yes,NO APPARENT INJURY,UNKNOWN,PASSENGER CAR,UNKNOWN,North,North,35,2009,TOYOTA,5.4,89.5,54.3,0
Property Damage Crash,11-12-2022 00:17,,,,OTHER,CLEAR,,DAYLIGHT,N/A,Yes,NO APPARENT INJURY,UNKNOWN,PASSENGER CAR,BACKING,Unknown,Unknown,5,2003,ACCURA,1.4,71.3,58.5,0
Injury Crash,11-12-2022 00:44,US (State),COLESVILLE RD,N/A,SAME DIR REAR END,CLEAR,DRY,DAYLIGHT,NO CONTROLS,Yes,NO APPARENT INJURY,BY MOVING OBJECT IN VEHICLE,PASSENGER CAR,MOVING CONSTANT SPEED,North,North,40,2014,TOYT,5.7,66.6,47.5,0
Injury Crash,11-12-2022 03:00,Maryland (State),QUINCE ORCHARD RD,N/A,ANGLE MEETS RIGHT TURN,CLEAR,DRY,DARK LIGHTS ON,TRAFFIC SIGNAL,Yes,NO APPARENT INJURY,UNKNOWN,PASSENGER CAR,ACCELERATING,North,West,50,2011,DODGE,6.4,57.6,55.7,0
Property Damage Crash,11-12-2022 03:45,County,ASPEN HILL RD,N/A,SAME DIRECTION LEFT TURN,CLEAR,DRY,DAYLIGHT,NO CONTROLS,No,NO APPARENT INJURY,NOT DISTRACTED,PASSENGER CAR,MOVING CONSTANT SPEED,North,North,30,2012,NISSAN,2.1,73.1,31.1,0
Property Damage Crash,11-12-2022 05:25,County,RANDOLPH RD,N/A,HEAD ON LEFT TURN,RAINING,WET,DAYLIGHT,TRAFFIC SIGNAL,No,NO APPARENT INJURY,NOT DISTRACTED,PICKUP TRUCK,MOVING CONSTANT SPEED,East,East,35,2012,NISSAN,2.5,70.8,54.5,0
Property Damage Crash,11-12-2022 07:10,,,,HEAD ON LEFT TURN,CLEAR,,DAYLIGHT,NO CONTROLS,No,NO APPARENT INJURY,NOT DISTRACTED,PASSENGER CAR,MOVING CONSTANT SPEED,South,South,15,2006,TOYOTA,7.9,73.8,60.9,0
Property Damage Crash,11-12-2022 07:55,Maryland (State),GEORGIA AVE,N/A,SAME DIR REAR END,CLEAR,DRY,DAYLIGHT,NO CONTROLS,No,NO APPARENT INJURY,NOT DISTRACTED,(SPORT) UTILITY VEHICLE,SLOWING OR STOPPING,South,South,35,2017,TOYT,4.8,75.1,49.3,0
Injury Crash,11-12-2022 07:55,Maryland (State),PINEY BRANCH RD,N/A,STRAIGHT MOVEMENT ANGLE,CLEAR,DRY,DAYLIGHT,TRAFFIC SIGNAL,Yes,NO APPARENT INJURY,LOOKED BUT DID NOT SEE,PASSENGER CAR,RIGHT TURN ON RED,East,South,30,2011,DODGE,5.2,56.3,34.7,0
Injury Crash,11-12-2022 08:16,Maryland (State),ROCKVILLE PIKE,ROCKVILLE,STRAIGHT MOVEMENT ANGLE,CLEAR,DRY,DAYLIGHT,NO CONTROLS,Yes,NO APPARENT INJURY,UNKNOWN,PASSENGER CAR,ENTERING TRAFFIC LANE,South,East,35,2011,TOYOTA,2.5,66,62.4,0
Property Damage Crash,11-12-2022 08:16,County,E RANDOLPH RD,N/A,SAME DIRECTION SIDESWIPE,CLEAR,DRY,DARK LIGHTS ON,NO CONTROLS,No,NO APPARENT INJURY,NOT DISTRACTED,PICKUP TRUCK,MOVING CONSTANT SPEED,East,East,35,1999,FORD,6.7,52.8,24.8,0
Injury Crash,11-12-2022 08:56,US (State),COLUMBIA PIKE,N/A,STRAIGHT MOVEMENT ANGLE,CLEAR,DRY,DARK LIGHTS ON,TRAFFIC SIGNAL,No,SUSPECTED MINOR INJURY,NOT DISTRACTED,PASSENGER CAR,MAKING LEFT TURN,West,North,45,2017,HOND,3,61.9,54.4,0
Injury Crash,11-12-2022 08:56,County,ASPEN HILL RD,N/A,HEAD ON LEFT TURN,CLEAR,DRY,DAYLIGHT,OTHER,Yes,POSSIBLE INJURY,NOT DISTRACTED,PASSENGER CAR,MOVING CONSTANT SPEED,North,North,25,1997,LEXS,4.8,76.8,46,0
Property Damage Crash,11-12-2022 09:32,US (State),COLESVILLE RD,N/A,SAME DIR REAR END,RAINING,WET,DAWN,NO CONTROLS,No,NO APPARENT INJURY,NOT DISTRACTED,VAN,SLOWING OR STOPPING,South,South,40,2017,FORD,4.8,75.5,45.8,0
Injury Crash,11-12-2022 09:32,Maryland (State),HUNGERFORD DR,ROCKVILLE,SAME DIR REAR END,CLEAR,DRY,DARK LIGHTS ON,TRAFFIC SIGNAL,Yes,POSSIBLE INJURY,NOT DISTRACTED,(SPORT) UTILITY VEHICLE,STARTING FROM LANE,North,North,35,2016,TOYT,2.2,71.2,50.5,0
Injury Crash,11-12-2022 12:11,Maryland (State),VEIRS MILL RD,ROCKVILLE,SAME DIR REAR END,RAINING,WET,DARK LIGHTS ON,TRAFFIC SIGNAL,No,POSSIBLE INJURY,NOT DISTRACTED,PASSENGER CAR,STOPPED IN TRAFFIC LANE,West,West,40,2016,NISSAN,1.7,32.4,28.6,0
Property Damage Crash,11-12-2022 12:11,Maryland (State),FREDERICK RD,N/A,STRAIGHT MOVEMENT ANGLE,CLEAR,DRY,DAYLIGHT,TRAFFIC SIGNAL,Yes,NO APPARENT INJURY,NOT DISTRACTED,(SPORT) UTILITY VEHICLE,MOVING CONSTANT SPEED,South,South,40,1999,TOYT,1.8,51.5,41.7,0
Property Damage Crash,11-12-2022 12:57,Interstate (State),CAPITAL BELTWAY,N/A,SAME DIR REAR END,CLEAR,DRY,DAYLIGHT,NO CONTROLS,Yes,NO APPARENT INJURY,UNKNOWN,PASSENGER CAR,UNKNOWN,East,East,55,2008,HONDA,4,56.3,53.8,0
Property Damage Crash,11-12-2022 12:57,,,,OTHER,CLEAR,,DAYLIGHT,STOP SIGN,Yes,NO APPARENT INJURY,UNKNOWN,PASSENGER CAR,BACKING,East,East,5,2005,TOYOTA,4.8,71.3,45.3,0
Injury Crash,11-12-2022 13:25,County,MONTROSE RD,N/A,SAME DIR REAR END,CLEAR,DRY,DAYLIGHT,TRAFFIC SIGNAL,No,NO APPARENT INJURY,NOT DISTRACTED,PASSENGER CAR,STOPPED IN TRAFFIC LANE,West,West,35,2007,JEEP,4.6,73.3,61.4,0
Injury Crash,11-12-2022 13:25,County,SEVEN LOCKS RD,N/A,STRAIGHT MOVEMENT ANGLE,CLOUDY,WET,DAYLIGHT,STOP SIGN,No,POSSIBLE INJURY,NOT DISTRACTED,PASSENGER CAR,MOVING CONSTANT SPEED,West,West,25,2014,SUBA,5.8,74,60.3,0
Property Damage Crash,11-12-2022 13:50,Maryland (State),HUNGERFORD DR,ROCKVILLE,SAME DIR REAR END,CLEAR,DRY,DAYLIGHT,NO CONTROLS,Yes,NO APPARENT INJURY,NOT DISTRACTED,VAN,SLOWING OR STOPPING,North,North,40,2010,TOYOTA,6.2,76.6,64.3,0
Injury Crash,11-12-2022 14:30,,,,OTHER,N/A,,DAYLIGHT,RAILWAY CROSSING DEVICE,Yes,NO APPARENT INJURY,NOT DISTRACTED,"MEDIUM/HEAVY TRUCKS 3 AXLES (OVER 10,000LBS (4,536KG))",OTHER,South,West,30,2003,INTERNATIONAL,2.2,66,65.5,0
Injury Crash,11-12-2022 14:30,Maryland (State),GEORGIA AVE,N/A,SAME DIR REAR END,CLEAR,N/A,DAYLIGHT,N/A,Yes,POSSIBLE INJURY,NOT DISTRACTED,PASSENGER CAR,MOVING CONSTANT SPEED,South,South,40,2015,NISSAN,3,59.8,42.6,0
Injury Crash,11-12-2022 15:30,Maryland (State),BUCKLODGE RD,N/A,STRAIGHT MOVEMENT ANGLE,CLEAR,DRY,DAYLIGHT,STOP SIGN,No,POSSIBLE INJURY,NOT DISTRACTED,"OTHER LIGHT TRUCKS (10,000LBS (4,536KG) OR LESS)",MOVING CONSTANT SPEED,West,West,40,2005,CHEVY,4,55.6,50.3,0
Injury Crash,11-12-2022 15:34,County,BRIGGS CHANEY RD,N/A,SINGLE VEHICLE,N/A,DRY,DAYLIGHT,NO CONTROLS,Yes,POSSIBLE INJURY,OTHER DISTRACTION,PASSENGER CAR,MOVING CONSTANT SPEED,East,East,35,2006,TOYT,4.2,67.5,56.9,0
Property Damage Crash,11-12-2022 15:34,Government,CLARA BARTON PKWY,N/A,OTHER,RAINING,WET,DAYLIGHT,NO CONTROLS,No,NO APPARENT INJURY,NOT DISTRACTED,PASSENGER CAR,NEGOTIATING A CURVE,North,North,20,2004,ACURA,0.9,56.3,50.4,0
Injury Crash,11-12-2022 16:11,County,BEL PRE RD,N/A,SAME DIR REAR END,RAINING,WET,DAYLIGHT,NO CONTROLS,No,NO APPARENT INJURY,NOT DISTRACTED,PASSENGER CAR,STOPPED IN TRAFFIC LANE,East,East,25,2011,HONDA,1,50.2,47.2,0
Property Damage Crash,11-12-2022 16:11,Maryland (State),ROCKVILLE PIKE,N/A,STRAIGHT MOVEMENT ANGLE,CLOUDY,WET,DAYLIGHT,STOP SIGN,Yes,NO APPARENT INJURY,LOOKED BUT DID NOT SEE,PASSENGER CAR,ENTERING TRAFFIC LANE,South,South,40,2016,NISSAN,2.4,70,42.7,0
Injury Crash,11-12-2022 16:41,Maryland (State),W MONTGOMERY AVE,ROCKVILLE,STRAIGHT MOVEMENT ANGLE,CLEAR,DRY,DAYLIGHT,TRAFFIC SIGNAL,No,SUSPECTED MINOR INJURY,NOT DISTRACTED,PASSENGER CAR,MOVING CONSTANT SPEED,North,North,30,2004,ACUR,2,71.3,68.8,0
Injury Crash,11-12-2022 16:41,Municipality,MARYLAND AVE,ROCKVILLE,STRAIGHT MOVEMENT ANGLE,CLEAR,DRY,DUSK,N/A,No,NO APPARENT INJURY,NOT DISTRACTED,PASSENGER CAR,MOVING CONSTANT SPEED,East,East,25,2018,CHRYSLER,5,61.5,55.9,0
Property Damage Crash,11-12-2022 16:41,County,REDLAND RD,N/A,SAME DIRECTION SIDESWIPE,CLOUDY,DRY,DAYLIGHT,TRAFFIC SIGNAL,Yes,NO APPARENT INJURY,OTHER DISTRACTION,PASSENGER CAR,MOVING CONSTANT SPEED,South,South,35,2005,HOND,3.4,59.6,52.6,0
Property Damage Crash,11-12-2022 16:46,Municipality,ROSEMARY ST,N/A,SAME DIRECTION SIDESWIPE,CLEAR,DRY,DAYLIGHT,N/A,Yes,NO APPARENT INJURY,LOOKED BUT DID NOT SEE,SCHOOL BUS,MOVING CONSTANT SPEED,East,East,15,2019,THOMAS,3.4,70.6,56.8,0
Injury Crash,11-12-2022 16:46,Maryland (State),NEW HAMPSHIRE AVE,N/A,HEAD ON LEFT TURN,CLEAR,DRY,DAWN,NO CONTROLS,Yes,NO APPARENT INJURY,LOOKED BUT DID NOT SEE,PASSENGER CAR,MAKING LEFT TURN,West,West,40,2014,CHRY,3.2,69.2,59.6,0
Property Damage Crash,11-12-2022 16:53,Maryland (State),GREAT SENECA HWY,N/A,SAME DIR REAR END,CLEAR,DRY,DAYLIGHT,TRAFFIC SIGNAL,Yes,NO APPARENT INJURY,NOT DISTRACTED,PASSENGER CAR,SLOWING OR STOPPING,North,North,50,2013,HYUN,1.3,57,50.9,0
Property Damage Crash,11-12-2022 17:35,County,CROMWELL DR,N/A,SINGLE VEHICLE,CLEAR,DRY,DAYLIGHT,TRAFFIC SIGNAL,Yes,NO APPARENT INJURY,NOT DISTRACTED,PASSENGER CAR,MAKING LEFT TURN,East,South,35,2019,HONDA,7.9,64,56.6,0
Property Damage Crash,11-12-2022 17:35,Maryland (State),GEORGIA AVE,N/A,SAME DIR REAR END,CLEAR,DRY,DAYLIGHT,TRAFFIC SIGNAL,No,NO APPARENT INJURY,NOT DISTRACTED,PASSENGER CAR,SLOWING OR STOPPING,South,South,45,2005,TOYT,1,64,59.2,0
Injury Crash,11-12-2022 18:03,County,CHERRY HILL RD,N/A,SAME DIR REAR END,RAINING,WET,DUSK,NO CONTROLS,No,POSSIBLE INJURY,NOT DISTRACTED,OTHER,SLOWING OR STOPPING,South,South,40,2007,TOYOTA,4.3,66.7,42.3,0
Property Damage Crash,11-12-2022 18:03,County,MIDDLEBROOK RD,N/A,SAME DIR REAR END,CLEAR,DRY,DAYLIGHT,TRAFFIC SIGNAL,Yes,NO APPARENT INJURY,OTHER DISTRACTION,PASSENGER CAR,MOVING CONSTANT SPEED,East,East,40,2001,MERZ,5,62.3,56.6,0
Property Damage Crash,11-12-2022 18:30,,,,SINGLE VEHICLE,RAINING,,DAYLIGHT,N/A,Yes,NO APPARENT INJURY,NOT DISTRACTED,FIRE VEHICLE/EMERGENCY,BACKING,East,East,15,2005,PIER,2.7,55.6,52.9,0
Property Damage Crash,11-12-2022 18:30,Maryland (State),WOODFIELD RD,N/A,SINGLE VEHICLE,CLEAR,DRY,DARK NO LIGHTS,N/A,No,NO APPARENT INJURY,NOT DISTRACTED,PASSENGER CAR,MOVING CONSTANT SPEED,South,South,40,2015,SUBA,5.6,74.6,40.5,0
Property Damage Crash,11-12-2022 19:40,County,BONIFANT RD,N/A,SAME DIR REAR END,SNOW,SNOW,DARK LIGHTS ON,N/A,No,NO APPARENT INJURY,NOT DISTRACTED,,SLOWING OR STOPPING,East,East,35,0,UNKNOWN,3.5,50.4,29.2,0
Property Damage Crash,11-12-2022 20:38,County,FATHER HURLEY BLVD,N/A,SAME DIR REAR END,CLEAR,DRY,DAYLIGHT,TRAFFIC SIGNAL,Yes,NO APPARENT INJURY,NOT DISTRACTED,"CARGO VAN/LIGHT TRUCK 2 AXLES (OVER 10,000LBS (4,536 KG))",STARTING FROM LANE,South,South,50,2003,FORD,1,59.2,43.9,0
Property Damage Crash,11-12-2022 20:38,Maryland (State),CLOPPER RD,N/A,SAME DIR REAR END,CLEAR,DRY,DAYLIGHT,N/A,No,NO APPARENT INJURY,NOT DISTRACTED,PASSENGER CAR,SLOWING OR STOPPING,East,East,40,2017,WAUANAF47HN036334,17.6,72.3,50.8,0
Property Damage Crash,11-12-2022 20:57,County,SHADY GROVE RD,ROCKVILLE,HEAD ON LEFT TURN,CLOUDY,DRY,DAYLIGHT,TRAFFIC SIGNAL,No,NO APPARENT INJURY,NOT DISTRACTED,PASSENGER CAR,MOVING CONSTANT SPEED,South,South,35,1999,JEEP,5.5,53.1,30.2,0
Property Damage Crash,11-12-2022 20:57,Maryland (State),DARNESTOWN RD,N/A,SINGLE VEHICLE,N/A,ICE,DARK NO LIGHTS,N/A,Yes,NO APPARENT INJURY,NOT DISTRACTED,PASSENGER CAR,MOVING CONSTANT SPEED,East,West,50,2006,FORD,1.9,42.8,31.1,0
Injury Crash,11-12-2022 22:27,Maryland (State),CONNECTICUT AVE,CHEVY CHASE #4,SAME DIR REAR END,CLEAR,DRY,DARK LIGHTS ON,NO CONTROLS,No,NO APPARENT INJURY,NOT DISTRACTED,PASSENGER CAR,SLOWING OR STOPPING,North,North,35,2018,TOYOTA,5,79,50.6,0
Injury Crash,11-12-2022 22:27,County,SHADY GROVE RD,N/A,HEAD ON LEFT TURN,CLEAR,DRY,DAYLIGHT,TRAFFIC SIGNAL,Yes,POSSIBLE INJURY,LOOKED BUT DID NOT SEE,PASSENGER CAR,MAKING LEFT TURN,West,North,40,2009,TOYOTA,1.8,61.5,51.6,0
Property Damage Crash,11-12-2022 23:11,County,MUDDY BRANCH RD,GAITHERSBURG,HEAD ON LEFT TURN,CLEAR,DRY,DAYLIGHT,TRAFFIC SIGNAL,No,NO APPARENT INJURY,NOT DISTRACTED,PASSENGER CAR,MOVING CONSTANT SPEED,East,East,45,2017,NISS,3.6,49.6,44.7,0.03
Property Damage Crash,11-12-2022 23:28,County,KENSINGTON BLVD,N/A,OTHER,CLOUDY,DRY,DARK -- UNKNOWN LIGHTING,NO CONTROLS,Yes,NO APPARENT INJURY,UNKNOWN,PASSENGER CAR,MOVING CONSTANT SPEED,Unknown,Unknown,25,2008,MAZDA,5.8,54.7,27.8,0
Property Damage Crash,12-12-2022 01:19,County,ARCOLA AVE,N/A,HEAD ON LEFT TURN,CLEAR,DRY,DAYLIGHT,NO CONTROLS,No,NO APPARENT INJURY,NOT DISTRACTED,MOTORCYCLE,MOVING CONSTANT SPEED,East,East,35,2003,HONDA,4.3,67.7,50.7,0
Property Damage Crash,12-12-2022 01:19,County,MONTGOMERY VILLAGE AVE,N/A,SAME DIR REAR END,CLEAR,DRY,DAYLIGHT,N/A,Yes,NO APPARENT INJURY,UNKNOWN,PASSENGER CAR,MOVING CONSTANT SPEED,North,North,35,2003,CHEV,1,49,45.9,0
Property Damage Crash,12-12-2022 03:04,County,MUDDY BRANCH RD,N/A,STRAIGHT MOVEMENT ANGLE,CLOUDY,DRY,DARK LIGHTS ON,TRAFFIC SIGNAL,No,NO APPARENT INJURY,NOT DISTRACTED,PASSENGER CAR,MOVING CONSTANT SPEED,South,South,45,2007,HONDA,3.4,55.6,52.3,0