ACRS Report Type,Date and Time,Route Type,Road Name,Municipality,Collision Type,Weather,Surface Condition,Light,Traffic Control,Driver At Fault,Injury Severity,Driver Distracted By,Vehicle Body Type,Vehicle Movement,Vehicle Continuing Dir,Vehicle Going Dir,Speed Limit,Vehicle Year,Vehicle Make,Wind Speed (MPH),TMP10-DK ,Relative Humidity (%),Rain (Inches)
Injury Crash,12-12-2022 04:32,Municipality,WOOTTON PKWY,ROCKVILLE,HEAD ON LEFT TURN,N/A,DRY,DAYLIGHT,TRAFFIC SIGNAL,Yes,NO APPARENT INJURY,INATTENTIVE OR LOST IN THOUGHT,OTHER,MAKING U TURN,West,East,40,2015,HYUN,1.6,33.2,30.4,0
Property Damage Crash,12-12-2022 04:32,Maryland (State),BRADLEY BLVD,N/A,STRAIGHT MOVEMENT ANGLE,CLOUDY,DRY,DAYLIGHT,STOP SIGN,Yes,NO APPARENT INJURY,LOOKED BUT DID NOT SEE,PASSENGER CAR,ENTERING TRAFFIC LANE,West,West,35,2014,JEEP,5.5,63,42,0
Property Damage Crash,12-12-2022 06:24,US (State),COLESVILLE RD,N/A,SAME DIR REND RIGHT TURN,CLEAR,DRY,DAYLIGHT,NO CONTROLS,Yes,NO APPARENT INJURY,UNKNOWN,PASSENGER CAR,CHANGING LANES,North,North,35,2022,HONDA,6,78.4,66.1,0
Injury Crash,12-12-2022 06:24,Maryland (State),NEW HAMPSHIRE AVE,N/A,SINGLE VEHICLE,CLEAR,DRY,DAYLIGHT,TRAFFIC SIGNAL,Yes,POSSIBLE INJURY,NOT DISTRACTED,PASSENGER CAR,MOVING CONSTANT SPEED,South,South,40,2011,HONDA`,16.9,85.3,59.3,0
Property Damage Crash,12-12-2022 07:17,County,RANDOLPH RD,N/A,STRAIGHT MOVEMENT ANGLE,CLEAR,DRY,DAYLIGHT,STOP SIGN,No,NO APPARENT INJURY,NOT DISTRACTED,PASSENGER CAR,MOVING CONSTANT SPEED,East,East,30,2003,HOND,2.5,48.3,47,0
Property Damage Crash,12-12-2022 07:17,County,MERRIMAC DR,N/A,SINGLE VEHICLE,UNKNOWN,N/A,DARK LIGHTS ON,N/A,Yes,NO APPARENT INJURY,UNKNOWN,PICKUP TRUCK,MAKING LEFT TURN,South,West,35,2010,CHEV,10.4,70.9,46.7,0
Property Damage Crash,12-12-2022 07:52,Interstate (State),CAPITAL BELTWAY,N/A,SAME DIR REAR END,CLEAR,DRY,DAYLIGHT,NO CONTROLS,No,NO APPARENT INJURY,NOT DISTRACTED,VAN,STOPPED IN TRAFFIC LANE,West,West,55,2010,FORD,1.2,67.1,56.4,0
Property Damage Crash,12-12-2022 07:52,Maryland (State),CONNECTICUT AVE,N/A,SINGLE VEHICLE,CLEAR,DRY,DARK LIGHTS ON,TRAFFIC SIGNAL,Yes,NO APPARENT INJURY,UNKNOWN,PASSENGER CAR,MOVING CONSTANT SPEED,North,North,35,2014,CHEVY,15,65.7,53.8,0
Property Damage Crash,12-12-2022 09:00,Maryland (State),KEMPTOWN RD,N/A,SINGLE VEHICLE,CLEAR,DRY,DARK NO LIGHTS,NO CONTROLS,Yes,NO APPARENT INJURY,NOT DISTRACTED,PASSENGER CAR,MOVING CONSTANT SPEED,East,East,40,2003,HONDA,2.1,71.2,45.9,0
Injury Crash,12-12-2022 09:00,Maryland (State),WOODFIELD RD,N/A,STRAIGHT MOVEMENT ANGLE,CLEAR,DRY,DUSK,TRAFFIC SIGNAL,Yes,NO APPARENT INJURY,NOT DISTRACTED,PASSENGER CAR,MOVING CONSTANT SPEED,East,East,40,2003,TOYOTA,6.9,78.2,63.2,0
Injury Crash,12-12-2022 09:17,Maryland (State),GEORGIA AVE,N/A,STRAIGHT MOVEMENT ANGLE,CLEAR,DRY,DUSK,TRAFFIC SIGNAL,No,NO APPARENT INJURY,UNKNOWN,PASSENGER CAR,MOVING CONSTANT SPEED,South,South,35,2020,TOYOTA,8.5,46.8,31.6,0
Injury Crash,12-12-2022 09:18,Maryland (State),CONNECTICUT AVE,N/A,HEAD ON LEFT TURN,RAINING,WET,DAYLIGHT,N/A,No,SUSPECTED MINOR INJURY,NOT DISTRACTED,PASSENGER CAR,ENTERING TRAFFIC LANE,North,West,40,2007,TOYOTA,2.2,70.4,61.2,0
Property Damage Crash,12-12-2022 09:18,US (State),COLUMBIA PIKE,N/A,STRAIGHT MOVEMENT ANGLE,CLEAR,DRY,DAYLIGHT,TRAFFIC SIGNAL,Yes,NO APPARENT INJURY,OTHER ELECTRONIC DEVICE (NAVIGATIONAL PALM PILOT),PASSENGER CAR,MOVING CONSTANT SPEED,North,North,50,2018,NISSAN,4.6,83.7,67.5,0
Injury Crash,12-12-2022 12:10,Maryland (State),W MONTGOMERY AVE,ROCKVILLE,SAME DIR REAR END,CLEAR,DRY,DAYLIGHT,TRAFFIC SIGNAL,Yes,NO APPARENT INJURY,LOOKED BUT DID NOT SEE,PASSENGER CAR,SLOWING OR STOPPING,East,East,45,2015,DODGE,4.5,41.6,29.5,0
Injury Crash,12-12-2022 12:10,Maryland (State),NEW HAMPSHIRE AVE,N/A,SAME DIR REAR END,WINTRY MIX,SNOW,DAYLIGHT,N/A,No,SUSPECTED MINOR INJURY,NOT DISTRACTED,PASSENGER CAR,STARTING FROM LANE,North,North,40,2010,TOYOTA,6,62.4,24,0
Property Damage Crash,12-12-2022 13:00,Maryland (State),EAST WEST HWY,N/A,OTHER,RAINING,WET,DAYLIGHT,TRAFFIC SIGNAL,Yes,NO APPARENT INJURY,UNKNOWN,PICKUP TRUCK,PASSING,South,East,35,2023,UU,3.4,58.7,56.8,0
Injury Crash,12-12-2022 13:10,County,WISTERIA DR,N/A,OTHER,CLEAR,DRY,DARK LIGHTS ON,NO CONTROLS,Yes,POSSIBLE INJURY,UNKNOWN,PASSENGER CAR,MOVING CONSTANT SPEED,West,West,30,2013,TOYOTA,5,74.9,52,0
Property Damage Crash,12-12-2022 13:10,Maryland (State),NEW HAMPSHIRE AVE,N/A,STRAIGHT MOVEMENT ANGLE,CLEAR,DRY,DAYLIGHT,N/A,Yes,NO APPARENT INJURY,NOT DISTRACTED,PICKUP TRUCK,MAKING LEFT TURN,South,North,45,2002,TOYT,5.8,56.6,47.6,0
Injury Crash,12-12-2022 13:31,Maryland (State),DARNESTOWN RD,N/A,HEAD ON LEFT TURN,CLEAR,DRY,DARK LIGHTS ON,TRAFFIC SIGNAL,No,NO APPARENT INJURY,NOT DISTRACTED,PASSENGER CAR,MAKING LEFT TURN,South,West,35,2015,CHEV,3.8,47.4,44.4,0.03
Injury Crash,12-12-2022 13:31,Maryland (State),VEIRS MILL RD,N/A,SAME DIRECTION SIDESWIPE,N/A,DRY,DAYLIGHT,NO CONTROLS,No,POSSIBLE INJURY,NOT DISTRACTED,PASSENGER CAR,MOVING CONSTANT SPEED,East,East,40,2009,HONDA,6.3,62.9,40.2,0
Injury Crash,12-12-2022 13:38,County,CLEARBROOK LA,N/A,OTHER,CLEAR,DRY,DAYLIGHT,N/A,Yes,POSSIBLE INJURY,LOOKED BUT DID NOT SEE,(SPORT) UTILITY VEHICLE,MOVING CONSTANT SPEED,East,East,15,2018,CHEVEROLET,6.9,68.5,31.1,0
Property Damage Crash,12-12-2022 13:38,County,KINGSVIEW VILLAGE AVE,N/A,STRAIGHT MOVEMENT ANGLE,CLEAR,DRY,DARK LIGHTS ON,STOP SIGN,Yes,NO APPARENT INJURY,NOT DISTRACTED,PASSENGER CAR,ACCELERATING,West,West,30,2014,HONDA,4.7,53.6,32,0
Property Damage Crash,12-12-2022 14:01,Maryland (State),NEW HAMPSHIRE AVE,N/A,SAME DIRECTION SIDESWIPE,N/A,DRY,DAYLIGHT,TRAFFIC SIGNAL,Yes,NO APPARENT INJURY,UNKNOWN,PASSENGER CAR,MOVING CONSTANT SPEED,North,North,40,2017,TOYOTA,1.1,47.8,46,0
Injury Crash,12-12-2022 14:01,Interstate (State),CAPITAL BELTWAY,N/A,SAME DIR REAR END,CLEAR,DRY,DARK LIGHTS ON,TRAFFIC SIGNAL,Yes,NO APPARENT INJURY,UNKNOWN,PASSENGER CAR,NEGOTIATING A CURVE,South,East,55,2002,SUBARU,3,68.9,48.3,0
Injury Crash,12-12-2022 15:02,County,HINES RD,N/A,HEAD ON,CLEAR,DRY,DARK LIGHTS ON,NO CONTROLS,No,SUSPECTED MINOR INJURY,NOT DISTRACTED,"OTHER LIGHT TRUCKS (10,000LBS (4,536KG) OR LESS)",MOVING CONSTANT SPEED,East,East,35,2012,HOND,2.6,44.8,36.6,0
Property Damage Crash,12-12-2022 15:10,Maryland (State),MUNCASTER MILL RD,N/A,SAME DIR REAR END,CLEAR,DRY,DAYLIGHT,NO CONTROLS,No,NO APPARENT INJURY,NOT DISTRACTED,PASSENGER CAR,STOPPED IN TRAFFIC LANE,East,South,35,2007,FORD,1.7,48.2,44.8,0
Injury Crash,12-12-2022 16:11,Maryland (State),GEORGIA AVE,N/A,STRAIGHT MOVEMENT ANGLE,CLEAR,DRY,DARK LIGHTS ON,TRAFFIC SIGNAL,No,SUSPECTED MINOR INJURY,NOT DISTRACTED,PASSENGER CAR,MOVING CONSTANT SPEED,North,North,35,2013,HYUN,1.8,32.3,26.8,0
Injury Crash,12-12-2022 16:33,Maryland (State),SPENCERVILLE RD,N/A,HEAD ON LEFT TURN,RAINING,WET,DAYLIGHT,STOP SIGN,Yes,NO APPARENT INJURY,LOOKED BUT DID NOT SEE,VAN,MAKING LEFT TURN,East,East,35,2004,TOYOTA,6.6,63.9,45.6,0
Property Damage Crash,12-12-2022 16:43,Maryland (State),WOODFIELD RD,N/A,SAME DIR REAR END,CLEAR,DRY,DARK LIGHTS ON,TRAFFIC SIGNAL,No,NO APPARENT INJURY,NOT DISTRACTED,PASSENGER CAR,SLOWING OR STOPPING,South,South,35,2013,HOND,8.6,65.3,37.6,0
Property Damage Crash,12-12-2022 16:43,Maryland (State),UNIVERSITY BLVD W,N/A,SAME DIR REAR END,CLEAR,DRY,DUSK,NO CONTROLS,Yes,NO APPARENT INJURY,UNKNOWN,PASSENGER CAR,PARKING,West,West,35,2016,CHEVY,2.9,68.1,60.2,0
Property Damage Crash,12-12-2022 16:44,Maryland (State),FREDERICK RD,GAITHERSBURG,STRAIGHT MOVEMENT ANGLE,CLEAR,DRY,DARK LIGHTS ON,FLASHING TRAFFIC SIGNAL,No,NO APPARENT INJURY,NOT DISTRACTED,PASSENGER CAR,MOVING CONSTANT SPEED,South,South,40,2005,HONDA,2.7,61.4,36.7,0
Property Damage Crash,12-12-2022 16:44,,,,STRAIGHT MOVEMENT ANGLE,CLEAR,,DARK LIGHTS ON,N/A,Yes,NO APPARENT INJURY,NOT DISTRACTED,POLICE VEHICLE/NON EMERGENCY,STARTING FROM PARKED,South,South,0,2012,DODGE,1.6,74.5,53.2,0
Injury Crash,12-12-2022 17:37,Maryland (State),MUNCASTER MILL RD,N/A,SAME DIR REAR END,CLEAR,N/A,DARK LIGHTS ON,N/A,Yes,NO APPARENT INJURY,NOT DISTRACTED,(SPORT) UTILITY VEHICLE,SLOWING OR STOPPING,West,West,35,2002,FORD,3.9,58.9,58.7,0.01
Injury Crash,12-12-2022 17:37,Municipality,S SUMMIT AVE,GAITHERSBURG,STRAIGHT MOVEMENT ANGLE,N/A,DRY,DAYLIGHT,NO CONTROLS,Yes,POSSIBLE INJURY,LOOKED BUT DID NOT SEE,PASSENGER CAR,ENTERING TRAFFIC LANE,North,West,25,2017,TOYT,2.8,65.1,59.3,0
Property Damage Crash,12-12-2022 17:37,Maryland (State),UNIVERSITY BLVD E,N/A,SAME DIR REAR END,CLEAR,N/A,DAYLIGHT,TRAFFIC SIGNAL,No,NO APPARENT INJURY,NOT DISTRACTED,PASSENGER CAR,SLOWING OR STOPPING,East,East,40,2016,FORD,6.7,72.8,48.6,0
Property Damage Crash,12-12-2022 17:37,County,CLUB HOUSE RD,N/A,HEAD ON LEFT TURN,CLEAR,DRY,DAYLIGHT,NO CONTROLS,No,NO APPARENT INJURY,NOT DISTRACTED,PASSENGER CAR,MOVING CONSTANT SPEED,West,West,30,2015,CHEV,14.1,50.1,40.8,0
Injury Crash,12-12-2022 17:40,County,BEL PRE RD,N/A,HEAD ON LEFT TURN,CLEAR,DRY,DAYLIGHT,TRAFFIC SIGNAL,Unknown,POSSIBLE INJURY,NOT DISTRACTED,PASSENGER CAR,MOVING CONSTANT SPEED,West,West,35,2017,JEEP,2.7,77.4,71.4,0
Injury Crash,12-12-2022 17:40,Maryland (State),GREAT SENECA HWY,N/A,SINGLE VEHICLE,CLEAR,DRY,DARK LIGHTS ON,N/A,No,SUSPECTED SERIOUS INJURY,NOT DISTRACTED,MOTORCYCLE,MOVING CONSTANT SPEED,South,South,55,2001,HONDA,1.9,67.8,43,0
Property Damage Crash,12-12-2022 18:00,County,GREENTREE RD,N/A,SAME DIR REAR END,CLEAR,DRY,DAYLIGHT,TRAFFIC SIGNAL,Yes,NO APPARENT INJURY,BY MOVING OBJECT IN VEHICLE,PASSENGER CAR,MOVING CONSTANT SPEED,East,East,30,2007,SUBARU,7.6,46.1,31.9,0
Property Damage Crash,12-12-2022 18:00,Maryland (State),MONTGOMERY AVE,N/A,SAME DIRECTION SIDESWIPE,CLEAR,UNKNOWN,DAYLIGHT,NO CONTROLS,No,NO APPARENT INJURY,NOT DISTRACTED,PASSENGER CAR,MOVING CONSTANT SPEED,East,East,25,2006,MITSUBISHI,1.2,42.1,32.3,0
Injury Crash,12-12-2022 18:00,Maryland (State),OLNEY SANDY SPRING RD,N/A,SAME DIR REAR END,RAINING,WET,DAYLIGHT,NO CONTROLS,No,POSSIBLE INJURY,NOT DISTRACTED,PASSENGER CAR,SLOWING OR STOPPING,East,East,30,2016,CHRYSLER,1.5,48.2,31.7,0
Property Damage Crash,12-12-2022 18:00,Maryland (State),CARROLL AVE,N/A,SAME DIR REAR END,CLEAR,DRY,DAWN,TRAFFIC SIGNAL,No,NO APPARENT INJURY,NOT DISTRACTED,(SPORT) UTILITY VEHICLE,STOPPED IN TRAFFIC LANE,North,North,30,2004,HONDA,2.3,45.1,42,0
Injury Crash,12-12-2022 18:11,Municipality,N SUMMIT AVE,GAITHERSBURG,SAME DIR REAR END,CLEAR,DRY,DUSK,N/A,No,POSSIBLE INJURY,NOT DISTRACTED,PASSENGER CAR,SLOWING OR STOPPING,West,West,25,2009,HOND,5.2,70.6,52,0
Property Damage Crash,12-12-2022 18:11,Municipality,ELM AVE,N/A,STRAIGHT MOVEMENT ANGLE,CLEAR,DRY,DAYLIGHT,N/A,Yes,NO APPARENT INJURY,UNKNOWN,PASSENGER CAR,OTHER,North,North,15,2016,TOYOTA,1.8,66.3,61.7,0
Property Damage Crash,12-12-2022 18:15,Maryland (State),ROCKVILLE PIKE,N/A,HEAD ON LEFT TURN,CLEAR,DRY,DAYLIGHT,NO CONTROLS,No,NO APPARENT INJURY,NOT DISTRACTED,PASSENGER CAR,MOVING CONSTANT SPEED,North,North,45,2010,TOYOTA,4.2,55.5,31,0
Injury Crash,12-12-2022 19:00,US (State),COLESVILLE RD,N/A,HEAD ON LEFT TURN,CLEAR,WET,DAYLIGHT,TRAFFIC SIGNAL,Yes,NO APPARENT INJURY,NOT DISTRACTED,PASSENGER CAR,SLOWING OR STOPPING,North,North,35,2004,FORD,1.6,74.7,68.6,0
Property Damage Crash,12-12-2022 19:00,Maryland (State),GEORGIA AVE,N/A,SAME DIR BOTH LEFT TURN,CLEAR,WET,DARK LIGHTS ON,N/A,Yes,NO APPARENT INJURY,UNKNOWN,,MAKING LEFT TURN,North,North,50,0,UNKNOWN,2.1,69.8,57.8,0
Injury Crash,12-12-2022 19:15,Maryland (State),UNIVERSITY BLVD W,N/A,ANGLE MEETS LEFT HEAD ON,CLEAR,DRY,DAYLIGHT,TRAFFIC SIGNAL,No,SUSPECTED MINOR INJURY,UNKNOWN,PASSENGER CAR,MOVING CONSTANT SPEED,West,West,35,2005,TOYOTA,4.2,49.6,34.5,0
Injury Crash,12-12-2022 19:15,Maryland (State),WOODFIELD RD,N/A,SAME DIR REAR END,CLEAR,DRY,DAYLIGHT,NO CONTROLS,Yes,POSSIBLE INJURY,DISTRACTED BY OUTSIDE PERSON OBJECT OR EVENT,MOPED,MOVING CONSTANT SPEED,North,North,30,2005,VESPA,6.2,62.4,51.3,0
Injury Crash,12-12-2022 19:30,County,CLEARFIELD RD,N/A,STRAIGHT MOVEMENT ANGLE,CLOUDY,DRY,DAYLIGHT,STOP SIGN,No,POSSIBLE INJURY,NOT DISTRACTED,VAN,MOVING CONSTANT SPEED,East,East,25,2008,CHEVROLET,5,74.5,62.2,0
Property Damage Crash,12-12-2022 19:30,,,,SINGLE VEHICLE,CLEAR,,DAYLIGHT,NO CONTROLS,Yes,NO APPARENT INJURY,UNKNOWN,PASSENGER CAR,STARTING FROM PARKED,North,North,5,2018,JEEP,2.7,45,41,0
Property Damage Crash,12-12-2022 19:46,Maryland (State),OLNEY SANDY SPRING RD,N/A,HEAD ON LEFT TURN,CLEAR,DRY,DAYLIGHT,TRAFFIC SIGNAL,Yes,NO APPARENT INJURY,LOOKED BUT DID NOT SEE,RECREATIONAL VEHICLE,MAKING LEFT TURN,South,West,40,2004,LEXU,1.5,37.4,30.1,0
Property Damage Crash,12-12-2022 19:46,US (State),COLUMBIA PIKE,N/A,OPPOSITE DIRECTION SIDESWIPE,CLEAR,DRY,DAYLIGHT,NO CONTROLS,No,NO APPARENT INJURY,NOT DISTRACTED,PASSENGER CAR,SLOWING OR STOPPING,South,South,30,2015,CHRYSLER,1.2,36.3,30,0
Property Damage Crash,12-12-2022 21:01,County,GARRETT RD,N/A,ANGLE MEETS LEFT TURN,CLEAR,DRY,DAYLIGHT,STOP SIGN,Yes,NO APPARENT INJURY,LOOKED BUT DID NOT SEE,VAN,MAKING LEFT TURN,North,East,25,2010,TOYOTA,5.6,68.6,54.8,0
Property Damage Crash,12-12-2022 21:01,US (State),COLESVILLE RD,N/A,SAME DIRECTION SIDESWIPE,CLEAR,DRY,DARK -- UNKNOWN LIGHTING,NO CONTROLS,No,NO APPARENT INJURY,NOT DISTRACTED,TRANSIT BUS,MOVING CONSTANT SPEED,Unknown,Unknown,30,2016,TBU,1.1,62.5,51.8,0
Injury Crash,12-12-2022 22:49,Maryland (State),FREDERICK RD,N/A,SAME DIR REAR END,CLEAR,DRY,DAYLIGHT,TRAFFIC SIGNAL,No,NO APPARENT INJURY,NOT DISTRACTED,PASSENGER CAR,STOPPED IN TRAFFIC LANE,North,North,45,2018,HONDA,2.1,65.1,50.5,0
Injury Crash,12-12-2022 22:49,Maryland (State),W DIAMOND AVE,N/A,SAME DIR REAR END,CLEAR,DRY,DARK LIGHTS ON,NO CONTROLS,No,POSSIBLE INJURY,NOT DISTRACTED,PASSENGER CAR,STOPPED IN TRAFFIC LANE,East,East,35,2013,TOYOTA,15.3,69.4,42.2,0
Property Damage Crash,12-12-2022 23:19,Maryland (State),CONNECTICUT AVE,N/A,SAME DIR REAR END,CLEAR,DRY,DAYLIGHT,TRAFFIC SIGNAL,Yes,NO APPARENT INJURY,NOT DISTRACTED,PASSENGER CAR,MOVING CONSTANT SPEED,North,North,45,2000,FORD,6.7,80.3,66,0
Injury Crash,12-12-2022 23:19,Maryland (State),FREDERICK RD,GAITHERSBURG,SAME DIR REAR END,CLEAR,DRY,DAYLIGHT,TRAFFIC SIGNAL,No,SUSPECTED MINOR INJURY,NOT DISTRACTED,(SPORT) UTILITY VEHICLE,STOPPED IN TRAFFIC LANE,South,South,35,2009,HOND,3.9,66.2,59.7,0
Property Damage Crash,12-12-2022 23:19,Interstate (State),EISENHOWER MEMORIAL HWY,N/A,SAME DIR REAR END,CLEAR,DRY,DAYLIGHT,NO CONTROLS,No,NO APPARENT INJURY,NOT DISTRACTED,PASSENGER CAR,STOPPED IN TRAFFIC LANE,South,South,55,2011,TOYOTA,4.9,57.8,50,0
Property Damage Crash,01-01-2023 00:49,Maryland (State),ROCKVILLE PIKE,ROCKVILLE,STRAIGHT MOVEMENT ANGLE,SEVERE WINDS,DRY,DARK LIGHTS ON,TRAFFIC SIGNAL,Yes,NO APPARENT INJURY,LOOKED BUT DID NOT SEE,PASSENGER CAR,MAKING LEFT TURN,East,South,35,2011,TOYOTA,6.5,74,43,0
Injury Crash,01-01-2023 00:49,Maryland (State),LAYHILL RD,N/A,SAME DIR REAR END,CLEAR,DRY,DUSK,NO CONTROLS,No,NO APPARENT INJURY,NOT DISTRACTED,PASSENGER CAR,MAKING LEFT TURN,North,North,40,2009,BMW,2.9,61.9,60.4,0
Property Damage Crash,01-01-2023 03:58,Maryland (State),ROCKVILLE PIKE,ROCKVILLE,STRAIGHT MOVEMENT ANGLE,CLOUDY,DRY,DUSK,TRAFFIC SIGNAL,No,NO APPARENT INJURY,NOT DISTRACTED,PASSENGER CAR,MOVING CONSTANT SPEED,East,East,25,2014,HONDA,3.2,59.9,52.4,0
Injury Crash,01-01-2023 04:29,County,CASTLE BLVD,N/A,SAME DIR REAR END,CLEAR,N/A,DAYLIGHT,NO CONTROLS,Yes,SUSPECTED MINOR INJURY,DISTRACTED BY OUTSIDE PERSON OBJECT OR EVENT,PASSENGER CAR,MOVING CONSTANT SPEED,North,North,15,2017,KIA,8.4,66.6,59.4,0
Injury Crash,01-01-2023 05:27,County,CHERRY HILL RD,N/A,SAME DIR REAR END,RAINING,WET,DAYLIGHT,NO CONTROLS,Yes,NO APPARENT INJURY,NOT DISTRACTED,PASSENGER CAR,SLOWING OR STOPPING,South,South,40,2002,FORD,7,65.2,54.3,0
Property Damage Crash,01-01-2023 07:09,County,BEL PRE RD,N/A,SAME DIRECTION SIDESWIPE,CLEAR,DRY,DARK LIGHTS ON,TRAFFIC SIGNAL,No,NO APPARENT INJURY,NOT DISTRACTED,POLICE VEHICLE/NON EMERGENCY,MOVING CONSTANT SPEED,West,West,35,2016,FORD,2.5,48,38.6,0
Injury Crash,01-01-2023 07:30,Maryland (State),VEIRS MILL RD,N/A,SAME DIR REAR END,CLEAR,DRY,DAYLIGHT,TRAFFIC SIGNAL,No,SUSPECTED MINOR INJURY,NOT DISTRACTED,PASSENGER CAR,SLOWING OR STOPPING,South,South,35,2008,TOYT,2.3,63.6,62.2,0
Property Damage Crash,01-01-2023 08:30,County,MUDDY BRANCH RD,GAITHERSBURG,STRAIGHT MOVEMENT ANGLE,RAINING,WET,DAYLIGHT,STOP SIGN,No,NO APPARENT INJURY,NOT DISTRACTED,PASSENGER CAR,MOVING CONSTANT SPEED,East,East,25,2012,MAZDA,4.2,52.8,30.4,0
Injury Crash,01-01-2023 10:00,Maryland (State),ROCKVILLE PIKE,ROCKVILLE,SAME DIRECTION RIGHT TURN,N/A,DRY,DAYLIGHT,NO CONTROLS,No,SUSPECTED MINOR INJURY,NOT DISTRACTED,PASSENGER CAR,MOVING CONSTANT SPEED,West,South,40,2013,TOYOTA,4.6,70.6,55.4,0
Property Damage Crash,01-01-2023 10:00,Maryland (State),GERMANTOWN RD,N/A,SAME DIR REAR END,CLEAR,DRY,DARK LIGHTS ON,TRAFFIC SIGNAL,Yes,NO APPARENT INJURY,NOT DISTRACTED,PASSENGER CAR,SLOWING OR STOPPING,West,West,40,2001,DODGE,1.1,56.2,49,0
Property Damage Crash,01-01-2023 10:00,County,RANDOLPH RD,N/A,STRAIGHT MOVEMENT ANGLE,CLEAR,DRY,DAYLIGHT,NO CONTROLS,No,NO APPARENT INJURY,NOT DISTRACTED,PASSENGER CAR,MOVING CONSTANT SPEED,West,West,35,2016,ACURA,3.1,49.3,37.5,0
Property Damage Crash,01-01-2023 11:35,Municipality,MEADOW LA,CHEVY CHASE #4,SAME DIRECTION SIDESWIPE,N/A,DRY,DAYLIGHT,NO CONTROLS,Yes,NO APPARENT INJURY,UNKNOWN,PASSENGER CAR,UNKNOWN,South,South,25,2003,HONDA,2,55,45.7,0
Property Damage Crash,01-01-2023 11:35,County,SHADY GROVE RD,N/A,STRAIGHT MOVEMENT ANGLE,RAINING,WET,DAYLIGHT,TRAFFIC SIGNAL,Yes,NO APPARENT INJURY,NOT DISTRACTED,PICKUP TRUCK,MAKING LEFT TURN,East,East,40,2021,TOYOTA,1.8,53,48.2,0
Property Damage Crash,01-01-2023 13:07,Maryland (State),FREDERICK RD,N/A,STRAIGHT MOVEMENT ANGLE,CLEAR,DRY,DAYLIGHT,NO CONTROLS,No,NO APPARENT INJURY,NOT DISTRACTED,(SPORT) UTILITY VEHICLE,MOVING CONSTANT SPEED,South,South,40,2012,TOYT,7.3,66,41.8,0
Property Damage Crash,01-01-2023 13:07,County,WISTERIA DR,N/A,SAME DIR REAR END,CLOUDY,DRY,DAYLIGHT,N/A,No,NO APPARENT INJURY,NOT DISTRACTED,PASSENGER CAR,STOPPED IN TRAFFIC LANE,East,East,30,2014,HYUN,1.8,56.4,52.6,0
Injury Crash,01-01-2023 15:10,Maryland (State),MIDCOUNTY HWY,N/A,SAME DIR REAR END,CLEAR,DRY,DARK LIGHTS ON,TRAFFIC SIGNAL,Yes,NO APPARENT INJURY,OTHER ELECTRONIC DEVICE (NAVIGATIONAL PALM PILOT),PASSENGER CAR,UNKNOWN,South,South,50,2006,HONDA,1.8,63.9,59.7,0
Property Damage Crash,01-01-2023 16:06,County,SHADY GROVE RD,N/A,HEAD ON LEFT TURN,CLEAR,DRY,DARK LIGHTS ON,TRAFFIC SIGNAL,Yes,NO APPARENT INJURY,UNKNOWN,PASSENGER CAR,MOVING CONSTANT SPEED,South,South,30,2007,LEXS,3.5,63.3,55.3,0
Injury Crash,01-01-2023 16:06,County,TUCKERMAN LA,N/A,HEAD ON,CLOUDY,DRY,DAYLIGHT,N/A,No,SUSPECTED MINOR INJURY,NOT DISTRACTED,VAN,SLOWING OR STOPPING,East,East,40,2020,HOND,6.2,76.8,48.2,0
Injury Crash,01-01-2023 18:20,Maryland (State),ROCKVILLE PIKE,N/A,SAME DIR REAR END,CLEAR,DRY,DAYLIGHT,TRAFFIC SIGNAL,Yes,NO APPARENT INJURY,NOT DISTRACTED,POLICE VEHICLE/NON EMERGENCY,MOVING CONSTANT SPEED,South,South,40,2014,FORD,4.5,67.3,57.6,0
Property Damage Crash,01-01-2023 18:20,County,CHELTENHAM DR,N/A,SAME DIR REAR END,N/A,DRY,DARK LIGHTS ON,TRAFFIC SIGNAL,Yes,NO APPARENT INJURY,NOT DISTRACTED,VAN,SLOWING OR STOPPING,East,East,25,2013,DODGE,2.7,59,53.5,0
Property Damage Crash,01-01-2023 18:20,County,BONIFANT RD,N/A,SAME DIR REAR END,RAINING,WET,DAYLIGHT,NO CONTROLS,Yes,NO APPARENT INJURY,UNKNOWN,PASSENGER CAR,MOVING CONSTANT SPEED,East,East,25,2017,MAZDA,5.6,74.9,58.7,0
Property Damage Crash,01-01-2023 18:57,Interstate (State),NO NAME,N/A,SAME DIR REAR END,SEVERE WINDS,WET,DARK LIGHTS ON,NO CONTROLS,No,NO APPARENT INJURY,NOT DISTRACTED,PASSENGER CAR,SLOWING OR STOPPING,West,West,50,2004,BUICK,2.9,77.4,49.7,0
Property Damage Crash,01-01-2023 20:45,County,MARYKNOLL AVE,N/A,SAME DIR REAR END,CLEAR,DRY,DAYLIGHT,STOP SIGN,No,NO APPARENT INJURY,NOT DISTRACTED,PASSENGER CAR,STOPPED IN TRAFFIC LANE,South,South,25,2013,CADILLAC,2.7,55.3,44.2,0
Injury Crash,01-01-2023 20:45,Maryland (State),RIDGE RD,N/A,HEAD ON,CLEAR,DRY,DAYLIGHT,N/A,Yes,SUSPECTED SERIOUS INJURY,INATTENTIVE OR LOST IN THOUGHT,(SPORT) UTILITY VEHICLE,MOVING CONSTANT SPEED,North,North,40,2003,SATURN,2.9,76,50.9,0
Injury Crash,02-01-2023 04:56,County,CRABBS BRANCH WAY,N/A,HEAD ON LEFT TURN,CLEAR,DRY,DARK LIGHTS ON,TRAFFIC SIGNAL,No,NO APPARENT INJURY,UNKNOWN,PASSENGER CAR,MOVING CONSTANT SPEED,North,North,35,2001,NISS,2.6,57.5,57.3,0