ACRS Report Type,Date and Time,Route Type,Road Name,Municipality,Collision Type,Weather,Surface Condition,Light,Traffic Control,Driver At Fault,Injury Severity,Driver Distracted By,Vehicle Body Type,Vehicle Movement,Vehicle Continuing Dir,Vehicle Going Dir,Speed Limit,Vehicle Year,Vehicle Make,Wind Speed (MPH),TMP10-DK ,Relative Humidity (%),Rain (Inches)
Injury Crash,02-01-2023 04:56,Maryland (State),SPENCERVILLE RD,N/A,HEAD ON LEFT TURN,RAINING,WET,DAYLIGHT,STOP SIGN,No,POSSIBLE INJURY,NOT DISTRACTED,(SPORT) UTILITY VEHICLE,MOVING CONSTANT SPEED,West,West,35,2013,TOYOTA,2.3,55.6,54.3,0
Property Damage Crash,02-01-2023 07:20,Maryland (State),CONNECTICUT AVE,N/A,STRAIGHT MOVEMENT ANGLE,CLEAR,DRY,DAYLIGHT,TRAFFIC SIGNAL,Yes,NO APPARENT INJURY,UNKNOWN,PASSENGER CAR,MOVING CONSTANT SPEED,North,North,35,2017,TOYOTA,5.2,55.6,46.6,0
Property Damage Crash,02-01-2023 07:20,Maryland (State),QUINCE ORCHARD RD,N/A,SAME DIR REAR END,CLEAR,DRY,DAYLIGHT,N/A,No,NO APPARENT INJURY,NOT DISTRACTED,MOTORCYCLE,SLOWING OR STOPPING,North,North,35,2003,HARL,2.4,67.8,61.4,0
Injury Crash,02-01-2023 07:20,County,BRINK RD,N/A,SINGLE VEHICLE,RAINING,WET,DARK NO LIGHTS,NO CONTROLS,Yes,SUSPECTED MINOR INJURY,NOT DISTRACTED,PASSENGER CAR,MOVING CONSTANT SPEED,East,East,40,2015,TOYOTA,5.1,76.6,47.7,0
Property Damage Crash,02-01-2023 07:20,County,MONTGOMERY LA,N/A,SAME DIR BOTH LEFT TURN,CLEAR,DRY,DAYLIGHT,TRAFFIC SIGNAL,No,NO APPARENT INJURY,NOT DISTRACTED,PASSENGER CAR,ACCELERATING,North,East,25,2014,LINCOLN,5.7,48.2,35.7,0
Property Damage Crash,02-01-2023 07:39,Maryland (State),GEORGIA AVE,N/A,SAME DIR REAR END,CLOUDY,WET,DAYLIGHT,NO CONTROLS,Yes,NO APPARENT INJURY,INATTENTIVE OR LOST IN THOUGHT,PASSENGER CAR,SLOWING OR STOPPING,North,North,50,2016,HYUNDAI,1.8,54.7,50.2,0
Injury Crash,02-01-2023 07:39,Maryland (State),MUNCASTER MILL RD,N/A,HEAD ON LEFT TURN,CLEAR,DRY,DAYLIGHT,N/A,Yes,POSSIBLE INJURY,INATTENTIVE OR LOST IN THOUGHT,PASSENGER CAR,MOVING CONSTANT SPEED,West,West,35,2012,HYUN,3.5,46.4,39.7,0
Property Damage Crash,02-01-2023 07:48,Maryland (State),ROCKVILLE PIKE,ROCKVILLE,SAME DIRECTION RIGHT TURN,CLEAR,DRY,DARK LIGHTS ON,N/A,Yes,NO APPARENT INJURY,LOOKED BUT DID NOT SEE,VAN,MAKING RIGHT TURN,West,South,40,2017,CHEVEROLET,5.7,56.9,57.1,0.02
Property Damage Crash,02-01-2023 07:48,Maryland (State),GREAT SENECA HWY,N/A,OTHER,CLEAR,DRY,DAWN,TRAFFIC SIGNAL,Yes,NO APPARENT INJURY,NOT DISTRACTED,SCHOOL BUS,MAKING LEFT TURN,North,East,50,2017,THOM,5.9,71.7,52.5,0
Property Damage Crash,02-01-2023 07:50,Maryland (State),UNIVERSITY BLVD W,N/A,STRAIGHT MOVEMENT ANGLE,CLOUDY,WET,DAYLIGHT,STOP SIGN,Yes,NO APPARENT INJURY,LOOKED BUT DID NOT SEE,PASSENGER CAR,MAKING RIGHT TURN,West,West,40,2015,NISSAN,17,85.4,58.6,0
Injury Crash,02-01-2023 08:28,Maryland (State),GEORGIA AVE,N/A,SAME DIR REAR END,CLOUDY,DRY,DAYLIGHT,TRAFFIC SIGNAL,Yes,NO APPARENT INJURY,LOOKED BUT DID NOT SEE,PASSENGER CAR,ENTERING TRAFFIC LANE,South,South,40,2020,TOYT,4.9,53.9,47.8,0
Property Damage Crash,02-01-2023 08:32,Maryland (State),MIDCOUNTY HWY,N/A,SAME DIRECTION SIDESWIPE,CLEAR,DRY,DARK NO LIGHTS,NO CONTROLS,No,NO APPARENT INJURY,NOT DISTRACTED,PASSENGER CAR,MOVING CONSTANT SPEED,East,East,35,2004,ACUR,2.3,73.2,60.1,0
Property Damage Crash,02-01-2023 09:00,Maryland (State),NEW HAMPSHIRE AVE,N/A,SAME DIR REAR END,CLEAR,DRY,DAYLIGHT,NO CONTROLS,No,NO APPARENT INJURY,NOT DISTRACTED,PASSENGER CAR,STOPPED IN TRAFFIC LANE,East,North,40,2015,HOND,2.1,63.5,61.2,0
Property Damage Crash,02-01-2023 09:00,Maryland (State),FREDERICK RD,N/A,STRAIGHT MOVEMENT ANGLE,CLEAR,DRY,DAYLIGHT,TRAFFIC SIGNAL,Yes,NO APPARENT INJURY,LOOKED BUT DID NOT SEE,(SPORT) UTILITY VEHICLE,MOVING CONSTANT SPEED,North,North,35,2004,HONDA,6.3,57.1,28.9,0
Injury Crash,02-01-2023 09:07,Maryland (State),FREDERICK RD,GAITHERSBURG,SAME DIR REAR END,CLEAR,DRY,DAYLIGHT,TRAFFIC SIGNAL,Yes,NO APPARENT INJURY,LOOKED BUT DID NOT SEE,PASSENGER CAR,SLOWING OR STOPPING,North,North,30,2020,HYUNDAI,7.6,80,58.2,0
Property Damage Crash,02-01-2023 09:07,Maryland (State),GEORGIA AVE,N/A,SAME DIR REAR END,RAINING,WET,DAYLIGHT,TRAFFIC SIGNAL,No,NO APPARENT INJURY,NOT DISTRACTED,PASSENGER CAR,STOPPED IN TRAFFIC LANE,South,South,40,2004,HONDA,1.1,66.4,61.9,0
Property Damage Crash,02-01-2023 09:45,Maryland (State),MASSACHUSETTS AVE,N/A,SAME DIR REAR END,CLEAR,DRY,DARK LIGHTS ON,NO CONTROLS,Yes,NO APPARENT INJURY,OTHER ELECTRONIC DEVICE (NAVIGATIONAL PALM PILOT),(SPORT) UTILITY VEHICLE,MOVING CONSTANT SPEED,West,West,35,2017,BMW,2.6,66.6,65.3,0.07
Property Damage Crash,02-01-2023 10:52,Interstate (State),CAPITAL BELTWAY,N/A,SAME DIRECTION SIDESWIPE,RAINING,WET,DAYLIGHT,NO CONTROLS,Yes,NO APPARENT INJURY,UNKNOWN,PASSENGER CAR,MOVING CONSTANT SPEED,East,East,55,2017,TOYOTA,3,50.9,42.7,0
Property Damage Crash,02-01-2023 10:52,County,GERMANTOWN RD,N/A,SAME DIR REAR END,CLEAR,WET,DAYLIGHT,TRAFFIC SIGNAL,Yes,NO APPARENT INJURY,NOT DISTRACTED,(SPORT) UTILITY VEHICLE,SLOWING OR STOPPING,North,North,40,2007,FORD,1.6,47.3,24.3,0
Property Damage Crash,02-01-2023 12:17,Maryland (State),RIDGE RD,N/A,ANGLE MEETS LEFT TURN,CLEAR,DRY,DAYLIGHT,STOP SIGN,No,NO APPARENT INJURY,NOT DISTRACTED,PASSENGER CAR,MOVING CONSTANT SPEED,North,North,30,2003,FORD,3.4,64.2,53.8,0
Property Damage Crash,02-01-2023 12:17,County,RANDOLPH RD,N/A,STRAIGHT MOVEMENT ANGLE,CLEAR,DRY,DARK LIGHTS ON,STOP SIGN,No,NO APPARENT INJURY,NOT DISTRACTED,PASSENGER CAR,MOVING CONSTANT SPEED,East,East,40,2019,VOLK,4.8,51,27,0
Property Damage Crash,02-01-2023 12:32,Other Public Roadway,CIDER BARRELL DR,N/A,SAME DIR REAR END,N/A,DRY,DARK -- UNKNOWN LIGHTING,N/A,Yes,NO APPARENT INJURY,NOT DISTRACTED,PASSENGER CAR,MOVING CONSTANT SPEED,East,East,0,2019,TOYT,5.9,51.2,49.6,0.03
Injury Crash,02-01-2023 12:58,County,MUDDY BRANCH RD,N/A,STRAIGHT MOVEMENT ANGLE,CLEAR,WET,DARK LIGHTS ON,STOP SIGN,Unknown,NO APPARENT INJURY,LOOKED BUT DID NOT SEE,"OTHER LIGHT TRUCKS (10,000LBS (4,536KG) OR LESS)",STARTING FROM LANE,South,East,10,2004,LINCOLN,0.8,38.4,31.8,0
Property Damage Crash,02-01-2023 12:58,Maryland (State),GEORGIA AVE,N/A,SAME DIRECTION RIGHT TURN,CLEAR,DRY,DARK LIGHTS ON,NO CONTROLS,No,NO APPARENT INJURY,NOT DISTRACTED,PASSENGER CAR,MOVING CONSTANT SPEED,South,South,35,2015,TOYOTA,2.4,72.6,60.6,0
Property Damage Crash,02-01-2023 14:13,County,QUAIL VALLEY BLVD,N/A,OPPOSITE DIRECTION SIDESWIPE,CLEAR,DRY,DAYLIGHT,NO CONTROLS,No,NO APPARENT INJURY,NOT DISTRACTED,PASSENGER CAR,STOPPED IN TRAFFIC LANE,West,West,25,2015,MERZ,2.8,72.6,52.1,0
Injury Crash,02-01-2023 14:13,,,,OTHER,CLEAR,,DAYLIGHT,NO CONTROLS,Yes,NO APPARENT INJURY,LOOKED BUT DID NOT SEE,PASSENGER CAR,MOVING CONSTANT SPEED,East,East,15,2014,FORD,7.1,52.1,28.8,0
Property Damage Crash,02-01-2023 14:13,Municipality,COLLEGE PKWY,ROCKVILLE,OTHER,CLEAR,DRY,DARK LIGHTS ON,N/A,Yes,NO APPARENT INJURY,UNKNOWN,PASSENGER CAR,OTHER,West,West,25,2016,CHEVROLET,2.9,49.7,42.5,0
Property Damage Crash,02-01-2023 14:30,Maryland (State),W DIAMOND AVE,GAITHERSBURG,STRAIGHT MOVEMENT ANGLE,SLEET,WET,DAYLIGHT,STOP SIGN,No,NO APPARENT INJURY,NOT DISTRACTED,PASSENGER CAR,MOVING CONSTANT SPEED,East,East,35,2003,TOYT,4.2,75.5,53.6,0
Injury Crash,02-01-2023 14:30,Maryland (State),EAST WEST HWY,N/A,SAME DIR REAR END,CLEAR,DRY,DAYLIGHT,N/A,Yes,POSSIBLE INJURY,NOT DISTRACTED,PASSENGER CAR,MOVING CONSTANT SPEED,West,West,30,2010,SUBA,4.1,67.3,45.4,0
Injury Crash,02-01-2023 14:30,Maryland (State),NORBECK RD,N/A,SAME DIR REAR END,CLEAR,DRY,DAYLIGHT,N/A,Yes,POSSIBLE INJURY,INATTENTIVE OR LOST IN THOUGHT,PASSENGER CAR,MOVING CONSTANT SPEED,West,West,40,2006,HYUN,5.5,81.2,58.7,0
Property Damage Crash,02-01-2023 15:05,Maryland (State),CONNECTICUT AVE,N/A,SINGLE VEHICLE,CLEAR,DRY,DAYLIGHT,TRAFFIC SIGNAL,Yes,NO APPARENT INJURY,LOOKED BUT DID NOT SEE,PASSENGER CAR,MAKING RIGHT TURN,South,South,40,2002,TOYT,4.8,51.2,51.5,0
Property Damage Crash,02-01-2023 15:05,,,,HEAD ON,CLEAR,,DAYLIGHT,N/A,Yes,NO APPARENT INJURY,OTHER DISTRACTION,PASSENGER CAR,N/A,Unknown,Unknown,0,2009,MITS,2.3,48.9,36.8,0
Injury Crash,02-01-2023 15:38,County,GOSHEN RD,N/A,SAME DIR REAR END,CLEAR,DRY,DARK LIGHTS ON,TRAFFIC SIGNAL,No,SUSPECTED MINOR INJURY,NOT DISTRACTED,PASSENGER CAR,STOPPED IN TRAFFIC LANE,North,North,35,2019,TOYT,4.8,77.1,49.4,0
Property Damage Crash,02-01-2023 15:38,County,DARNESTOWN RD,N/A,STRAIGHT MOVEMENT ANGLE,RAINING,WET,DAYLIGHT,TRAFFIC SIGNAL,Yes,NO APPARENT INJURY,LOOKED BUT DID NOT SEE,PASSENGER CAR,MAKING LEFT TURN,North,East,40,2003,FORD,1.3,71,61.9,0
Injury Crash,02-01-2023 15:43,Maryland (State),NEW HAMPSHIRE AVE,N/A,OTHER,SNOW,SNOW,DARK LIGHTS ON,N/A,Yes,POSSIBLE INJURY,NOT DISTRACTED,(SPORT) UTILITY VEHICLE,SKIDDING,North,North,40,2009,MAZDA,1.8,57.9,53,0
Property Damage Crash,02-01-2023 15:43,Maryland (State),FREDERICK RD,N/A,SAME DIR REND RIGHT TURN,CLEAR,DRY,DAYLIGHT,YIELD SIGN,No,NO APPARENT INJURY,NOT DISTRACTED,PASSENGER CAR,MAKING RIGHT TURN,West,South,40,2013,TOYT,2.1,56.2,23.3,0
Property Damage Crash,02-01-2023 15:53,County,GERMANTOWN RD,N/A,SAME DIRECTION SIDESWIPE,CLEAR,DRY,DAYLIGHT,STOP SIGN,Yes,NO APPARENT INJURY,TALKING OR LISTENING TO CELLULAR PHONE,RECREATIONAL VEHICLE,ACCELERATING,North,North,35,2007,JEEP,4.4,68,64.6,0
Property Damage Crash,02-01-2023 16:15,Municipality,WOOTTON AVE,POOLESVILLE,SINGLE VEHICLE,CLEAR,DRY,DARK LIGHTS ON,NO CONTROLS,Yes,NO APPARENT INJURY,NOT DISTRACTED,PASSENGER CAR,MOVING CONSTANT SPEED,East,East,30,2012,TOYT,4.1,58.1,49.4,0
Property Damage Crash,02-01-2023 16:15,Maryland (State),FREDERICK RD,N/A,SAME DIR REAR END,CLEAR,DRY,DAYLIGHT,TRAFFIC SIGNAL,No,NO APPARENT INJURY,NOT DISTRACTED,PICKUP TRUCK,MOVING CONSTANT SPEED,North,North,40,2015,TOYT,3.3,77.2,69.6,0
Property Damage Crash,02-01-2023 17:30,Maryland (State),VEIRS MILL RD,ROCKVILLE,HEAD ON LEFT TURN,CLOUDY,WET,DAYLIGHT,TRAFFIC SIGNAL,No,NO APPARENT INJURY,NOT DISTRACTED,PASSENGER CAR,MOVING CONSTANT SPEED,East,East,45,2019,MITSUBISHI,14.5,62.3,56.5,0
Property Damage Crash,02-01-2023 17:30,Maryland (State),DARNESTOWN RD,GAITHERSBURG,SAME DIR REAR END,CLOUDY,DRY,DAYLIGHT,N/A,Yes,NO APPARENT INJURY,NOT DISTRACTED,PASSENGER CAR,SLOWING OR STOPPING,West,West,35,1994,BENTLEY,1,39.6,28,0
Property Damage Crash,02-01-2023 18:40,,,,OTHER,CLEAR,,DAYLIGHT,NO CONTROLS,Yes,NO APPARENT INJURY,UNKNOWN,,BACKING,South,North,0,0,UNKNOWN,6.7,74,60.6,0
Property Damage Crash,02-01-2023 18:40,Maryland (State),GEORGIA AVE,N/A,SAME DIR REAR END,CLEAR,DRY,DAYLIGHT,NO CONTROLS,Yes,NO APPARENT INJURY,LOOKED BUT DID NOT SEE,PASSENGER CAR,CHANGING LANES,North,North,50,2015,FORD,6.2,62.6,59.3,0.02
Property Damage Crash,02-01-2023 19:40,Maryland (State),NORBECK RD,ROCKVILLE,SINGLE VEHICLE,CLEAR,ICE,DAWN,NO CONTROLS,Yes,NO APPARENT INJURY,NOT DISTRACTED,PASSENGER CAR,MOVING CONSTANT SPEED,East,East,60,2008,HONDA,5.2,56.1,51.9,0
Property Damage Crash,02-01-2023 19:45,Maryland (State),NEW HAMPSHIRE AVE,N/A,SAME DIR REAR END,CLEAR,DRY,DAYLIGHT,TRAFFIC SIGNAL,No,NO APPARENT INJURY,UNKNOWN,PASSENGER CAR,SLOWING OR STOPPING,South,South,40,2011,HONDA,3.6,58.6,21.9,0
Injury Crash,02-01-2023 19:45,Maryland (State),GEORGIA AVE,N/A,HEAD ON LEFT TURN,CLEAR,DRY,DARK LIGHTS ON,TRAFFIC SIGNAL,No,POSSIBLE INJURY,NOT DISTRACTED,PASSENGER CAR,MOVING CONSTANT SPEED,North,North,45,2014,DODGE,2.9,67,61,0
Injury Crash,02-01-2023 20:08,County,WISTERIA DR,N/A,STRAIGHT MOVEMENT ANGLE,CLEAR,DRY,DAYLIGHT,STOP SIGN,Yes,NO APPARENT INJURY,NOT DISTRACTED,PASSENGER CAR,ACCELERATING,South,North,30,2017,VOLK,1.5,58.7,37.9,0
Property Damage Crash,02-01-2023 20:47,,,,HEAD ON,CLEAR,,DAYLIGHT,N/A,Yes,NO APPARENT INJURY,UNKNOWN,PASSENGER CAR,ACCELERATING,West,West,25,2011,LEXUS,1.1,52.4,45.6,0
Injury Crash,02-01-2023 20:47,County,CALVERTON BLVD,N/A,OTHER,CLEAR,DRY,DAYLIGHT,NO CONTROLS,No,NO APPARENT INJURY,NOT DISTRACTED,PASSENGER CAR,MOVING CONSTANT SPEED,East,East,30,2013,TOYOTA,6,73.9,30.3,0
Injury Crash,02-01-2023 20:55,Maryland (State),CONNECTICUT AVE,N/A,HEAD ON LEFT TURN,CLEAR,DRY,DAYLIGHT,TRAFFIC SIGNAL,Yes,POSSIBLE INJURY,NOT DISTRACTED,PASSENGER CAR,MAKING LEFT TURN,East,South,45,2013,FORD,7.9,71.2,65.1,0
Property Damage Crash,02-01-2023 20:55,Maryland (State),RIDGE RD,N/A,STRAIGHT MOVEMENT ANGLE,CLEAR,DRY,DAYLIGHT,STOP SIGN,No,NO APPARENT INJURY,NOT DISTRACTED,PICKUP TRUCK,MOVING CONSTANT SPEED,North,North,30,2011,CHEVY,2.2,60.8,31,0
Property Damage Crash,02-01-2023 23:10,Maryland (State),RIVER RD,N/A,SAME DIR REAR END,CLEAR,DRY,DARK NO LIGHTS,NO CONTROLS,No,NO APPARENT INJURY,NOT DISTRACTED,PASSENGER CAR,SLOWING OR STOPPING,West,West,40,2017,TOYOTA,1.1,71.3,65.6,0
Property Damage Crash,03-01-2023 06:11,Maryland (State),EAST WEST HWY,N/A,OTHER,CLEAR,DRY,DAYLIGHT,NO CONTROLS,Yes,NO APPARENT INJURY,NOT DISTRACTED,PASSENGER CAR,CHANGING LANES,West,West,35,2004,VOLVO,1.2,64.6,59.7,0
Injury Crash,03-01-2023 06:59,Maryland (State),NEW HAMPSHIRE AVE,N/A,HEAD ON,CLEAR,DRY,DUSK,N/A,No,NO APPARENT INJURY,NOT DISTRACTED,PASSENGER CAR,MOVING CONSTANT SPEED,South,South,45,2016,TOYOTA,1.1,65.1,56.8,0
Property Damage Crash,03-01-2023 06:59,County,LONE OAK DR,N/A,OTHER,CLEAR,DRY,DAYLIGHT,N/A,Yes,NO APPARENT INJURY,NOT DISTRACTED,SCHOOL BUS,MOVING CONSTANT SPEED,West,West,25,2019,FRHT,5.5,72.9,46.6,0
Property Damage Crash,03-01-2023 08:30,Maryland (State),NEW HAMPSHIRE AVE,N/A,SINGLE VEHICLE,CLEAR,DRY,DARK LIGHTS ON,NO CONTROLS,Yes,NO APPARENT INJURY,UNKNOWN,PASSENGER CAR,MOVING CONSTANT SPEED,North,North,45,2003,CHEV,4.9,58.7,27.6,0
Property Damage Crash,03-01-2023 08:30,Maryland (State),FREDERICK RD,GAITHERSBURG,SAME DIR REAR END,CLEAR,DRY,DAYLIGHT,TRAFFIC SIGNAL,No,NO APPARENT INJURY,NOT DISTRACTED,PASSENGER CAR,STOPPED IN TRAFFIC LANE,South,South,40,2018,TOYT,2.7,42.6,30,0
Property Damage Crash,03-01-2023 08:50,Maryland (State),FALLS RD,N/A,ANGLE MEETS LEFT TURN,N/A,WET,DAYLIGHT,TRAFFIC SIGNAL,Yes,NO APPARENT INJURY,LOOKED BUT DID NOT SEE,PASSENGER CAR,MOVING CONSTANT SPEED,North,North,40,2017,INFINITI,3.5,63.3,62.3,0.01
Property Damage Crash,03-01-2023 08:50,Municipality,PICCARD DR,ROCKVILLE,SAME DIR REAR END,CLEAR,DRY,DAYLIGHT,NO CONTROLS,No,NO APPARENT INJURY,NOT DISTRACTED,PASSENGER CAR,STOPPED IN TRAFFIC LANE,West,North,30,2000,CHRY,0.8,72.9,52.7,0
Property Damage Crash,03-01-2023 08:50,County,ROEDER RD,N/A,OTHER,CLEAR,DRY,DAYLIGHT,NO CONTROLS,Yes,NO APPARENT INJURY,NOT DISTRACTED,PASSENGER CAR,ACCELERATING,South,South,25,2014,CHEVROLET,9,65.2,49.9,0
Property Damage Crash,03-01-2023 09:11,Maryland (State),OLD GEORGETOWN RD,N/A,SAME DIR REAR END,CLEAR,DRY,DARK LIGHTS ON,NO CONTROLS,No,NO APPARENT INJURY,NOT DISTRACTED,(SPORT) UTILITY VEHICLE,SLOWING OR STOPPING,South,South,40,2013,HONDA,1.7,52.7,41.2,0
Property Damage Crash,03-01-2023 09:11,Municipality,W GUDE DR,N/A,SAME DIR REAR END,CLOUDY,DRY,DUSK,TRAFFIC SIGNAL,No,NO APPARENT INJURY,NOT DISTRACTED,(SPORT) UTILITY VEHICLE,STOPPED IN TRAFFIC LANE,East,East,35,2018,NISSAN,1.3,69.3,69.3,0
Injury Crash,03-01-2023 09:16,County,SHADY GROVE RD,N/A,SAME DIR REAR END,CLEAR,DRY,DAYLIGHT,TRAFFIC SIGNAL,Yes,NO APPARENT INJURY,NOT DISTRACTED,TRANSIT BUS,OTHER,North,North,45,2017,GILG,1.4,56,52.7,0
Property Damage Crash,03-01-2023 09:16,County,ARLINGTON RD,N/A,STRAIGHT MOVEMENT ANGLE,CLEAR,DRY,DAYLIGHT,NO CONTROLS,No,NO APPARENT INJURY,NOT DISTRACTED,PASSENGER CAR,MOVING CONSTANT SPEED,North,North,25,2017,MINI,0.9,45,43.5,0
Injury Crash,03-01-2023 09:30,Maryland (State),CONNECTICUT AVE,N/A,STRAIGHT MOVEMENT ANGLE,CLEAR,DRY,DUSK,STOP SIGN,No,NO APPARENT INJURY,NOT DISTRACTED,PASSENGER CAR,MOVING CONSTANT SPEED,North,North,40,2013,NISSIAN,5.3,52,34.3,0
Injury Crash,03-01-2023 10:13,Maryland (State),WISCONSIN AVE,N/A,SINGLE VEHICLE,CLEAR,DRY,DAYLIGHT,TRAFFIC SIGNAL,No,NO APPARENT INJURY,BY OTHER OCCUPANTS,PASSENGER CAR,MOVING CONSTANT SPEED,North,North,25,2007,TOYOTA,8.6,55.8,41.2,0
Property Damage Crash,03-01-2023 10:13,County,POOKS HILL RD,N/A,SAME DIR BOTH LEFT TURN,WINTRY MIX,DRY,DAYLIGHT,NO CONTROLS,No,NO APPARENT INJURY,NOT DISTRACTED,PASSENGER CAR,MAKING LEFT TURN,East,North,10,2014,NISSAN,1.1,54.9,50.8,0
Property Damage Crash,03-01-2023 10:59,US (State),COLESVILLE RD,N/A,STRAIGHT MOVEMENT ANGLE,CLEAR,DRY,DAYLIGHT,STOP SIGN,No,NO APPARENT INJURY,NOT DISTRACTED,PASSENGER CAR,MOVING CONSTANT SPEED,South,South,40,2012,GMC,2.4,83.8,64.4,0.01
Injury Crash,03-01-2023 10:59,County,EMORY LA,N/A,HEAD ON LEFT TURN,CLEAR,DRY,DARK LIGHTS ON,TRAFFIC SIGNAL,No,POSSIBLE INJURY,NOT DISTRACTED,PASSENGER CAR,MOVING CONSTANT SPEED,West,West,30,2005,TOYOTA,2.4,50.9,37.8,0
Property Damage Crash,03-01-2023 11:16,County,KEMPER ST,N/A,OTHER,CLEAR,DRY,DAYLIGHT,NO CONTROLS,Yes,NO APPARENT INJURY,DISTRACTED BY OUTSIDE PERSON OBJECT OR EVENT,SCHOOL BUS,SLOWING OR STOPPING,West,West,25,2007,THOMAS,9.7,49.8,39.4,0
Injury Crash,03-01-2023 11:16,Maryland (State),GEORGIA AVE,N/A,SAME DIR REAR END,CLEAR,DRY,DAYLIGHT,N/A,No,NO APPARENT INJURY,NOT DISTRACTED,PASSENGER CAR,MOVING CONSTANT SPEED,North,North,40,2015,HONDA,4.4,70.6,41.4,0
Injury Crash,03-01-2023 11:45,Maryland (State),GEORGIA AVE,N/A,HEAD ON LEFT TURN,CLEAR,DRY,DAYLIGHT,TRAFFIC SIGNAL,No,NO APPARENT INJURY,NOT DISTRACTED,PASSENGER CAR,MAKING LEFT TURN,West,North,35,2022,CHEVROLET,3.5,52,40.6,0
Injury Crash,03-01-2023 11:45,Maryland (State),ROCKVILLE PIKE,N/A,SAME DIR REAR END,CLOUDY,DRY,DAYLIGHT,TRAFFIC SIGNAL,No,NO APPARENT INJURY,NOT DISTRACTED,PASSENGER CAR,MOVING CONSTANT SPEED,North,North,35,2004,CHRYSLER,4.8,68.3,64.1,0
Property Damage Crash,03-01-2023 11:45,Maryland (State),NORBECK RD,N/A,STRAIGHT MOVEMENT ANGLE,CLEAR,DRY,DUSK,TRAFFIC SIGNAL,No,NO APPARENT INJURY,NOT DISTRACTED,PASSENGER CAR,MOVING CONSTANT SPEED,North,North,45,2013,JEEP,2,76.6,47,0
Property Damage Crash,03-01-2023 12:34,,,,OTHER,CLEAR,,N/A,NO CONTROLS,No,NO APPARENT INJURY,NOT DISTRACTED,"OTHER LIGHT TRUCKS (10,000LBS (4,536KG) OR LESS)",MAKING LEFT TURN,North,East,0,2005,CHEV,2.5,75.4,59.6,0
Injury Crash,03-01-2023 12:34,County,E GUDE DR,N/A,OTHER,CLEAR,DRY,DAYLIGHT,TRAFFIC SIGNAL,Yes,NO APPARENT INJURY,NOT DISTRACTED,PASSENGER CAR,ACCELERATING,North,East,35,2013,INFINITI,5,71.5,62.5,0
Injury Crash,03-01-2023 12:51,County,BEL PRE RD,N/A,ANGLE MEETS LEFT TURN,CLOUDY,DRY,DAYLIGHT,TRAFFIC SIGNAL,Yes,SUSPECTED MINOR INJURY,LOOKED BUT DID NOT SEE,PASSENGER CAR,MAKING LEFT TURN,North,North,40,2015,KIA,5.4,66.3,31.1,0
Property Damage Crash,03-01-2023 12:51,Government,LITTLE FALLS PKWY,N/A,OTHER,CLEAR,DRY,DAYLIGHT,N/A,Yes,NO APPARENT INJURY,NOT DISTRACTED,PASSENGER CAR,BACKING,North,South,25,2015,MERZ,3,60.2,55.7,0
Property Damage Crash,03-01-2023 13:07,County,WISTERIA DR,N/A,SINGLE VEHICLE,CLEAR,DRY,DARK LIGHTS ON,NO CONTROLS,Yes,NO APPARENT INJURY,NOT DISTRACTED,PASSENGER CAR,MOVING CONSTANT SPEED,West,West,30,2003,HYUN,1.5,64.3,55.1,0
Injury Crash,03-01-2023 13:07,Maryland (State),CONNECTICUT AVE,CHEVY CHASE #3,SAME DIRECTION SIDESWIPE,CLOUDY,WET,DAYLIGHT,NO CONTROLS,No,POSSIBLE INJURY,NOT DISTRACTED,PASSENGER CAR,MOVING CONSTANT SPEED,South,South,35,2015,TOYOTA,2.8,66.1,57.5,0
Property Damage Crash,03-01-2023 14:11,County,LINDENWOOD DR,N/A,SAME DIRECTION LEFT TURN,CLEAR,DRY,DAYLIGHT,NO CONTROLS,No,NO APPARENT INJURY,NOT DISTRACTED,TRANSIT BUS,MOVING CONSTANT SPEED,South,South,25,2013,GILL,3.2,63,62.9,0.01
Property Damage Crash,03-01-2023 14:11,Maryland (State),ROCKVILLE PIKE,ROCKVILLE,STRAIGHT MOVEMENT ANGLE,CLOUDY,DRY,DAYLIGHT,TRAFFIC SIGNAL,No,NO APPARENT INJURY,NOT DISTRACTED,PASSENGER CAR,MOVING CONSTANT SPEED,North,North,40,2013,HOND,1.1,53.2,52.2,0
Property Damage Crash,03-01-2023 14:24,,,,SAME DIRECTION SIDESWIPE,CLEAR,,DAYLIGHT,NO CONTROLS,Yes,NO APPARENT INJURY,NOT DISTRACTED,PASSENGER CAR,MOVING CONSTANT SPEED,West,North,0,2012,KIA,0.9,50.2,46.9,0
Property Damage Crash,03-01-2023 14:24,US (State),COLUMBIA PIKE,N/A,SAME DIRECTION SIDESWIPE,RAINING,WET,DARK LIGHTS ON,N/A,Yes,NO APPARENT INJURY,LOOKED BUT DID NOT SEE,PASSENGER CAR,CHANGING LANES,North,North,50,2010,FORD,4,81.7,65.6,0
Property Damage Crash,03-01-2023 15:15,County,MONTROSE RD,N/A,SINGLE VEHICLE,N/A,DRY,DARK LIGHTS ON,TRAFFIC SIGNAL,Yes,NO APPARENT INJURY,UNKNOWN,PASSENGER CAR,MOVING CONSTANT SPEED,West,South,35,2014,MAZDA,3.4,51.6,35,0