ACRS Report Type,Date and Time,Route Type,Road Name,Municipality,Collision Type,Weather,Surface Condition,Light,Traffic Control,Driver At Fault,Injury Severity,Driver Distracted By,Vehicle Body Type,Vehicle Movement,Vehicle Continuing Dir,Vehicle Going Dir,Speed Limit,Vehicle Year,Vehicle Make,Wind Speed (MPH),TMP10-DK ,Relative Humidity (%),Rain (Inches)
Property Damage Crash,03-01-2023 15:15,County,ST ELMO AVE,N/A,OTHER,N/A,DRY,DARK LIGHTS ON,NO CONTROLS,Yes,NO APPARENT INJURY,UNKNOWN,PASSENGER CAR,BACKING,Unknown,Unknown,5,2007,HONDA,5.3,60.8,39.4,0
Property Damage Crash,03-01-2023 15:22,County,REDLAND RD,N/A,SAME DIR REAR END,CLEAR,DRY,DAYLIGHT,TRAFFIC SIGNAL,Yes,NO APPARENT INJURY,INATTENTIVE OR LOST IN THOUGHT,VAN,STARTING FROM LANE,West,West,30,2016,TOYOTA,2,49.8,38.4,0
Injury Crash,03-01-2023 15:22,Maryland (State),GEORGIA AVE,N/A,SAME DIR REAR END,SLEET,SLUSH,DAYLIGHT,N/A,No,POSSIBLE INJURY,NOT DISTRACTED,"OTHER LIGHT TRUCKS (10,000LBS (4,536KG) OR LESS)",MOVING CONSTANT SPEED,North,North,35,0,US POSTAL,5.1,74.1,49.2,0
Injury Crash,03-01-2023 15:27,Maryland (State),EAST WEST HWY,N/A,SINGLE VEHICLE,RAINING,WET,DARK LIGHTS ON,NO CONTROLS,Yes,NO APPARENT INJURY,LOOKED BUT DID NOT SEE,PASSENGER CAR,MOVING CONSTANT SPEED,East,East,35,2000,HONDA,3.4,63.3,62.3,0.02
Injury Crash,03-01-2023 15:27,Maryland (State),ROCKVILLE PIKE,N/A,STRAIGHT MOVEMENT ANGLE,RAINING,WET,DAYLIGHT,TRAFFIC SIGNAL,No,NO APPARENT INJURY,NOT DISTRACTED,PASSENGER CAR,STARTING FROM LANE,North,East,40,2014,FORD,3.1,69.4,43.5,0
Property Damage Crash,03-01-2023 15:33,Maryland (State),RIVER RD,N/A,SAME DIR REAR END,CLEAR,DRY,DAYLIGHT,TRAFFIC SIGNAL,No,NO APPARENT INJURY,NOT DISTRACTED,PASSENGER CAR,SLOWING OR STOPPING,East,East,45,2016,FORD,2.1,58.2,57.3,0
Injury Crash,03-01-2023 15:33,County,CARROLL AVE,N/A,SAME DIR REAR END,CLEAR,DRY,DAYLIGHT,NO CONTROLS,No,SUSPECTED MINOR INJURY,NOT DISTRACTED,PASSENGER CAR,SLOWING OR STOPPING,North,North,25,2000,VOLVO,1.7,41.2,29.7,0
Injury Crash,03-01-2023 15:47,Maryland (State),RIVER RD,N/A,OTHER,N/A,DRY,DARK LIGHTS ON,NO CONTROLS,No,POSSIBLE INJURY,NOT DISTRACTED,PASSENGER CAR,MOVING CONSTANT SPEED,West,West,35,2011,HYANDAI,0.8,59.4,52.7,0
Injury Crash,03-01-2023 15:55,Maryland (State),FALLS RD,N/A,SAME DIR REAR END,CLEAR,DRY,DAYLIGHT,N/A,No,SUSPECTED MINOR INJURY,NOT DISTRACTED,PASSENGER CAR,STOPPED IN TRAFFIC LANE,East,South,35,1998,LEXUS,4.6,75.8,45.8,0
Injury Crash,03-01-2023 15:55,Maryland (State),GEORGIA AVE,N/A,SAME DIRECTION LEFT TURN,CLEAR,DRY,DARK LIGHTS ON,TRAFFIC SIGNAL,No,SUSPECTED MINOR INJURY,NOT DISTRACTED,PASSENGER CAR,MOVING CONSTANT SPEED,North,North,35,2015,TOYOTA,4.9,83.2,65.9,0
Property Damage Crash,03-01-2023 16:24,Other Public Roadway,SOMERVILLE DR,N/A,SAME DIR REAR END,RAINING,WET,DAYLIGHT,TRAFFIC SIGNAL,Yes,NO APPARENT INJURY,NOT DISTRACTED,PICKUP TRUCK,SLOWING OR STOPPING,South,South,25,2012,FORD,5.7,69.8,41.4,0
Property Damage Crash,03-01-2023 16:30,Maryland (State),OLD GEORGETOWN RD,N/A,STRAIGHT MOVEMENT ANGLE,CLEAR,DRY,DAYLIGHT,STOP SIGN,Yes,NO APPARENT INJURY,UNKNOWN,STATION WAGON,MAKING RIGHT TURN,South,South,40,1999,SUBARU,10.6,46.3,31.1,0
Property Damage Crash,03-01-2023 16:30,Municipality,KENTLAND AVE,N/A,OTHER,CLEAR,DRY,DAYLIGHT,NO CONTROLS,No,NO APPARENT INJURY,NOT DISTRACTED,PASSENGER CAR,N/A,West,West,0,2004,TOYOTA,7.9,79.6,48.3,0
Injury Crash,03-01-2023 17:40,Maryland (State),OLNEY SANDY SPRING RD,N/A,STRAIGHT MOVEMENT ANGLE,RAINING,WET,DAYLIGHT,TRAFFIC SIGNAL,Yes,NO APPARENT INJURY,LOOKED BUT DID NOT SEE,PASSENGER CAR,MAKING LEFT TURN,West,North,30,2013,NISSAN,2.8,49,44.5,0.01
Injury Crash,03-01-2023 17:40,Maryland (State),UNIVERSITY BLVD E,N/A,OTHER,CLOUDY,DRY,DAYLIGHT,NO CONTROLS,No,SUSPECTED MINOR INJURY,OTHER DISTRACTION,OTHER,ACCELERATING,West,West,40,2009,CHRYSLER,9.9,64.2,55.8,0
Property Damage Crash,03-01-2023 18:16,,CROWN PARK AVE,N/A,OTHER,CLEAR,DRY,DAYLIGHT,N/A,Yes,NO APPARENT INJURY,DISTRACTED BY OUTSIDE PERSON OBJECT OR EVENT,PASSENGER CAR,MOVING CONSTANT SPEED,South,South,25,2013,HYUNDAI,6.4,63.1,36.9,0
Property Damage Crash,03-01-2023 18:16,Maryland (State),RIDGE RD,N/A,SINGLE VEHICLE,CLEAR,DRY,DARK NO LIGHTS,NO CONTROLS,No,NO APPARENT INJURY,NOT DISTRACTED,POLICE VEHICLE/EMERGENCY,MOVING CONSTANT SPEED,South,South,40,2014,DODGE,4.5,67.3,64.3,0
Property Damage Crash,03-01-2023 20:15,County,PARKWOOD DR,N/A,HEAD ON,CLEAR,DRY,DAYLIGHT,NO CONTROLS,Yes,NO APPARENT INJURY,NOT DISTRACTED,"MEDIUM/HEAVY TRUCKS 3 AXLES (OVER 10,000LBS (4,536KG))",MOVING CONSTANT SPEED,North,North,25,2010,PTRB,5.9,72,40.3,0
Property Damage Crash,03-01-2023 20:15,County,SHADY GROVE RD,N/A,SINGLE VEHICLE,CLEAR,DRY,DAYLIGHT,NO CONTROLS,Yes,NO APPARENT INJURY,UNKNOWN,PASSENGER CAR,MOVING CONSTANT SPEED,North,North,35,2011,BMW,0.8,58.1,51.6,0
Property Damage Crash,03-01-2023 20:51,Maryland (State),MIDCOUNTY HWY,N/A,SAME DIR REAR END,CLEAR,DRY,DAYLIGHT,TRAFFIC SIGNAL,No,NO APPARENT INJURY,NOT DISTRACTED,(SPORT) UTILITY VEHICLE,STOPPED IN TRAFFIC LANE,North,North,50,2020,LEXUS,7.4,60.4,45.2,0
Property Damage Crash,03-01-2023 21:00,US (State),COLESVILLE RD,N/A,SAME DIR REAR END,CLEAR,DRY,DAYLIGHT,OTHER,No,NO APPARENT INJURY,NOT DISTRACTED,PASSENGER CAR,SLOWING OR STOPPING,South,South,40,2003,LINC,6.7,60,35.4,0
Injury Crash,03-01-2023 21:01,Maryland (State),HUNGERFORD DR,ROCKVILLE,SAME DIR REAR END,CLEAR,DRY,DARK LIGHTS ON,TRAFFIC SIGNAL,Yes,NO APPARENT INJURY,INATTENTIVE OR LOST IN THOUGHT,(SPORT) UTILITY VEHICLE,SLOWING OR STOPPING,North,North,40,2015,TOYT,6.7,47.5,22.6,0
Property Damage Crash,03-01-2023 21:01,US (State),COLESVILLE RD,N/A,SAME DIR REAR END,CLEAR,DRY,DAYLIGHT,OTHER,No,NO APPARENT INJURY,NOT DISTRACTED,PASSENGER CAR,SLOWING OR STOPPING,North,North,40,2018,HONDA,1.7,64.2,54.2,0
Property Damage Crash,04-01-2023 00:39,Maryland (State),NEW HAMPSHIRE AVE,N/A,STRAIGHT MOVEMENT ANGLE,N/A,WET,DARK LIGHTS ON,NO CONTROLS,Yes,NO APPARENT INJURY,NOT DISTRACTED,PASSENGER CAR,MAKING LEFT TURN,South,West,40,2005,HOND,2.4,67.4,57.2,0
Property Damage Crash,04-01-2023 00:39,County,RANDOLPH RD,N/A,SAME DIRECTION SIDESWIPE,CLEAR,DRY,DAYLIGHT,TRAFFIC SIGNAL,Unknown,NO APPARENT INJURY,UNKNOWN,PASSENGER CAR,CHANGING LANES,West,West,30,2004,SCION,1.7,53.7,48.6,0
Property Damage Crash,04-01-2023 03:02,,,,OTHER,UNKNOWN,,DUSK,NO CONTROLS,No,NO APPARENT INJURY,NOT DISTRACTED,PASSENGER CAR,PARKED,,,0,2011,BMW,1.4,61,52.4,0
Property Damage Crash,04-01-2023 03:02,US (State),COLESVILLE RD,N/A,SAME DIRECTION SIDESWIPE,CLEAR,DRY,DARK LIGHTS ON,N/A,No,NO APPARENT INJURY,NOT DISTRACTED,PASSENGER CAR,MOVING CONSTANT SPEED,North,North,35,2011,HONDA,3.3,74.1,27.6,0
Property Damage Crash,04-01-2023 03:14,County,E RANDOLPH RD,N/A,SAME DIR REAR END,CLOUDY,WET,DAYLIGHT,TRAFFIC SIGNAL,Yes,NO APPARENT INJURY,NOT DISTRACTED,VAN,MOVING CONSTANT SPEED,West,West,40,2003,TOYOTA,1.6,56.9,54,0
Property Damage Crash,04-01-2023 03:14,Maryland (State),COLESVILLE RD,N/A,HEAD ON LEFT TURN,N/A,DRY,DAYLIGHT,TRAFFIC SIGNAL,Yes,NO APPARENT INJURY,UNKNOWN,UNKNOWN,MAKING LEFT TURN,North,North,35,0,UNKNOWN,1.1,71.6,53.4,0
Injury Crash,04-01-2023 04:23,Maryland (State),NEW HAMPSHIRE AVE,N/A,STRAIGHT MOVEMENT ANGLE,N/A,DRY,DAYLIGHT,FLASHING TRAFFIC SIGNAL,No,NO APPARENT INJURY,NOT DISTRACTED,PASSENGER CAR,ACCELERATING,South,South,40,2014,TOYOTA,9.7,46.5,37.2,0
Property Damage Crash,04-01-2023 04:23,Maryland (State),FLOWER AVE,TAKOMA PARK,OTHER,CLEAR,DRY,DAYLIGHT,NO CONTROLS,Yes,NO APPARENT INJURY,LOOKED BUT DID NOT SEE,PASSENGER CAR,SLOWING OR STOPPING,South,South,25,2004,MERC,2.1,43.5,42.2,0
Injury Crash,04-01-2023 05:01,County,HORDE ST,N/A,ANGLE MEETS LEFT HEAD ON,CLEAR,DRY,DAYLIGHT,WARNING SIGN,No,NO APPARENT INJURY,NOT DISTRACTED,PASSENGER CAR,MOVING CONSTANT SPEED,South,West,15,2014,AUDI,5.3,58.4,54.8,0
Property Damage Crash,04-01-2023 05:01,Interstate (State),EISENHOWER MEMORIAL HWY,ROCKVILLE,SINGLE VEHICLE,CLEAR,DRY,DARK LIGHTS ON,NO CONTROLS,Yes,NO APPARENT INJURY,LOOKED BUT DID NOT SEE,PASSENGER CAR,MOVING CONSTANT SPEED,North,North,55,2008,HOND,5.2,60.6,59.2,0.08
Property Damage Crash,04-01-2023 05:27,County,TWINBROOK PKWY,N/A,SAME DIRECTION SIDESWIPE,CLEAR,DRY,DAWN,NO CONTROLS,Yes,NO APPARENT INJURY,NOT DISTRACTED,"CARGO VAN/LIGHT TRUCK 2 AXLES (OVER 10,000LBS (4,536 KG))",MOVING CONSTANT SPEED,South,South,35,2004,INTL,5.1,68.9,59.1,0
Injury Crash,04-01-2023 05:27,Maryland (State),FREDERICK RD,N/A,SAME DIR REND LEFT TURN,CLEAR,DRY,DARK LIGHTS ON,NO CONTROLS,Yes,NO APPARENT INJURY,LOOKED BUT DID NOT SEE,PASSENGER CAR,MOVING CONSTANT SPEED,South,South,40,2014,BMW,10,76.5,49.3,0
Injury Crash,04-01-2023 08:53,County,MANCHESTER RD,N/A,SAME DIR REAR END,CLEAR,DRY,DARK LIGHTS ON,NO CONTROLS,Yes,NO APPARENT INJURY,NOT DISTRACTED,PASSENGER CAR,MOVING CONSTANT SPEED,East,East,30,2017,TOYOTA,4,73.5,49.4,0
Property Damage Crash,04-01-2023 08:53,Maryland (State),ROCKVILLE PIKE,N/A,OPPOSITE DIR BOTH LEFT TURN,CLEAR,DRY,DAWN,TRAFFIC SIGNAL,Yes,NO APPARENT INJURY,DISTRACTED BY OUTSIDE PERSON OBJECT OR EVENT,PASSENGER CAR,MAKING LEFT TURN,North,North,35,2010,VOLK,2.6,65.4,60.1,0
Injury Crash,04-01-2023 10:13,Maryland (State),ROCKVILLE PIKE,N/A,STRAIGHT MOVEMENT ANGLE,CLEAR,DRY,DAYLIGHT,TRAFFIC SIGNAL,Yes,POSSIBLE INJURY,UNKNOWN,PASSENGER CAR,MOVING CONSTANT SPEED,South,South,45,2020,HONDA,1.2,63.8,54.6,0
Property Damage Crash,04-01-2023 11:30,County,RANDOLPH RD,N/A,SAME DIR REAR END,CLOUDY,DRY,DAYLIGHT,NO CONTROLS,No,NO APPARENT INJURY,NOT DISTRACTED,PASSENGER CAR,SLOWING OR STOPPING,East,East,40,2006,FORD,2.4,78.3,70.2,0
Injury Crash,04-01-2023 11:30,US (State),COLESVILLE RD,N/A,STRAIGHT MOVEMENT ANGLE,CLEAR,DRY,DAYLIGHT,STOP SIGN,Yes,SUSPECTED MINOR INJURY,LOOKED BUT DID NOT SEE,(SPORT) UTILITY VEHICLE,MOVING CONSTANT SPEED,East,East,35,2011,TOYOTA,5.2,73.3,39.8,0
Injury Crash,04-01-2023 11:30,County,WARING STATION RD,N/A,ANGLE MEETS LEFT HEAD ON,RAINING,WET,DARK LIGHTS ON,STOP SIGN,Yes,NO APPARENT INJURY,NOT DISTRACTED,PASSENGER CAR,MAKING LEFT TURN,South,West,35,2018,FORD,1.9,62.2,56.8,0
Injury Crash,04-01-2023 11:30,Maryland (State),SPENCERVILLE RD,N/A,HEAD ON,CLEAR,DRY,DAYLIGHT,NO CONTROLS,No,POSSIBLE INJURY,NOT DISTRACTED,PASSENGER CAR,MOVING CONSTANT SPEED,East,East,40,2017,TOYT,2,74.6,62.2,0
Property Damage Crash,04-01-2023 11:43,County,HUNTING RIDGE CT,N/A,OTHER,N/A,DRY,DAYLIGHT,NO CONTROLS,No,NO APPARENT INJURY,NOT DISTRACTED,VAN,PARKED,,,25,2016,FORD,2.6,55.9,33.7,0
Property Damage Crash,04-01-2023 11:43,Maryland (State),FREDERICK RD,N/A,STRAIGHT MOVEMENT ANGLE,CLEAR,WET,DAWN,STOP SIGN,No,NO APPARENT INJURY,NOT DISTRACTED,PASSENGER CAR,MOVING CONSTANT SPEED,South,South,40,2016,SUBA,3.7,73.8,45.6,0
Injury Crash,04-01-2023 12:03,US (State),COLUMBIA PIKE,N/A,SAME DIR REAR END,RAINING,WET,DAYLIGHT,TRAFFIC SIGNAL,Yes,POSSIBLE INJURY,NOT DISTRACTED,PASSENGER CAR,SKIDDING,North,North,55,2016,FORD,6.2,57.1,36.1,0
Property Damage Crash,04-01-2023 12:03,Maryland (State),NEW HAMPSHIRE AVE,N/A,SAME DIRECTION RIGHT TURN,RAINING,WET,DAYLIGHT,TRAFFIC SIGNAL,Unknown,NO APPARENT INJURY,NOT DISTRACTED,SCHOOL BUS,MAKING RIGHT TURN,North,West,35,2017,INTERNATIONAL,4.1,76.8,45.4,0
Property Damage Crash,04-01-2023 12:11,County,SHADY GROVE RD,N/A,STRAIGHT MOVEMENT ANGLE,RAINING,WET,DAYLIGHT,TRAFFIC SIGNAL,No,NO APPARENT INJURY,NOT DISTRACTED,PASSENGER CAR,MAKING LEFT TURN,West,North,30,2010,ACUR,6.6,59.4,29.9,0
Property Damage Crash,04-01-2023 12:45,Maryland (State),NEW HAMPSHIRE AVE,N/A,SINGLE VEHICLE,CLEAR,DRY,DARK LIGHTS ON,N/A,Yes,NO APPARENT INJURY,NOT DISTRACTED,PASSENGER CAR,MOVING CONSTANT SPEED,South,South,35,2021,TOYOTA C,1.6,36.2,27.8,0
Property Damage Crash,04-01-2023 12:45,Maryland (State),NEW HAMPSHIRE AVE,N/A,SAME DIR REAR END,RAINING,WET,DAYLIGHT,TRAFFIC SIGNAL,No,NO APPARENT INJURY,NOT DISTRACTED,(SPORT) UTILITY VEHICLE,SLOWING OR STOPPING,South,South,40,2005,TOYOTA,7.2,79.9,45.3,0
Property Damage Crash,04-01-2023 14:17,County,RANDOLPH RD,N/A,SAME DIR REAR END,CLEAR,DRY,DAYLIGHT,NO CONTROLS,No,NO APPARENT INJURY,NOT DISTRACTED,PASSENGER CAR,SLOWING OR STOPPING,East,East,35,2017,TOYTA,2.3,66.9,60,0
Injury Crash,04-01-2023 15:27,County,FLOWER AVE,N/A,SAME DIR REAR END,CLEAR,DRY,DAYLIGHT,TRAFFIC SIGNAL,No,POSSIBLE INJURY,NOT DISTRACTED,PASSENGER CAR,SLOWING OR STOPPING,South,South,35,2013,TOYOTA,5,64.7,60.6,0
Property Damage Crash,04-01-2023 15:27,Maryland (State),EAST WEST HWY,N/A,SAME DIR REAR END,CLEAR,DRY,DAYLIGHT,NO CONTROLS,Yes,NO APPARENT INJURY,UNKNOWN,PASSENGER CAR,SLOWING OR STOPPING,West,West,35,2008,TOYOTA,1.1,49.2,41.3,0
Property Damage Crash,04-01-2023 15:27,,,,SINGLE VEHICLE,CLEAR,,DARK LIGHTS ON,N/A,Yes,NO APPARENT INJURY,UNKNOWN,AMBULANCE/NON EMERGENCY,BACKING,East,East,5,2010,FREIGHTLINER,3.4,76.3,47.2,0
Property Damage Crash,04-01-2023 15:27,County,POWDER MILL RD,N/A,STRAIGHT MOVEMENT ANGLE,CLEAR,DRY,DAYLIGHT,STOP SIGN,No,NO APPARENT INJURY,NOT DISTRACTED,PASSENGER CAR,MOVING CONSTANT SPEED,East,East,35,1996,TOYOTA,2.3,51.4,25,0
Injury Crash,04-01-2023 16:21,Municipality,CENTER POINT WAY,GAITHERSBURG,OTHER,N/A,DRY,DUSK,NO CONTROLS,Yes,NO APPARENT INJURY,NOT DISTRACTED,PASSENGER CAR,PARKING,East,East,5,2011,HONDA,8,64.8,29.1,0
Injury Crash,04-01-2023 16:21,Municipality,CHURCH ST,N/A,SINGLE VEHICLE,CLEAR,DRY,DAYLIGHT,TRAFFIC SIGNAL,Yes,POSSIBLE INJURY,UNKNOWN,,MAKING LEFT TURN,South,South,30,0,UNKNOWN,5.9,71,62.1,0
Property Damage Crash,04-01-2023 16:43,County,WESTLAKE DR,N/A,HEAD ON LEFT TURN,CLEAR,DRY,DARK LIGHTS ON,N/A,No,NO APPARENT INJURY,UNKNOWN,PASSENGER CAR,MOVING CONSTANT SPEED,North,North,30,2014,TOYOTA,2.4,69,59.3,0
Property Damage Crash,04-01-2023 16:43,US (State),GEORGIA AVE,N/A,SAME DIRECTION SIDESWIPE,CLEAR,N/A,DAYLIGHT,TRAFFIC SIGNAL,No,NO APPARENT INJURY,NOT DISTRACTED,PASSENGER CAR,STOPPED IN TRAFFIC LANE,South,South,20,2014,MERCEDES,1,53.3,42.9,0
Injury Crash,04-01-2023 16:45,Maryland (State),GEORGIA AVE,N/A,SAME DIR REAR END,CLEAR,N/A,DAWN,NO CONTROLS,Yes,NO APPARENT INJURY,NOT DISTRACTED,(SPORT) UTILITY VEHICLE,STARTING FROM LANE,South,South,45,2009,JEEP,3.5,72.9,52.3,0
Property Damage Crash,04-01-2023 16:45,Maryland (State),GEORGIA AVE,N/A,OTHER,CLEAR,DRY,DAYLIGHT,N/A,Yes,NO APPARENT INJURY,NOT DISTRACTED,PASSENGER CAR,ACCELERATING,North,North,25,2005,TOYOTA,5.5,65.1,62.2,0
Injury Crash,04-01-2023 16:56,Maryland (State),HUNGERFORD DR,ROCKVILLE,SAME DIR REAR END,CLEAR,DRY,DAYLIGHT,NO CONTROLS,Yes,NO APPARENT INJURY,NOT DISTRACTED,PASSENGER CAR,MOVING CONSTANT SPEED,South,South,40,2014,SUBA,4,63.5,57.6,0
Property Damage Crash,04-01-2023 17:26,Maryland (State),ROCKVILLE PIKE,N/A,SAME DIR REAR END,CLEAR,DRY,DAYLIGHT,TRAFFIC SIGNAL,No,NO APPARENT INJURY,NOT DISTRACTED,(SPORT) UTILITY VEHICLE,SLOWING OR STOPPING,South,South,35,2020,MERCEDES,5.1,71.7,55.8,0
Property Damage Crash,04-01-2023 17:26,County,BOU AVE,N/A,ANGLE MEETS LEFT TURN,CLEAR,DRY,DARK LIGHTS ON,TRAFFIC SIGNAL,Yes,NO APPARENT INJURY,LOOKED BUT DID NOT SEE,PASSENGER CAR,MAKING LEFT TURN,North,East,35,2011,FORD,4.4,47.7,24.2,0
Property Damage Crash,04-01-2023 17:30,County,WARING STATION RD,N/A,OTHER,UNKNOWN,WET,DARK LIGHTS ON,OTHER,Yes,NO APPARENT INJURY,INATTENTIVE OR LOST IN THOUGHT,PASSENGER CAR,UNKNOWN,Unknown,Unknown,25,2015,ACURA,5.8,68.6,58.2,0
Injury Crash,04-01-2023 17:30,County,RANDOLPH RD,N/A,SAME DIR REAR END,CLEAR,DRY,DAYLIGHT,N/A,No,NO APPARENT INJURY,NOT DISTRACTED,PASSENGER CAR,STOPPED IN TRAFFIC LANE,East,East,45,2013,TOYT,4.3,57,57.1,0.07
Property Damage Crash,04-01-2023 17:30,Interstate (State),EISENHOWER MEMORIAL HWY,N/A,SAME DIR REAR END,RAINING,WET,DAYLIGHT,N/A,No,NO APPARENT INJURY,NOT DISTRACTED,UNKNOWN,MOVING CONSTANT SPEED,South,South,55,0,UNK,4.6,54.7,33.9,0
Injury Crash,04-01-2023 17:30,Maryland (State),VEIRS MILL RD,N/A,SAME DIR REAR END,CLEAR,DRY,DARK LIGHTS ON,TRAFFIC SIGNAL,No,POSSIBLE INJURY,NOT DISTRACTED,(SPORT) UTILITY VEHICLE,STOPPED IN TRAFFIC LANE,East,East,35,2016,TOYOTA,3.7,48.4,38.7,0
Property Damage Crash,04-01-2023 17:30,County,RANDOLPH RD,N/A,SAME DIR REAR END,CLEAR,DRY,DAYLIGHT,N/A,Yes,NO APPARENT INJURY,LOOKED BUT DID NOT SEE,PASSENGER CAR,MOVING CONSTANT SPEED,East,East,40,2010,LEXUS,6,65.1,59.8,0
Property Damage Crash,04-01-2023 17:30,US (State),COLUMBIA PIKE,N/A,SAME DIR REAR END,CLEAR,DRY,DAYLIGHT,N/A,No,NO APPARENT INJURY,NOT DISTRACTED,(SPORT) UTILITY VEHICLE,STOPPED IN TRAFFIC LANE,South,South,35,2020,TOYOTA,8,61.2,56.2,0.01
Injury Crash,04-01-2023 18:20,Municipality,SOUTHLAWN LA,ROCKVILLE,STRAIGHT MOVEMENT ANGLE,RAINING,WET,DAYLIGHT,STOP SIGN,No,POSSIBLE INJURY,NOT DISTRACTED,PASSENGER CAR,MOVING CONSTANT SPEED,East,East,35,2002,NISS,1.6,61.6,49.5,0
Property Damage Crash,04-01-2023 18:20,County,ST ANDREWS WAY,N/A,STRAIGHT MOVEMENT ANGLE,CLOUDY,DRY,DARK LIGHTS ON,NO CONTROLS,No,NO APPARENT INJURY,NOT DISTRACTED,POLICE VEHICLE/EMERGENCY,STOPPED IN TRAFFIC LANE,North,North,25,2012,DODGE,4.8,78.4,48.9,0
Injury Crash,04-01-2023 18:30,Maryland (State),UNIVERSITY BLVD E,N/A,SAME DIR REAR END,CLEAR,DRY,DAYLIGHT,TRAFFIC SIGNAL,Yes,POSSIBLE INJURY,UNKNOWN,PASSENGER CAR,SLOWING OR STOPPING,East,East,35,2016,HYUNDAI,1,65.1,48.8,0
Injury Crash,04-01-2023 18:30,Municipality,BROADWOOD DR,N/A,HEAD ON LEFT TURN,CLEAR,DRY,DARK LIGHTS ON,TRAFFIC SIGNAL,Yes,NO APPARENT INJURY,LOOKED BUT DID NOT SEE,(SPORT) UTILITY VEHICLE,MAKING LEFT TURN,West,North,25,2017,HONDA,5.3,72.6,55.7,0
Injury Crash,04-01-2023 19:37,County,CONNECTICUT AVE,N/A,SINGLE VEHICLE,RAINING,WET,DAYLIGHT,TRAFFIC SIGNAL,No,SUSPECTED SERIOUS INJURY,NOT DISTRACTED,PASSENGER CAR,MOVING CONSTANT SPEED,North,North,40,2009,HONDA,4.5,79.7,64.8,0
Property Damage Crash,04-01-2023 19:37,Maryland (State),GEORGIA AVE,N/A,SAME DIR REAR END,N/A,DRY,DAYLIGHT,PERSON,No,NO APPARENT INJURY,NOT DISTRACTED,(SPORT) UTILITY VEHICLE,SLOWING OR STOPPING,South,South,20,2014,TOYOTA,1.9,67.2,38.1,0
Property Damage Crash,04-01-2023 19:37,County,ROSEDALE AVE,N/A,OTHER,CLEAR,DRY,DARK LIGHTS ON,NO CONTROLS,Yes,NO APPARENT INJURY,UNKNOWN,,MOVING CONSTANT SPEED,West,West,25,0,UNKNOWN,3,48.3,45.9,0
Property Damage Crash,04-01-2023 20:04,County,E GUDE DR,N/A,SAME DIR REAR END,CLEAR,DRY,DAYLIGHT,N/A,Yes,NO APPARENT INJURY,NOT DISTRACTED,PASSENGER CAR,MOVING CONSTANT SPEED,West,West,40,2017,MAZDA,2,66.3,66,0
Property Damage Crash,04-01-2023 20:04,Maryland (State),LAYTONSVILLE RD,N/A,SAME DIR REAR END,CLOUDY,DRY,DAYLIGHT,NO CONTROLS,Yes,NO APPARENT INJURY,UNKNOWN,(SPORT) UTILITY VEHICLE,SLOWING OR STOPPING,East,East,30,2014,GMC,6.5,69.1,56.3,0
Property Damage Crash,04-01-2023 20:04,Maryland (State),UNIVERSITY BLVD E,N/A,SAME DIRECTION RIGHT TURN,CLEAR,DRY,DARK LIGHTS ON,N/A,Yes,NO APPARENT INJURY,NOT DISTRACTED,PASSENGER CAR,MOVING CONSTANT SPEED,West,West,20,2004,FORD,3.2,69.8,62.6,0
Property Damage Crash,04-01-2023 20:30,Municipality,DAWSON AVE,ROCKVILLE,ANGLE MEETS LEFT HEAD ON,CLEAR,DRY,DAYLIGHT,N/A,No,NO APPARENT INJURY,NOT DISTRACTED,PASSENGER CAR,MOVING CONSTANT SPEED,South,South,35,2014,DODGE,8.1,79.1,46,0
Property Damage Crash,04-01-2023 20:30,Maryland (State),FREDERICK RD,N/A,SAME DIR REAR END,CLEAR,DRY,DAYLIGHT,NO CONTROLS,No,NO APPARENT INJURY,NOT DISTRACTED,PASSENGER CAR,SLOWING OR STOPPING,North,North,40,2015,ACURA,3.6,64.8,42.2,0
Property Damage Crash,04-01-2023 20:59,,,,SINGLE VEHICLE,CLEAR,,DAYLIGHT,NO CONTROLS,Yes,NO APPARENT INJURY,LOOKED BUT DID NOT SEE,SCHOOL BUS,SLOWING OR STOPPING,Unknown,Unknown,15,2011,THOMAS,9.9,78.6,53.7,0
Property Damage Crash,04-01-2023 20:59,Maryland (State),GEORGIA AVE,N/A,SAME DIR REAR END,CLEAR,DRY,DAYLIGHT,NO CONTROLS,No,NO APPARENT INJURY,NOT DISTRACTED,PASSENGER CAR,SLOWING OR STOPPING,North,North,35,2003,SUBARU,4.4,56.6,52.3,0.02
Property Damage Crash,04-01-2023 20:59,Maryland (State),CLARKSBURG RD,N/A,SAME DIR REAR END,N/A,DRY,DAYLIGHT,TRAFFIC SIGNAL,No,NO APPARENT INJURY,NOT DISTRACTED,POLICE VEHICLE/NON EMERGENCY,STOPPED IN TRAFFIC LANE,West,North,30,2020,FORD,5,67,67.4,0.01
Injury Crash,04-01-2023 21:19,Maryland (State),OLNEY LAYTONSVILLE RD,N/A,SAME DIRECTION LEFT TURN,CLEAR,DRY,DARK LIGHTS ON,NO CONTROLS,Yes,NO APPARENT INJURY,NOT DISTRACTED,PASSENGER CAR,CHANGING LANES,West,West,40,2002,TOYT,1.1,58.2,51.3,0