ACRS Report Type,Date and Time,Route Type,Road Name,Municipality,Collision Type,Weather,Surface Condition,Light,Traffic Control,Driver At Fault,Injury Severity,Driver Distracted By,Vehicle Body Type,Vehicle Movement,Vehicle Continuing Dir,Vehicle Going Dir,Speed Limit,Vehicle Year,Vehicle Make,Wind Speed (MPH),TMP10-DK ,Relative Humidity (%),Rain (Inches)
Property Damage Crash,04-01-2023 22:42,Maryland (State),GEORGIA AVE,N/A,SAME DIRECTION SIDESWIPE,RAINING,WET,DARK LIGHTS ON,TRAFFIC SIGNAL,No,NO APPARENT INJURY,UNKNOWN,TRANSIT BUS,MAKING LEFT TURN,North,East,25,2006,NWFL,8.8,67.3,40.5,0
Property Damage Crash,04-01-2023 22:57,Municipality,TWINBROOK PKWY,ROCKVILLE,SAME DIRECTION SIDESWIPE,CLOUDY,DRY,DAYLIGHT,TRAFFIC SIGNAL,Yes,NO APPARENT INJURY,NOT DISTRACTED,PASSENGER CAR,MOVING CONSTANT SPEED,West,North,30,2003,MAZDA,5.9,73.5,41.4,0
Property Damage Crash,04-01-2023 23:20,County,FENTON ST,N/A,SAME DIR REAR END,CLOUDY,DRY,DAYLIGHT,TRAFFIC SIGNAL,No,NO APPARENT INJURY,NOT DISTRACTED,(SPORT) UTILITY VEHICLE,STOPPED IN TRAFFIC LANE,East,East,25,2016,HONDA,2.4,70.2,69.7,0
Property Damage Crash,04-01-2023 23:20,County,SHADY GROVE RD,N/A,HEAD ON LEFT TURN,CLEAR,DRY,DARK LIGHTS ON,TRAFFIC SIGNAL,No,NO APPARENT INJURY,NOT DISTRACTED,(SPORT) UTILITY VEHICLE,STARTING FROM LANE,North,North,45,2015,FORD,8.2,61.7,48.8,0
Property Damage Crash,05-01-2023 02:44,Maryland (State),GEORGIA AVE,N/A,SAME DIRECTION SIDESWIPE,CLEAR,DRY,DAYLIGHT,TRAFFIC SIGNAL,Yes,NO APPARENT INJURY,NOT DISTRACTED,PASSENGER CAR,CHANGING LANES,South,South,45,1998,BUIC,3.2,52,24.6,0
Injury Crash,05-01-2023 05:00,Maryland (State),ROCKVILLE PIKE,ROCKVILLE,STRAIGHT MOVEMENT ANGLE,CLEAR,DRY,DAYLIGHT,NO CONTROLS,No,NO APPARENT INJURY,NOT DISTRACTED,PASSENGER CAR,MAKING RIGHT TURN,South,East,40,2017,LEX,2.5,65,55.9,0
Property Damage Crash,05-01-2023 05:46,Municipality,BRADLEY LA,N/A,OTHER,CLOUDY,DRY,DAYLIGHT,NO CONTROLS,Yes,NO APPARENT INJURY,NOT DISTRACTED,PASSENGER CAR,PASSING,East,East,25,2019,NISSAN,7.4,57.8,41.9,0
Injury Crash,05-01-2023 05:46,Maryland (State),WISCONSIN AVE,N/A,SAME DIR REAR END,CLEAR,DRY,DARK NO LIGHTS,NO CONTROLS,No,POSSIBLE INJURY,NOT DISTRACTED,(SPORT) UTILITY VEHICLE,STOPPED IN TRAFFIC LANE,South,South,25,2018,LEXUS,1.2,53.7,47.1,0
Property Damage Crash,05-01-2023 05:53,Maryland (State),16TH ST,N/A,STRAIGHT MOVEMENT ANGLE,CLEAR,DRY,DAYLIGHT,NO CONTROLS,No,NO APPARENT INJURY,NOT DISTRACTED,PASSENGER CAR,MAKING LEFT TURN,West,West,35,2010,MAZDA,2.3,47.4,45.5,0
Injury Crash,05-01-2023 06:40,Maryland (State),CLOPPER RD,N/A,SAME DIR REAR END,CLEAR,WET,DAYLIGHT,NO CONTROLS,No,SUSPECTED MINOR INJURY,NOT DISTRACTED,PASSENGER CAR,SLOWING OR STOPPING,East,East,40,2008,MAZADA,5.5,58.3,34.9,0
Property Damage Crash,05-01-2023 06:40,,,,SAME DIRECTION SIDESWIPE,CLEAR,,DAYLIGHT,NO CONTROLS,No,NO APPARENT INJURY,NOT DISTRACTED,TRANSIT BUS,PARKED,,,25,2010,ORION,1.3,50.3,38.7,0
Injury Crash,05-01-2023 06:48,Maryland (State),UNIVERSITY BLVD W,N/A,SAME DIR REAR END,CLEAR,DRY,DAYLIGHT,TRAFFIC SIGNAL,No,NO APPARENT INJURY,NOT DISTRACTED,PASSENGER CAR,MOVING CONSTANT SPEED,North,East,35,2013,MERCEDES,3.1,65.7,52.5,0
Injury Crash,05-01-2023 06:48,Municipality,HALPINE RD,N/A,SAME DIR REAR END,CLEAR,DRY,DAYLIGHT,TRAFFIC SIGNAL,Yes,NO APPARENT INJURY,NOT DISTRACTED,"CARGO VAN/LIGHT TRUCK 2 AXLES (OVER 10,000LBS (4,536 KG))",STARTING FROM LANE,West,West,35,2009,FREIGHTLINE,6.8,58.3,41.6,0
Property Damage Crash,05-01-2023 07:00,County,SEMINARY PL,N/A,HEAD ON LEFT TURN,RAINING,WET,DARK LIGHTS ON,NO CONTROLS,No,NO APPARENT INJURY,NOT DISTRACTED,PASSENGER CAR,MOVING CONSTANT SPEED,East,East,35,2003,FORD,3.3,57.4,57.6,0.01
Property Damage Crash,05-01-2023 07:00,County,RANDOLPH RD,N/A,SAME DIR REAR END,CLOUDY,DRY,DARK LIGHTS ON,NO CONTROLS,Yes,NO APPARENT INJURY,NOT DISTRACTED,PASSENGER CAR,SLOWING OR STOPPING,East,East,40,2006,TOYOTA,2.8,71.3,45.4,0
Property Damage Crash,05-01-2023 07:00,Maryland (State),FREDERICK RD,GAITHERSBURG,STRAIGHT MOVEMENT ANGLE,CLEAR,N/A,DARK LIGHTS ON,TRAFFIC SIGNAL,No,NO APPARENT INJURY,NOT DISTRACTED,PASSENGER CAR,MOVING CONSTANT SPEED,East,East,30,2014,TOYOTA,4,62,49.1,0
Injury Crash,05-01-2023 08:39,County,CRABBS BRANCH WAY,N/A,STRAIGHT MOVEMENT ANGLE,CLOUDY,DRY,DAYLIGHT,TRAFFIC SIGNAL,No,NO APPARENT INJURY,LOOKED BUT DID NOT SEE,PASSENGER CAR,MAKING LEFT TURN,West,North,35,2020,HONDA,3.2,67,66.8,0
Property Damage Crash,05-01-2023 08:39,County,CRABBS BRANCH WAY,N/A,HEAD ON LEFT TURN,CLEAR,WET,DARK LIGHTS ON,TRAFFIC SIGNAL,No,NO APPARENT INJURY,NOT DISTRACTED,PASSENGER CAR,MOVING CONSTANT SPEED,South,South,35,2015,CHEVY,2,69.6,60.9,0
Property Damage Crash,05-01-2023 12:05,Maryland (State),OLD COLUMBIA PIKE,N/A,STRAIGHT MOVEMENT ANGLE,RAINING,WET,DAYLIGHT,NO CONTROLS,No,NO APPARENT INJURY,NOT DISTRACTED,PICKUP TRUCK,MOVING CONSTANT SPEED,East,East,45,2002,TOYOTA,7.2,68.1,50.9,0
Property Damage Crash,05-01-2023 12:05,County,DENNIS AVE,N/A,OTHER,CLEAR,DRY,DAYLIGHT,NO CONTROLS,No,NO APPARENT INJURY,NOT DISTRACTED,"OTHER LIGHT TRUCKS (10,000LBS (4,536KG) OR LESS)",ACCELERATING,East,East,30,2008,CHEVROLET,6.8,65.6,63.2,0
Injury Crash,05-01-2023 13:15,Municipality,E GUDE DR,ROCKVILLE,SAME DIR REAR END,CLEAR,DRY,DAYLIGHT,TRAFFIC SIGNAL,Yes,NO APPARENT INJURY,LOOKED BUT DID NOT SEE,PASSENGER CAR,MOVING CONSTANT SPEED,West,West,40,2000,TOYO,8.6,56.9,50.6,0.02
Injury Crash,05-01-2023 13:15,County,MOORE RD,N/A,STRAIGHT MOVEMENT ANGLE,CLEAR,DRY,DAYLIGHT,N/A,Yes,NO APPARENT INJURY,NOT DISTRACTED,(SPORT) UTILITY VEHICLE,MAKING LEFT TURN,West,North,30,2013,GMC,6.2,55,41.3,0
Property Damage Crash,05-01-2023 14:25,Maryland (State),RIDGE RD,N/A,SAME DIR REAR END,RAINING,WET,DAYLIGHT,NO CONTROLS,No,NO APPARENT INJURY,NOT DISTRACTED,PASSENGER CAR,SLOWING OR STOPPING,South,South,40,2015,NISSAN,9.3,69.3,60.1,0
Property Damage Crash,05-01-2023 14:25,US (State),COLUMBIA PIKE,N/A,SAME DIR REAR END,CLEAR,DRY,DARK NO LIGHTS,TRAFFIC SIGNAL,No,NO APPARENT INJURY,NOT DISTRACTED,PASSENGER CAR,STOPPED IN TRAFFIC LANE,North,North,55,2013,TOYOTA,4.4,46.5,30.7,0
Property Damage Crash,05-01-2023 15:10,Maryland (State),GEORGIA AVE,N/A,OTHER,CLEAR,DRY,DAYLIGHT,NO CONTROLS,No,NO APPARENT INJURY,NOT DISTRACTED,(SPORT) UTILITY VEHICLE,MOVING CONSTANT SPEED,North,North,30,2022,TOYOTA,8.9,85.4,53.3,0
Property Damage Crash,05-01-2023 15:10,County,E GUDE DR,N/A,SAME DIR REAR END,RAINING,WET,DARK LIGHTS ON,TRAFFIC SIGNAL,Yes,NO APPARENT INJURY,UNKNOWN,PASSENGER CAR,MOVING CONSTANT SPEED,East,East,40,2003,NISSAN,3.5,57.9,26.4,0
Injury Crash,05-01-2023 15:30,US (State),COLUMBIA PIKE,N/A,SINGLE VEHICLE,CLEAR,DRY,DARK LIGHTS ON,NO CONTROLS,Yes,SUSPECTED MINOR INJURY,UNKNOWN,PASSENGER CAR,ENTERING TRAFFIC LANE,South,South,40,2007,LAND ROVER,4.1,52.9,23.6,0
Property Damage Crash,05-01-2023 15:30,County,TUCKERMAN LA,N/A,SINGLE VEHICLE,CLEAR,WET,DAYLIGHT,N/A,Yes,NO APPARENT INJURY,NOT DISTRACTED,PASSENGER CAR,MAKING RIGHT TURN,West,West,40,2002,TOYOT,3.9,72.6,49,0
Property Damage Crash,05-01-2023 15:33,Interstate (State),EISENHOWER MEMORIAL HWY,N/A,SAME DIR REAR END,RAINING,WET,DAYLIGHT,N/A,Yes,NO APPARENT INJURY,UNKNOWN,PASSENGER CAR,ACCELERATING,South,South,55,2011,MAZDA,5.1,69.7,44.5,0
Injury Crash,05-01-2023 15:33,County,DARNESTOWN RD,N/A,SINGLE VEHICLE,CLOUDY,WET,DAYLIGHT,TRAFFIC SIGNAL,Yes,POSSIBLE INJURY,UNKNOWN,PICKUP TRUCK,MAKING LEFT TURN,South,West,40,2003,FORD,1.8,67.6,60.7,0
Property Damage Crash,05-01-2023 15:52,Maryland (State),OLNEY LAYTONSVILLE RD,N/A,HEAD ON LEFT TURN,CLEAR,DRY,DAYLIGHT,NO CONTROLS,Yes,NO APPARENT INJURY,LOOKED BUT DID NOT SEE,PASSENGER CAR,MAKING LEFT TURN,South,West,30,2012,TOYOTA,3.9,48.9,36.2,0
Property Damage Crash,05-01-2023 16:04,County,BEL PRE RD,N/A,SAME DIR REAR END,CLEAR,DRY,DAYLIGHT,TRAFFIC SIGNAL,Yes,NO APPARENT INJURY,UNKNOWN,PASSENGER CAR,MAKING U TURN,West,East,40,2017,JEEP,3,62.5,45.5,0
Property Damage Crash,05-01-2023 16:10,County,GLENVILLE RD,N/A,UNKNOWN,N/A,DRY,DARK LIGHTS ON,NO CONTROLS,Unknown,NO APPARENT INJURY,NOT DISTRACTED,PASSENGER CAR,PARKED,,,25,2009,TOYT,2.5,80.7,56.9,0
Property Damage Crash,05-01-2023 16:10,US (State),COLESVILLE RD,N/A,HEAD ON LEFT TURN,CLEAR,DRY,DUSK,TRAFFIC SIGNAL,No,NO APPARENT INJURY,NOT DISTRACTED,(SPORT) UTILITY VEHICLE,MOVING CONSTANT SPEED,South,South,40,2008,TOYOTA,4.6,76.1,70.7,0
Injury Crash,05-01-2023 16:28,County,CENTERWAY RD,N/A,STRAIGHT MOVEMENT ANGLE,CLEAR,DRY,DAYLIGHT,TRAFFIC SIGNAL,No,NO APPARENT INJURY,NOT DISTRACTED,PASSENGER CAR,MOVING CONSTANT SPEED,South,South,35,2015,HOND,3.9,54.5,49.2,0
Injury Crash,05-01-2023 16:28,Maryland (State),FREDERICK RD,GAITHERSBURG,SAME DIR REAR END,CLEAR,DRY,DAYLIGHT,NO CONTROLS,No,POSSIBLE INJURY,NOT DISTRACTED,PASSENGER CAR,SLOWING OR STOPPING,North,North,30,2019,FORD,4.3,65.4,65.6,0.01
Injury Crash,05-01-2023 17:35,,,,SINGLE VEHICLE,CLOUDY,,DAYLIGHT,NO CONTROLS,Yes,NO APPARENT INJURY,UNKNOWN,PASSENGER CAR,ACCELERATING,Unknown,Unknown,0,2001,TOYOTA,1.8,56.8,38.6,0
Property Damage Crash,05-01-2023 17:35,,,,SINGLE VEHICLE,CLEAR,,DAYLIGHT,N/A,Yes,NO APPARENT INJURY,UNKNOWN,PASSENGER CAR,PARKING,East,East,10,2012,TOYOTA,7.6,77.5,57.3,0
Property Damage Crash,05-01-2023 17:49,,,,OTHER,CLEAR,,DAYLIGHT,N/A,Unknown,NO APPARENT INJURY,NOT DISTRACTED,"CARGO VAN/LIGHT TRUCK 2 AXLES (OVER 10,000LBS (4,536 KG))",BACKING,East,East,10,2010,FORD,5.8,63.5,63,0.01
Property Damage Crash,05-01-2023 17:49,,,,SAME DIRECTION SIDESWIPE,CLEAR,,DAYLIGHT,N/A,Yes,NO APPARENT INJURY,LOOKED BUT DID NOT SEE,PASSENGER CAR,PARKING,Unknown,Unknown,15,2002,CHEVROLET,1.5,44.8,42.6,0
Injury Crash,05-01-2023 19:39,Maryland (State),GEORGIA AVE,N/A,STRAIGHT MOVEMENT ANGLE,CLEAR,DRY,DAYLIGHT,TRAFFIC SIGNAL,Yes,POSSIBLE INJURY,LOOKED BUT DID NOT SEE,PASSENGER CAR,MOVING CONSTANT SPEED,South,South,45,2016,HONDA,2.2,72.5,69.9,0
Property Damage Crash,05-01-2023 19:39,Maryland (State),ROCKVILLE PIKE,N/A,SAME DIR REAR END,RAINING,WET,DAYLIGHT,TRAFFIC SIGNAL,No,NO APPARENT INJURY,NOT DISTRACTED,PASSENGER CAR,SLOWING OR STOPPING,South,South,45,2021,TOYOTA,6.4,56.3,56.2,0.04
Property Damage Crash,05-01-2023 20:42,Municipality,WOOTTON PKWY,N/A,SAME DIR REAR END,CLEAR,DRY,DAYLIGHT,TRAFFIC SIGNAL,Yes,NO APPARENT INJURY,NOT DISTRACTED,PASSENGER CAR,MOVING CONSTANT SPEED,East,East,30,2010,H,2.8,68.8,61.5,0
Property Damage Crash,05-01-2023 20:42,,,,OTHER,CLEAR,,DAYLIGHT,NO CONTROLS,Yes,NO APPARENT INJURY,INATTENTIVE OR LOST IN THOUGHT,PASSENGER CAR,UNKNOWN,Unknown,Unknown,10,2006,HONDA,15.6,83.3,59.8,0
Injury Crash,05-01-2023 22:12,County,VEIRS MILL RD,N/A,SAME DIR REAR END,CLEAR,DRY,DAYLIGHT,NO CONTROLS,Unknown,POSSIBLE INJURY,UNKNOWN,PASSENGER CAR,SLOWING OR STOPPING,West,West,35,2014,HONDA,0.8,55.1,49,0
Property Damage Crash,05-01-2023 22:30,Maryland (State),NEW HAMPSHIRE AVE,N/A,SAME DIR REAR END,CLEAR,DRY,DAWN,TRAFFIC SIGNAL,Yes,NO APPARENT INJURY,UNKNOWN,PASSENGER CAR,SLOWING OR STOPPING,North,North,40,1999,FORD,5.7,63.5,50,0
Injury Crash,05-01-2023 22:30,County,MACARTHUR BLVD,N/A,OTHER,CLEAR,WET,DARK LIGHTS ON,TRAFFIC SIGNAL,No,NO APPARENT INJURY,NOT DISTRACTED,PASSENGER CAR,MAKING LEFT TURN,South,West,30,2003,FORD,2.8,72.2,68.1,0
Injury Crash,05-01-2023 23:35,Maryland (State),HUNGERFORD DR,ROCKVILLE,SAME DIR REAR END,RAINING,WET,DARK LIGHTS ON,TRAFFIC SIGNAL,No,NO APPARENT INJURY,NOT DISTRACTED,PASSENGER CAR,SLOWING OR STOPPING,North,North,45,2013,LEXS,6.6,52.9,26.8,0
Injury Crash,06-01-2023 03:27,Maryland (State),MONTGOMERY VILLAGE AVE,N/A,SAME DIR REAR END,RAINING,WET,DAYLIGHT,TRAFFIC SIGNAL,Yes,NO APPARENT INJURY,NOT DISTRACTED,PASSENGER CAR,SLOWING OR STOPPING,West,West,35,2000,DODG,4.6,64.6,63.3,0
Property Damage Crash,06-01-2023 06:00,,,,OTHER,CLEAR,,DAYLIGHT,N/A,No,NO APPARENT INJURY,NOT DISTRACTED,PASSENGER CAR,PARKED,,,10,2010,BMW,6.8,55.6,51.2,0
Property Damage Crash,06-01-2023 06:18,County,CHERRY TREE LA,N/A,SAME DIR REAR END,CLEAR,WET,DAWN,TRAFFIC SIGNAL,No,NO APPARENT INJURY,NOT DISTRACTED,PASSENGER CAR,STOPPED IN TRAFFIC LANE,North,North,40,2013,TOYT,5,70.9,47.7,0
Property Damage Crash,06-01-2023 06:18,,,,SINGLE VEHICLE,CLEAR,,DARK LIGHTS ON,NO CONTROLS,Yes,NO APPARENT INJURY,LOOKED BUT DID NOT SEE,PASSENGER CAR,MOVING CONSTANT SPEED,East,East,15,2005,CHEVY,3.9,48.5,45.2,0
Property Damage Crash,06-01-2023 06:30,Maryland (State),MIDCOUNTY HWY,N/A,OTHER,CLOUDY,WET,DAYLIGHT,TRAFFIC SIGNAL,No,NO APPARENT INJURY,NOT DISTRACTED,PASSENGER CAR,STOPPED IN TRAFFIC LANE,North,North,50,2017,HONDA,5.5,51.9,28.3,0
Property Damage Crash,06-01-2023 06:30,County,ATHERTON DR,N/A,STRAIGHT MOVEMENT ANGLE,RAINING,WET,DAYLIGHT,NO CONTROLS,No,NO APPARENT INJURY,NOT DISTRACTED,PASSENGER CAR,STARTING FROM PARKED,Unknown,East,25,2009,ACURA,11.6,53.4,38.1,0
Property Damage Crash,06-01-2023 07:24,County,E GUDE DR,N/A,SAME DIR REAR END,CLEAR,DRY,DAYLIGHT,TRAFFIC SIGNAL,No,NO APPARENT INJURY,NOT DISTRACTED,PASSENGER CAR,MOVING CONSTANT SPEED,East,East,40,2004,CHEV,11.3,54.8,41.2,0
Property Damage Crash,06-01-2023 07:24,,,,SINGLE VEHICLE,N/A,,DARK LIGHTS ON,N/A,Yes,NO APPARENT INJURY,NOT DISTRACTED,PASSENGER CAR,PARKING,Unknown,Unknown,10,2013,HYUNDAI,6.5,49.5,31.8,0
Property Damage Crash,06-01-2023 07:45,County,ASPEN HILL RD,N/A,SAME DIR REAR END,RAINING,WET,DARK LIGHTS ON,N/A,No,NO APPARENT INJURY,NOT DISTRACTED,PASSENGER CAR,SLOWING OR STOPPING,South,South,35,2002,TOYOTA,6,52.2,42.4,0
Injury Crash,06-01-2023 07:45,Maryland (State),SANDY SPRING RD,N/A,OTHER,CLEAR,DRY,DAYLIGHT,TRAFFIC SIGNAL,Yes,SUSPECTED SERIOUS INJURY,LOOKED BUT DID NOT SEE,PASSENGER CAR,MAKING LEFT TURN,North,West,40,2012,VOLKSWAGEN,2.9,63.1,56.6,0
Injury Crash,06-01-2023 07:47,Maryland (State),FOREST GLEN RD,N/A,SAME DIR REAR END,CLEAR,DRY,DAYLIGHT,N/A,No,NO APPARENT INJURY,NOT DISTRACTED,PASSENGER CAR,SLOWING OR STOPPING,East,East,35,2017,FORD,1,58.6,55.2,0
Injury Crash,06-01-2023 07:47,County,BRIGGS CHANEY RD,N/A,SAME DIR REAR END,CLEAR,DRY,DAYLIGHT,NO CONTROLS,Yes,NO APPARENT INJURY,NOT DISTRACTED,PASSENGER CAR,MOVING CONSTANT SPEED,West,West,35,2012,TOYT,5.8,57.5,45.9,0
Property Damage Crash,06-01-2023 07:59,Maryland (State),ROCKVILLE PIKE,N/A,SAME DIR REAR END,CLEAR,DRY,DAYLIGHT,NO CONTROLS,Yes,NO APPARENT INJURY,UNKNOWN,PASSENGER CAR,MOVING CONSTANT SPEED,South,South,35,2008,TOYOTA,0.9,60.4,53.4,0
Property Damage Crash,06-01-2023 07:59,Municipality,MANNAKEE ST,ROCKVILLE,OTHER,RAINING,WET,DAYLIGHT,N/A,No,NO APPARENT INJURY,NOT DISTRACTED,AMBULANCE/NON EMERGENCY,SLOWING OR STOPPING,South,South,25,2016,FRHT,2.1,65.5,57.7,0
Property Damage Crash,06-01-2023 08:03,County,VEIRS MILL RD,N/A,SAME DIR REAR END,RAINING,WET,DAYLIGHT,YIELD SIGN,Yes,NO APPARENT INJURY,UNKNOWN,"CARGO VAN/LIGHT TRUCK 2 AXLES (OVER 10,000LBS (4,536 KG))",OTHER,South,South,45,2010,FORD,4.5,50.1,24.1,0
Property Damage Crash,06-01-2023 08:03,,,,OTHER,CLEAR,,DAYLIGHT,N/A,Yes,NO APPARENT INJURY,LOOKED BUT DID NOT SEE,PASSENGER CAR,STARTING FROM PARKED,Unknown,Unknown,10,2010,MERZ,1.7,65.4,60.1,0
Injury Crash,06-01-2023 08:06,,EISENHOWER MEMORIAL HWY,N/A,OTHER,CLEAR,DRY,DAYLIGHT,NO CONTROLS,No,SUSPECTED MINOR INJURY,NOT DISTRACTED,PASSENGER CAR,MOVING CONSTANT SPEED,North,North,55,2015,FORD,5.2,79.3,47.2,0
Injury Crash,06-01-2023 08:06,Maryland (State),NEW HAMPSHIRE AVE,N/A,SAME DIR REAR END,CLEAR,DRY,DARK LIGHTS ON,TRAFFIC SIGNAL,Unknown,NO APPARENT INJURY,NOT DISTRACTED,PASSENGER CAR,MOVING CONSTANT SPEED,North,North,35,2008,MERCEDES,3.6,69.9,59.4,0
Property Damage Crash,06-01-2023 08:30,County,GLEN RD,N/A,SAME DIRECTION LEFT TURN,RAINING,WET,DAYLIGHT,NO CONTROLS,No,NO APPARENT INJURY,NOT DISTRACTED,PASSENGER CAR,MAKING LEFT TURN,South,West,30,2016,KIA,2.3,63.2,59.9,0
Property Damage Crash,06-01-2023 08:30,,,,OTHER,CLEAR,,DARK LIGHTS ON,NO CONTROLS,Yes,NO APPARENT INJURY,NOT DISTRACTED,PASSENGER CAR,PARKING,Unknown,Unknown,10,1999,MERC,7.4,50.9,31.8,0
Property Damage Crash,06-01-2023 08:35,County,BARRON ST,N/A,ANGLE MEETS LEFT HEAD ON,CLEAR,DRY,DAYLIGHT,STOP SIGN,Yes,NO APPARENT INJURY,NOT DISTRACTED,"MEDIUM/HEAVY TRUCKS 3 AXLES (OVER 10,000LBS (4,536KG))",MAKING LEFT TURN,South,West,25,2018,MACK,1.4,60.9,59.5,0.02
Property Damage Crash,06-01-2023 09:15,Maryland (State),FREDERICK RD,N/A,SAME DIR REAR END,CLEAR,DRY,DARK LIGHTS ON,N/A,No,NO APPARENT INJURY,NOT DISTRACTED,(SPORT) UTILITY VEHICLE,SLOWING OR STOPPING,South,South,40,2015,JEEP,3.7,80.1,68.6,0
Property Damage Crash,06-01-2023 09:29,Maryland (State),BRADLEY BLVD,N/A,SAME DIR REAR END,RAINING,WET,DUSK,TRAFFIC SIGNAL,No,NO APPARENT INJURY,NOT DISTRACTED,PASSENGER CAR,STOPPED IN TRAFFIC LANE,South,South,30,2005,FORD,1.9,50.6,46.4,0
Property Damage Crash,06-01-2023 09:29,Maryland (State),CLOPPER RD,N/A,SAME DIRECTION LEFT TURN,CLEAR,DRY,DAYLIGHT,N/A,No,NO APPARENT INJURY,NOT DISTRACTED,TRUCK TRACTOR,STARTING FROM LANE,East,East,40,2003,FRHT,4.3,49,33.1,0
Injury Crash,06-01-2023 10:55,Maryland (State),GEORGIA AVE,N/A,SAME DIR REAR END,CLEAR,DRY,DARK LIGHTS ON,TRAFFIC SIGNAL,No,SUSPECTED MINOR INJURY,NOT DISTRACTED,PICKUP TRUCK,STOPPED IN TRAFFIC LANE,North,North,25,2016,TOYOTA,4.7,65.4,26.7,0
Injury Crash,06-01-2023 10:55,Maryland (State),MUNCASTER MILL RD,N/A,OPPOSITE DIRECTION SIDESWIPE,CLOUDY,DRY,DAYLIGHT,NO CONTROLS,No,SUSPECTED MINOR INJURY,NOT DISTRACTED,(SPORT) UTILITY VEHICLE,SLOWING OR STOPPING,East,East,35,2016,NISSAN,3.6,69.2,50.3,0
Injury Crash,06-01-2023 11:25,Maryland (State),GEORGIA AVE,N/A,SAME DIR REAR END,CLEAR,DRY,DAYLIGHT,TRAFFIC SIGNAL,No,NO APPARENT INJURY,NOT DISTRACTED,(SPORT) UTILITY VEHICLE,STOPPED IN TRAFFIC LANE,South,South,35,2011,HONDA,2.2,58.2,57.6,0
Property Damage Crash,06-01-2023 11:25,Maryland (State),NEW HAMPSHIRE AVE,N/A,OTHER,CLEAR,DRY,DAYLIGHT,TRAFFIC SIGNAL,Yes,NO APPARENT INJURY,NOT DISTRACTED,PASSENGER CAR,ACCELERATING,North,North,40,2015,JEEP,5.7,54.9,29,0
Injury Crash,06-01-2023 11:30,County,PINEY MEETINGHOUSE RD,N/A,SINGLE VEHICLE,CLOUDY,WET,DAYLIGHT,N/A,Yes,POSSIBLE INJURY,UNKNOWN,N/A,SKIDDING,South,South,30,2002,NISS,3.5,67.2,49,0
Injury Crash,06-01-2023 13:55,Maryland (State),MONTGOMERY VILLAGE AVE,N/A,SAME DIR REAR END,RAINING,WET,DAYLIGHT,TRAFFIC SIGNAL,No,POSSIBLE INJURY,NOT DISTRACTED,PASSENGER CAR,SLOWING OR STOPPING,West,West,35,2000,TOYT,15.6,84.7,59.3,0
Property Damage Crash,06-01-2023 13:55,Maryland (State),OLD GEORGETOWN RD,N/A,SAME DIRECTION RIGHT TURN,CLEAR,DRY,DAYLIGHT,NO CONTROLS,Yes,NO APPARENT INJURY,LOOKED BUT DID NOT SEE,PASSENGER CAR,CHANGING LANES,South,South,35,2018,TOYOTA,1.5,65.2,46.8,0
Property Damage Crash,06-01-2023 14:05,Maryland (State),RIDGE RD,N/A,SAME DIR REAR END,CLOUDY,DRY,DAYLIGHT,TRAFFIC SIGNAL,Yes,NO APPARENT INJURY,NOT DISTRACTED,PICKUP TRUCK,SLOWING OR STOPPING,North,North,40,2012,FORD,9.5,73.2,57.2,0
Property Damage Crash,06-01-2023 14:05,,,,OTHER,CLEAR,,DAYLIGHT,N/A,No,NO APPARENT INJURY,NOT DISTRACTED,PASSENGER CAR,PARKED,,,5,2004,TOYOTA,1.9,68.5,62.5,0
Property Damage Crash,06-01-2023 14:25,Maryland (State),ROCKVILLE PIKE,N/A,SAME DIR REAR END,CLOUDY,DRY,DAYLIGHT,TRAFFIC SIGNAL,No,NO APPARENT INJURY,NOT DISTRACTED,PASSENGER CAR,STOPPED IN TRAFFIC LANE,North,North,35,2015,NISSAN,10.6,71.1,58.4,0
Property Damage Crash,06-01-2023 14:25,County,BOWIE MILL RD,N/A,SAME DIRECTION SIDESWIPE,CLOUDY,DRY,DAYLIGHT,NO CONTROLS,No,NO APPARENT INJURY,NOT DISTRACTED,PASSENGER CAR,MOVING CONSTANT SPEED,West,West,40,2002,FORD,5.7,55.9,52.3,0
Property Damage Crash,06-01-2023 14:25,County,STEDWICK RD,N/A,HEAD ON,CLEAR,DRY,DARK -- UNKNOWN LIGHTING,N/A,Yes,NO APPARENT INJURY,NOT DISTRACTED,VAN,MOVING CONSTANT SPEED,East,East,25,2010,TOYT,2.1,59.4,54.7,0
Property Damage Crash,06-01-2023 14:30,Interstate (State),CAPITAL BELTWAY,N/A,SINGLE VEHICLE,CLOUDY,DRY,DAYLIGHT,NO CONTROLS,Yes,NO APPARENT INJURY,UNKNOWN,"CARGO VAN/LIGHT TRUCK 2 AXLES (OVER 10,000LBS (4,536 KG))",NEGOTIATING A CURVE,South,West,55,2012,HINO,2.2,76.6,51.4,0
Injury Crash,06-01-2023 14:30,Municipality,MARTHA CT,ROCKVILLE,OTHER,CLEAR,DRY,DAYLIGHT,NO CONTROLS,Yes,NO APPARENT INJURY,LOOKED BUT DID NOT SEE,PASSENGER CAR,BACKING,North,North,10,2012,DODGE,2.5,66.3,54.9,0