ACRS Report Type,Date and Time,Route Type,Road Name,Municipality,Collision Type,Weather,Surface Condition,Light,Traffic Control,Driver At Fault,Injury Severity,Driver Distracted By,Vehicle Body Type,Vehicle Movement,Vehicle Continuing Dir,Vehicle Going Dir,Speed Limit,Vehicle Year,Vehicle Make,Wind Speed (MPH),TMP10-DK ,Relative Humidity (%),Rain (Inches)
Injury Crash,06-01-2023 15:28,Maryland (State),NORBECK RD,N/A,SAME DIR REAR END,CLEAR,DRY,DAYLIGHT,TRAFFIC SIGNAL,Yes,SUSPECTED MINOR INJURY,LOOKED BUT DID NOT SEE,PASSENGER CAR,ACCELERATING,East,North,40,2001,TOYOTA,2.7,63.3,41.3,0
Injury Crash,06-01-2023 15:29,Maryland (State),NORBECK RD,N/A,SAME DIR REAR END,CLEAR,DRY,DAYLIGHT,NO CONTROLS,Yes,SUSPECTED MINOR INJURY,NOT DISTRACTED,PASSENGER CAR,MOVING CONSTANT SPEED,East,East,45,2007,NISSAN,5.8,73.4,61.2,0
Property Damage Crash,06-01-2023 15:29,Other Public Roadway,CRYSTAL ROCK DR,N/A,SAME DIR REND LEFT TURN,CLEAR,DRY,DAYLIGHT,TRAFFIC SIGNAL,No,NO APPARENT INJURY,NOT DISTRACTED,PASSENGER CAR,MAKING LEFT TURN,East,South,40,2022,TOYT,0.7,50.7,42.5,0
Property Damage Crash,06-01-2023 16:50,Maryland (State),GEORGIA AVE,N/A,SAME DIRECTION SIDESWIPE,CLEAR,DRY,DARK LIGHTS ON,NO CONTROLS,Yes,NO APPARENT INJURY,LOOKED BUT DID NOT SEE,PASSENGER CAR,CHANGING LANES,South,South,35,2013,HYUN,3.4,74.4,50.6,0
Property Damage Crash,06-01-2023 16:50,County,S GLEN RD,N/A,SAME DIR REAR END,CLEAR,DRY,DARK NO LIGHTS,STOP SIGN,No,NO APPARENT INJURY,NOT DISTRACTED,PASSENGER CAR,MAKING RIGHT TURN,South,East,30,2017,HONDA,12,52.3,49.7,0.23
Property Damage Crash,06-01-2023 17:05,Maryland (State),CLOPPER RD,N/A,SAME DIR REAR END,CLEAR,DRY,DAYLIGHT,NO CONTROLS,Yes,NO APPARENT INJURY,NOT DISTRACTED,(SPORT) UTILITY VEHICLE,MOVING CONSTANT SPEED,West,West,40,2008,CHRY,2.5,62.4,53.7,0
Property Damage Crash,06-01-2023 17:05,,,,STRAIGHT MOVEMENT ANGLE,CLEAR,,DARK LIGHTS ON,OTHER,Yes,NO APPARENT INJURY,LOOKED BUT DID NOT SEE,PASSENGER CAR,MAKING LEFT TURN,Unknown,Unknown,0,2005,JEEP,7.8,46.8,28.8,0
Injury Crash,06-01-2023 17:18,Maryland (State),GERMANTOWN RD,N/A,STRAIGHT MOVEMENT ANGLE,CLEAR,DRY,DARK LIGHTS ON,NO CONTROLS,Yes,NO APPARENT INJURY,LOOKED BUT DID NOT SEE,PASSENGER CAR,MAKING LEFT TURN,South,West,40,2001,TOYT,1.2,48.2,44.1,0
Property Damage Crash,06-01-2023 17:18,Other Public Roadway,VENETIAN RD,N/A,OTHER,CLEAR,DRY,DAYLIGHT,NO CONTROLS,Yes,NO APPARENT INJURY,LOOKED BUT DID NOT SEE,PICKUP TRUCK,BACKING,South,South,35,2014,FORD,6.4,66,24.8,0
Injury Crash,06-01-2023 17:22,County,DEMOCRACY BLVD,N/A,SAME DIR REAR END,CLEAR,DRY,DARK LIGHTS ON,TRAFFIC SIGNAL,Yes,POSSIBLE INJURY,UNKNOWN,PASSENGER CAR,MOVING CONSTANT SPEED,East,East,35,2013,NISSAN,2.7,70.1,42.2,0
Property Damage Crash,06-01-2023 17:22,County,SAUNDERS LA,N/A,SINGLE VEHICLE,N/A,DRY,DARK NO LIGHTS,NO CONTROLS,Yes,NO APPARENT INJURY,NOT DISTRACTED,PASSENGER CAR,MOVING CONSTANT SPEED,South,South,35,2011,ACURA,2.8,56.2,54.1,0
Property Damage Crash,06-01-2023 17:42,,,,SINGLE VEHICLE,CLEAR,,DAYLIGHT,N/A,Unknown,NO APPARENT INJURY,NOT DISTRACTED,POLICE VEHICLE/NON EMERGENCY,MAKING RIGHT TURN,Unknown,Unknown,10,2009,SPAR,7.1,84.9,41.5,0
Injury Crash,06-01-2023 17:42,County,HAWKESBURY LA,N/A,SAME DIR REAR END,FOGGY,WET,DAWN,TRAFFIC SIGNAL,Yes,NO APPARENT INJURY,INATTENTIVE OR LOST IN THOUGHT,PASSENGER CAR,SLOWING OR STOPPING,West,West,45,2007,TOYOTA,13.4,42.1,28.6,0
Property Damage Crash,06-01-2023 17:44,County,RANDOLPH RD,N/A,SAME DIR REAR END,CLEAR,DRY,DAYLIGHT,TRAFFIC SIGNAL,No,NO APPARENT INJURY,NOT DISTRACTED,PASSENGER CAR,STARTING FROM LANE,East,East,40,2018,HONDA,5.4,65.2,50.2,0
Property Damage Crash,06-01-2023 17:44,Municipality,CHRISTOPHER AVE,GAITHERSBURG,HEAD ON LEFT TURN,RAINING,WET,DARK LIGHTS ON,TRAFFIC SIGNAL,No,NO APPARENT INJURY,NOT DISTRACTED,PASSENGER CAR,MOVING CONSTANT SPEED,North,North,30,2012,SCION,2.4,75.3,41.7,0
Property Damage Crash,06-01-2023 17:52,,,,SAME DIRECTION SIDESWIPE,CLEAR,,DAYLIGHT,STOP SIGN,Yes,NO APPARENT INJURY,UNKNOWN,PASSENGER CAR,OTHER,North,North,15,2004,PONTIAC,1.8,55.3,53.7,0
Property Damage Crash,06-01-2023 17:52,Maryland (State),GEORGIA AVE,N/A,OTHER,CLEAR,DRY,DAYLIGHT,NO CONTROLS,Yes,NO APPARENT INJURY,LOOKED BUT DID NOT SEE,POLICE VEHICLE/NON EMERGENCY,BACKING,Unknown,South,35,2013,FORD,5.5,75.9,69.3,0
Property Damage Crash,06-01-2023 18:00,County,WHITES FERRY RD,N/A,STRAIGHT MOVEMENT ANGLE,CLEAR,DRY,DAYLIGHT,NO CONTROLS,No,NO APPARENT INJURY,NOT DISTRACTED,PASSENGER CAR,MOVING CONSTANT SPEED,West,West,40,2004,MERCEDES,3.5,63.2,54.7,0
Injury Crash,06-01-2023 18:00,County,FALLS RD,N/A,OTHER,CLEAR,DRY,DAYLIGHT,TRAFFIC SIGNAL,Yes,NO APPARENT INJURY,LOOKED BUT DID NOT SEE,PASSENGER CAR,MAKING LEFT TURN,South,West,15,2004,MERCEDEZ,1.1,52.7,48.2,0
Injury Crash,06-01-2023 18:10,County,ROYAL RD,N/A,OTHER,CLEAR,DRY,DAYLIGHT,NO CONTROLS,Yes,NO APPARENT INJURY,LOOKED BUT DID NOT SEE,PICKUP TRUCK,MOVING CONSTANT SPEED,North,North,30,1996,CHEVROLET,8.1,63.7,30,0
Property Damage Crash,06-01-2023 18:10,Maryland (State),NEW HAMPSHIRE AVE,N/A,SAME DIR REAR END,CLEAR,DRY,DARK LIGHTS ON,NO CONTROLS,No,NO APPARENT INJURY,NOT DISTRACTED,(SPORT) UTILITY VEHICLE,MOVING CONSTANT SPEED,North,North,40,2014,TOYT,5.7,60.5,50.9,0
Property Damage Crash,06-01-2023 18:10,County,GOSHEN RD,N/A,SAME DIR REAR END,CLEAR,DRY,DARK LIGHTS ON,TRAFFIC SIGNAL,No,NO APPARENT INJURY,NOT DISTRACTED,PASSENGER CAR,STOPPED IN TRAFFIC LANE,West,West,35,2016,DODGE,4.1,61.7,40.9,0
Injury Crash,06-01-2023 18:10,County,MACARTHUR BLVD,N/A,STRAIGHT MOVEMENT ANGLE,CLEAR,DRY,DAYLIGHT,STOP SIGN,Yes,POSSIBLE INJURY,NOT DISTRACTED,PASSENGER CAR,MAKING LEFT TURN,East,South,30,2018,BMW,1.2,60.3,47.2,0
Injury Crash,06-01-2023 18:15,Maryland (State),CLOPPER RD,N/A,HEAD ON LEFT TURN,RAINING,WET,DAWN,N/A,No,POSSIBLE INJURY,NOT DISTRACTED,PASSENGER CAR,MOVING CONSTANT SPEED,North,North,35,2008,VOLK,3.8,66.8,56,0
Property Damage Crash,06-01-2023 18:15,County,BRIGGS CHANEY RD,N/A,SAME DIRECTION LEFT TURN,N/A,DRY,DARK LIGHTS ON,NO CONTROLS,Yes,NO APPARENT INJURY,NOT DISTRACTED,PASSENGER CAR,ACCELERATING,East,East,35,2016,CHEV,5.8,74.5,52,0
Property Damage Crash,06-01-2023 18:39,County,CHERRY HILL RD,N/A,HEAD ON LEFT TURN,CLEAR,N/A,DAYLIGHT,TRAFFIC SIGNAL,Yes,NO APPARENT INJURY,LOOKED BUT DID NOT SEE,PASSENGER CAR,MAKING LEFT TURN,South,West,30,2018,HYUN,11.2,69.1,52.8,0
Property Damage Crash,06-01-2023 19:49,Maryland (State),GEORGIA AVE,N/A,STRAIGHT MOVEMENT ANGLE,RAINING,WET,DAWN,TRAFFIC SIGNAL,Yes,NO APPARENT INJURY,NOT DISTRACTED,PASSENGER CAR,MOVING CONSTANT SPEED,North,North,35,2007,ACUR,1.7,52.8,49,0
Injury Crash,06-01-2023 19:49,Maryland (State),OLD GEORGETOWN RD,N/A,HEAD ON LEFT TURN,CLOUDY,WET,DARK LIGHTS ON,TRAFFIC SIGNAL,No,SUSPECTED MINOR INJURY,NOT DISTRACTED,PASSENGER CAR,MOVING CONSTANT SPEED,South,South,40,2005,COOPER,2.6,67.2,57.1,0
Property Damage Crash,06-01-2023 20:56,Maryland (State),NORBECK RD,N/A,SAME DIR REND LEFT TURN,CLOUDY,DRY,DAYLIGHT,TRAFFIC SIGNAL,Yes,NO APPARENT INJURY,NOT DISTRACTED,PASSENGER CAR,MOVING CONSTANT SPEED,West,West,35,2021,TOYT,3.9,51.4,30.2,0
Injury Crash,06-01-2023 20:56,Maryland (State),GEORGIA AVE,N/A,SAME DIR REAR END,CLEAR,WET,DAYLIGHT,TRAFFIC SIGNAL,Yes,NO APPARENT INJURY,DISTRACTED BY OUTSIDE PERSON OBJECT OR EVENT,OTHER,ACCELERATING,West,North,50,2011,FORD,6.8,65.5,58.8,0.11
Injury Crash,06-01-2023 21:00,Maryland (State),PINEY BRANCH RD,N/A,STRAIGHT MOVEMENT ANGLE,CLEAR,DRY,DAYLIGHT,NO CONTROLS,No,POSSIBLE INJURY,NOT DISTRACTED,PASSENGER CAR,MOVING CONSTANT SPEED,South,South,35,2014,HYUNDAI,6.4,50,34.7,0
Property Damage Crash,06-01-2023 21:00,US (State),COLESVILLE RD,N/A,STRAIGHT MOVEMENT ANGLE,CLOUDY,DRY,DARK LIGHTS ON,FLASHING TRAFFIC SIGNAL,No,NO APPARENT INJURY,NOT DISTRACTED,(SPORT) UTILITY VEHICLE,STOPPED IN TRAFFIC LANE,West,West,25,2012,JEEP,4.9,69.8,55.4,0
Property Damage Crash,06-01-2023 21:00,,,,OTHER,CLEAR,,DAYLIGHT,NO CONTROLS,Yes,NO APPARENT INJURY,NOT DISTRACTED,POLICE VEHICLE/EMERGENCY,BACKING,South,South,0,2017,FORD,4.9,69.2,44.6,0
Property Damage Crash,06-01-2023 23:31,Maryland (State),FREDERICK RD,N/A,SAME DIR REAR END,RAINING,WET,DAYLIGHT,TRAFFIC SIGNAL,No,NO APPARENT INJURY,NOT DISTRACTED,PASSENGER CAR,SLOWING OR STOPPING,South,South,40,2007,HOND,3.9,71.4,46.5,0
Property Damage Crash,07-01-2023 01:41,Municipality,NELSON ST,ROCKVILLE,OTHER,CLEAR,DRY,DUSK,STOP SIGN,Unknown,NO APPARENT INJURY,NOT DISTRACTED,PASSENGER CAR,MAKING RIGHT TURN,North,West,25,2009,CHRY,1.5,71.3,63.4,0
Property Damage Crash,07-01-2023 03:15,,,,OTHER,CLEAR,,DARK LIGHTS ON,N/A,Yes,NO APPARENT INJURY,UNKNOWN,PASSENGER CAR,BACKING,South,South,0,2013,TOYOTA,7.3,71.8,66.6,0
Property Damage Crash,07-01-2023 03:15,,,,OTHER,CLEAR,,DAYLIGHT,NO CONTROLS,Yes,NO APPARENT INJURY,UNKNOWN,PASSENGER CAR,MOVING CONSTANT SPEED,East,East,0,2004,HONDA,5.6,70.7,68.7,0
Property Damage Crash,07-01-2023 03:35,Maryland (State),VEIRS MILL RD,N/A,SAME DIR REAR END,CLEAR,DRY,DAYLIGHT,TRAFFIC SIGNAL,No,NO APPARENT INJURY,NOT DISTRACTED,TRANSIT BUS,STOPPED IN TRAFFIC LANE,North,East,35,2013,NWFL,6.9,51.6,35.4,0
Injury Crash,07-01-2023 03:35,County,DEMOCRACY BLVD,N/A,SAME DIRECTION RIGHT TURN,RAINING,WET,DAYLIGHT,TRAFFIC SIGNAL,Yes,NO APPARENT INJURY,NOT DISTRACTED,PASSENGER CAR,CHANGING LANES,East,East,35,2013,KIA,1.2,46.8,39.5,0
Property Damage Crash,07-01-2023 03:45,Maryland (State),CLOPPER RD,N/A,STRAIGHT MOVEMENT ANGLE,CLEAR,DRY,DAYLIGHT,TRAFFIC SIGNAL,Yes,NO APPARENT INJURY,NOT DISTRACTED,PASSENGER CAR,ACCELERATING,North,East,40,2016,CHRYLSER,9.5,85.1,48.3,0
Injury Crash,07-01-2023 03:45,Maryland (State),GEORGIA AVE,N/A,STRAIGHT MOVEMENT ANGLE,CLEAR,DRY,DAYLIGHT,TRAFFIC SIGNAL,Yes,NO APPARENT INJURY,NOT DISTRACTED,PASSENGER CAR,MAKING LEFT TURN,West,West,25,2006,TOYOTA,1.2,53,48.4,0
Property Damage Crash,07-01-2023 04:51,Maryland (State),FREDERICK RD,N/A,SAME DIRECTION RIGHT TURN,CLEAR,DRY,DAYLIGHT,NO CONTROLS,Yes,NO APPARENT INJURY,LOOKED BUT DID NOT SEE,PASSENGER CAR,MAKING RIGHT TURN,West,South,45,2017,TOYOTA,4.2,44.2,30.4,0
Injury Crash,07-01-2023 06:00,Maryland (State),ROCKVILLE PIKE,N/A,SAME DIR REAR END,CLEAR,DRY,N/A,NO CONTROLS,Yes,NO APPARENT INJURY,LOOKED BUT DID NOT SEE,PASSENGER CAR,SLOWING OR STOPPING,North,North,25,2014,HYUN,2,57.1,56.2,0
Property Damage Crash,07-01-2023 06:00,,,,SAME DIRECTION SIDESWIPE,CLEAR,,DAYLIGHT,NO CONTROLS,Yes,NO APPARENT INJURY,LOOKED BUT DID NOT SEE,"MEDIUM/HEAVY TRUCKS 3 AXLES (OVER 10,000LBS (4,536KG))",MAKING RIGHT TURN,Unknown,Unknown,0,2002,VOLVO,1.8,54.8,50.6,0
Property Damage Crash,07-01-2023 07:05,Maryland (State),GEORGIA AVE,N/A,SAME DIR REAR END,CLEAR,DRY,DAYLIGHT,N/A,No,NO APPARENT INJURY,NOT DISTRACTED,PASSENGER CAR,STOPPED IN TRAFFIC LANE,North,North,35,2013,CHEVROLET,1.2,64.1,61.3,0.01
Injury Crash,07-01-2023 10:41,Maryland (State),FREDERICK RD,GAITHERSBURG,STRAIGHT MOVEMENT ANGLE,CLOUDY,DRY,DAYLIGHT,TRAFFIC SIGNAL,No,NO APPARENT INJURY,NOT DISTRACTED,(SPORT) UTILITY VEHICLE,SLOWING OR STOPPING,North,North,40,2016,NISSAN,4.6,53.7,43.8,0
Property Damage Crash,07-01-2023 10:41,Interstate (State),NO NAME,N/A,OTHER,RAINING,WATER(STANDING/MOVING),DAYLIGHT,NO CONTROLS,No,NO APPARENT INJURY,NOT DISTRACTED,PASSENGER CAR,MOVING CONSTANT SPEED,South,South,55,2004,NISS,3.5,79.3,67.8,0
Injury Crash,07-01-2023 11:03,County,WANEGARDEN DR,N/A,SAME DIR REAR END,CLEAR,DRY,DAYLIGHT,NO CONTROLS,Yes,POSSIBLE INJURY,UNKNOWN,PASSENGER CAR,MOVING CONSTANT SPEED,South,South,25,2008,MERCEDES,3.8,55,26.8,0
Injury Crash,07-01-2023 11:03,US (State),COLESVILLE RD,N/A,STRAIGHT MOVEMENT ANGLE,CLEAR,DRY,DARK LIGHTS ON,TRAFFIC SIGNAL,Yes,SUSPECTED MINOR INJURY,INATTENTIVE OR LOST IN THOUGHT,PASSENGER CAR,ACCELERATING,South,South,40,2009,HONDA,1.9,67.6,55.5,0
Injury Crash,07-01-2023 11:19,Maryland (State),W DIAMOND AVE,N/A,SAME DIR REAR END,CLEAR,DRY,DAYLIGHT,NO CONTROLS,No,NO APPARENT INJURY,NOT DISTRACTED,PASSENGER CAR,SLOWING OR STOPPING,East,East,30,2004,HONDA,4.2,79.7,52,0
Property Damage Crash,07-01-2023 11:19,County,WELLER RD,N/A,SINGLE VEHICLE,FOGGY,WET,DARK NO LIGHTS,STOP SIGN,Yes,NO APPARENT INJURY,OTHER CELLULAR PHONE RELATED,PASSENGER CAR,MOVING CONSTANT SPEED,West,West,25,2015,DODGE,5.1,54.7,28.8,0
Property Damage Crash,07-01-2023 11:55,County,GATESHEAD MANOR WAY,N/A,SAME DIRECTION SIDESWIPE,CLEAR,DRY,DAYLIGHT,N/A,No,NO APPARENT INJURY,NOT DISTRACTED,TRANSIT BUS,PARKED,,,25,2016,TBU,2.4,61,43.9,0
Property Damage Crash,07-01-2023 11:55,Maryland (State),FIRST ST,N/A,SAME DIR REAR END,CLEAR,DRY,DARK LIGHTS ON,TRAFFIC SIGNAL,Yes,NO APPARENT INJURY,LOOKED BUT DID NOT SEE,PASSENGER CAR,SLOWING OR STOPPING,South,East,35,2013,HONDA,1.9,48,46.6,0
Property Damage Crash,07-01-2023 12:00,County,MIDCOUNTY HWY,N/A,SINGLE VEHICLE,CLEAR,DRY,DAYLIGHT,NO CONTROLS,Yes,NO APPARENT INJURY,UNKNOWN,PASSENGER CAR,MOVING CONSTANT SPEED,East,North,25,2017,CHEV,3.6,69.8,56.8,0
Injury Crash,07-01-2023 12:00,Maryland (State),ROCKVILLE PIKE,N/A,SAME DIR REAR END,CLEAR,DRY,DAYLIGHT,TRAFFIC SIGNAL,No,SUSPECTED MINOR INJURY,NOT DISTRACTED,PICKUP TRUCK,MOVING CONSTANT SPEED,North,North,40,2019,FORD,3.4,49.8,32.8,0
Property Damage Crash,07-01-2023 12:52,County,SHADY GROVE RD,N/A,SAME DIR REAR END,CLEAR,DRY,DAYLIGHT,TRAFFIC SIGNAL,Yes,NO APPARENT INJURY,NOT DISTRACTED,PASSENGER CAR,MAKING RIGHT TURN,North,West,40,2010,TOYT,3.3,82,59.3,0
Injury Crash,07-01-2023 13:53,Maryland (State),RIVER RD,N/A,SAME DIR REAR END,CLEAR,DRY,DAYLIGHT,NO CONTROLS,Yes,NO APPARENT INJURY,OTHER CELLULAR PHONE RELATED,PASSENGER CAR,MOVING CONSTANT SPEED,West,West,35,2013,FORD,10.5,67.1,44.9,0
Property Damage Crash,07-01-2023 15:45,County,ROOSEVELT ST,N/A,OTHER,CLEAR,DRY,DAWN,NO CONTROLS,Yes,NO APPARENT INJURY,UNKNOWN,,MOVING CONSTANT SPEED,West,West,25,0,UNKNOWN,7,50.1,49.9,0.01
Property Damage Crash,07-01-2023 15:45,County,WYNDALE LA,N/A,STRAIGHT MOVEMENT ANGLE,N/A,DRY,DARK LIGHTS ON,NO CONTROLS,No,NO APPARENT INJURY,NOT DISTRACTED,PASSENGER CAR,STOPPED IN TRAFFIC LANE,Unknown,Unknown,25,2012,TOYOTA,1.3,59.5,55.1,0
Property Damage Crash,07-01-2023 16:08,County,WATERS LANDING DR,N/A,SINGLE VEHICLE,CLEAR,DRY,DAYLIGHT,N/A,Yes,NO APPARENT INJURY,ADJUSTING AUDIO AND OR CLIMATE CONTROLS,PASSENGER CAR,MOVING CONSTANT SPEED,West,West,30,1999,TOYOTA,7,54,41.9,0
Property Damage Crash,07-01-2023 16:08,Maryland (State),MONTGOMERY VILLAGE AVE,N/A,SAME DIRECTION SIDESWIPE,CLEAR,DRY,DAYLIGHT,NO CONTROLS,Yes,NO APPARENT INJURY,NOT DISTRACTED,PASSENGER CAR,SLOWING OR STOPPING,West,West,35,2011,NISS,2.5,46.4,25.8,0
Property Damage Crash,07-01-2023 16:10,US (State),COLESVILLE RD,N/A,SAME DIR REAR END,RAINING,WET,DAYLIGHT,NO CONTROLS,Yes,NO APPARENT INJURY,NOT DISTRACTED,PASSENGER CAR,SLOWING OR STOPPING,South,South,40,2006,CHRYS,7.6,68.8,56.4,0
Property Damage Crash,07-01-2023 16:10,Maryland (State),CONNECTICUT AVE,N/A,SAME DIRECTION SIDESWIPE,CLEAR,DRY,DAYLIGHT,TRAFFIC SIGNAL,No,NO APPARENT INJURY,NOT DISTRACTED,(SPORT) UTILITY VEHICLE,MOVING CONSTANT SPEED,South,South,35,2014,JEEP,1.9,45,28.6,0
Property Damage Crash,07-01-2023 16:25,County,MIDDLEBROOK RD,N/A,SAME DIR REAR END,CLEAR,DRY,DAYLIGHT,FLASHING TRAFFIC SIGNAL,Yes,NO APPARENT INJURY,LOOKED BUT DID NOT SEE,PASSENGER CAR,MOVING CONSTANT SPEED,West,West,40,2003,TOYT,1.2,64.7,59.1,0
Property Damage Crash,07-01-2023 16:25,County,RANDOLPH RD,N/A,OTHER,CLEAR,DRY,DAYLIGHT,NO CONTROLS,No,NO APPARENT INJURY,NOT DISTRACTED,PASSENGER CAR,MOVING CONSTANT SPEED,West,West,35,2006,LEXUS,6.4,62.2,52.9,0
Property Damage Crash,07-01-2023 17:17,Maryland (State),UNIVERSITY BLVD E,N/A,SAME DIR REAR END,CLEAR,DRY,DAYLIGHT,TRAFFIC SIGNAL,No,NO APPARENT INJURY,NOT DISTRACTED,(SPORT) UTILITY VEHICLE,STOPPED IN TRAFFIC LANE,West,West,40,2008,CHEV,3.3,71,64.1,0
Injury Crash,07-01-2023 19:25,Maryland (State),GEORGIA AVE,N/A,HEAD ON LEFT TURN,CLEAR,DRY,DARK LIGHTS ON,TRAFFIC SIGNAL,No,NO APPARENT INJURY,NOT DISTRACTED,VAN,MOVING CONSTANT SPEED,South,South,35,1998,CHEVROLET,2.9,80.6,57.1,0
Property Damage Crash,07-01-2023 19:25,County,ODENDHAL AVE,N/A,SAME DIR REAR END,N/A,DRY,DAYLIGHT,NO CONTROLS,No,NO APPARENT INJURY,NOT DISTRACTED,PASSENGER CAR,SLOWING OR STOPPING,West,West,30,2007,PORS,4.5,58,45,0
Injury Crash,07-01-2023 19:54,County,ARCOLA AVE,N/A,ANGLE MEETS LEFT TURN,N/A,DRY,DAYLIGHT,STOP SIGN,No,POSSIBLE INJURY,NOT DISTRACTED,PASSENGER CAR,MOVING CONSTANT SPEED,East,East,25,2015,NISSAN,9.7,55.6,44.4,0
Property Damage Crash,07-01-2023 20:00,,,,SAME DIR REAR END,N/A,,DAYLIGHT,N/A,Yes,NO APPARENT INJURY,NOT DISTRACTED,(SPORT) UTILITY VEHICLE,PARKING,South,South,25,2015,TOYOTA,5.8,67.2,62.9,0
Property Damage Crash,07-01-2023 20:00,Other Public Roadway,MONTROSE PKWY,N/A,SINGLE VEHICLE,CLEAR,DRY,DARK LIGHTS ON,N/A,Yes,NO APPARENT INJURY,UNKNOWN,PASSENGER CAR,MOVING CONSTANT SPEED,East,East,40,2015,JEEP,2.5,54.1,46.6,0
Injury Crash,07-01-2023 20:05,Maryland (State),FREDERICK RD,N/A,HEAD ON LEFT TURN,CLEAR,DRY,DARK LIGHTS ON,TRAFFIC SIGNAL,Unknown,NO APPARENT INJURY,UNKNOWN,PASSENGER CAR,MOVING CONSTANT SPEED,South,South,40,2008,HYUN,10.8,71,52.4,0
Property Damage Crash,07-01-2023 21:30,Maryland (State),CAPITOL VIEW AVE,N/A,HEAD ON,RAINING,WET,DAYLIGHT,N/A,Yes,NO APPARENT INJURY,INATTENTIVE OR LOST IN THOUGHT,PICKUP TRUCK,MOVING CONSTANT SPEED,East,East,30,2011,TOYT,5.6,74.1,48.1,0
Property Damage Crash,07-01-2023 21:55,County,BEL PRE RD,N/A,SAME DIR REND LEFT TURN,CLEAR,DRY,DAYLIGHT,NO CONTROLS,Yes,NO APPARENT INJURY,NOT DISTRACTED,PASSENGER CAR,ACCELERATING,West,West,35,2008,PONT,12.7,59.7,55.3,0
Property Damage Crash,07-01-2023 21:55,Maryland (State),UNIVERSITY BLVD E,N/A,STRAIGHT MOVEMENT ANGLE,CLEAR,DRY,N/A,N/A,No,NO APPARENT INJURY,NOT DISTRACTED,PASSENGER CAR,MOVING CONSTANT SPEED,East,East,35,2007,NISSAN,4.8,49.2,38.1,0
Property Damage Crash,07-01-2023 22:39,,,,SINGLE VEHICLE,CLEAR,,DAYLIGHT,NO CONTROLS,Yes,NO APPARENT INJURY,NOT DISTRACTED,VAN,BACKING,Unknown,Unknown,5,2009,FORD,4.3,53.6,33.2,0
Property Damage Crash,07-01-2023 23:37,Maryland (State),NEW HAMPSHIRE AVE,N/A,SAME DIR REAR END,CLEAR,DRY,DAYLIGHT,TRAFFIC SIGNAL,Yes,NO APPARENT INJURY,UNKNOWN,PASSENGER CAR,ACCELERATING,North,North,40,2005,MAZD,2.4,73.1,63.9,0
Injury Crash,08-01-2023 07:23,County,CHERRY HILL RD,N/A,STRAIGHT MOVEMENT ANGLE,N/A,DRY,DARK LIGHTS ON,FLASHING TRAFFIC SIGNAL,Yes,SUSPECTED MINOR INJURY,LOOKED BUT DID NOT SEE,PASSENGER CAR,MOVING CONSTANT SPEED,North,North,30,2011,TOYT,1.7,67.3,66.5,0
Injury Crash,08-01-2023 07:23,County,SEVEN LOCKS RD,N/A,HEAD ON LEFT TURN,CLOUDY,WET,DAWN,TRAFFIC SIGNAL,Yes,POSSIBLE INJURY,NOT DISTRACTED,PASSENGER CAR,MAKING LEFT TURN,East,South,35,2017,MERCEDES,6,57.3,48.9,0
Property Damage Crash,08-01-2023 09:00,County,TUCKERMAN LA,N/A,SAME DIR REAR END,CLEAR,DRY,DAYLIGHT,TRAFFIC SIGNAL,No,NO APPARENT INJURY,NOT DISTRACTED,PASSENGER CAR,STOPPED IN TRAFFIC LANE,North,East,40,2005,DODGE,6,54.2,28.1,0
Injury Crash,08-01-2023 10:58,Maryland (State),FREDERICK RD,N/A,STRAIGHT MOVEMENT ANGLE,CLOUDY,DRY,DAYLIGHT,TRAFFIC SIGNAL,Yes,NO APPARENT INJURY,DISTRACTED BY OUTSIDE PERSON OBJECT OR EVENT,PASSENGER CAR,MOVING CONSTANT SPEED,North,North,35,2016,HONDA,2,58.4,54.5,0
Property Damage Crash,08-01-2023 10:58,Maryland (State),FREDERICK RD,N/A,ANGLE MEETS LEFT TURN,CLEAR,DRY,DARK LIGHTS ON,NO CONTROLS,Yes,NO APPARENT INJURY,LOOKED BUT DID NOT SEE,VAN,ACCELERATING,South,South,40,2009,CHEVY,2.6,49.3,47.7,0
Injury Crash,08-01-2023 10:58,County,E GUDE DR,N/A,STRAIGHT MOVEMENT ANGLE,CLEAR,DRY,DAYLIGHT,NO CONTROLS,Yes,NO APPARENT INJURY,NOT DISTRACTED,PASSENGER CAR,MAKING LEFT TURN,West,North,40,2017,FORD,5.9,53,51.6,0.09
Property Damage Crash,08-01-2023 12:00,County,AIRPARK RD,N/A,SINGLE VEHICLE,RAINING,WET,DARK LIGHTS ON,NO CONTROLS,Yes,NO APPARENT INJURY,NOT DISTRACTED,PASSENGER CAR,MOVING CONSTANT SPEED,North,North,40,2003,NISS,1.2,46.2,43.6,0
Property Damage Crash,08-01-2023 12:00,,RIDGE RD,N/A,HEAD ON,CLEAR,DRY,DAYLIGHT,NO CONTROLS,No,NO APPARENT INJURY,NOT DISTRACTED,PASSENGER CAR,MOVING CONSTANT SPEED,South,South,45,2015,VOLK,11.2,42.7,27.7,0
Property Damage Crash,08-01-2023 12:30,Maryland (State),NEW HAMPSHIRE AVE,N/A,SAME DIRECTION LEFT TURN,CLEAR,DRY,DAYLIGHT,TRAFFIC SIGNAL,No,NO APPARENT INJURY,NOT DISTRACTED,PASSENGER CAR,ACCELERATING,West,North,40,2017,HONDA,2.5,69.3,69.4,0.01