ACRS Report Type,Date and Time,Route Type,Road Name,Municipality,Collision Type,Weather,Surface Condition,Light,Traffic Control,Driver At Fault,Injury Severity,Driver Distracted By,Vehicle Body Type,Vehicle Movement,Vehicle Continuing Dir,Vehicle Going Dir,Speed Limit,Vehicle Year,Vehicle Make,Wind Speed (MPH),TMP10-DK ,Relative Humidity (%),Rain (Inches)
Property Damage Crash,08-01-2023 12:30,Maryland (State),ROCKVILLE PIKE,ROCKVILLE,OTHER,CLEAR,DRY,DAYLIGHT,NO CONTROLS,Yes,NO APPARENT INJURY,LOOKED BUT DID NOT SEE,PASSENGER CAR,CHANGING LANES,South,South,40,1998,TOYT,2.4,67,61.7,0
Property Damage Crash,08-01-2023 14:17,US (State),COLESVILLE RD,N/A,SAME DIR REAR END,RAINING,WET,DAYLIGHT,NO CONTROLS,Yes,NO APPARENT INJURY,LOOKED BUT DID NOT SEE,PASSENGER CAR,SLOWING OR STOPPING,South,South,40,1999,TOYT,3.2,75.5,54.1,0
Property Damage Crash,08-01-2023 14:46,Maryland (State),ROCKVILLE PIKE,ROCKVILLE,SAME DIRECTION RIGHT TURN,CLEAR,DRY,DAYLIGHT,N/A,Yes,NO APPARENT INJURY,LOOKED BUT DID NOT SEE,TRUCK TRACTOR,CHANGING LANES,North,North,40,2001,MACK,4.9,84.8,67.6,0
Property Damage Crash,08-01-2023 14:48,Maryland (State),GEORGIA AVE,N/A,SAME DIR REAR END,CLEAR,DRY,DAYLIGHT,NO CONTROLS,No,NO APPARENT INJURY,NOT DISTRACTED,PASSENGER CAR,SLOWING OR STOPPING,South,South,35,2015,FORD,2.9,65.8,62.6,0
Property Damage Crash,08-01-2023 14:48,County,HOWELL RD,N/A,N/A,CLEAR,DRY,DARK LIGHTS ON,NO CONTROLS,No,NO APPARENT INJURY,NOT DISTRACTED,PASSENGER CAR,PARKED,,,15,2021,MAZDA,5.5,79.2,47.3,0
Property Damage Crash,08-01-2023 15:07,County,FLOWER AVE,N/A,OTHER,CLEAR,N/A,DARK NO LIGHTS,NO CONTROLS,Yes,NO APPARENT INJURY,UNKNOWN,PASSENGER CAR,UNKNOWN,North,North,30,2014,CHEVROLET,3.6,63.8,41.3,0
Injury Crash,08-01-2023 15:07,,CROSS RIDGE DR,N/A,OPPOSITE DIRECTION SIDESWIPE,N/A,DRY,DAYLIGHT,NO CONTROLS,No,NO APPARENT INJURY,NOT DISTRACTED,PICKUP TRUCK,STOPPED IN TRAFFIC LANE,North,North,25,2002,FORD,4.4,78.6,68.9,0.01
Injury Crash,08-01-2023 15:15,Maryland (State),FREDERICK RD,GAITHERSBURG,SAME DIR REAR END,CLEAR,DRY,DAYLIGHT,TRAFFIC SIGNAL,Yes,NO APPARENT INJURY,UNKNOWN,PASSENGER CAR,MOVING CONSTANT SPEED,North,North,40,2012,HONDA,4.5,77.3,59.9,0
Injury Crash,08-01-2023 15:15,Municipality,N STONESTREET AVE,ROCKVILLE,ANGLE MEETS LEFT HEAD ON,N/A,DRY,DAYLIGHT,NO CONTROLS,No,POSSIBLE INJURY,NOT DISTRACTED,PASSENGER CAR,MOVING CONSTANT SPEED,North,North,25,1991,TOYOTA,1.6,72.9,69.9,0
Property Damage Crash,08-01-2023 16:29,County,CONNECTICUT AVE,N/A,OTHER,CLEAR,DRY,DARK LIGHTS ON,TRAFFIC SIGNAL,Yes,NO APPARENT INJURY,NOT DISTRACTED,PASSENGER CAR,STARTING FROM LANE,East,East,40,2000,TOYT,4.3,66,44,0
Injury Crash,08-01-2023 16:29,County,EXECUTIVE BLVD,N/A,STRAIGHT MOVEMENT ANGLE,RAINING,WET,DARK LIGHTS ON,FLASHING TRAFFIC SIGNAL,Yes,POSSIBLE INJURY,NOT DISTRACTED,PASSENGER CAR,ACCELERATING,West,West,45,2001,HONDA,3,82.3,56.5,0
Property Damage Crash,08-01-2023 16:46,Maryland (State),RIDGE RD,N/A,SAME DIR REAR END,CLEAR,DRY,DAYLIGHT,TRAFFIC SIGNAL,No,NO APPARENT INJURY,NOT DISTRACTED,PASSENGER CAR,SLOWING OR STOPPING,South,South,40,2019,SUBARU,4.5,55.5,52,0.08
Injury Crash,08-01-2023 16:46,,,,SAME DIR REAR END,CLOUDY,,DAYLIGHT,NO CONTROLS,Yes,NO APPARENT INJURY,UNKNOWN,PASSENGER CAR,BACKING,West,East,0,2016,TOYT,4.2,56.1,50.2,0
Property Damage Crash,08-01-2023 19:03,Maryland (State),GEORGIA AVE,N/A,HEAD ON LEFT TURN,CLEAR,DRY,DAYLIGHT,NO CONTROLS,Yes,NO APPARENT INJURY,LOOKED BUT DID NOT SEE,PASSENGER CAR,MAKING LEFT TURN,East,South,30,2014,KIA,4.4,45.2,33.1,0
Property Damage Crash,08-01-2023 19:18,Maryland (State),DARNESTOWN RD,GAITHERSBURG,SAME DIRECTION LEFT TURN,CLOUDY,DRY,DAYLIGHT,TRAFFIC SIGNAL,Yes,NO APPARENT INJURY,NOT DISTRACTED,PASSENGER CAR,CHANGING LANES,West,West,40,2014,LEXUS,3.3,65.7,54.7,0
Injury Crash,08-01-2023 19:43,County,REDLAND RD,N/A,SAME DIR REAR END,RAINING,WET,DAYLIGHT,N/A,No,POSSIBLE INJURY,NOT DISTRACTED,(SPORT) UTILITY VEHICLE,STOPPED IN TRAFFIC LANE,North,North,35,2003,LEXU,4.3,77.5,39.1,0
Injury Crash,08-01-2023 19:43,,,,OTHER,CLEAR,,DAYLIGHT,NO CONTROLS,Yes,POSSIBLE INJURY,NOT DISTRACTED,(SPORT) UTILITY VEHICLE,ACCELERATING,Unknown,Unknown,0,2006,MERCEDES,3,51.6,46.5,0
Property Damage Crash,08-01-2023 20:09,County,EXECUTIVE BLVD,N/A,SAME DIR REAR END,CLEAR,DRY,DAYLIGHT,NO CONTROLS,No,NO APPARENT INJURY,NOT DISTRACTED,PASSENGER CAR,SLOWING OR STOPPING,West,West,30,2021,SUBA,1.9,40,32.2,0
Property Damage Crash,08-01-2023 20:09,Interstate (State),EISENHOWER MEMORIAL HWY,N/A,SAME DIR REAR END,CLEAR,DRY,DAYLIGHT,N/A,Yes,NO APPARENT INJURY,NOT DISTRACTED,PASSENGER CAR,SLOWING OR STOPPING,South,South,55,2008,NISS,6.5,57.9,55.7,0
Property Damage Crash,09-01-2023 01:02,US (State),COLUMBIA PIKE,N/A,STRAIGHT MOVEMENT ANGLE,N/A,DRY,DAYLIGHT,TRAFFIC SIGNAL,Yes,NO APPARENT INJURY,NOT DISTRACTED,PASSENGER CAR,MOVING CONSTANT SPEED,South,South,40,2000,NISSAN,0.7,55.4,52,0
Injury Crash,09-01-2023 01:02,Maryland (State),DARNESTOWN RD,N/A,SAME DIR REAR END,CLEAR,DRY,DAYLIGHT,TRAFFIC SIGNAL,Yes,NO APPARENT INJURY,NOT DISTRACTED,PASSENGER CAR,MOVING CONSTANT SPEED,West,West,40,2014,HYUNDAI,5.2,53.4,24.1,0
Property Damage Crash,09-01-2023 01:09,County,AMHERST AVE,N/A,SAME DIR REAR END,UNKNOWN,UNKNOWN,UNKNOWN,NO CONTROLS,Yes,NO APPARENT INJURY,NOT DISTRACTED,,UNKNOWN,North,North,30,0,UNKNOWN,1,64.6,57.2,0
Property Damage Crash,09-01-2023 01:33,,,,OTHER,RAINING,,N/A,NO CONTROLS,Yes,NO APPARENT INJURY,UNKNOWN,PASSENGER CAR,BACKING,East,East,0,2011,HYUN,2.9,38.4,30,0
Injury Crash,09-01-2023 01:33,Maryland (State),GEORGIA AVE,N/A,OTHER,CLEAR,DRY,DAYLIGHT,TRAFFIC SIGNAL,No,POSSIBLE INJURY,NOT DISTRACTED,PASSENGER CAR,MOVING CONSTANT SPEED,South,South,35,2019,VOLKSWAGON,7.3,77.9,56.6,0
Property Damage Crash,09-01-2023 06:45,Maryland (State),UNIVERSITY BLVD E,N/A,OTHER,N/A,DRY,DAYLIGHT,N/A,Yes,NO APPARENT INJURY,LOOKED BUT DID NOT SEE,PASSENGER CAR,CHANGING LANES,East,East,40,2010,HOND,2.8,50,38.5,0
Property Damage Crash,09-01-2023 06:45,US (State),COLESVILLE RD,N/A,SAME DIR REAR END,RAINING,WET,DARK LIGHTS ON,NO CONTROLS,No,NO APPARENT INJURY,NOT DISTRACTED,PASSENGER CAR,MOVING CONSTANT SPEED,South,South,40,2021,CHEVY,17.5,64.8,42.3,0
Property Damage Crash,09-01-2023 06:45,Maryland (State),WILSON LA,N/A,HEAD ON LEFT TURN,CLEAR,DRY,DAYLIGHT,NO CONTROLS,Yes,NO APPARENT INJURY,BY MOVING OBJECT IN VEHICLE,(SPORT) UTILITY VEHICLE,MAKING LEFT TURN,North,East,30,2014,HYUNDAI,3,43.5,41.1,0
Injury Crash,09-01-2023 06:45,Maryland (State),FREDERICK RD,GAITHERSBURG,STRAIGHT MOVEMENT ANGLE,CLEAR,DRY,DAYLIGHT,STOP SIGN,Yes,NO APPARENT INJURY,LOOKED BUT DID NOT SEE,PASSENGER CAR,CHANGING LANES,North,West,35,2021,HONDA,4.8,59.1,47.8,0
Property Damage Crash,09-01-2023 07:51,Maryland (State),ETHAN ALLEN AVE,TAKOMA PARK,STRAIGHT MOVEMENT ANGLE,CLEAR,DRY,DAYLIGHT,STOP SIGN,No,NO APPARENT INJURY,NOT DISTRACTED,PASSENGER CAR,MOVING CONSTANT SPEED,West,West,25,2016,MAZDA,6.3,70.8,67.6,0.02
Property Damage Crash,09-01-2023 07:51,US (State),COLESVILLE RD,N/A,SAME DIR REAR END,CLEAR,DRY,DAYLIGHT,NO CONTROLS,No,NO APPARENT INJURY,NOT DISTRACTED,PASSENGER CAR,SLOWING OR STOPPING,North,North,40,2016,INFI,3.8,46.2,46.2,0
Property Damage Crash,09-01-2023 08:00,Interstate (State),EISENHOWER MEMORIAL HWY,N/A,SAME DIRECTION SIDESWIPE,CLEAR,DRY,DARK LIGHTS ON,NO CONTROLS,No,NO APPARENT INJURY,NOT DISTRACTED,TRANSIT BUS,MOVING CONSTANT SPEED,West,North,55,2014,GILL,13.7,78,61,0
Injury Crash,09-01-2023 08:00,Maryland (State),GEORGIA AVE,N/A,SAME DIR REAR END,CLOUDY,DRY,DAYLIGHT,TRAFFIC SIGNAL,Yes,NO APPARENT INJURY,OTHER DISTRACTION,PASSENGER CAR,ACCELERATING,South,South,35,1995,TOYOTA,5.7,73.6,57.2,0
Property Damage Crash,09-01-2023 08:15,Interstate (State),NO NAME,N/A,SINGLE VEHICLE,CLEAR,N/A,DARK LIGHTS ON,NO CONTROLS,No,NO APPARENT INJURY,NOT DISTRACTED,PICKUP TRUCK,MOVING CONSTANT SPEED,West,West,55,2019,CHEV,4.6,63.4,58.4,0.01
Property Damage Crash,09-01-2023 08:15,County,PLUM ORCHARD DR,N/A,OTHER,CLEAR,DRY,DAYLIGHT,TRAFFIC SIGNAL,Yes,NO APPARENT INJURY,NOT DISTRACTED,STATION WAGON,MAKING LEFT TURN,North,East,30,2015,HONDA,4.5,89.9,53.8,0
Property Damage Crash,09-01-2023 08:20,Maryland (State),GEORGIA AVE,N/A,HEAD ON LEFT TURN,CLEAR,DRY,DAYLIGHT,TRAFFIC SIGNAL,No,NO APPARENT INJURY,NOT DISTRACTED,PASSENGER CAR,MOVING CONSTANT SPEED,North,North,35,2012,VOLK,3.4,73.5,63.2,0
Property Damage Crash,09-01-2023 08:20,Maryland (State),NEW HAMPSHIRE AVE,N/A,SAME DIR REAR END,CLEAR,DRY,DAYLIGHT,N/A,No,NO APPARENT INJURY,NOT DISTRACTED,PASSENGER CAR,MOVING CONSTANT SPEED,East,East,40,2000,VOLKSWAGON,3.9,45.9,38.2,0
Property Damage Crash,09-01-2023 08:25,County,MATENY RD,N/A,SAME DIRECTION SIDESWIPE,N/A,DRY,DARK LIGHTS ON,N/A,Yes,NO APPARENT INJURY,NOT DISTRACTED,PASSENGER CAR,MOVING CONSTANT SPEED,West,West,35,2013,DODGE,4.8,67.4,51.9,0
Property Damage Crash,09-01-2023 08:25,Municipality,LINCOLN AVE,ROCKVILLE,SAME DIRECTION SIDESWIPE,CLEAR,DRY,DAYLIGHT,NO CONTROLS,Yes,NO APPARENT INJURY,LOOKED BUT DID NOT SEE,(SPORT) UTILITY VEHICLE,MOVING CONSTANT SPEED,East,East,25,1989,JEEP,5.5,73.1,38.2,0
Property Damage Crash,09-01-2023 09:30,County,FLOWER AVE,N/A,HEAD ON LEFT TURN,CLEAR,DRY,DAYLIGHT,NO CONTROLS,No,NO APPARENT INJURY,NOT DISTRACTED,PASSENGER CAR,MOVING CONSTANT SPEED,North,North,30,2018,NISSAN,6.2,45.1,28.8,0
Property Damage Crash,09-01-2023 09:30,County,FATHER HURLEY BLVD,N/A,SAME DIR REAR END,CLEAR,DRY,DAYLIGHT,TRAFFIC SIGNAL,Yes,NO APPARENT INJURY,UNKNOWN,PASSENGER CAR,ACCELERATING,West,West,40,2006,MERCURY,1.1,46.4,41.5,0
Injury Crash,09-01-2023 10:00,Maryland (State),NEW HAMPSHIRE AVE,N/A,SAME DIR REAR END,CLOUDY,DRY,DAYLIGHT,TRAFFIC SIGNAL,No,POSSIBLE INJURY,NOT DISTRACTED,PASSENGER CAR,STARTING FROM LANE,South,South,40,2015,MERZ,11.7,76.1,47.3,0
Property Damage Crash,09-01-2023 12:00,Maryland (State),W MONTGOMERY AVE,ROCKVILLE,SAME DIRECTION LEFT TURN,CLEAR,DRY,DARK LIGHTS ON,NO CONTROLS,Yes,NO APPARENT INJURY,DISTRACTED BY OUTSIDE PERSON OBJECT OR EVENT,PASSENGER CAR,ACCELERATING,West,West,30,2002,HONDA,0.8,84.2,58.8,0
Property Damage Crash,09-01-2023 12:00,Maryland (State),GEORGIA AVE,N/A,STRAIGHT MOVEMENT ANGLE,CLOUDY,DRY,DAYLIGHT,STOP SIGN,Yes,NO APPARENT INJURY,NOT DISTRACTED,(SPORT) UTILITY VEHICLE,MAKING RIGHT TURN,South,East,30,2015,JEEP,1.8,70.4,51.9,0
Property Damage Crash,09-01-2023 12:33,Maryland (State),GERMANTOWN RD,N/A,STRAIGHT MOVEMENT ANGLE,CLEAR,DRY,DAYLIGHT,TRAFFIC SIGNAL,No,NO APPARENT INJURY,NOT DISTRACTED,PASSENGER CAR,MAKING LEFT TURN,West,West,40,2018,NISS,4.4,75.2,55.2,0
Injury Crash,09-01-2023 12:33,Maryland (State),NEW HAMPSHIRE AVE,N/A,SAME DIR REAR END,CLEAR,N/A,DAYLIGHT,TRAFFIC SIGNAL,No,SUSPECTED SERIOUS INJURY,NOT DISTRACTED,PASSENGER CAR,SLOWING OR STOPPING,South,South,40,2011,HYUNDAI,3.7,71.8,49.7,0
Property Damage Crash,09-01-2023 13:08,County,SNOUFFERS SCHOOL RD,N/A,SAME DIR REAR END,CLOUDY,DRY,DAYLIGHT,N/A,Yes,NO APPARENT INJURY,UNKNOWN,PASSENGER CAR,SLOWING OR STOPPING,North,North,40,2007,HOND,4.5,76.1,47,0
Property Damage Crash,09-01-2023 13:08,US (State),GEORGIA AVE,N/A,SAME DIRECTION SIDESWIPE,N/A,DRY,DAYLIGHT,TRAFFIC SIGNAL,No,NO APPARENT INJURY,NOT DISTRACTED,PASSENGER CAR,STOPPED IN TRAFFIC LANE,North,North,35,2022,TOYOTA,6.7,63.9,48.1,0
Injury Crash,09-01-2023 13:19,County,RANDOLPH RD,N/A,HEAD ON LEFT TURN,CLEAR,DRY,DARK LIGHTS ON,TRAFFIC SIGNAL,No,POSSIBLE INJURY,NOT DISTRACTED,PASSENGER CAR,SLOWING OR STOPPING,East,East,35,2007,CADILLAC,3.2,61.4,25.3,0
Property Damage Crash,09-01-2023 13:19,County,TWINBROOK PKWY,N/A,SAME DIR REAR END,CLOUDY,DRY,DAYLIGHT,NO CONTROLS,No,NO APPARENT INJURY,NOT DISTRACTED,"OTHER LIGHT TRUCKS (10,000LBS (4,536KG) OR LESS)",STOPPED IN TRAFFIC LANE,South,South,35,2011,FORD,6.6,62.5,56.8,0
Injury Crash,09-01-2023 13:30,Maryland (State),FREDERICK RD,N/A,HEAD ON,CLEAR,DRY,DAYLIGHT,NO CONTROLS,Yes,SUSPECTED SERIOUS INJURY,NOT DISTRACTED,PASSENGER CAR,PASSING,South,South,35,2015,FORD,5.8,50.3,50.2,0.01
Injury Crash,09-01-2023 13:30,Maryland (State),MUNCASTER MILL RD,N/A,SAME DIR REAR END,CLEAR,DRY,DAYLIGHT,NO CONTROLS,Yes,NO APPARENT INJURY,NOT DISTRACTED,"OTHER LIGHT TRUCKS (10,000LBS (4,536KG) OR LESS)",MOVING CONSTANT SPEED,South,South,40,2009,CHEVY,2.2,53,50.5,0
Injury Crash,09-01-2023 13:35,Maryland (State),NEW HAMPSHIRE AVE,N/A,SAME DIR REAR END,CLEAR,DRY,DARK LIGHTS ON,TRAFFIC SIGNAL,No,POSSIBLE INJURY,NOT DISTRACTED,PICKUP TRUCK,STOPPED IN TRAFFIC LANE,South,South,40,1988,MAZDA,10,50.6,30.3,0
Property Damage Crash,09-01-2023 13:35,,,,STRAIGHT MOVEMENT ANGLE,CLEAR,,DAYLIGHT,NO CONTROLS,No,NO APPARENT INJURY,NOT DISTRACTED,PASSENGER CAR,SLOWING OR STOPPING,East,West,10,2020,TOYOTA,6.2,54.5,32.9,0
Property Damage Crash,09-01-2023 13:48,Municipality,PERRY PKWY,N/A,SINGLE VEHICLE,RAINING,WET,DAYLIGHT,NO CONTROLS,Yes,NO APPARENT INJURY,NOT DISTRACTED,PASSENGER CAR,MOVING CONSTANT SPEED,North,North,30,1995,TOYOTA,6.2,51.6,23,0
Injury Crash,09-01-2023 13:48,Maryland (State),WISCONSIN AVE,FRIENDSHIP HEIGHTS,SAME DIRECTION SIDESWIPE,CLEAR,DRY,DAYLIGHT,TRAFFIC SIGNAL,No,SUSPECTED MINOR INJURY,NOT DISTRACTED,PASSENGER CAR,MOVING CONSTANT SPEED,South,South,25,2014,INFINITI,1.6,62.9,53.4,0
Injury Crash,09-01-2023 13:55,Maryland (State),GEORGIA AVE,N/A,SAME DIR REAR END,N/A,WET,DARK LIGHTS ON,TRAFFIC SIGNAL,No,POSSIBLE INJURY,NOT DISTRACTED,PASSENGER CAR,SLOWING OR STOPPING,North,North,35,2008,TOYOTA,4.7,87.5,54.4,0
Injury Crash,09-01-2023 13:55,County,OLD COLUMBIA PIKE,N/A,SAME DIR REAR END,RAINING,WET,DARK LIGHTS ON,NO CONTROLS,Yes,NO APPARENT INJURY,UNKNOWN,,MOVING CONSTANT SPEED,South,South,35,0,UNKNOWN,8.6,78.9,48.1,0
Property Damage Crash,09-01-2023 13:56,Maryland (State),ROCKVILLE PIKE,N/A,SAME DIRECTION SIDESWIPE,CLEAR,DRY,DAWN,NO CONTROLS,No,NO APPARENT INJURY,NOT DISTRACTED,VAN,MOVING CONSTANT SPEED,North,North,35,2017,FORD,3.6,60.9,53.7,0
Injury Crash,09-01-2023 13:56,County,FATHER HURLEY BLVD,N/A,HEAD ON LEFT TURN,RAINING,WET,DARK LIGHTS ON,TRAFFIC SIGNAL,Yes,NO APPARENT INJURY,INATTENTIVE OR LOST IN THOUGHT,PASSENGER CAR,ACCELERATING,East,East,35,2013,DODGE,3.8,74.7,27.4,0
Property Damage Crash,09-01-2023 14:00,Maryland (State),SANDY SPRING RD,N/A,HEAD ON LEFT TURN,CLEAR,DRY,DAYLIGHT,NO CONTROLS,Yes,NO APPARENT INJURY,LOOKED BUT DID NOT SEE,(SPORT) UTILITY VEHICLE,MAKING LEFT TURN,North,North,45,2012,KIA,4.9,64.9,62.7,0
Property Damage Crash,09-01-2023 14:00,Maryland (State),GEORGIA AVE,N/A,SAME DIRECTION RIGHT TURN,CLEAR,DRY,DAYLIGHT,NO CONTROLS,Yes,NO APPARENT INJURY,LOOKED BUT DID NOT SEE,PASSENGER CAR,CHANGING LANES,North,North,35,2014,HOND,4.2,56.7,51.6,0
Property Damage Crash,09-01-2023 14:07,County,ARCOLA AVE,N/A,SAME DIR REAR END,CLEAR,DRY,DAYLIGHT,NO CONTROLS,Yes,NO APPARENT INJURY,LOOKED BUT DID NOT SEE,VAN,MOVING CONSTANT SPEED,East,East,30,2013,TOYOTA,3.6,47,44.6,0
Injury Crash,09-01-2023 14:07,Maryland (State),CONNECTICUT AVE,N/A,SINGLE VEHICLE,RAINING,WET,DAWN,TRAFFIC SIGNAL,No,NO APPARENT INJURY,LOOKED BUT DID NOT SEE,PASSENGER CAR,ACCELERATING,North,East,35,2007,GMC,10,58.1,45.3,0
Property Damage Crash,09-01-2023 14:37,County,TWINBROOK PKWY,N/A,SAME DIR REAR END,CLOUDY,DRY,DAYLIGHT,N/A,No,NO APPARENT INJURY,NOT DISTRACTED,PASSENGER CAR,SLOWING OR STOPPING,East,East,35,2008,TOYT,7,61.9,59.9,0.04
Injury Crash,09-01-2023 14:40,Maryland (State),ASHTON RD,N/A,HEAD ON,CLEAR,DRY,DAYLIGHT,NO CONTROLS,No,SUSPECTED MINOR INJURY,NOT DISTRACTED,PASSENGER CAR,MOVING CONSTANT SPEED,East,East,30,1997,TOYT,3.7,61.9,46.3,0
Injury Crash,09-01-2023 14:40,County,RIDGE RD,N/A,OPPOSITE DIRECTION SIDESWIPE,CLEAR,DRY,DAYLIGHT,NO CONTROLS,Yes,NO APPARENT INJURY,UNKNOWN,PASSENGER CAR,MOVING CONSTANT SPEED,North,North,45,2008,HONDA,2.3,60.7,59,0
Injury Crash,09-01-2023 14:44,Maryland (State),GEORGIA AVE,N/A,STRAIGHT MOVEMENT ANGLE,CLEAR,DRY,DAYLIGHT,TRAFFIC SIGNAL,No,NO APPARENT INJURY,NOT DISTRACTED,PASSENGER CAR,STOPPED IN TRAFFIC LANE,North,East,45,2018,MERCEDES,1.3,72.4,70.2,0
Injury Crash,09-01-2023 14:44,US (State),COLESVILLE RD,N/A,SINGLE VEHICLE,CLEAR,DRY,DARK -- UNKNOWN LIGHTING,STOP SIGN,Yes,NO APPARENT INJURY,UNKNOWN,,MOVING CONSTANT SPEED,North,West,25,0,UNKNOWN,5.7,78.3,45.4,0
Property Damage Crash,09-01-2023 14:44,Maryland (State),MUNCASTER MILL RD,N/A,SAME DIR REAR END,CLEAR,DRY,DAYLIGHT,TRAFFIC SIGNAL,No,NO APPARENT INJURY,NOT DISTRACTED,PASSENGER CAR,SLOWING OR STOPPING,West,West,40,2007,CHEVY,3.6,64.5,48.4,0
Injury Crash,09-01-2023 14:53,Maryland (State),RIDGE RD,N/A,STRAIGHT MOVEMENT ANGLE,RAINING,WET,DARK LIGHTS ON,STOP SIGN,Yes,NO APPARENT INJURY,UNKNOWN,PASSENGER CAR,MAKING LEFT TURN,South,South,35,2012,TOYOTA,5.3,71.9,49.9,0
Property Damage Crash,09-01-2023 14:53,Maryland (State),MUNCASTER MILL RD,N/A,SINGLE VEHICLE,CLEAR,DRY,DARK NO LIGHTS,N/A,No,NO APPARENT INJURY,NOT DISTRACTED,PASSENGER CAR,MOVING CONSTANT SPEED,East,East,40,2014,SUBA,1,57.3,53.1,0
Property Damage Crash,09-01-2023 14:53,Maryland (State),NORBECK RD,N/A,SAME DIR REAR END,RAINING,WET,DAYLIGHT,NO CONTROLS,No,NO APPARENT INJURY,NOT DISTRACTED,PASSENGER CAR,SLOWING OR STOPPING,West,West,40,2010,LINC,1.6,61.5,53.2,0
Injury Crash,09-01-2023 15:07,Maryland (State),RIVER RD,N/A,HEAD ON LEFT TURN,CLEAR,DRY,DAYLIGHT,NO CONTROLS,Yes,POSSIBLE INJURY,LOOKED BUT DID NOT SEE,PASSENGER CAR,MAKING LEFT TURN,North,East,30,2010,VOLKSWAGEN,2.2,72.9,48.9,0
Property Damage Crash,09-01-2023 15:07,,,,OTHER,CLEAR,,DARK LIGHTS ON,NO CONTROLS,Yes,NO APPARENT INJURY,UNKNOWN,PICKUP TRUCK,PARKING,Unknown,Unknown,5,1998,DODGE,4.2,49.8,40.3,0
Property Damage Crash,09-01-2023 15:23,County,SHADY GROVE RD,N/A,SAME DIR REAR END,CLEAR,DRY,DARK LIGHTS ON,NO CONTROLS,No,NO APPARENT INJURY,NOT DISTRACTED,PASSENGER CAR,STOPPED IN TRAFFIC LANE,North,North,45,2004,HONDA,2.7,70.5,58,0
Injury Crash,09-01-2023 15:35,County,LOCKWOOD DR,N/A,STRAIGHT MOVEMENT ANGLE,N/A,N/A,DARK LIGHTS ON,STOP SIGN,Yes,POSSIBLE INJURY,NOT DISTRACTED,PASSENGER CAR,MOVING CONSTANT SPEED,North,North,30,2016,NISSAN,5.8,56.8,48.8,0
Property Damage Crash,09-01-2023 15:35,,,,SINGLE VEHICLE,N/A,,DARK NO LIGHTS,N/A,Yes,NO APPARENT INJURY,NOT DISTRACTED,POLICE VEHICLE/NON EMERGENCY,BACKING,West,West,40,2018,FORD,5.9,59.8,52.6,0
Injury Crash,09-01-2023 15:35,Maryland (State),CONNECTICUT AVE,N/A,SAME DIR REAR END,CLEAR,DRY,DAYLIGHT,TRAFFIC SIGNAL,Yes,SUSPECTED MINOR INJURY,INATTENTIVE OR LOST IN THOUGHT,PASSENGER CAR,MOVING CONSTANT SPEED,South,South,45,2006,KIA,6.9,83.2,47.8,0
Injury Crash,09-01-2023 15:45,Maryland (State),VEIRS MILL RD,N/A,SAME DIR REAR END,CLEAR,DRY,DAYLIGHT,TRAFFIC SIGNAL,No,NO APPARENT INJURY,NOT DISTRACTED,VAN,STOPPED IN TRAFFIC LANE,West,West,25,2007,DODGE,5.5,58.9,59.3,0.01
Injury Crash,09-01-2023 15:45,Maryland (State),GEORGIA AVE,N/A,ANGLE MEETS LEFT TURN,CLEAR,DRY,DAYLIGHT,NO CONTROLS,No,POSSIBLE INJURY,NOT DISTRACTED,PICKUP TRUCK,MOVING CONSTANT SPEED,South,South,35,2000,FORD,3,63.4,46.3,0
Property Damage Crash,09-01-2023 16:08,Maryland (State),ROCKVILLE PIKE,N/A,SAME DIRECTION LEFT TURN,CLOUDY,DRY,DAYLIGHT,TRAFFIC SIGNAL,No,NO APPARENT INJURY,NOT DISTRACTED,PASSENGER CAR,MOVING CONSTANT SPEED,North,North,35,2012,HONDA,1.9,58.3,56.4,0
Injury Crash,09-01-2023 16:08,Maryland (State),CLOPPER RD,N/A,HEAD ON LEFT TURN,CLEAR,DRY,DARK LIGHTS ON,TRAFFIC SIGNAL,Yes,SUSPECTED MINOR INJURY,UNKNOWN,PASSENGER CAR,MOVING CONSTANT SPEED,West,West,50,2013,ACURA,1.5,51.3,45.7,0
Property Damage Crash,09-01-2023 17:14,Municipality,WOOTTON AVE,POOLESVILLE,SINGLE VEHICLE,N/A,WET,DARK LIGHTS ON,N/A,Yes,NO APPARENT INJURY,INATTENTIVE OR LOST IN THOUGHT,RECREATIONAL VEHICLE,N/A,South,South,25,2014,GMC,1.8,59,54,0
Injury Crash,09-01-2023 17:14,Maryland (State),FREDERICK RD,N/A,SAME DIR REAR END,CLEAR,DRY,DAYLIGHT,NO CONTROLS,Yes,NO APPARENT INJURY,LOOKED BUT DID NOT SEE,PASSENGER CAR,SLOWING OR STOPPING,North,North,40,2003,TOYOTA,2.4,81.9,68.8,0
Property Damage Crash,09-01-2023 17:14,Maryland (State),LAYTONSVILLE RD,N/A,ANGLE MEETS RIGHT TURN,RAINING,WET,DARK LIGHTS ON,STOP SIGN,Yes,NO APPARENT INJURY,UNKNOWN,PASSENGER CAR,MAKING RIGHT TURN,South,East,40,2010,TOYT,6.6,40.6,25.6,0
Injury Crash,09-01-2023 17:15,Maryland (State),FALLS RD,N/A,HEAD ON LEFT TURN,CLEAR,DRY,DARK LIGHTS ON,TRAFFIC SIGNAL,Yes,POSSIBLE INJURY,LOOKED BUT DID NOT SEE,VAN,MAKING LEFT TURN,East,South,35,2003,HONDA,2.2,63.1,59.1,0