ACRS Report Type,Date and Time,Route Type,Road Name,Municipality,Collision Type,Weather,Surface Condition,Light,Traffic Control,Driver At Fault,Injury Severity,Driver Distracted By,Vehicle Body Type,Vehicle Movement,Vehicle Continuing Dir,Vehicle Going Dir,Speed Limit,Vehicle Year,Vehicle Make,Wind Speed (MPH),TMP10-DK ,Relative Humidity (%),Rain (Inches)
Injury Crash,09-01-2023 17:15,Maryland (State),NORBECK RD,N/A,SAME DIR REAR END,CLEAR,DRY,DAYLIGHT,NO CONTROLS,No,NO APPARENT INJURY,NOT DISTRACTED,PASSENGER CAR,STOPPED IN TRAFFIC LANE,East,East,40,2007,TOYOTA,9,73.4,37.6,0
Property Damage Crash,09-01-2023 17:23,,,,SAME DIR REAR END,CLEAR,,DAYLIGHT,N/A,No,NO APPARENT INJURY,NOT DISTRACTED,SCHOOL BUS,STOPPED IN TRAFFIC LANE,North,North,5,2008,THOMAS BUILT,6.4,83.3,52.1,0
Injury Crash,09-01-2023 17:23,County,LONG CORNER RD,N/A,SINGLE VEHICLE,CLEAR,DRY,DARK NO LIGHTS,NO CONTROLS,Yes,POSSIBLE INJURY,UNKNOWN,(SPORT) UTILITY VEHICLE,MOVING CONSTANT SPEED,South,South,25,2009,HONDA,10.9,49.7,37.1,0
Property Damage Crash,09-01-2023 18:22,Maryland (State),NEW HAMPSHIRE AVE,N/A,STRAIGHT MOVEMENT ANGLE,CLEAR,DRY,DAYLIGHT,NO CONTROLS,No,NO APPARENT INJURY,NOT DISTRACTED,PASSENGER CAR,MOVING CONSTANT SPEED,North,North,40,1990,INFINITI,6.9,76.1,57.9,0
Property Damage Crash,09-01-2023 18:30,Municipality,GREAT FALLS RD,ROCKVILLE,STRAIGHT MOVEMENT ANGLE,RAINING,WET,DARK LIGHTS ON,TRAFFIC SIGNAL,No,NO APPARENT INJURY,NOT DISTRACTED,PASSENGER CAR,MOVING CONSTANT SPEED,North,West,25,2007,TOYOTA,9.5,81.3,45,0
Property Damage Crash,09-01-2023 18:42,Maryland (State),W MONTGOMERY AVE,ROCKVILLE,SAME DIR REAR END,CLEAR,DRY,DAYLIGHT,TRAFFIC SIGNAL,Yes,NO APPARENT INJURY,NOT DISTRACTED,PASSENGER CAR,MOVING CONSTANT SPEED,North,North,40,2001,CADI,1.5,64.2,55.6,0
Injury Crash,09-01-2023 18:42,Maryland (State),OLNEY LAYTONSVILLE RD,N/A,SAME DIR REAR END,CLEAR,DRY,DAYLIGHT,NO CONTROLS,Yes,SUSPECTED MINOR INJURY,UNKNOWN,PASSENGER CAR,SLOWING OR STOPPING,East,East,35,2001,HONDA,1.3,54.7,52.1,0
Property Damage Crash,09-01-2023 19:16,County,MUDDY BRANCH RD,N/A,SAME DIR REAR END,CLEAR,DRY,DARK LIGHTS ON,N/A,Yes,NO APPARENT INJURY,UNKNOWN,PASSENGER CAR,MOVING CONSTANT SPEED,North,North,35,2005,NISSAN,4.3,83.7,64.3,0
Injury Crash,09-01-2023 19:16,Municipality,MANNAKEE ST,N/A,STRAIGHT MOVEMENT ANGLE,RAINING,WET,DAYLIGHT,STOP SIGN,No,NO APPARENT INJURY,NOT DISTRACTED,PASSENGER CAR,STARTING FROM LANE,East,South,35,2013,LEXU,5.6,74.9,47.6,0
Property Damage Crash,09-01-2023 19:32,County,RIFFLE FORD RD,N/A,SINGLE VEHICLE,N/A,WET,DARK NO LIGHTS,NO CONTROLS,No,NO APPARENT INJURY,LOOKED BUT DID NOT SEE,PASSENGER CAR,MOVING CONSTANT SPEED,South,South,35,2014,HONDA,2.4,65.5,52.8,0
Injury Crash,09-01-2023 19:32,Maryland (State),FREDERICK RD,GAITHERSBURG,HEAD ON LEFT TURN,CLEAR,DRY,DAYLIGHT,TRAFFIC SIGNAL,Yes,NO APPARENT INJURY,LOOKED BUT DID NOT SEE,PASSENGER CAR,MAKING LEFT TURN,West,North,40,2001,ACURA,7.4,50.6,49.4,0.03
Injury Crash,09-01-2023 19:45,Maryland (State),FREDERICK RD,N/A,STRAIGHT MOVEMENT ANGLE,CLEAR,DRY,DAYLIGHT,TRAFFIC SIGNAL,No,POSSIBLE INJURY,UNKNOWN,PICKUP TRUCK,MOVING CONSTANT SPEED,East,East,45,2015,CHEV,8.1,50.9,24.7,0
Property Damage Crash,09-01-2023 20:00,Maryland (State),NEW HAMPSHIRE AVE,N/A,ANGLE MEETS LEFT HEAD ON,CLEAR,DRY,DAYLIGHT,NO CONTROLS,No,NO APPARENT INJURY,NOT DISTRACTED,PASSENGER CAR,N/A,North,North,40,2011,SUBA,4.6,60.9,58.6,0.04
Property Damage Crash,09-01-2023 21:48,County,PARKLAWN DR,N/A,HEAD ON,CLEAR,DRY,DAYLIGHT,NO CONTROLS,Yes,NO APPARENT INJURY,NOT DISTRACTED,(SPORT) UTILITY VEHICLE,MOVING CONSTANT SPEED,East,East,30,2013,VOLKSWAGON,4.6,64.9,51.3,0
Property Damage Crash,09-01-2023 21:48,Maryland (State),RIVER RD,N/A,SAME DIR REAR END,N/A,WET,DAYLIGHT,NO CONTROLS,Yes,NO APPARENT INJURY,NOT DISTRACTED,PASSENGER CAR,MOVING CONSTANT SPEED,West,West,35,2009,NISS,3.3,59.7,38.2,0
Injury Crash,09-01-2023 22:30,County,LOCKWOOD DR,N/A,SAME DIRECTION RIGHT TURN,N/A,DRY,DAYLIGHT,NO CONTROLS,No,SUSPECTED MINOR INJURY,NOT DISTRACTED,TRANSIT BUS,SLOWING OR STOPPING,East,East,25,2011,NWFL,3,67.8,67.3,0.51
Injury Crash,09-01-2023 22:30,Municipality,CONGRESSIONAL LA,N/A,ANGLE MEETS LEFT TURN,CLEAR,DRY,DAWN,STOP SIGN,Yes,NO APPARENT INJURY,NOT DISTRACTED,PASSENGER CAR,MAKING LEFT TURN,North,North,30,2009,FORD,4.7,51.8,24,0
Property Damage Crash,09-01-2023 23:50,County,BENSON TERR,N/A,OTHER,CLEAR,DRY,DAYLIGHT,NO CONTROLS,Yes,NO APPARENT INJURY,LOOKED BUT DID NOT SEE,SCHOOL BUS,MOVING CONSTANT SPEED,South,South,15,2020,THOMAS,1.1,51,49.4,0
Property Damage Crash,10-01-2023 01:32,County,E GUDE DR,N/A,SINGLE VEHICLE,CLEAR,DRY,DARK LIGHTS ON,NO CONTROLS,No,NO APPARENT INJURY,NOT DISTRACTED,POLICE VEHICLE/NON EMERGENCY,MOVING CONSTANT SPEED,West,West,40,2014,FORD,3.1,65,39.8,0
Injury Crash,10-01-2023 01:32,,,,OTHER,CLEAR,,DAYLIGHT,N/A,Yes,NO APPARENT INJURY,UNKNOWN,(SPORT) UTILITY VEHICLE,SLOWING OR STOPPING,Unknown,Unknown,15,2012,MERCEDES,4.4,50.4,50.4,0
Property Damage Crash,10-01-2023 02:11,Maryland (State),CLOPPER RD,N/A,OTHER,CLEAR,DRY,DARK LIGHTS ON,NO CONTROLS,No,NO APPARENT INJURY,NOT DISTRACTED,PASSENGER CAR,MAKING LEFT TURN,West,North,40,2007,HONDA,3,61.7,56.1,0
Property Damage Crash,10-01-2023 04:28,Maryland (State),GEORGIA AVE,N/A,SAME DIRECTION RIGHT TURN,N/A,DRY,DAYLIGHT,NO CONTROLS,Yes,NO APPARENT INJURY,LOOKED BUT DID NOT SEE,PASSENGER CAR,MAKING RIGHT TURN,East,North,35,2013,TOYT,5.1,66.5,42.6,0
Property Damage Crash,10-01-2023 04:28,County,E GUDE DR,N/A,HEAD ON LEFT TURN,CLOUDY,DRY,DAWN,TRAFFIC SIGNAL,Yes,NO APPARENT INJURY,UNKNOWN,PASSENGER CAR,MAKING LEFT TURN,West,West,40,1998,TOYOTA,1.2,40.6,34.4,0
Property Damage Crash,10-01-2023 06:00,Maryland (State),ROCKVILLE PIKE,N/A,SAME DIR REAR END,CLEAR,DRY,DARK NO LIGHTS,NO CONTROLS,No,NO APPARENT INJURY,NOT DISTRACTED,PASSENGER CAR,SLOWING OR STOPPING,North,North,45,2005,NISSAN,5.1,63.8,42,0
Property Damage Crash,10-01-2023 06:00,Maryland (State),HUNGERFORD DR,ROCKVILLE,STRAIGHT MOVEMENT ANGLE,CLEAR,DRY,DUSK,TRAFFIC SIGNAL,Yes,NO APPARENT INJURY,NOT DISTRACTED,PASSENGER CAR,MOVING CONSTANT SPEED,South,South,40,2007,HONDA,14.7,59.9,53.3,0
Property Damage Crash,10-01-2023 07:30,County,GOSHEN RD,N/A,SAME DIR REAR END,CLEAR,DRY,DAYLIGHT,NO CONTROLS,Yes,NO APPARENT INJURY,LOOKED BUT DID NOT SEE,(SPORT) UTILITY VEHICLE,MOVING CONSTANT SPEED,North,North,35,2007,HONDA,2.4,73.7,50.8,0
Injury Crash,10-01-2023 08:05,Maryland (State),DARNESTOWN RD,N/A,ANGLE MEETS LEFT TURN,RAINING,WET,DARK LIGHTS ON,TRAFFIC SIGNAL,No,NO APPARENT INJURY,NOT DISTRACTED,PASSENGER CAR,MAKING LEFT TURN,South,West,40,1999,TOYOTA,3.3,68.6,64.5,0.01
Injury Crash,10-01-2023 08:05,County,RANDOLPH RD,N/A,SAME DIR REAR END,CLEAR,DRY,DAYLIGHT,N/A,No,POSSIBLE INJURY,NOT DISTRACTED,PASSENGER CAR,CHANGING LANES,South,East,35,2001,MERZ,8.9,57.4,57,0
Property Damage Crash,10-01-2023 08:40,County,POSTOAK RD,N/A,SAME DIR REAR END,CLEAR,DRY,DAYLIGHT,TRAFFIC SIGNAL,No,NO APPARENT INJURY,NOT DISTRACTED,SCHOOL BUS,STOPPED IN TRAFFIC LANE,North,North,35,2015,THOMAS,3.1,65.5,27.2,0
Property Damage Crash,10-01-2023 08:40,Maryland (State),NEW HAMPSHIRE AVE,N/A,SAME DIRECTION LEFT TURN,CLEAR,N/A,DARK LIGHTS ON,TRAFFIC SIGNAL,No,NO APPARENT INJURY,NOT DISTRACTED,PICKUP TRUCK,STARTING FROM LANE,North,North,35,2005,FORD,10.5,44.7,27,0
Injury Crash,10-01-2023 10:41,Maryland (State),FREDERICK RD,N/A,SAME DIRECTION RIGHT TURN,CLEAR,DRY,DAYLIGHT,NO CONTROLS,Yes,POSSIBLE INJURY,NOT DISTRACTED,MOTORCYCLE,MOVING CONSTANT SPEED,North,North,40,2011,HARLEY,4.6,66.2,43.8,0
Property Damage Crash,10-01-2023 10:41,County,AIRPARK RD,N/A,SAME DIR REAR END,CLEAR,DRY,DAYLIGHT,N/A,No,NO APPARENT INJURY,NOT DISTRACTED,VAN,ACCELERATING,North,North,45,2019,MERCEDES,2.9,72.7,69.8,0
Injury Crash,10-01-2023 10:52,Maryland (State),RIDGE RD,N/A,HEAD ON,CLOUDY,DRY,DAYLIGHT,NO CONTROLS,No,NO APPARENT INJURY,NOT DISTRACTED,PASSENGER CAR,SLOWING OR STOPPING,North,North,30,2017,MITSUBISHI,2.4,55,41.7,0
Property Damage Crash,10-01-2023 12:05,County,PARKLAWN DR,N/A,SAME DIRECTION SIDESWIPE,CLEAR,DRY,DAYLIGHT,NO CONTROLS,Yes,NO APPARENT INJURY,UNKNOWN,PASSENGER CAR,MAKING LEFT TURN,West,West,30,2007,SATURN,4.5,43.6,29.2,0
Property Damage Crash,10-01-2023 12:05,Maryland (State),CONNECTICUT AVE,CHEVY CHASE VILLAGE,SAME DIRECTION SIDESWIPE,CLOUDY,DRY,DAYLIGHT,NO CONTROLS,Unknown,NO APPARENT INJURY,NOT DISTRACTED,TRANSIT BUS,MOVING CONSTANT SPEED,South,South,30,2014,GILL,10.1,65.1,59,0.01
Property Damage Crash,10-01-2023 12:46,,,,OTHER,CLEAR,,DAYLIGHT,NO CONTROLS,Yes,NO APPARENT INJURY,LOOKED BUT DID NOT SEE,PASSENGER CAR,BACKING,Unknown,East,15,2012,TOYOTA,1.6,52.9,47.4,0
Property Damage Crash,10-01-2023 12:46,Maryland (State),CONNECTICUT AVE,N/A,SAME DIR REAR END,CLEAR,DRY,DAYLIGHT,TRAFFIC SIGNAL,Yes,NO APPARENT INJURY,LOOKED BUT DID NOT SEE,(SPORT) UTILITY VEHICLE,MOVING CONSTANT SPEED,South,South,30,2004,MITS,9.1,77.7,48.2,0
Injury Crash,10-01-2023 13:00,County,NOTLEY RD,N/A,STRAIGHT MOVEMENT ANGLE,CLEAR,DRY,DAYLIGHT,STOP SIGN,No,NO APPARENT INJURY,NOT DISTRACTED,PASSENGER CAR,MOVING CONSTANT SPEED,South,East,35,2010,TOYT,4.6,44.8,28.8,0
Property Damage Crash,10-01-2023 13:00,,,,OPPOSITE DIRECTION SIDESWIPE,CLEAR,,DARK -- UNKNOWN LIGHTING,NO CONTROLS,Yes,NO APPARENT INJURY,UNKNOWN,PASSENGER CAR,MOVING CONSTANT SPEED,West,West,10,2016,TOYOTA,1,66.3,52.4,0
Property Damage Crash,10-01-2023 13:15,,,,OTHER,CLOUDY,,DAYLIGHT,N/A,No,NO APPARENT INJURY,NOT DISTRACTED,PASSENGER CAR,PARKED,,,0,2007,MERZ,3.9,75.4,46.8,0
Property Damage Crash,10-01-2023 13:15,Maryland (State),CARROLL AVE,N/A,SAME DIRECTION RIGHT TURN,CLEAR,DRY,DARK LIGHTS ON,YIELD SIGN,No,NO APPARENT INJURY,NOT DISTRACTED,POLICE VEHICLE/EMERGENCY,MOVING CONSTANT SPEED,North,North,25,2007,FORD,5,76.8,48.3,0
Injury Crash,10-01-2023 13:44,County,SHADY GROVE RD,N/A,SAME DIRECTION LEFT TURN,CLEAR,DRY,DAYLIGHT,TRAFFIC SIGNAL,Yes,POSSIBLE INJURY,LOOKED BUT DID NOT SEE,PASSENGER CAR,MAKING LEFT TURN,North,North,40,2008,NISSAN,8.5,79.9,53.3,0
Property Damage Crash,10-01-2023 13:55,Maryland (State),NEW HAMPSHIRE AVE,N/A,SAME DIRECTION RIGHT TURN,RAINING,N/A,DAYLIGHT,TRAFFIC SIGNAL,Yes,NO APPARENT INJURY,LOOKED BUT DID NOT SEE,PASSENGER CAR,MAKING RIGHT TURN,West,South,40,2016,HONDA,3.9,72.1,69.1,0
Injury Crash,10-01-2023 13:55,Maryland (State),NORBECK RD,N/A,HEAD ON LEFT TURN,CLEAR,DRY,DAYLIGHT,TRAFFIC SIGNAL,Yes,NO APPARENT INJURY,UNKNOWN,PASSENGER CAR,MAKING LEFT TURN,South,West,40,2019,TOYOTA,1.8,56.3,42.8,0
Injury Crash,10-01-2023 14:00,Maryland (State),ROCKVILLE PIKE,N/A,STRAIGHT MOVEMENT ANGLE,CLEAR,DRY,DAYLIGHT,NO CONTROLS,Yes,NO APPARENT INJURY,LOOKED BUT DID NOT SEE,PASSENGER CAR,MAKING LEFT TURN,West,North,45,2008,LEXUS,5.5,75.2,30.1,0
Injury Crash,10-01-2023 14:00,Maryland (State),OLNEY LAYTONSVILLE RD,N/A,SAME DIRECTION SIDESWIPE,CLEAR,DRY,DAYLIGHT,TRAFFIC SIGNAL,No,SUSPECTED MINOR INJURY,NOT DISTRACTED,PASSENGER CAR,MOVING CONSTANT SPEED,West,West,40,2014,HONDA,6.7,71.2,56.2,0
Injury Crash,10-01-2023 14:29,Maryland (State),OLD GEORGETOWN RD,N/A,STRAIGHT MOVEMENT ANGLE,CLEAR,DRY,DAYLIGHT,STOP SIGN,No,POSSIBLE INJURY,NOT DISTRACTED,PASSENGER CAR,MOVING CONSTANT SPEED,South,South,35,2007,ACURA,2.9,68.9,64,0
Injury Crash,10-01-2023 14:29,Maryland (State),OLNEY LAYTONSVILLE RD,N/A,STRAIGHT MOVEMENT ANGLE,CLEAR,DRY,DAYLIGHT,NO CONTROLS,Yes,NO APPARENT INJURY,NOT DISTRACTED,PASSENGER CAR,STARTING FROM PARKED,West,South,50,2005,TOYOTA,3.4,74.5,49.8,0
Property Damage Crash,10-01-2023 14:38,Maryland (State),CARROLL AVE,N/A,SAME DIR REAR END,RAINING,WET,DAYLIGHT,NO CONTROLS,Yes,NO APPARENT INJURY,NOT DISTRACTED,"CARGO VAN/LIGHT TRUCK 2 AXLES (OVER 10,000LBS (4,536 KG))",SLOWING OR STOPPING,North,North,25,2000,GRUMAN,1.3,64.1,43.3,0
Property Damage Crash,10-01-2023 14:38,Maryland (State),NEW HAMPSHIRE AVE,N/A,SAME DIR REAR END,CLEAR,DRY,DAYLIGHT,TRAFFIC SIGNAL,No,NO APPARENT INJURY,NOT DISTRACTED,PASSENGER CAR,STOPPED IN TRAFFIC LANE,South,South,40,2007,TOYT,2.7,78.3,41.1,0
Property Damage Crash,10-01-2023 14:52,County,ARCOLA AVE,N/A,SAME DIR REAR END,CLEAR,DRY,DAYLIGHT,YIELD SIGN,Yes,NO APPARENT INJURY,NOT DISTRACTED,PASSENGER CAR,MOVING CONSTANT SPEED,North,North,30,2008,MERZ,6.8,50.4,49.5,0.04
Injury Crash,10-01-2023 14:52,County,WOODMONT AVE,N/A,OTHER,CLEAR,DRY,DARK LIGHTS ON,NO CONTROLS,Yes,NO APPARENT INJURY,LOOKED BUT DID NOT SEE,PASSENGER CAR,MOVING CONSTANT SPEED,North,North,25,2012,JEEP,1.9,50.2,47.3,0
Property Damage Crash,10-01-2023 14:52,US (State),COLUMBIA PIKE,N/A,STRAIGHT MOVEMENT ANGLE,RAINING,WET,DAYLIGHT,TRAFFIC SIGNAL,Yes,NO APPARENT INJURY,LOOKED BUT DID NOT SEE,(SPORT) UTILITY VEHICLE,MOVING CONSTANT SPEED,North,North,45,2014,BMW,0.8,53.2,47.3,0
Property Damage Crash,10-01-2023 15:36,Maryland (State),MUNCASTER MILL RD,N/A,SAME DIR REAR END,CLEAR,DRY,DAYLIGHT,NO CONTROLS,No,NO APPARENT INJURY,NOT DISTRACTED,(SPORT) UTILITY VEHICLE,MOVING CONSTANT SPEED,South,South,35,2019,HONDA,14.1,47.4,30,0
Property Damage Crash,10-01-2023 15:38,,MILESTONE DR,N/A,OPPOSITE DIRECTION SIDESWIPE,CLOUDY,WET,DAYLIGHT,STOP SIGN,No,NO APPARENT INJURY,NOT DISTRACTED,POLICE VEHICLE/NON EMERGENCY,MOVING CONSTANT SPEED,North,North,30,2018,HARLEY DAVIDSON,1.2,78.9,51.4,0
Property Damage Crash,10-01-2023 16:51,Interstate (State),CAPITAL BELTWAY,N/A,SAME DIR REAR END,CLEAR,DRY,DAYLIGHT,N/A,No,NO APPARENT INJURY,NOT DISTRACTED,POLICE VEHICLE/NON EMERGENCY,MOVING CONSTANT SPEED,West,West,55,2014,FORD,8.8,64.3,44.9,0
Injury Crash,10-01-2023 16:51,Other Public Roadway,ASQUITH WAY,N/A,SAME DIR REAR END,CLEAR,SLUSH,DAYLIGHT,N/A,No,POSSIBLE INJURY,NOT DISTRACTED,PASSENGER CAR,BACKING,South,South,25,2008,HONDA,4.3,70.2,41,0
Injury Crash,10-01-2023 17:45,Maryland (State),HUNGERFORD DR,ROCKVILLE,STRAIGHT MOVEMENT ANGLE,CLEAR,DRY,DAYLIGHT,TRAFFIC SIGNAL,No,POSSIBLE INJURY,NOT DISTRACTED,PASSENGER CAR,MOVING CONSTANT SPEED,South,South,35,1997,CHEV,1.5,56.9,55.4,0
Injury Crash,10-01-2023 17:45,Maryland (State),BUCKLODGE RD,N/A,SINGLE VEHICLE,RAINING,WET,DAYLIGHT,NO CONTROLS,Yes,SUSPECTED MINOR INJURY,NOT DISTRACTED,PASSENGER CAR,MOVING CONSTANT SPEED,South,South,40,2012,HONDA,5.8,58.2,38.4,0
Property Damage Crash,10-01-2023 18:14,Maryland (State),VEIRS MILL RD,N/A,SAME DIR REAR END,CLEAR,DRY,DAYLIGHT,NO CONTROLS,No,NO APPARENT INJURY,NOT DISTRACTED,PASSENGER CAR,MOVING CONSTANT SPEED,East,East,40,2014,FORD,3.6,49.2,39.8,0
Property Damage Crash,10-01-2023 18:14,County,E GUDE DR,N/A,STRAIGHT MOVEMENT ANGLE,CLEAR,DRY,DARK LIGHTS ON,FLASHING TRAFFIC SIGNAL,No,NO APPARENT INJURY,NOT DISTRACTED,PASSENGER CAR,MOVING CONSTANT SPEED,South,South,40,2019,FORD,2.1,58.7,57.5,0
Property Damage Crash,10-01-2023 18:40,Maryland (State),FREDERICK RD,N/A,SAME DIR REAR END,CLEAR,DRY,DAYLIGHT,TRAFFIC SIGNAL,Yes,NO APPARENT INJURY,UNKNOWN,PASSENGER CAR,STARTING FROM LANE,North,North,45,2009,HONDA,9.1,70.7,47.4,0
Injury Crash,10-01-2023 18:40,County,SHADY GROVE RD,N/A,STRAIGHT MOVEMENT ANGLE,CLOUDY,WET,DAYLIGHT,TRAFFIC SIGNAL,No,POSSIBLE INJURY,NOT DISTRACTED,(SPORT) UTILITY VEHICLE,ACCELERATING,North,East,40,2013,TOYOTA,5,68.8,52,0
Property Damage Crash,10-01-2023 19:12,County,AMHERST AVE,N/A,SAME DIR REAR END,CLEAR,DRY,DARK LIGHTS ON,NO CONTROLS,No,NO APPARENT INJURY,NOT DISTRACTED,PASSENGER CAR,PARKED,,,30,2003,HONDA,6,57.6,57.8,0.22
Injury Crash,10-01-2023 19:12,County,SHADY GROVE RD,N/A,STRAIGHT MOVEMENT ANGLE,CLEAR,DRY,DUSK,TRAFFIC SIGNAL,No,POSSIBLE INJURY,NOT DISTRACTED,(SPORT) UTILITY VEHICLE,MOVING CONSTANT SPEED,North,North,45,2017,BUIC,13.4,75.6,56.2,0
Property Damage Crash,10-01-2023 19:57,Maryland (State),UNIVERSITY BLVD W,N/A,SINGLE VEHICLE,CLEAR,DRY,DARK LIGHTS ON,N/A,Yes,NO APPARENT INJURY,NOT DISTRACTED,PASSENGER CAR,MOVING CONSTANT SPEED,West,West,35,2004,TOYOTA,2.7,67.7,39.3,0
Property Damage Crash,10-01-2023 19:57,Maryland (State),FREDERICK RD,N/A,ANGLE MEETS LEFT TURN,CLEAR,DRY,DAYLIGHT,STOP SIGN,Yes,NO APPARENT INJURY,UNKNOWN,UNKNOWN,MAKING LEFT TURN,South,West,45,0,UNKNOWN,7.8,58.3,38.1,0
Property Damage Crash,10-01-2023 20:20,Maryland (State),RIDGE RD,N/A,SAME DIRECTION SIDESWIPE,RAINING,WET,DARK NO LIGHTS,N/A,No,NO APPARENT INJURY,NOT DISTRACTED,PICKUP TRUCK,MOVING CONSTANT SPEED,North,North,40,2020,CHEV,2.1,53.7,47.1,0
Property Damage Crash,10-01-2023 20:20,County,THAYER AVE,N/A,OTHER,RAINING,WET,DARK NO LIGHTS,NO CONTROLS,No,NO APPARENT INJURY,NOT DISTRACTED,PASSENGER CAR,PARKED,,,30,2009,INFI,4.6,75.9,48,0
Property Damage Crash,10-01-2023 20:28,County,MONTGOMERY VILLAGE AVE,N/A,SAME DIR REAR END,RAINING,WET,DAYLIGHT,NO CONTROLS,Yes,NO APPARENT INJURY,NOT DISTRACTED,PASSENGER CAR,MOVING CONSTANT SPEED,North,North,35,2000,MITS,3.8,72,49.4,0
Property Damage Crash,10-01-2023 20:30,,,,STRAIGHT MOVEMENT ANGLE,CLEAR,,DAYLIGHT,NO CONTROLS,No,NO APPARENT INJURY,NOT DISTRACTED,PASSENGER CAR,MOVING CONSTANT SPEED,South,South,10,2010,NISSAN,1.4,48.5,46.6,0
Property Damage Crash,10-01-2023 21:54,US (State),COLUMBIA PIKE,N/A,SAME DIRECTION SIDESWIPE,RAINING,N/A,DAYLIGHT,N/A,Yes,NO APPARENT INJURY,LOOKED BUT DID NOT SEE,PASSENGER CAR,MAKING RIGHT TURN,North,West,40,2016,JEEP,1.8,67.1,56.1,0
Property Damage Crash,11-01-2023 00:11,Maryland (State),UNIVERSITY BLVD E,N/A,SAME DIR REAR END,SEVERE WINDS,ICE,DARK LIGHTS ON,N/A,Yes,NO APPARENT INJURY,NOT DISTRACTED,(SPORT) UTILITY VEHICLE,MOVING CONSTANT SPEED,East,East,40,2000,TOYOTA,2.6,65.7,56.7,0
Property Damage Crash,11-01-2023 00:37,Maryland (State),NORBECK RD,N/A,SAME DIR REAR END,CLEAR,DRY,DARK LIGHTS ON,TRAFFIC SIGNAL,No,NO APPARENT INJURY,NOT DISTRACTED,PASSENGER CAR,STOPPED IN TRAFFIC LANE,East,East,35,2012,FORD,4.4,65.9,58.8,0
Injury Crash,11-01-2023 01:22,County,MONTROSE RD,ROCKVILLE,HEAD ON LEFT TURN,CLEAR,DRY,DAYLIGHT,TRAFFIC SIGNAL,Yes,SUSPECTED MINOR INJURY,LOOKED BUT DID NOT SEE,(SPORT) UTILITY VEHICLE,MAKING LEFT TURN,South,West,40,2015,TOYOTA,1.7,54.5,51.1,0
Injury Crash,11-01-2023 01:53,Maryland (State),UNIVERSITY BLVD W,N/A,STRAIGHT MOVEMENT ANGLE,CLEAR,DRY,DAYLIGHT,TRAFFIC SIGNAL,Unknown,NO APPARENT INJURY,UNKNOWN,PASSENGER CAR,SLOWING OR STOPPING,West,West,35,2012,TOYOTA,1,50,47.8,0
Property Damage Crash,11-01-2023 04:55,Maryland (State),UNIVERSITY BLVD E,N/A,STRAIGHT MOVEMENT ANGLE,CLEAR,DRY,DAYLIGHT,TRAFFIC SIGNAL,No,NO APPARENT INJURY,NOT DISTRACTED,PASSENGER CAR,MOVING CONSTANT SPEED,East,East,40,2004,NISSAN,3.9,65.8,50.6,0
Property Damage Crash,11-01-2023 05:20,County,CONTOUR RD,N/A,SINGLE VEHICLE,CLEAR,DRY,DARK LIGHTS ON,NO CONTROLS,Yes,NO APPARENT INJURY,UNKNOWN,PASSENGER CAR,MAKING RIGHT TURN,North,West,30,2007,LEXUS,8.3,48.6,26,0
Injury Crash,11-01-2023 07:19,County,CRABBS BRANCH WAY,N/A,SAME DIR REAR END,CLEAR,DRY,DARK LIGHTS ON,N/A,Yes,SUSPECTED MINOR INJURY,NOT DISTRACTED,PASSENGER CAR,MOVING CONSTANT SPEED,South,South,35,2008,PONT,5.1,57.2,41.9,0
Property Damage Crash,11-01-2023 07:19,County,SNOWDEN FARM PKWY,N/A,STRAIGHT MOVEMENT ANGLE,CLEAR,DRY,DARK LIGHTS ON,STOP SIGN,No,NO APPARENT INJURY,NOT DISTRACTED,PASSENGER CAR,MAKING RIGHT TURN,West,West,40,2008,CHEVY,3,64.2,40,0
Property Damage Crash,11-01-2023 07:26,Maryland (State),QUINCE ORCHARD RD,GAITHERSBURG,SINGLE VEHICLE,CLEAR,DRY,DARK LIGHTS ON,TRAFFIC SIGNAL,Yes,NO APPARENT INJURY,NOT DISTRACTED,PASSENGER CAR,MOVING CONSTANT SPEED,North,North,40,2015,HONDA,4.6,82.1,49.5,0
Property Damage Crash,11-01-2023 07:26,,,,OTHER,N/A,,DAYLIGHT,NO CONTROLS,No,NO APPARENT INJURY,NOT DISTRACTED,PASSENGER CAR,PARKED,,,5,2007,TOYOTA,4.4,70.2,47.7,0
Property Damage Crash,11-01-2023 07:59,County,LOCKWOOD DR,N/A,SAME DIR REAR END,CLEAR,DRY,DARK LIGHTS ON,N/A,No,NO APPARENT INJURY,NOT DISTRACTED,(SPORT) UTILITY VEHICLE,MOVING CONSTANT SPEED,North,North,35,2017,VOLKSWAGEN,5.9,66.5,60.4,0
Injury Crash,11-01-2023 07:59,County,SHADY GROVE RD,N/A,STRAIGHT MOVEMENT ANGLE,CLEAR,DRY,DAYLIGHT,FLASHING TRAFFIC SIGNAL,No,NO APPARENT INJURY,NOT DISTRACTED,PASSENGER CAR,MOVING CONSTANT SPEED,South,South,50,2012,MERZ,5.5,63.5,52.7,0
Injury Crash,11-01-2023 09:00,Maryland (State),VEIRS MILL RD,ROCKVILLE,STRAIGHT MOVEMENT ANGLE,RAINING,WET,DARK LIGHTS ON,FLASHING TRAFFIC SIGNAL,Unknown,NO APPARENT INJURY,UNKNOWN,PASSENGER CAR,MOVING CONSTANT SPEED,East,East,25,2019,HONDA,7.1,72.5,47,0