ACRS Report Type,Date and Time,Route Type,Road Name,Municipality,Collision Type,Weather,Surface Condition,Light,Traffic Control,Driver At Fault,Injury Severity,Driver Distracted By,Vehicle Body Type,Vehicle Movement,Vehicle Continuing Dir,Vehicle Going Dir,Speed Limit,Vehicle Year,Vehicle Make,Wind Speed (MPH),TMP10-DK ,Relative Humidity (%),Rain (Inches)
Property Damage Crash,11-01-2023 09:30,County,SEMINARY RD,N/A,SINGLE VEHICLE,RAINING,WET,DARK LIGHTS ON,FLASHING TRAFFIC SIGNAL,Yes,NO APPARENT INJURY,NOT DISTRACTED,PASSENGER CAR,MOVING CONSTANT SPEED,East,East,30,2012,NISSAN,4.2,73.5,44.8,0
Property Damage Crash,11-01-2023 09:30,Maryland (State),UNIVERSITY BLVD E,N/A,SAME DIR REAR END,CLEAR,DRY,DAYLIGHT,N/A,No,NO APPARENT INJURY,NOT DISTRACTED,PASSENGER CAR,SLOWING OR STOPPING,West,West,35,2021,HONDA,2.3,56.1,52.5,0
Injury Crash,11-01-2023 09:40,County,MUDDY BRANCH RD,N/A,SAME DIRECTION RIGHT TURN,CLEAR,DRY,DAYLIGHT,TRAFFIC SIGNAL,No,SUSPECTED MINOR INJURY,NOT DISTRACTED,PASSENGER CAR,MOVING CONSTANT SPEED,North,North,45,2014,TOYO,14.7,57.6,42,0
Property Damage Crash,11-01-2023 09:40,US (State),COLUMBIA PIKE,N/A,SAME DIR REAR END,CLOUDY,DRY,DAYLIGHT,TRAFFIC SIGNAL,Yes,NO APPARENT INJURY,NOT DISTRACTED,PASSENGER CAR,SLOWING OR STOPPING,South,South,50,2004,HOND,5.6,66.4,43,0
Injury Crash,11-01-2023 09:50,Maryland (State),NEW HAMPSHIRE AVE,N/A,SAME DIRECTION SIDESWIPE,CLEAR,DRY,DAYLIGHT,TRAFFIC SIGNAL,Yes,NO APPARENT INJURY,LOOKED BUT DID NOT SEE,PASSENGER CAR,MOVING CONSTANT SPEED,North,West,40,2014,CHRYSLER,3.9,63.4,23.4,0
Injury Crash,11-01-2023 09:50,Maryland (State),GEORGIA AVE,N/A,SAME DIR REAR END,CLEAR,DRY,DAYLIGHT,TRAFFIC SIGNAL,Yes,NO APPARENT INJURY,LOOKED BUT DID NOT SEE,"OTHER LIGHT TRUCKS (10,000LBS (4,536KG) OR LESS)",SLOWING OR STOPPING,South,South,45,1997,MITSUBISHI,4.7,76.4,51.6,0
Injury Crash,11-01-2023 09:54,County,DENNIS AVE,N/A,STRAIGHT MOVEMENT ANGLE,CLEAR,DRY,DAYLIGHT,STOP SIGN,No,NO APPARENT INJURY,NOT DISTRACTED,PASSENGER CAR,MOVING CONSTANT SPEED,West,West,25,2013,SUBARU,9.1,67.3,44.3,0
Property Damage Crash,11-01-2023 09:54,,,,OTHER,CLEAR,,DAYLIGHT,N/A,Yes,NO APPARENT INJURY,LOOKED BUT DID NOT SEE,PASSENGER CAR,BACKING,West,West,0,2009,HYUNDAI,10.8,72.4,57.7,0
Injury Crash,11-01-2023 10:03,Maryland (State),RIVER RD,N/A,SAME DIR REAR END,CLEAR,DRY,DAYLIGHT,NO CONTROLS,No,SUSPECTED MINOR INJURY,NOT DISTRACTED,PASSENGER CAR,SLOWING OR STOPPING,West,West,40,2000,CHEVROLET,9.1,67.3,33.4,0
Property Damage Crash,11-01-2023 10:03,,,,OTHER,CLEAR,,DAYLIGHT,N/A,Yes,NO APPARENT INJURY,NOT DISTRACTED,PASSENGER CAR,BACKING,East,East,5,2001,TOYOTA,3.5,64.1,42.4,0
Injury Crash,11-01-2023 10:05,Maryland (State),PINEY BRANCH RD,N/A,OPPOSITE DIRECTION SIDESWIPE,CLEAR,DRY,DAYLIGHT,N/A,No,POSSIBLE INJURY,NOT DISTRACTED,PASSENGER CAR,SLOWING OR STOPPING,South,South,30,2014,TOYOTA,4.4,59.6,54.4,0
Property Damage Crash,11-01-2023 10:05,Municipality,S WASHINGTON ST,N/A,SINGLE VEHICLE,RAINING,WET,DAYLIGHT,TRAFFIC SIGNAL,Yes,NO APPARENT INJURY,INATTENTIVE OR LOST IN THOUGHT,(SPORT) UTILITY VEHICLE,MAKING LEFT TURN,South,West,25,2014,ACUR,16.6,63.6,57.4,0
Injury Crash,11-01-2023 10:05,Maryland (State),W MONTGOMERY AVE,N/A,SAME DIR REAR END,CLEAR,DRY,DAYLIGHT,TRAFFIC SIGNAL,Yes,NO APPARENT INJURY,UNKNOWN,PASSENGER CAR,MOVING CONSTANT SPEED,South,East,45,2015,BMW,1.5,57.9,56.4,0
Property Damage Crash,11-01-2023 10:23,County,QUAIL VALLEY BLVD,N/A,OTHER,CLEAR,DRY,DARK LIGHTS ON,NO CONTROLS,Yes,NO APPARENT INJURY,DISTRACTED BY OUTSIDE PERSON OBJECT OR EVENT,PASSENGER CAR,MOVING CONSTANT SPEED,East,East,35,2004,HONDA,2.2,45.7,37.8,0
Property Damage Crash,11-01-2023 10:23,,,,SAME DIR REAR END,N/A,,DAYLIGHT,NO CONTROLS,No,NO APPARENT INJURY,NOT DISTRACTED,STATION WAGON,PARKED,,,0,2015,PETE,2.2,74.9,58.3,0
Property Damage Crash,11-01-2023 10:29,US (State),COLESVILLE RD,N/A,SINGLE VEHICLE,CLEAR,DRY,DARK LIGHTS ON,NO CONTROLS,No,NO APPARENT INJURY,NOT DISTRACTED,PASSENGER CAR,MOVING CONSTANT SPEED,South,South,35,2008,MAZDA,6.9,53.7,33.5,0
Property Damage Crash,11-01-2023 10:29,County,MONTGOMERY VILLAGE AVE,N/A,OTHER,CLEAR,WET,DARK LIGHTS ON,N/A,Yes,NO APPARENT INJURY,NOT DISTRACTED,PASSENGER CAR,MOVING CONSTANT SPEED,North,North,35,2019,NISSAN,1,50.6,48.3,0
Property Damage Crash,11-01-2023 12:23,Maryland (State),WOODFIELD RD,N/A,HEAD ON LEFT TURN,RAINING,WET,DAYLIGHT,TRAFFIC SIGNAL,Yes,NO APPARENT INJURY,NOT DISTRACTED,(SPORT) UTILITY VEHICLE,MAKING LEFT TURN,East,South,35,2001,TOYT,7.4,64.1,49.1,0
Property Damage Crash,11-01-2023 12:55,Maryland (State),FREDERICK RD,GAITHERSBURG,SAME DIRECTION LEFT TURN,CLEAR,DRY,DAYLIGHT,NO CONTROLS,No,NO APPARENT INJURY,NOT DISTRACTED,PASSENGER CAR,MOVING CONSTANT SPEED,North,North,35,2015,TOYOTA,7.6,78.8,54.5,0
Property Damage Crash,11-01-2023 12:55,Maryland (State),GEORGIA AVE,N/A,SAME DIRECTION SIDESWIPE,CLEAR,DRY,DAYLIGHT,NO CONTROLS,Yes,NO APPARENT INJURY,UNKNOWN,PASSENGER CAR,CHANGING LANES,South,South,25,2012,HYUNDAI,1.6,51.8,48.1,0
Property Damage Crash,11-01-2023 13:43,,,,ANGLE MEETS RIGHT TURN,RAINING,,DAYLIGHT,NO CONTROLS,No,NO APPARENT INJURY,NOT DISTRACTED,LOW SPEED VEHICLE,MOVING CONSTANT SPEED,West,West,15,2007,KAWASKI,7.5,52,29.4,0
Property Damage Crash,11-01-2023 13:43,Maryland (State),GREAT SENECA HWY,N/A,SAME DIR REAR END,CLEAR,DRY,DAYLIGHT,YIELD SIGN,No,NO APPARENT INJURY,NOT DISTRACTED,VAN,STARTING FROM LANE,South,South,40,2017,FORD,8.6,67.4,46.4,0
Property Damage Crash,11-01-2023 14:25,Municipality,MONROE ST,ROCKVILLE,STRAIGHT MOVEMENT ANGLE,CLOUDY,WET,DUSK,STOP SIGN,No,NO APPARENT INJURY,NOT DISTRACTED,PASSENGER CAR,ACCELERATING,North,North,25,2006,TOYT,3.6,63,51.8,0
Injury Crash,11-01-2023 14:25,Maryland (State),COLESVILLE RD,N/A,SAME DIRECTION SIDESWIPE,RAINING,WET,DAYLIGHT,TRAFFIC SIGNAL,No,POSSIBLE INJURY,NOT DISTRACTED,TRANSIT BUS,SLOWING OR STOPPING,West,West,30,2006,NEWFLYR,2.4,45.1,42.9,0
Property Damage Crash,11-01-2023 15:33,County,SHADY GROVE RD,N/A,SINGLE VEHICLE,RAINING,WET,DAYLIGHT,NO CONTROLS,Yes,NO APPARENT INJURY,UNKNOWN,PICKUP TRUCK,NEGOTIATING A CURVE,South,South,40,1998,FORD,1.8,49.1,34.7,0
Property Damage Crash,11-01-2023 15:33,County,SHADY GROVE RD,N/A,SAME DIR REAR END,CLEAR,DRY,DAYLIGHT,N/A,No,NO APPARENT INJURY,NOT DISTRACTED,OTHER,MOVING CONSTANT SPEED,North,North,40,2016,FORD,2.5,43,28.5,0
Property Damage Crash,11-01-2023 15:47,County,SEVEN LOCKS RD,N/A,SAME DIR REAR END,CLOUDY,WET,DAYLIGHT,NO CONTROLS,Yes,NO APPARENT INJURY,NOT DISTRACTED,PICKUP TRUCK,SLOWING OR STOPPING,South,South,35,2002,FORD,2,74,71,0.07
Property Damage Crash,11-01-2023 15:47,Municipality,REDLAND BLVD,ROCKVILLE,SAME DIRECTION SIDESWIPE,CLEAR,DRY,DAYLIGHT,N/A,No,NO APPARENT INJURY,NOT DISTRACTED,TRANSIT BUS,MOVING CONSTANT SPEED,East,East,25,2005,ORIO,5.5,66.5,59.1,0
Property Damage Crash,11-01-2023 16:30,Municipality,RUSSELL AVE,GAITHERSBURG,STRAIGHT MOVEMENT ANGLE,CLEAR,DRY,DAYLIGHT,TRAFFIC SIGNAL,Yes,NO APPARENT INJURY,LOOKED BUT DID NOT SEE,PASSENGER CAR,MAKING LEFT TURN,East,East,25,2009,BMW,2.1,48,43,0
Injury Crash,11-01-2023 16:48,Maryland (State),GEORGIA AVE,N/A,SAME DIR REAR END,CLEAR,DRY,DARK LIGHTS ON,TRAFFIC SIGNAL,Yes,NO APPARENT INJURY,UNKNOWN,PASSENGER CAR,UNKNOWN,Unknown,North,35,2004,MITSUBISHI,1.2,50.2,46.3,0
Property Damage Crash,11-01-2023 16:48,Maryland (State),ROCKVILLE PIKE,N/A,SAME DIR REAR END,RAINING,WET,DAYLIGHT,NO CONTROLS,No,NO APPARENT INJURY,NOT DISTRACTED,PASSENGER CAR,SLOWING OR STOPPING,North,North,35,2012,TOYOTA,6.9,66.3,28.8,0
Property Damage Crash,11-01-2023 17:10,Maryland (State),VEIRS MILL RD,N/A,SAME DIR REAR END,CLEAR,DRY,DAYLIGHT,NO CONTROLS,Yes,NO APPARENT INJURY,LOOKED BUT DID NOT SEE,(SPORT) UTILITY VEHICLE,MOVING CONSTANT SPEED,East,East,35,2006,TOYOTA,4.8,57.5,32.8,0
Property Damage Crash,11-01-2023 17:10,County,E GUDE DR,N/A,SAME DIR REAR END,RAINING,WET,DAYLIGHT,NO CONTROLS,No,NO APPARENT INJURY,NOT DISTRACTED,PASSENGER CAR,SLOWING OR STOPPING,East,East,40,2019,CHEVY,5.4,60.5,53,0
Property Damage Crash,11-01-2023 19:02,County,SHADY GROVE RD,N/A,SAME DIRECTION SIDESWIPE,CLOUDY,DRY,DAYLIGHT,TRAFFIC SIGNAL,No,NO APPARENT INJURY,NOT DISTRACTED,"OTHER LIGHT TRUCKS (10,000LBS (4,536KG) OR LESS)",MAKING LEFT TURN,East,South,40,2015,FORD,0.9,67.8,56.4,0
Injury Crash,11-01-2023 19:25,Maryland (State),GEORGIA AVE,N/A,STRAIGHT MOVEMENT ANGLE,RAINING,WET,DAYLIGHT,NO CONTROLS,Yes,NO APPARENT INJURY,LOOKED BUT DID NOT SEE,PASSENGER CAR,ENTERING TRAFFIC LANE,West,West,35,2007,TOYOTA,2.5,63.2,57,0
Property Damage Crash,11-01-2023 19:25,Municipality,TAFT ST,ROCKVILLE,STRAIGHT MOVEMENT ANGLE,CLEAR,DRY,DAYLIGHT,N/A,Yes,NO APPARENT INJURY,LOOKED BUT DID NOT SEE,VAN,MAKING LEFT TURN,East,South,35,2010,CHEVROLET,4.1,81.3,67,0
Property Damage Crash,11-01-2023 20:00,Maryland (State),LAYHILL RD,N/A,SAME DIR REAR END,CLEAR,DRY,DARK LIGHTS ON,NO CONTROLS,No,NO APPARENT INJURY,NOT DISTRACTED,PASSENGER CAR,MOVING CONSTANT SPEED,North,North,40,2014,JEEP,1.4,68,51.7,0
Injury Crash,11-01-2023 20:00,County,SHADY GROVE RD,N/A,STRAIGHT MOVEMENT ANGLE,CLOUDY,DRY,DAYLIGHT,TRAFFIC SIGNAL,No,SUSPECTED MINOR INJURY,NOT DISTRACTED,PASSENGER CAR,MAKING LEFT TURN,South,South,45,2013,TOYOTA,4.9,73.1,60.4,0
Property Damage Crash,11-01-2023 20:50,Maryland (State),NEW HAMPSHIRE AVE,N/A,STRAIGHT MOVEMENT ANGLE,CLEAR,DRY,DARK LIGHTS ON,TRAFFIC SIGNAL,No,NO APPARENT INJURY,NOT DISTRACTED,PASSENGER CAR,MAKING LEFT TURN,East,South,40,2014,BMW,1.1,65.4,64.4,0.13
Property Damage Crash,11-01-2023 20:50,County,SEVEN LOCKS RD,N/A,STRAIGHT MOVEMENT ANGLE,CLEAR,DRY,DARK LIGHTS ON,STOP SIGN,Yes,NO APPARENT INJURY,LOOKED BUT DID NOT SEE,PASSENGER CAR,MAKING LEFT TURN,North,East,25,2009,TOYOTA,1.3,62,54,0
Injury Crash,11-01-2023 20:50,Maryland (State),RIVER RD,N/A,OTHER,CLEAR,DRY,DAYLIGHT,N/A,No,POSSIBLE INJURY,NOT DISTRACTED,PASSENGER CAR,MOVING CONSTANT SPEED,North,North,40,2005,TOYOTA,4,68.1,38,0
Property Damage Crash,11-01-2023 23:30,Maryland (State),UNIVERSITY BLVD E,N/A,SAME DIRECTION SIDESWIPE,CLEAR,DRY,DAYLIGHT,N/A,No,NO APPARENT INJURY,NOT DISTRACTED,PICKUP TRUCK,MOVING CONSTANT SPEED,West,West,35,1999,FORD,3.7,77.8,40.1,0
Property Damage Crash,11-01-2023 23:43,County,CONNECTICUT AVE,N/A,OTHER,CLEAR,DRY,DARK LIGHTS ON,TRAFFIC SIGNAL,No,NO APPARENT INJURY,NOT DISTRACTED,PASSENGER CAR,STOPPED IN TRAFFIC LANE,East,East,40,2013,CHEV,11.5,53.1,42.1,0
Injury Crash,11-01-2023 23:43,Municipality,WOOTTON PKWY,N/A,SAME DIR REAR END,CLEAR,DRY,DAYLIGHT,N/A,Yes,NO APPARENT INJURY,OTHER CELLULAR PHONE RELATED,PASSENGER CAR,ACCELERATING,East,East,35,1998,FORD,10.4,73.3,48.3,0
Property Damage Crash,12-01-2023 02:25,US (State),COLUMBIA PIKE,N/A,SAME DIR REAR END,CLEAR,DRY,DAYLIGHT,TRAFFIC SIGNAL,No,NO APPARENT INJURY,NOT DISTRACTED,PASSENGER CAR,STOPPED IN TRAFFIC LANE,North,North,45,2019,VW,3.7,58,48.1,0
Property Damage Crash,12-01-2023 08:36,Maryland (State),ROCKVILLE PIKE,N/A,STRAIGHT MOVEMENT ANGLE,CLEAR,DRY,DARK NO LIGHTS,TRAFFIC SIGNAL,No,NO APPARENT INJURY,NOT DISTRACTED,PASSENGER CAR,MOVING CONSTANT SPEED,North,North,35,2007,TOYT,6.1,49.3,35.3,0
Property Damage Crash,12-01-2023 08:36,,,,OTHER,CLEAR,,DARK LIGHTS ON,N/A,No,NO APPARENT INJURY,NOT DISTRACTED,PASSENGER CAR,PARKED,,,0,2013,SUBARU,0.9,56.6,48.2,0
Property Damage Crash,12-01-2023 08:36,Maryland (State),LAYHILL RD,N/A,SINGLE VEHICLE,CLEAR,DRY,DARK NO LIGHTS,NO CONTROLS,Yes,NO APPARENT INJURY,UNKNOWN,PASSENGER CAR,MOVING CONSTANT SPEED,South,South,40,2008,INFINITI,1.5,57.8,56.3,0
Injury Crash,12-01-2023 08:40,Maryland (State),WHITES FERRY RD,N/A,SINGLE VEHICLE,CLEAR,WET,DARK NO LIGHTS,STOP SIGN,Yes,POSSIBLE INJURY,UNKNOWN,PASSENGER CAR,MOVING CONSTANT SPEED,East,East,30,2004,TOYT,6.4,75.3,46.2,0
Property Damage Crash,12-01-2023 08:40,,,,OTHER,CLEAR,,DAYLIGHT,NO CONTROLS,Yes,NO APPARENT INJURY,LOOKED BUT DID NOT SEE,PASSENGER CAR,BACKING,South,North,5,2004,HONDA,1,54.9,51.9,0
Property Damage Crash,12-01-2023 09:30,Maryland (State),GEORGIA AVE,N/A,HEAD ON LEFT TURN,CLEAR,DRY,DAYLIGHT,TRAFFIC SIGNAL,No,NO APPARENT INJURY,NOT DISTRACTED,PASSENGER CAR,STARTING FROM LANE,South,West,45,2005,TOYT,2,39.5,31.3,0
Injury Crash,12-01-2023 09:30,Maryland (State),RIDGE RD,N/A,SAME DIR REAR END,RAINING,WET,DAYLIGHT,NO CONTROLS,No,NO APPARENT INJURY,NOT DISTRACTED,(SPORT) UTILITY VEHICLE,MAKING LEFT TURN,East,South,45,2013,NISSAN,1.3,61,51.4,0
Injury Crash,12-01-2023 09:44,Maryland (State),ROCKVILLE PIKE,N/A,HEAD ON LEFT TURN,CLEAR,DRY,DAYLIGHT,TRAFFIC SIGNAL,No,SUSPECTED MINOR INJURY,NOT DISTRACTED,PASSENGER CAR,ACCELERATING,East,West,35,2020,JEEP,1.4,49.3,45.1,0
Property Damage Crash,12-01-2023 09:45,Maryland (State),SPENCERVILLE RD,N/A,STRAIGHT MOVEMENT ANGLE,CLEAR,DRY,DARK LIGHTS ON,STOP SIGN,No,NO APPARENT INJURY,NOT DISTRACTED,PASSENGER CAR,MOVING CONSTANT SPEED,West,West,35,2013,HYUNDAI,5.1,81.6,66.7,0
Property Damage Crash,12-01-2023 10:15,US (State),COLUMBIA PIKE,N/A,SAME DIRECTION RIGHT TURN,N/A,DRY,DAYLIGHT,NO CONTROLS,No,NO APPARENT INJURY,NOT DISTRACTED,PASSENGER CAR,MOVING CONSTANT SPEED,North,North,45,2013,HOND,6.2,49.9,49.8,0.02
Injury Crash,12-01-2023 11:38,Maryland (State),LAYHILL RD,N/A,SAME DIR REAR END,RAINING,WET,DAYLIGHT,NO CONTROLS,No,SUSPECTED MINOR INJURY,NOT DISTRACTED,PASSENGER CAR,MAKING LEFT TURN,West,North,40,2015,TOYOTA,2.6,54.2,45.3,0
Property Damage Crash,12-01-2023 11:38,Maryland (State),BRADLEY BLVD,N/A,STRAIGHT MOVEMENT ANGLE,CLEAR,DRY,DAYLIGHT,STOP SIGN,Yes,NO APPARENT INJURY,UNKNOWN,PASSENGER CAR,ACCELERATING,East,East,25,2019,SUBARU,3.1,61.3,59.9,0
Injury Crash,12-01-2023 12:07,County,JONES BRIDGE RD,N/A,STRAIGHT MOVEMENT ANGLE,RAINING,WET,DAYLIGHT,STOP SIGN,No,POSSIBLE INJURY,NOT DISTRACTED,PASSENGER CAR,MOVING CONSTANT SPEED,West,West,30,2010,TOYOTA,7.6,68.5,47.8,0
Property Damage Crash,12-01-2023 12:16,Maryland (State),EAST WEST HWY,N/A,STRAIGHT MOVEMENT ANGLE,RAINING,WET,DAYLIGHT,STOP SIGN,No,NO APPARENT INJURY,NOT DISTRACTED,PASSENGER CAR,MOVING CONSTANT SPEED,West,West,30,2011,BUICK,4.4,69.5,52.6,0
Property Damage Crash,12-01-2023 12:16,Maryland (State),QUINCE ORCHARD RD,N/A,STRAIGHT MOVEMENT ANGLE,N/A,DRY,DARK LIGHTS ON,TRAFFIC SIGNAL,No,NO APPARENT INJURY,NOT DISTRACTED,PASSENGER CAR,MOVING CONSTANT SPEED,West,West,35,2002,TOYOTA,2,72.4,54.8,0
Property Damage Crash,12-01-2023 13:31,County,RUGBY AVE,N/A,STRAIGHT MOVEMENT ANGLE,CLEAR,DRY,DUSK,N/A,No,NO APPARENT INJURY,NOT DISTRACTED,PASSENGER CAR,MOVING CONSTANT SPEED,West,West,25,2008,TOYT,5.3,69.7,43,0
Injury Crash,12-01-2023 13:31,County,RANDOLPH RD,N/A,SAME DIR REAR END,CLEAR,DRY,DARK LIGHTS ON,TRAFFIC SIGNAL,Yes,NO APPARENT INJURY,UNKNOWN,UNKNOWN,MOVING CONSTANT SPEED,West,West,35,0,UNKNOWN,10.2,67.8,55.5,0
Property Damage Crash,12-01-2023 13:35,US (State),COLESVILLE RD,N/A,SAME DIRECTION SIDESWIPE,CLEAR,DRY,DAYLIGHT,N/A,Yes,NO APPARENT INJURY,LOOKED BUT DID NOT SEE,PASSENGER CAR,CHANGING LANES,North,North,35,2018,TOYOTA,4.8,61.7,56.4,0
Property Damage Crash,12-01-2023 13:35,County,BAYWOOD CT,N/A,SAME DIR REAR END,CLEAR,DRY,DAYLIGHT,NO CONTROLS,Yes,NO APPARENT INJURY,INATTENTIVE OR LOST IN THOUGHT,PASSENGER CAR,PARKING,East,East,25,2005,TOYOTA,1,57.1,49.8,0
Property Damage Crash,12-01-2023 14:30,County,SHADY GROVE RD,N/A,STRAIGHT MOVEMENT ANGLE,CLEAR,DRY,DAYLIGHT,STOP SIGN,No,NO APPARENT INJURY,NOT DISTRACTED,PASSENGER CAR,MOVING CONSTANT SPEED,South,South,40,2004,HONDA,5.2,67,62.3,0
Property Damage Crash,12-01-2023 14:30,County,SANGAMORE RD,N/A,STRAIGHT MOVEMENT ANGLE,RAINING,WET,DAYLIGHT,STOP SIGN,Yes,NO APPARENT INJURY,NOT DISTRACTED,PASSENGER CAR,MOVING CONSTANT SPEED,East,East,30,2015,LEXUS,2.4,69.4,51.4,0
Injury Crash,12-01-2023 14:34,Maryland (State),UNIVERSITY BLVD W,N/A,OTHER,CLEAR,DRY,DAYLIGHT,NO CONTROLS,Yes,POSSIBLE INJURY,LOOKED BUT DID NOT SEE,PASSENGER CAR,MAKING U TURN,West,East,40,2008,FORD,1.8,67,60.5,0
Property Damage Crash,12-01-2023 14:34,Ramp,RAMP 5 FR IS 270 SB TO IS 370 EB,N/A,SAME DIRECTION SIDESWIPE,CLEAR,DRY,DAYLIGHT,NO CONTROLS,Yes,NO APPARENT INJURY,DISTRACTED BY OUTSIDE PERSON OBJECT OR EVENT,"CARGO VAN/LIGHT TRUCK 2 AXLES (OVER 10,000LBS (4,536 KG))",MOVING CONSTANT SPEED,West,West,50,2016,FORD,0.9,60.1,47.7,0
Property Damage Crash,12-01-2023 14:45,Maryland (State),GEORGIA AVE,N/A,STRAIGHT MOVEMENT ANGLE,CLEAR,DRY,DAYLIGHT,TRAFFIC SIGNAL,Yes,NO APPARENT INJURY,UNKNOWN,PASSENGER CAR,STARTING FROM PARKED,South,East,35,2013,NISSAN,1.6,71.3,65.4,0
Property Damage Crash,12-01-2023 14:45,Maryland (State),GEORGIA AVE,N/A,SINGLE VEHICLE,CLEAR,DRY,DAYLIGHT,WARNING SIGN,Yes,NO APPARENT INJURY,UNKNOWN,PICKUP TRUCK,MOVING CONSTANT SPEED,South,South,40,2010,FORD,7.6,61.5,44.6,0
Property Damage Crash,12-01-2023 15:18,Maryland (State),DARNESTOWN RD,N/A,HEAD ON LEFT TURN,CLEAR,DRY,DAWN,TRAFFIC SIGNAL,No,NO APPARENT INJURY,NOT DISTRACTED,PASSENGER CAR,MAKING LEFT TURN,South,West,40,2007,CHEV,4.5,77.1,41.8,0
Property Damage Crash,12-01-2023 15:18,Maryland (State),OLNEY LAYTONSVILLE RD,N/A,SAME DIR REAR END,CLEAR,DRY,DAYLIGHT,TRAFFIC SIGNAL,Yes,NO APPARENT INJURY,INATTENTIVE OR LOST IN THOUGHT,PASSENGER CAR,MOVING CONSTANT SPEED,South,South,30,2006,FORD,2,56.9,42.9,0
Injury Crash,12-01-2023 15:34,Maryland (State),WISCONSIN AVE,N/A,STRAIGHT MOVEMENT ANGLE,CLEAR,DRY,DAYLIGHT,TRAFFIC SIGNAL,Yes,NO APPARENT INJURY,UNKNOWN,(SPORT) UTILITY VEHICLE,MOVING CONSTANT SPEED,North,North,25,2015,TOYOTA,6.6,55.4,49.2,0
Injury Crash,12-01-2023 15:44,County,JUDSON RD,N/A,SAME DIRECTION SIDESWIPE,CLOUDY,DRY,DAYLIGHT,NO CONTROLS,Yes,NO APPARENT INJURY,NOT DISTRACTED,"CARGO VAN/LIGHT TRUCK 2 AXLES (OVER 10,000LBS (4,536 KG))",STARTING FROM PARKED,North,North,25,2019,FORD,2.7,82.2,68,0.06
Property Damage Crash,12-01-2023 15:44,,,,SAME DIRECTION SIDESWIPE,CLEAR,,DAYLIGHT,NO CONTROLS,Yes,NO APPARENT INJURY,NOT DISTRACTED,PASSENGER CAR,BACKING,South,South,5,2011,ACURA,5.2,55.5,47.1,0
Property Damage Crash,12-01-2023 16:18,County,E NOLCREST DR,N/A,STRAIGHT MOVEMENT ANGLE,CLEAR,DRY,DAYLIGHT,NO CONTROLS,Yes,NO APPARENT INJURY,UNKNOWN,PASSENGER CAR,MOVING CONSTANT SPEED,North,North,15,2013,SMART,3,63.9,55.4,0
Property Damage Crash,12-01-2023 16:18,County,SHADY GROVE RD,N/A,STRAIGHT MOVEMENT ANGLE,N/A,DRY,DAYLIGHT,TRAFFIC SIGNAL,Yes,NO APPARENT INJURY,UNKNOWN,PASSENGER CAR,ACCELERATING,East,North,35,2010,HONDA,2.9,70,59.6,0
Injury Crash,12-01-2023 16:20,Maryland (State),ROCKVILLE PIKE,N/A,HEAD ON LEFT TURN,CLEAR,DRY,DAYLIGHT,TRAFFIC SIGNAL,Yes,SUSPECTED MINOR INJURY,NOT DISTRACTED,PASSENGER CAR,MAKING LEFT TURN,West,North,40,2008,TOYOTA,3.1,78.3,50.2,0
Property Damage Crash,12-01-2023 16:20,Maryland (State),VEIRS MILL RD,ROCKVILLE,STRAIGHT MOVEMENT ANGLE,CLEAR,DRY,DAYLIGHT,STOP SIGN,Yes,NO APPARENT INJURY,LOOKED BUT DID NOT SEE,PASSENGER CAR,MAKING LEFT TURN,West,North,40,2004,CHRYSLER,1.9,46.9,37.8,0
Property Damage Crash,12-01-2023 16:34,Maryland (State),CLOPPER RD,GAITHERSBURG,OPPOSITE DIRECTION SIDESWIPE,N/A,DRY,DAYLIGHT,TRAFFIC SIGNAL,Yes,NO APPARENT INJURY,INATTENTIVE OR LOST IN THOUGHT,PASSENGER CAR,ACCELERATING,West,West,35,2016,SUBA,3.6,48.2,37.9,0
Property Damage Crash,12-01-2023 16:34,Maryland (State),GREAT SENECA HWY,N/A,OPPOSITE DIRECTION SIDESWIPE,CLEAR,DRY,DAYLIGHT,N/A,Yes,NO APPARENT INJURY,NOT DISTRACTED,PASSENGER CAR,SLOWING OR STOPPING,North,North,55,2014,BMW,6.1,71.5,65.6,0.02
Property Damage Crash,12-01-2023 16:34,Maryland (State),GEORGIA AVE,N/A,SAME DIRECTION SIDESWIPE,CLOUDY,DRY,DAYLIGHT,NO CONTROLS,Yes,NO APPARENT INJURY,LOOKED BUT DID NOT SEE,PASSENGER CAR,MOVING CONSTANT SPEED,South,South,35,2021,INFINITY,4.4,63.5,63.9,0
Property Damage Crash,12-01-2023 17:14,Maryland (State),GEORGIA AVE,N/A,SAME DIRECTION SIDESWIPE,CLOUDY,DRY,DAYLIGHT,NO CONTROLS,No,NO APPARENT INJURY,NOT DISTRACTED,PICKUP TRUCK,MOVING CONSTANT SPEED,South,South,35,2009,CHEVY,2.6,69.1,46.5,0
Injury Crash,12-01-2023 17:28,Maryland (State),GEORGIA AVE,N/A,SAME DIR REAR END,CLOUDY,WET,DAYLIGHT,NO CONTROLS,Yes,NO APPARENT INJURY,NOT DISTRACTED,"MEDIUM/HEAVY TRUCKS 3 AXLES (OVER 10,000LBS (4,536KG))",SLOWING OR STOPPING,South,South,40,2000,ISUZU,5.1,75.2,46,0