ACRS Report Type,Date and Time,Route Type,Road Name,Municipality,Collision Type,Weather,Surface Condition,Light,Traffic Control,Driver At Fault,Injury Severity,Driver Distracted By,Vehicle Body Type,Vehicle Movement,Vehicle Continuing Dir,Vehicle Going Dir,Speed Limit,Vehicle Year,Vehicle Make,Wind Speed (MPH),TMP10-DK ,Relative Humidity (%),Rain (Inches)
Property Damage Crash,12-01-2023 17:30,Maryland (State),WISCONSIN AVE,N/A,SAME DIR BOTH LEFT TURN,RAINING,WET,DARK LIGHTS ON,TRAFFIC SIGNAL,No,NO APPARENT INJURY,NOT DISTRACTED,PASSENGER CAR,MAKING LEFT TURN,North,East,30,2011,FORD,5,69.1,65.6,0
Property Damage Crash,12-01-2023 17:31,County,FLOWER AVE,N/A,STRAIGHT MOVEMENT ANGLE,CLEAR,DRY,DAYLIGHT,STOP SIGN,Yes,NO APPARENT INJURY,LOOKED BUT DID NOT SEE,(SPORT) UTILITY VEHICLE,ACCELERATING,North,North,25,2003,TOYOTA,7.1,77.2,56,0
Property Damage Crash,12-01-2023 17:37,Municipality,ODENDHAL AVE,GAITHERSBURG,HEAD ON LEFT TURN,RAINING,WET,DAYLIGHT,STOP SIGN,No,NO APPARENT INJURY,NOT DISTRACTED,PASSENGER CAR,MOVING CONSTANT SPEED,East,East,25,2006,INFINITI,3.2,48.2,40.6,0
Injury Crash,12-01-2023 17:50,Maryland (State),WHITES FERRY RD,N/A,SAME DIR REAR END,RAINING,WET,DAYLIGHT,NO CONTROLS,No,NO APPARENT INJURY,NOT DISTRACTED,"OTHER LIGHT TRUCKS (10,000LBS (4,536KG) OR LESS)",STOPPED IN TRAFFIC LANE,West,West,40,2019,FORD,4.6,52.7,49,0
Injury Crash,12-01-2023 17:54,,,,SINGLE VEHICLE,RAINING,,DARK LIGHTS ON,NO CONTROLS,Yes,NO APPARENT INJURY,INATTENTIVE OR LOST IN THOUGHT,PASSENGER CAR,PARKING,East,East,5,2013,HYUNDAI,1.1,57.7,54.3,0
Injury Crash,12-01-2023 18:21,County,ESWORTHY RD,N/A,ANGLE MEETS RIGHT TURN,CLEAR,DRY,DARK -- UNKNOWN LIGHTING,N/A,Yes,POSSIBLE INJURY,UNKNOWN,PASSENGER CAR,ENTERING TRAFFIC LANE,East,North,30,2017,TOYOTA,2.1,67.3,62.1,0
Injury Crash,12-01-2023 18:21,County,RANDOLPH RD,N/A,SAME DIR REAR END,CLEAR,DRY,DAYLIGHT,TRAFFIC SIGNAL,No,NO APPARENT INJURY,NOT DISTRACTED,PASSENGER CAR,STOPPED IN TRAFFIC LANE,South,West,30,2014,TOYOTA,7.7,52.9,30.2,0
Property Damage Crash,12-01-2023 18:29,Maryland (State),CONNECTICUT AVE,N/A,SAME DIR REAR END,CLEAR,DRY,DAYLIGHT,TRAFFIC SIGNAL,No,NO APPARENT INJURY,NOT DISTRACTED,MOTORCYCLE,MOVING CONSTANT SPEED,North,North,35,2017,HARLEY,2.4,71.7,57.4,0
Property Damage Crash,12-01-2023 18:29,Maryland (State),CONNECTICUT AVE,N/A,SAME DIR REAR END,CLEAR,DRY,DAYLIGHT,NO CONTROLS,Yes,NO APPARENT INJURY,NOT DISTRACTED,PASSENGER CAR,SLOWING OR STOPPING,North,North,35,2016,HOND,1.5,62.6,54.9,0
Property Damage Crash,12-01-2023 18:30,Maryland (State),NEW HAMPSHIRE AVE,N/A,SINGLE VEHICLE,CLEAR,ICE,DARK LIGHTS ON,NO CONTROLS,Yes,NO APPARENT INJURY,UNKNOWN,PASSENGER CAR,MOVING CONSTANT SPEED,South,South,35,2001,GMC,5.6,73,69.9,0
Property Damage Crash,12-01-2023 18:50,Other Public Roadway,MONTROSE PKWY,N/A,STRAIGHT MOVEMENT ANGLE,CLEAR,DRY,DAWN,TRAFFIC SIGNAL,Yes,NO APPARENT INJURY,INATTENTIVE OR LOST IN THOUGHT,PASSENGER CAR,MOVING CONSTANT SPEED,East,East,35,2009,NISSAN,4.1,78.2,44.7,0
Injury Crash,12-01-2023 18:50,Maryland (State),VEIRS MILL RD,ROCKVILLE,ANGLE MEETS LEFT TURN,CLEAR,DRY,DARK LIGHTS ON,TRAFFIC SIGNAL,No,POSSIBLE INJURY,NOT DISTRACTED,PASSENGER CAR,SLOWING OR STOPPING,East,East,40,2015,FORD,3.4,63.1,62.4,0
Injury Crash,12-01-2023 19:06,County,CENTURY BLVD,N/A,STRAIGHT MOVEMENT ANGLE,CLEAR,DRY,DAYLIGHT,STOP SIGN,No,POSSIBLE INJURY,NOT DISTRACTED,PASSENGER CAR,MOVING CONSTANT SPEED,North,North,30,2013,FORD,3.6,64,61.3,0
Property Damage Crash,12-01-2023 19:06,County,SNOUFFERS SCHOOL RD,N/A,ANGLE MEETS LEFT TURN,CLEAR,WET,DAYLIGHT,TRAFFIC SIGNAL,Yes,NO APPARENT INJURY,LOOKED BUT DID NOT SEE,PASSENGER CAR,MAKING LEFT TURN,North,East,35,2012,HYUNDAI,1.5,61.6,58.9,0.03
Property Damage Crash,12-01-2023 19:25,US (State),COLESVILLE RD,N/A,SINGLE VEHICLE,CLEAR,DRY,DAYLIGHT,N/A,Yes,NO APPARENT INJURY,NOT DISTRACTED,PASSENGER CAR,MOVING CONSTANT SPEED,East,South,35,2014,HYUNDAI,6.2,74.8,28.9,0
Property Damage Crash,12-01-2023 19:27,Maryland (State),UNIVERSITY BLVD W,N/A,SAME DIR REAR END,CLEAR,DRY,DARK LIGHTS ON,FLASHING TRAFFIC SIGNAL,No,NO APPARENT INJURY,NOT DISTRACTED,PASSENGER CAR,MOVING CONSTANT SPEED,West,West,35,2019,DODGE,5.3,78,63,0
Property Damage Crash,12-01-2023 19:27,County,CRABBS BRANCH WAY,N/A,SAME DIRECTION RIGHT TURN,CLEAR,DRY,DAYLIGHT,N/A,No,NO APPARENT INJURY,NOT DISTRACTED,(SPORT) UTILITY VEHICLE,MOVING CONSTANT SPEED,North,North,35,2014,CHEVROLET,2,48.2,44.2,0
Property Damage Crash,12-01-2023 19:27,Maryland (State),QUINCE ORCHARD RD,N/A,SAME DIRECTION SIDESWIPE,CLEAR,DRY,DAYLIGHT,TRAFFIC SIGNAL,No,NO APPARENT INJURY,NOT DISTRACTED,PASSENGER CAR,STOPPED IN TRAFFIC LANE,South,South,35,2011,HYUN,5.5,61.1,54.4,0
Property Damage Crash,12-01-2023 19:27,County,RANDOLPH RD,N/A,SAME DIR REAR END,CLEAR,DRY,DAYLIGHT,TRAFFIC SIGNAL,No,NO APPARENT INJURY,UNKNOWN,PASSENGER CAR,SLOWING OR STOPPING,East,East,35,2014,HONDA,10.9,62.9,48.8,0
Injury Crash,12-01-2023 20:00,County,RANDOLPH RD,N/A,SAME DIR REAR END,RAINING,WET,DAYLIGHT,NO CONTROLS,Yes,NO APPARENT INJURY,NOT DISTRACTED,PASSENGER CAR,SLOWING OR STOPPING,West,West,35,2012,NISSIAN,3.5,56,28.3,0
Property Damage Crash,12-01-2023 20:16,,,,OTHER,CLEAR,,DAYLIGHT,N/A,Yes,NO APPARENT INJURY,UNKNOWN,PASSENGER CAR,STARTING FROM PARKED,Unknown,Unknown,5,2000,TOYOTA,3.8,50.3,46.6,0
Property Damage Crash,12-01-2023 20:16,Ramp,RAMP 4 FR IS 270 NB TO MIDDLEBROOK RD EB,N/A,SAME DIR REAR END,CLEAR,DRY,DAYLIGHT,YIELD SIGN,Yes,NO APPARENT INJURY,NOT DISTRACTED,PASSENGER CAR,SLOWING OR STOPPING,East,East,25,2011,NISS,1.1,50.3,46.8,0
Injury Crash,12-01-2023 22:00,Municipality,CARROLL AVE,TAKOMA PARK,HEAD ON LEFT TURN,CLEAR,DRY,DARK LIGHTS ON,NO CONTROLS,Yes,SUSPECTED MINOR INJURY,NOT DISTRACTED,PASSENGER CAR,MAKING LEFT TURN,East,East,25,2011,NISS,3.6,69,34.8,0
Property Damage Crash,01-02-2023 00:40,Interstate (State),CAPITAL BELTWAY,N/A,SAME DIRECTION RIGHT TURN,CLEAR,DRY,DAYLIGHT,NO CONTROLS,Yes,NO APPARENT INJURY,LOOKED BUT DID NOT SEE,PASSENGER CAR,CHANGING LANES,East,East,55,2005,NISSAN,1.4,40,32.6,0
Property Damage Crash,01-02-2023 00:40,County,WOODMONT AVE,N/A,OTHER,CLEAR,DRY,DAYLIGHT,TRAFFIC SIGNAL,Yes,NO APPARENT INJURY,LOOKED BUT DID NOT SEE,OTHER BUS,MAKING RIGHT TURN,East,North,25,2009,NEW FLYER,2.5,57.8,56,0.01
Property Damage Crash,01-02-2023 02:46,US (State),COLUMBIA PIKE,N/A,SAME DIR REAR END,CLEAR,DRY,DAYLIGHT,NO CONTROLS,No,NO APPARENT INJURY,NOT DISTRACTED,PASSENGER CAR,MOVING CONSTANT SPEED,North,North,50,2014,TOYOTA,1.6,39.3,29.2,0
Property Damage Crash,01-02-2023 03:15,County,MIDDLEBROOK RD,N/A,SAME DIR REAR END,CLEAR,ICE,DARK LIGHTS ON,YIELD SIGN,Yes,NO APPARENT INJURY,NOT DISTRACTED,POLICE VEHICLE/NON EMERGENCY,SLOWING OR STOPPING,East,East,35,2013,FORD,8.3,52.1,30,0
Injury Crash,01-02-2023 04:00,Maryland (State),OLD GEORGETOWN RD,N/A,HEAD ON LEFT TURN,CLEAR,DRY,DARK LIGHTS ON,NO CONTROLS,Yes,SUSPECTED SERIOUS INJURY,LOOKED BUT DID NOT SEE,PASSENGER CAR,MAKING LEFT TURN,North,North,40,2016,HYUN,6.4,81.3,58.6,0
Injury Crash,01-02-2023 04:00,Maryland (State),ROCKVILLE PIKE,ROCKVILLE,SAME DIR REAR END,CLEAR,DRY,DARK LIGHTS ON,TRAFFIC SIGNAL,No,NO APPARENT INJURY,UNKNOWN,,MOVING CONSTANT SPEED,South,South,40,0,UNKNOWN,3.9,55.3,32.7,0
Injury Crash,01-02-2023 07:43,County,RANDOLPH RD,N/A,OTHER,CLEAR,ICE,DAYLIGHT,NO CONTROLS,No,NO APPARENT INJURY,NOT DISTRACTED,(SPORT) UTILITY VEHICLE,MOVING CONSTANT SPEED,West,West,40,2002,FORD,4.4,51.8,40.6,0
Property Damage Crash,01-02-2023 07:43,Maryland (State),SANDY SPRING RD,N/A,SAME DIR REAR END,CLEAR,DRY,DARK LIGHTS ON,TRAFFIC SIGNAL,Yes,NO APPARENT INJURY,UNKNOWN,VAN,MOVING CONSTANT SPEED,West,West,40,2014,FORD,1.3,61.3,58.4,0
Property Damage Crash,01-02-2023 07:43,Maryland (State),NEW HAMPSHIRE AVE,N/A,SAME DIR REAR END,CLEAR,DRY,DAYLIGHT,NO CONTROLS,No,NO APPARENT INJURY,NOT DISTRACTED,TRANSIT BUS,STOPPED IN TRAFFIC LANE,North,North,30,2014,NABI,3,57.2,53.3,0
Property Damage Crash,01-02-2023 10:05,Maryland (State),CONNECTICUT AVE,N/A,SAME DIRECTION RIGHT TURN,CLEAR,DRY,DAWN,TRAFFIC SIGNAL,Yes,NO APPARENT INJURY,UNKNOWN,PASSENGER CAR,MAKING RIGHT TURN,East,North,45,2006,CHEV,7.5,71,36.5,0
Injury Crash,01-02-2023 14:00,County,RANDOLPH RD,N/A,SAME DIRECTION SIDESWIPE,CLEAR,DRY,DAYLIGHT,N/A,Unknown,NO APPARENT INJURY,UNKNOWN,PASSENGER CAR,MOVING CONSTANT SPEED,West,West,35,2017,HYUNDAI,3.3,50.4,43.1,0
Property Damage Crash,01-02-2023 14:10,Maryland (State),RIDGE RD,N/A,SINGLE VEHICLE,CLEAR,DRY,DAYLIGHT,TRAFFIC SIGNAL,Yes,NO APPARENT INJURY,NOT DISTRACTED,PASSENGER CAR,SKIDDING,South,South,40,1994,TOYOTA,1.5,54.3,39.7,0
Injury Crash,01-02-2023 14:10,Maryland (State),PINEY BRANCH RD,N/A,OTHER,SNOW,SNOW,DARK LIGHTS ON,TRAFFIC SIGNAL,Unknown,NO APPARENT INJURY,NOT DISTRACTED,PASSENGER CAR,MAKING LEFT TURN,West,North,35,2009,FORD,7,59.1,50,0
Property Damage Crash,01-02-2023 14:16,,,,OTHER,CLEAR,,DAYLIGHT,N/A,Yes,NO APPARENT INJURY,UNKNOWN,(SPORT) UTILITY VEHICLE,BACKING,Unknown,Unknown,0,2011,FORD,3.9,45.6,41,0
Property Damage Crash,01-02-2023 14:16,Municipality,TWINBROOK PKWY,N/A,SAME DIR REAR END,CLEAR,DRY,DAYLIGHT,TRAFFIC SIGNAL,Yes,NO APPARENT INJURY,UNKNOWN,PASSENGER CAR,CHANGING LANES,East,North,35,2017,NISAN,4.3,78.6,70,0
Injury Crash,01-02-2023 14:50,Maryland (State),FREDERICK RD,N/A,SAME DIR REAR END,CLEAR,DRY,DARK LIGHTS ON,NO CONTROLS,Yes,NO APPARENT INJURY,NOT DISTRACTED,PASSENGER CAR,SLOWING OR STOPPING,North,North,40,2020,DODG,1,64.7,60.9,0
Property Damage Crash,01-02-2023 14:50,County,BLAIR RD,N/A,OTHER,N/A,N/A,N/A,N/A,Yes,NO APPARENT INJURY,LOOKED BUT DID NOT SEE,,ACCELERATING,Unknown,Unknown,5,0,UNKNOWN,13.5,72.1,61.7,0
Injury Crash,01-02-2023 15:16,Maryland (State),UNIVERSITY BLVD E,N/A,STRAIGHT MOVEMENT ANGLE,CLEAR,DRY,DAYLIGHT,YIELD SIGN,Yes,NO APPARENT INJURY,UNKNOWN,PASSENGER CAR,ENTERING TRAFFIC LANE,East,East,35,2005,CHEVROET,5.1,77.1,59.9,0
Property Damage Crash,01-02-2023 15:24,,,,HEAD ON,CLEAR,,DAYLIGHT,N/A,Yes,NO APPARENT INJURY,INATTENTIVE OR LOST IN THOUGHT,PASSENGER CAR,PARKING,Unknown,Unknown,0,2016,TOYOTA,4,61,60.8,0.01
Property Damage Crash,01-02-2023 15:24,Maryland (State),ROCKVILLE PIKE,N/A,HEAD ON LEFT TURN,CLEAR,DRY,DAYLIGHT,NO CONTROLS,Yes,NO APPARENT INJURY,UNKNOWN,PASSENGER CAR,MAKING LEFT TURN,West,West,45,2014,MRCEDES,4,58.4,45.6,0
Injury Crash,01-02-2023 16:15,US (State),COLUMBIA PIKE,N/A,SINGLE VEHICLE,N/A,DRY,DARK LIGHTS ON,NO CONTROLS,Yes,SUSPECTED MINOR INJURY,NOT DISTRACTED,PICKUP TRUCK,MOVING CONSTANT SPEED,South,North,55,2017,DODGE,1.5,50.4,35.7,0
Property Damage Crash,01-02-2023 16:55,Municipality,REDLAND BLVD,ROCKVILLE,STRAIGHT MOVEMENT ANGLE,CLEAR,DRY,DAYLIGHT,NO CONTROLS,No,NO APPARENT INJURY,NOT DISTRACTED,PASSENGER CAR,MOVING CONSTANT SPEED,West,West,30,2012,FIAT,3.5,71.7,40.6,0
Property Damage Crash,01-02-2023 18:35,Maryland (State),ROCKLEDGE BLVD,N/A,SAME DIR REAR END,N/A,DRY,DARK LIGHTS ON,TRAFFIC SIGNAL,No,NO APPARENT INJURY,NOT DISTRACTED,PICKUP TRUCK,MOVING CONSTANT SPEED,North,North,30,2012,FORD,5.4,81.5,48.4,0
Injury Crash,01-02-2023 18:35,County,E GUDE DR,N/A,SAME DIR REAR END,N/A,DRY,DAYLIGHT,TRAFFIC SIGNAL,No,SUSPECTED MINOR INJURY,NOT DISTRACTED,PASSENGER CAR,STOPPED IN TRAFFIC LANE,West,West,35,2015,TOYT,2.7,71.3,53,0
Injury Crash,01-02-2023 19:45,Maryland (State),SANDY SPRING RD,N/A,STRAIGHT MOVEMENT ANGLE,RAINING,WET,DARK -- UNKNOWN LIGHTING,TRAFFIC SIGNAL,Yes,POSSIBLE INJURY,NOT DISTRACTED,PASSENGER CAR,MOVING CONSTANT SPEED,East,East,45,2005,TOYOTA,4.5,63.3,62.3,0
Injury Crash,01-02-2023 19:45,Maryland (State),METRO ACCESS RD,N/A,SAME DIRECTION LEFT TURN,RAINING,WET,DAYLIGHT,NO CONTROLS,No,POSSIBLE INJURY,NOT DISTRACTED,PASSENGER CAR,MOVING CONSTANT SPEED,South,South,40,2012,ACURA,4.8,49,35.8,0
Property Damage Crash,02-02-2023 06:48,Maryland (State),UNIVERSITY BLVD E,N/A,SAME DIRECTION SIDESWIPE,N/A,DRY,DAYLIGHT,NO CONTROLS,Unknown,NO APPARENT INJURY,NOT DISTRACTED,PASSENGER CAR,CHANGING LANES,West,West,35,2007,ACURA,6.9,49.8,49.8,0
Property Damage Crash,02-02-2023 07:37,Maryland (State),NEW HAMPSHIRE AVE,N/A,SAME DIR REAR END,CLOUDY,WET,DAYLIGHT,NO CONTROLS,Yes,NO APPARENT INJURY,INATTENTIVE OR LOST IN THOUGHT,PASSENGER CAR,MOVING CONSTANT SPEED,North,North,45,1991,HONDA,5.7,75.2,65.5,0
Injury Crash,02-02-2023 07:37,Maryland (State),MUNCASTER MILL RD,N/A,SAME DIR REAR END,CLEAR,DRY,DARK LIGHTS ON,TRAFFIC SIGNAL,No,NO APPARENT INJURY,NOT DISTRACTED,OTHER,STOPPED IN TRAFFIC LANE,West,West,35,2000,GMC,4,48.7,41.5,0
Property Damage Crash,02-02-2023 09:00,Maryland (State),GEORGIA AVE,N/A,SAME DIR REAR END,CLEAR,DRY,DAYLIGHT,TRAFFIC SIGNAL,No,NO APPARENT INJURY,NOT DISTRACTED,(SPORT) UTILITY VEHICLE,STOPPED IN TRAFFIC LANE,North,North,45,2016,ACUR,10.6,67,41.6,0
Property Damage Crash,02-02-2023 11:00,,,,SAME DIR REAR END,N/A,,DAYLIGHT,NO CONTROLS,Yes,NO APPARENT INJURY,NOT DISTRACTED,PASSENGER CAR,ACCELERATING,Unknown,Unknown,5,2005,ACURA,4.7,86.1,69.7,0
Property Damage Crash,02-02-2023 12:36,Maryland (State),GEORGIA AVE,N/A,STRAIGHT MOVEMENT ANGLE,CLOUDY,DRY,DAYLIGHT,N/A,No,NO APPARENT INJURY,NOT DISTRACTED,PASSENGER CAR,MOVING CONSTANT SPEED,North,North,35,2014,TOYOTA,2.3,74.6,70.9,0
Property Damage Crash,02-02-2023 12:36,County,EDGEWOOD AVE,N/A,OTHER,CLEAR,DRY,DAYLIGHT,NO CONTROLS,Yes,NO APPARENT INJURY,NOT DISTRACTED,SCHOOL BUS,MAKING LEFT TURN,South,West,25,2021,THMS,1,66.8,65.2,0
Property Damage Crash,02-02-2023 13:37,Maryland (State),LAYHILL RD,N/A,SAME DIRECTION RIGHT TURN,CLEAR,DRY,DAYLIGHT,N/A,No,NO APPARENT INJURY,NOT DISTRACTED,PASSENGER CAR,SLOWING OR STOPPING,North,North,30,2009,TOYOTA,2,81.3,69.2,0
Property Damage Crash,02-02-2023 15:10,County,LOCKRIDGE DR,N/A,SAME DIR REAR END,CLEAR,DRY,DAYLIGHT,NO CONTROLS,Yes,NO APPARENT INJURY,OTHER ELECTRONIC DEVICE (NAVIGATIONAL PALM PILOT),PICKUP TRUCK,MOVING CONSTANT SPEED,North,North,30,2017,DODGE,3.9,80.7,72,0
Property Damage Crash,02-02-2023 15:27,Maryland (State),MIDCOUNTY HWY,N/A,STRAIGHT MOVEMENT ANGLE,N/A,DRY,DARK LIGHTS ON,FLASHING TRAFFIC SIGNAL,No,NO APPARENT INJURY,UNKNOWN,PASSENGER CAR,MOVING CONSTANT SPEED,West,North,35,2016,VOLK,2.5,82,64,0
Injury Crash,02-02-2023 15:27,Maryland (State),GEORGIA AVE,N/A,SAME DIRECTION SIDESWIPE,CLEAR,DRY,DARK LIGHTS ON,NO CONTROLS,Yes,NO APPARENT INJURY,NOT DISTRACTED,PASSENGER CAR,MOVING CONSTANT SPEED,South,South,35,2003,HONDA,3.4,85.2,61.1,0
Property Damage Crash,02-02-2023 16:08,US (State),GEORGIA AVE,N/A,SAME DIR REND RIGHT TURN,CLEAR,DRY,DARK LIGHTS ON,TRAFFIC SIGNAL,No,NO APPARENT INJURY,NOT DISTRACTED,PASSENGER CAR,MAKING RIGHT TURN,South,East,40,2015,CHRYSLER,3.8,88.8,74,0
Property Damage Crash,02-02-2023 16:08,County,DEWEY RD,N/A,SAME DIRECTION SIDESWIPE,CLEAR,WET,DARK NO LIGHTS,NO CONTROLS,Yes,NO APPARENT INJURY,NOT DISTRACTED,PASSENGER CAR,MOVING CONSTANT SPEED,North,North,25,2011,HOND,1.5,74.6,71.2,0
Property Damage Crash,02-02-2023 16:20,County,PINEY MEETINGHOUSE RD,N/A,SINGLE VEHICLE,RAINING,WET,DARK NO LIGHTS,N/A,Yes,NO APPARENT INJURY,NOT DISTRACTED,PASSENGER CAR,MOVING CONSTANT SPEED,North,South,35,2017,FORD,4,65.7,64.7,0
Property Damage Crash,02-02-2023 16:20,US (State),COLUMBIA PIKE,N/A,SAME DIRECTION SIDESWIPE,CLEAR,DRY,DARK LIGHTS ON,NO CONTROLS,Yes,NO APPARENT INJURY,UNKNOWN,(SPORT) UTILITY VEHICLE,CHANGING LANES,North,North,45,2016,HONDA,6,78,66.6,0
Injury Crash,02-02-2023 16:31,Maryland (State),GEORGIA AVE,N/A,OTHER,CLOUDY,WET,DAYLIGHT,NO CONTROLS,No,NO APPARENT INJURY,NOT DISTRACTED,PASSENGER CAR,MOVING CONSTANT SPEED,South,South,45,2001,HONDA,1,66.8,62.5,0
Property Damage Crash,02-02-2023 16:31,,,,SAME DIRECTION SIDESWIPE,CLEAR,,DAYLIGHT,NO CONTROLS,Yes,NO APPARENT INJURY,NOT DISTRACTED,TRANSIT BUS,MOVING CONSTANT SPEED,Unknown,Unknown,5,2009,GILLIG,3.7,74.4,71,0
Injury Crash,02-02-2023 16:31,Maryland (State),FALLS RD,N/A,SAME DIR REAR END,RAINING,WET,DUSK,NO CONTROLS,No,NO APPARENT INJURY,NOT DISTRACTED,PASSENGER CAR,SLOWING OR STOPPING,North,North,35,2003,CHEVY,1.4,64.9,62.5,0
Injury Crash,02-02-2023 16:40,Maryland (State),NEW HAMPSHIRE AVE,N/A,SAME DIR REAR END,CLOUDY,DRY,DARK LIGHTS ON,NO CONTROLS,Yes,NO APPARENT INJURY,OTHER DISTRACTION,PASSENGER CAR,MOVING CONSTANT SPEED,North,North,35,2006,HONDA,9.7,88.5,68.4,0
Injury Crash,02-02-2023 16:40,Maryland (State),MONTGOMERY VILLAGE AVE,N/A,SAME DIR REAR END,CLEAR,DRY,DARK LIGHTS ON,NO CONTROLS,No,POSSIBLE INJURY,NOT DISTRACTED,PASSENGER CAR,MOVING CONSTANT SPEED,East,East,35,2016,NISSAN,1.2,69.6,66.6,0
Property Damage Crash,02-02-2023 17:46,Maryland (State),EAST WEST HWY,N/A,STRAIGHT MOVEMENT ANGLE,CLEAR,DRY,DAYLIGHT,NO CONTROLS,Yes,NO APPARENT INJURY,INATTENTIVE OR LOST IN THOUGHT,PASSENGER CAR,ACCELERATING,West,West,5,1997,TOYOTA,1.2,71.2,69.1,0
Property Damage Crash,02-02-2023 17:46,Maryland (State),S FREDERICK RD,GAITHERSBURG,SINGLE VEHICLE,CLEAR,N/A,DARK LIGHTS ON,NO CONTROLS,Yes,NO APPARENT INJURY,OTHER DISTRACTION,PASSENGER CAR,MOVING CONSTANT SPEED,South,South,35,2013,BMW,1.8,69.5,63.4,0
Injury Crash,02-02-2023 18:25,US (State),COLUMBIA PIKE,N/A,SAME DIR REAR END,CLOUDY,DRY,DAYLIGHT,N/A,No,SUSPECTED MINOR INJURY,NOT DISTRACTED,(SPORT) UTILITY VEHICLE,SLOWING OR STOPPING,South,South,45,2014,JEEP,4.2,84.1,71.4,0
Property Damage Crash,02-02-2023 18:25,Interstate (State),CAPITAL BELTWAY,N/A,SAME DIR REAR END,CLEAR,DRY,DAYLIGHT,N/A,No,NO APPARENT INJURY,NOT DISTRACTED,PICKUP TRUCK,STOPPED IN TRAFFIC LANE,West,West,55,2017,FORD,1,77.6,71.9,0
Property Damage Crash,02-02-2023 18:30,Maryland (State),EAST WEST HWY,N/A,SAME DIR REAR END,CLEAR,DRY,DAYLIGHT,N/A,Yes,NO APPARENT INJURY,NOT DISTRACTED,VAN,SLOWING OR STOPPING,East,East,30,2015,FORD,2.6,78.7,71,0
Property Damage Crash,02-02-2023 18:30,Maryland (State),NEW HAMPSHIRE AVE,N/A,STRAIGHT MOVEMENT ANGLE,CLEAR,DRY,DUSK,STOP SIGN,Yes,NO APPARENT INJURY,LOOKED BUT DID NOT SEE,PASSENGER CAR,MAKING LEFT TURN,North,North,40,2002,MERZ,4.7,71.1,68,0
Property Damage Crash,02-02-2023 18:30,Maryland (State),RIVER RD,N/A,SAME DIR REAR END,CLEAR,DRY,DAYLIGHT,TRAFFIC SIGNAL,Yes,NO APPARENT INJURY,NOT DISTRACTED,PASSENGER CAR,SLOWING OR STOPPING,East,East,35,2019,VOLKSWAGEN,4.4,82.3,67.9,0
Injury Crash,02-02-2023 18:47,,,,HEAD ON,CLEAR,,DAYLIGHT,NO CONTROLS,No,NO APPARENT INJURY,NOT DISTRACTED,PASSENGER CAR,MOVING CONSTANT SPEED,East,East,10,2020,NISSAN,0.9,73.7,66.3,0
Injury Crash,02-02-2023 18:47,County,BRIGGS CHANEY RD,N/A,STRAIGHT MOVEMENT ANGLE,CLEAR,DRY,DAYLIGHT,TRAFFIC SIGNAL,No,POSSIBLE INJURY,NOT DISTRACTED,TRANSIT BUS,MOVING CONSTANT SPEED,West,West,40,2008,TBU,1.3,63.3,61.6,0
Injury Crash,02-02-2023 18:50,County,E DEER PARK DR,N/A,SINGLE VEHICLE,CLEAR,DRY,DARK NO LIGHTS,N/A,Yes,POSSIBLE INJURY,NOT DISTRACTED,PASSENGER CAR,MOVING CONSTANT SPEED,South,South,25,1991,TOYT,2.3,70.2,66.4,0
Injury Crash,02-02-2023 18:50,County,PINEY MEETINGHOUSE RD,N/A,SAME DIR REAR END,CLEAR,N/A,DAYLIGHT,N/A,Yes,NO APPARENT INJURY,NOT DISTRACTED,PASSENGER CAR,SLOWING OR STOPPING,West,West,40,2021,SUBA,6.4,80.6,54.8,0
Injury Crash,02-02-2023 20:10,Maryland (State),OLNEY SANDY SPRING RD,N/A,SAME DIR REAR END,N/A,DRY,DARK LIGHTS ON,TRAFFIC SIGNAL,No,POSSIBLE INJURY,NOT DISTRACTED,PASSENGER CAR,STOPPED IN TRAFFIC LANE,North,North,35,2008,MERCEDES,5.5,85.3,64.7,0
Property Damage Crash,02-02-2023 20:10,County,CONNECTICUT AVE,N/A,SAME DIRECTION SIDESWIPE,CLEAR,DRY,DAYLIGHT,TRAFFIC SIGNAL,Yes,NO APPARENT INJURY,UNKNOWN,PICKUP TRUCK,ACCELERATING,South,South,35,2018,RAM,5.9,73.2,67.2,0
Property Damage Crash,02-02-2023 20:49,County,WOODMONT AVE,N/A,SAME DIRECTION SIDESWIPE,RAINING,WET,DAYLIGHT,NO CONTROLS,No,NO APPARENT INJURY,NOT DISTRACTED,PASSENGER CAR,MOVING CONSTANT SPEED,South,South,25,2007,TOYOTA,1.1,75.5,67.1,0
Property Damage Crash,02-02-2023 20:58,US (State),COLESVILLE RD,N/A,SAME DIRECTION RIGHT TURN,CLEAR,DRY,DAYLIGHT,NO CONTROLS,Yes,NO APPARENT INJURY,NOT DISTRACTED,,CHANGING LANES,South,South,35,0,UNKNOWN,1.2,67.8,67.3,0
Injury Crash,02-02-2023 21:19,,,,STRAIGHT MOVEMENT ANGLE,CLEAR,,DAYLIGHT,N/A,No,SUSPECTED MINOR INJURY,NOT DISTRACTED,PASSENGER CAR,STOPPED IN TRAFFIC LANE,West,West,0,2003,JEEP,2.7,71.1,70.3,0
Property Damage Crash,02-02-2023 22:30,,,,SINGLE VEHICLE,CLEAR,,DARK LIGHTS ON,OTHER,Yes,NO APPARENT INJURY,UNKNOWN,PASSENGER CAR,MOVING CONSTANT SPEED,North,South,15,2006,HONDA,2,75,70.7,0