ACRS Report Type,Date and Time,Route Type,Road Name,Municipality,Collision Type,Weather,Surface Condition,Light,Traffic Control,Driver At Fault,Injury Severity,Driver Distracted By,Vehicle Body Type,Vehicle Movement,Vehicle Continuing Dir,Vehicle Going Dir,Speed Limit,Vehicle Year,Vehicle Make,Wind Speed (MPH),TMP10-DK ,Relative Humidity (%),Rain (Inches)
Injury Crash,02-02-2023 22:30,Maryland (State),WOODFIELD RD,N/A,STRAIGHT MOVEMENT ANGLE,CLEAR,DRY,DAYLIGHT,STOP SIGN,No,NO APPARENT INJURY,NOT DISTRACTED,PICKUP TRUCK,MOVING CONSTANT SPEED,South,South,30,2001,FORD,0.9,77.3,62.1,0
Injury Crash,02-02-2023 22:56,Maryland (State),RIDGE RD,N/A,SAME DIR REAR END,CLEAR,DRY,DAYLIGHT,TRAFFIC SIGNAL,Yes,NO APPARENT INJURY,NOT DISTRACTED,PASSENGER CAR,STARTING FROM LANE,North,North,30,2012,NISS,3.8,74.4,72.2,0
Injury Crash,02-02-2023 22:56,Maryland (State),BROOKVILLE RD,N/A,SAME DIR REAR END,N/A,DRY,DAYLIGHT,STOP SIGN,No,POSSIBLE INJURY,NOT DISTRACTED,PASSENGER CAR,STOPPED IN TRAFFIC LANE,East,North,25,2014,CHEVY,0.9,72.7,69.5,0
Property Damage Crash,03-02-2023 02:20,,,,SAME DIRECTION SIDESWIPE,CLOUDY,,DAYLIGHT,NO CONTROLS,No,NO APPARENT INJURY,NOT DISTRACTED,SCHOOL BUS,PARKED,,,15,2010,THOM,3,88.8,71.3,0
Injury Crash,03-02-2023 06:18,Maryland (State),NEW HAMPSHIRE AVE,N/A,SAME DIR REAR END,CLEAR,DRY,DARK LIGHTS ON,TRAFFIC SIGNAL,No,NO APPARENT INJURY,NOT DISTRACTED,PASSENGER CAR,STOPPED IN TRAFFIC LANE,South,South,40,2018,TESLA,1.6,75.3,69,0
Property Damage Crash,03-02-2023 06:18,County,RANDOLPH RD,N/A,SAME DIR REAR END,CLEAR,DRY,DAYLIGHT,TRAFFIC SIGNAL,Yes,NO APPARENT INJURY,LOOKED BUT DID NOT SEE,(SPORT) UTILITY VEHICLE,MOVING CONSTANT SPEED,East,East,45,2011,FORD,2,82,56.8,0
Property Damage Crash,03-02-2023 06:18,Maryland (State),MONTGOMERY VILLAGE AVE,GAITHERSBURG,SAME DIR REAR END,CLEAR,DRY,DAYLIGHT,TRAFFIC SIGNAL,No,NO APPARENT INJURY,NOT DISTRACTED,PASSENGER CAR,STOPPED IN TRAFFIC LANE,South,South,35,2010,HONDA,2.5,75.1,73.4,0.05
Injury Crash,03-02-2023 06:21,Maryland (State),W MONTGOMERY AVE,N/A,SAME DIR REAR END,RAINING,WET,DAYLIGHT,FLASHING TRAFFIC SIGNAL,Yes,NO APPARENT INJURY,DISTRACTED BY OUTSIDE PERSON OBJECT OR EVENT,PASSENGER CAR,SLOWING OR STOPPING,East,East,35,2012,MERZ,5.7,76.2,65.5,0
Injury Crash,03-02-2023 06:21,,,,OTHER,CLEAR,,DAYLIGHT,NO CONTROLS,No,NO APPARENT INJURY,NOT DISTRACTED,PASSENGER CAR,OTHER,Unknown,Unknown,0,2007,VOLK,3.4,86.5,69.1,0
Fatal Crash,03-02-2023 06:44,Maryland (State),RIVER RD,N/A,SAME DIRECTION SIDESWIPE,CLEAR,DRY,DAYLIGHT,TRAFFIC SIGNAL,No,NO APPARENT INJURY,NOT DISTRACTED,VAN,STOPPED IN TRAFFIC LANE,West,South,35,2020,FORD,5.4,76.6,68.6,0
Injury Crash,03-02-2023 06:44,Interstate (State),CAPITAL BELTWAY,N/A,SAME DIR REAR END,CLEAR,DRY,DARK LIGHTS ON,N/A,Yes,SUSPECTED SERIOUS INJURY,UNKNOWN,PASSENGER CAR,CHANGING LANES,East,East,55,2018,TOYT,4.2,81,58.5,0
Property Damage Crash,03-02-2023 07:06,Maryland (State),GREAT SENECA HWY,N/A,SAME DIR REAR END,CLEAR,DRY,DAYLIGHT,N/A,No,NO APPARENT INJURY,NOT DISTRACTED,PASSENGER CAR,STOPPED IN TRAFFIC LANE,North,North,50,2002,HONDA,3.3,85.6,67.1,0
Injury Crash,03-02-2023 07:06,Maryland (State),GEORGIA AVE,N/A,STRAIGHT MOVEMENT ANGLE,CLEAR,N/A,DAYLIGHT,N/A,Yes,NO APPARENT INJURY,LOOKED BUT DID NOT SEE,PASSENGER CAR,MOVING CONSTANT SPEED,East,East,45,2000,FORD,5.1,78,65.1,0
Property Damage Crash,03-02-2023 07:30,,,,OTHER,CLEAR,,DAYLIGHT,NO CONTROLS,Unknown,NO APPARENT INJURY,NOT DISTRACTED,PASSENGER CAR,BACKING,North,North,25,2015,CHEVY,5.3,84.4,71.6,0
Injury Crash,03-02-2023 07:30,Maryland (State),NORBECK RD,N/A,SAME DIR REAR END,CLOUDY,DRY,DAYLIGHT,TRAFFIC SIGNAL,No,POSSIBLE INJURY,NOT DISTRACTED,PASSENGER CAR,STOPPED IN TRAFFIC LANE,Unknown,West,40,2005,CHEVROLET,7.1,88.3,66.3,0
Property Damage Crash,03-02-2023 07:57,,,,OTHER,CLEAR,,DARK LIGHTS ON,NO CONTROLS,No,NO APPARENT INJURY,NOT DISTRACTED,PASSENGER CAR,SLOWING OR STOPPING,Unknown,Unknown,0,2004,INFI,1.2,69.2,66.2,0
Property Damage Crash,03-02-2023 07:57,County,SECOND AVE,N/A,SAME DIRECTION SIDESWIPE,RAINING,WET,DAYLIGHT,NO CONTROLS,Yes,NO APPARENT INJURY,LOOKED BUT DID NOT SEE,PASSENGER CAR,STARTING FROM PARKED,South,South,25,2012,HOND,6.4,87.4,67.7,0
Property Damage Crash,03-02-2023 08:03,County,CASTLE BLVD,N/A,OPPOSITE DIRECTION SIDESWIPE,N/A,WET,DUSK,N/A,No,NO APPARENT INJURY,NOT DISTRACTED,PASSENGER CAR,MOVING CONSTANT SPEED,North,North,35,2014,KIA,3.5,83.1,68.9,0
Property Damage Crash,03-02-2023 08:03,Maryland (State),ROCKVILLE PIKE,N/A,SAME DIRECTION SIDESWIPE,CLEAR,DRY,DARK LIGHTS ON,NO CONTROLS,No,NO APPARENT INJURY,NOT DISTRACTED,PASSENGER CAR,MOVING CONSTANT SPEED,North,North,35,2007,HOND,7,77,73,0
Property Damage Crash,03-02-2023 08:05,County,RANDOLPH RD,N/A,SAME DIR REAR END,CLEAR,DRY,DAYLIGHT,N/A,Yes,NO APPARENT INJURY,NOT DISTRACTED,PASSENGER CAR,SLOWING OR STOPPING,East,East,45,2006,TOYOTA,1.4,73.7,67.9,0
Property Damage Crash,03-02-2023 08:05,County,GATESHEAD MANOR WAY,N/A,SAME DIR REAR END,CLEAR,DRY,DAYLIGHT,TRAFFIC SIGNAL,Yes,NO APPARENT INJURY,NOT DISTRACTED,POLICE VEHICLE/NON EMERGENCY,MAKING RIGHT TURN,West,South,35,2019,FORD,3.5,79.3,63.4,0
Property Damage Crash,03-02-2023 08:05,County,SCARLET LEAF CIR,N/A,OTHER,CLEAR,DRY,DAYLIGHT,NO CONTROLS,Yes,NO APPARENT INJURY,UNKNOWN,PASSENGER CAR,BACKING,West,West,20,2003,FORD,3.2,79.3,71.8,0
Property Damage Crash,03-02-2023 08:05,,,,OTHER,CLEAR,,DAYLIGHT,NO CONTROLS,Yes,NO APPARENT INJURY,DISTRACTED BY OUTSIDE PERSON OBJECT OR EVENT,OTHER,BACKING,North,North,5,2020,JOHN DEERE,5,81.5,71.3,0
Property Damage Crash,03-02-2023 08:05,,,,OTHER,CLEAR,,DAYLIGHT,NO CONTROLS,Yes,NO APPARENT INJURY,NOT DISTRACTED,PASSENGER CAR,PARKING,South,West,25,2007,KIA,3.6,87.7,60.8,0
Injury Crash,03-02-2023 08:24,County,NEEDLE DR,N/A,SINGLE VEHICLE,CLEAR,DRY,DARK NO LIGHTS,NO CONTROLS,Yes,NO APPARENT INJURY,NOT DISTRACTED,PASSENGER CAR,ACCELERATING,West,West,25,2013,BMW,3.8,84.2,65.3,0
Property Damage Crash,03-02-2023 08:24,US (State),COLUMBIA PIKE,N/A,STRAIGHT MOVEMENT ANGLE,CLEAR,DRY,DARK LIGHTS ON,TRAFFIC SIGNAL,No,NO APPARENT INJURY,NOT DISTRACTED,PASSENGER CAR,ACCELERATING,North,East,55,2019,MERZ,2.9,73.7,65.7,0
Property Damage Crash,03-02-2023 09:36,Maryland (State),GEORGIA AVE,N/A,STRAIGHT MOVEMENT ANGLE,CLEAR,DRY,DAYLIGHT,TRAFFIC SIGNAL,Yes,NO APPARENT INJURY,NOT DISTRACTED,PASSENGER CAR,MAKING LEFT TURN,South,West,35,2004,TOYOTA,2.4,77.5,71,0
Injury Crash,03-02-2023 09:36,Maryland (State),FREDERICK RD,N/A,SAME DIR REAR END,CLEAR,DRY,DAYLIGHT,NO CONTROLS,No,NO APPARENT INJURY,NOT DISTRACTED,PASSENGER CAR,STOPPED IN TRAFFIC LANE,North,North,40,2014,KIA,2,63.5,61.6,0
Injury Crash,03-02-2023 10:18,Maryland (State),RIVER RD,N/A,HEAD ON LEFT TURN,CLEAR,DRY,DAYLIGHT,TRAFFIC SIGNAL,Yes,NO APPARENT INJURY,LOOKED BUT DID NOT SEE,PASSENGER CAR,CHANGING LANES,South,North,35,2018,ALPHA,2.1,86.8,70.1,0
Injury Crash,03-02-2023 10:18,Maryland (State),CONNECTICUT AVE,KENSINGTON,HEAD ON LEFT TURN,CLEAR,DRY,DAYLIGHT,FLASHING TRAFFIC SIGNAL,No,POSSIBLE INJURY,NOT DISTRACTED,PASSENGER CAR,MOVING CONSTANT SPEED,North,North,35,2016,CHEVY,3.5,74.8,69.2,0
Property Damage Crash,03-02-2023 10:29,Maryland (State),WOODFIELD RD,N/A,STRAIGHT MOVEMENT ANGLE,CLEAR,DRY,DAYLIGHT,TRAFFIC SIGNAL,No,NO APPARENT INJURY,NOT DISTRACTED,PASSENGER CAR,MOVING CONSTANT SPEED,West,West,35,2009,HOND,1.3,65,60.9,0
Injury Crash,03-02-2023 10:29,US (State),COLUMBIA PIKE,N/A,SAME DIR REAR END,CLEAR,DRY,DAYLIGHT,TRAFFIC SIGNAL,No,NO APPARENT INJURY,NOT DISTRACTED,PASSENGER CAR,STOPPED IN TRAFFIC LANE,South,South,50,2012,BMW,4.4,72,68,0
Property Damage Crash,03-02-2023 10:40,Maryland (State),FALLS RD,N/A,OPPOSITE DIRECTION SIDESWIPE,CLEAR,DRY,DAYLIGHT,NO CONTROLS,Yes,NO APPARENT INJURY,OTHER DISTRACTION,PASSENGER CAR,MOVING CONSTANT SPEED,North,North,35,1999,LINC,1.2,66.7,65.6,0
Property Damage Crash,03-02-2023 10:40,Maryland (State),BRADLEY BLVD,N/A,STRAIGHT MOVEMENT ANGLE,CLEAR,DRY,DAYLIGHT,STOP SIGN,Yes,NO APPARENT INJURY,LOOKED BUT DID NOT SEE,PASSENGER CAR,MOVING CONSTANT SPEED,North,North,25,2012,INFINITI,0.9,69.1,66.9,0
Property Damage Crash,03-02-2023 10:40,County,ROCKLEDGE DR,N/A,HEAD ON LEFT TURN,SNOW,WET,DARK LIGHTS ON,TRAFFIC SIGNAL,Yes,NO APPARENT INJURY,LOOKED BUT DID NOT SEE,(SPORT) UTILITY VEHICLE,MAKING LEFT TURN,South,West,30,2014,KIA,1.3,67.7,66.4,0
Injury Crash,03-02-2023 13:03,Maryland (State),NEW HAMPSHIRE AVE,N/A,STRAIGHT MOVEMENT ANGLE,RAINING,WET,DARK LIGHTS ON,TRAFFIC SIGNAL,Yes,SUSPECTED MINOR INJURY,UNKNOWN,PASSENGER CAR,MAKING LEFT TURN,North,East,45,2015,HOND,8.7,86.1,74,0
Property Damage Crash,03-02-2023 14:10,Maryland (State),MONTGOMERY VILLAGE AVE,N/A,SAME DIR REAR END,CLEAR,DRY,DAYLIGHT,TRAFFIC SIGNAL,No,NO APPARENT INJURY,NOT DISTRACTED,(SPORT) UTILITY VEHICLE,STOPPED IN TRAFFIC LANE,East,East,35,2005,HONDA,6.9,73.5,69.2,0
Injury Crash,03-02-2023 14:10,Maryland (State),NEW HAMPSHIRE AVE,N/A,SINGLE VEHICLE,CLEAR,DRY,DAYLIGHT,NO CONTROLS,Yes,SUSPECTED MINOR INJURY,NOT DISTRACTED,PASSENGER CAR,MOVING CONSTANT SPEED,South,South,40,2004,HONDA,4.5,71.8,70.8,0
Injury Crash,03-02-2023 14:24,County,FATHER HURLEY BLVD,N/A,SAME DIR REAR END,CLEAR,DRY,DAYLIGHT,NO CONTROLS,No,SUSPECTED MINOR INJURY,NOT DISTRACTED,PICKUP TRUCK,SLOWING OR STOPPING,South,South,40,2014,DODGE,4.7,81.6,74.3,0
Injury Crash,03-02-2023 14:24,US (State),COLUMBIA PIKE,N/A,SAME DIR REAR END,CLEAR,DRY,DAYLIGHT,NO CONTROLS,Yes,NO APPARENT INJURY,DISTRACTED BY OUTSIDE PERSON OBJECT OR EVENT,PASSENGER CAR,MOVING CONSTANT SPEED,South,South,50,2016,MAZDA,3.4,84.8,59.3,0
Injury Crash,03-02-2023 15:20,Maryland (State),VEIRS MILL RD,N/A,SAME DIRECTION SIDESWIPE,RAINING,WET,DAYLIGHT,NO CONTROLS,Yes,NO APPARENT INJURY,NOT DISTRACTED,PASSENGER CAR,CHANGING LANES,East,East,35,2003,HYUNDAI,4.1,83.4,70.4,0
Injury Crash,03-02-2023 15:20,Interstate (State),EISENHOWER MEMORIAL HWY,N/A,SAME DIR REAR END,N/A,DRY,DAYLIGHT,N/A,No,SUSPECTED MINOR INJURY,NOT DISTRACTED,(SPORT) UTILITY VEHICLE,MOVING CONSTANT SPEED,East,South,55,2019,SUBARU,1.5,67.5,62.6,0
Property Damage Crash,03-02-2023 16:05,County,SNOUFFERS SCHOOL RD,N/A,SAME DIRECTION LEFT TURN,CLEAR,DRY,DAYLIGHT,TRAFFIC SIGNAL,No,NO APPARENT INJURY,NOT DISTRACTED,PASSENGER CAR,STOPPED IN TRAFFIC LANE,East,East,35,2017,FORD,2.4,70.8,69.5,0
Property Damage Crash,03-02-2023 16:05,Maryland (State),FREDERICK RD,N/A,STRAIGHT MOVEMENT ANGLE,CLEAR,DRY,DAYLIGHT,NO CONTROLS,Yes,NO APPARENT INJURY,LOOKED BUT DID NOT SEE,PICKUP TRUCK,MAKING U TURN,South,North,35,2019,DODGE,3.1,79.5,72.4,0
Property Damage Crash,03-02-2023 16:23,Maryland (State),CLOPPER RD,N/A,SAME DIR REAR END,CLEAR,DRY,DAYLIGHT,NO CONTROLS,No,NO APPARENT INJURY,NOT DISTRACTED,PASSENGER CAR,SLOWING OR STOPPING,East,East,35,2009,FORD,5.4,82.9,55.8,0
Property Damage Crash,03-02-2023 16:23,County,DECOVERLY DR,N/A,OTHER,CLEAR,DRY,DAYLIGHT,NO CONTROLS,Yes,NO APPARENT INJURY,UNKNOWN,PASSENGER CAR,BACKING,East,East,0,2020,MERCEDES,1.5,68.8,65.9,0
Injury Crash,03-02-2023 16:40,Maryland (State),WISCONSIN AVE,N/A,STRAIGHT MOVEMENT ANGLE,CLEAR,DRY,DAYLIGHT,TRAFFIC SIGNAL,Yes,POSSIBLE INJURY,NOT DISTRACTED,PASSENGER CAR,MOVING CONSTANT SPEED,South,South,35,2011,HONDA,1.2,72,69.8,0
Injury Crash,03-02-2023 16:40,Maryland (State),ROCKVILLE PIKE,ROCKVILLE,HEAD ON LEFT TURN,CLEAR,WET,DARK LIGHTS ON,TRAFFIC SIGNAL,Yes,NO APPARENT INJURY,UNKNOWN,PASSENGER CAR,MAKING LEFT TURN,West,North,40,2008,NISSAN,3.7,78,70.8,0
Property Damage Crash,03-02-2023 18:30,County,RANDOLPH RD,N/A,SAME DIRECTION LEFT TURN,CLEAR,DRY,DARK LIGHTS ON,TRAFFIC SIGNAL,Yes,NO APPARENT INJURY,NOT DISTRACTED,"CARGO VAN/LIGHT TRUCK 2 AXLES (OVER 10,000LBS (4,536 KG))",CHANGING LANES,East,East,40,2019,FORD,1.4,70.5,68.6,0
Property Damage Crash,03-02-2023 18:30,,,,SAME DIR REAR END,N/A,,DARK LIGHTS ON,N/A,No,NO APPARENT INJURY,NOT DISTRACTED,PASSENGER CAR,PARKED,,,10,2006,HONDA,1.2,68.1,62.1,0
Property Damage Crash,03-02-2023 19:02,,,,OTHER,CLEAR,,UNKNOWN,N/A,Yes,NO APPARENT INJURY,UNKNOWN,PASSENGER CAR,BACKING,South,South,20,2007,TOYOTA,1.1,71.3,65.3,0
Property Damage Crash,03-02-2023 19:02,Maryland (State),OLNEY LAYTONSVILLE RD,N/A,SAME DIR REAR END,CLEAR,DRY,DAYLIGHT,NO CONTROLS,Yes,NO APPARENT INJURY,NOT DISTRACTED,PASSENGER CAR,ACCELERATING,East,East,40,2004,TOYOTA,5.7,80.5,72.1,0
Property Damage Crash,03-02-2023 19:30,,,,OTHER,CLEAR,,DARK LIGHTS ON,NO CONTROLS,Yes,NO APPARENT INJURY,NOT DISTRACTED,POLICE VEHICLE/NON EMERGENCY,BACKING,East,East,5,2009,CHEVROLET,1.7,74,70.9,0
Property Damage Crash,03-02-2023 19:30,Maryland (State),ROCKVILLE PIKE,ROCKVILLE,SAME DIRECTION SIDESWIPE,CLEAR,N/A,DAYLIGHT,N/A,No,NO APPARENT INJURY,NOT DISTRACTED,TRANSIT BUS,MOVING CONSTANT SPEED,North,North,40,2016,GILL,2.1,73.5,69.3,0
Property Damage Crash,03-02-2023 19:36,County,ASPEN HILL RD,N/A,SAME DIRECTION SIDESWIPE,CLEAR,DRY,OTHER,NO CONTROLS,Yes,NO APPARENT INJURY,UNKNOWN,PASSENGER CAR,MOVING CONSTANT SPEED,East,East,35,2015,TOYOTA,3.1,82.1,75,0
Property Damage Crash,03-02-2023 19:46,,NORTH LEISURE WORLD BLVD,N/A,SINGLE VEHICLE,CLEAR,DRY,DARK LIGHTS ON,NO CONTROLS,Yes,NO APPARENT INJURY,UNKNOWN,(SPORT) UTILITY VEHICLE,UNKNOWN,West,West,30,2009,HOND,2.9,83.7,68.3,0
Injury Crash,03-02-2023 19:46,County,CRABBS BRANCH WAY,N/A,SAME DIR REAR END,CLEAR,DRY,DAYLIGHT,NO CONTROLS,No,POSSIBLE INJURY,NOT DISTRACTED,PASSENGER CAR,MAKING LEFT TURN,East,South,35,2013,FORD,1.2,71.6,67.8,0
Injury Crash,03-02-2023 19:50,Maryland (State),FREDERICK RD,GAITHERSBURG,SAME DIR REAR END,CLEAR,DRY,DAYLIGHT,TRAFFIC SIGNAL,Yes,POSSIBLE INJURY,UNKNOWN,PASSENGER CAR,MOVING CONSTANT SPEED,South,South,40,2001,TOYOTA,7.8,86.5,63.7,0
Property Damage Crash,03-02-2023 19:50,,,,STRAIGHT MOVEMENT ANGLE,CLEAR,,DAYLIGHT,NO CONTROLS,Yes,NO APPARENT INJURY,NOT DISTRACTED,PASSENGER CAR,BACKING,Unknown,Unknown,15,2015,FORD,4,86.8,66,0
Property Damage Crash,03-02-2023 20:09,Maryland (State),GREAT SENECA HWY,N/A,SAME DIRECTION SIDESWIPE,CLOUDY,DRY,DAYLIGHT,TRAFFIC SIGNAL,No,NO APPARENT INJURY,NOT DISTRACTED,PASSENGER CAR,MOVING CONSTANT SPEED,North,North,50,2007,HOND,4.4,76.8,70.4,0
Property Damage Crash,03-02-2023 20:09,Maryland (State),GREAT SENECA HWY,N/A,SAME DIR REAR END,CLOUDY,DRY,DAYLIGHT,TRAFFIC SIGNAL,Yes,NO APPARENT INJURY,NOT DISTRACTED,PASSENGER CAR,STARTING FROM LANE,South,South,50,2006,HOND,1.3,69.5,62.9,0
Property Damage Crash,03-02-2023 20:25,,,,OTHER,CLEAR,,DAYLIGHT,NO CONTROLS,No,NO APPARENT INJURY,NOT DISTRACTED,PASSENGER CAR,PARKED,,,0,2017,HONDA,7.7,86.2,64.5,0
Property Damage Crash,03-02-2023 20:25,Maryland (State),NEW HAMPSHIRE AVE,N/A,SAME DIR REAR END,CLEAR,DRY,DARK LIGHTS ON,TRAFFIC SIGNAL,No,NO APPARENT INJURY,NOT DISTRACTED,PASSENGER CAR,SLOWING OR STOPPING,North,North,40,2018,HONDA,4.2,81.4,63.4,0
Property Damage Crash,03-02-2023 20:45,Municipality,WOOTTON PKWY,ROCKVILLE,SAME DIRECTION SIDESWIPE,CLOUDY,DRY,DAYLIGHT,N/A,Yes,NO APPARENT INJURY,UNKNOWN,(SPORT) UTILITY VEHICLE,CHANGING LANES,West,West,35,2015,SUBARU,1.5,73.5,66.5,0
Property Damage Crash,03-02-2023 20:45,Maryland (State),MUNCASTER MILL RD,N/A,SAME DIR REAR END,CLEAR,DRY,DAYLIGHT,NO CONTROLS,Yes,NO APPARENT INJURY,NOT DISTRACTED,(SPORT) UTILITY VEHICLE,SLOWING OR STOPPING,West,West,35,2007,CHEVROLET,1.5,78.1,72.3,0
Property Damage Crash,03-02-2023 23:43,Maryland (State),ROCKVILLE PIKE,N/A,HEAD ON LEFT TURN,CLEAR,DRY,DARK LIGHTS ON,TRAFFIC SIGNAL,No,NO APPARENT INJURY,NOT DISTRACTED,PASSENGER CAR,MOVING CONSTANT SPEED,North,North,40,2009,FORD,5.2,86.4,67.7,0
Property Damage Crash,04-02-2023 01:51,County,WISTERIA DR,N/A,HEAD ON,CLEAR,DRY,DAYLIGHT,TRAFFIC SIGNAL,No,NO APPARENT INJURY,NOT DISTRACTED,PASSENGER CAR,STOPPED IN TRAFFIC LANE,East,East,30,2017,TOYOTA,1.5,68.7,67.2,0
Property Damage Crash,04-02-2023 01:51,County,CROSBY RD,N/A,SAME DIR REAR END,CLEAR,DRY,DAYLIGHT,NO CONTROLS,No,NO APPARENT INJURY,NO DRIVER PRESENT,,UNKNOWN,North,North,25,0,UNKNOWN,1.9,72.3,70.4,0
Property Damage Crash,04-02-2023 02:46,Maryland (State),OLD GEORGETOWN RD,N/A,STRAIGHT MOVEMENT ANGLE,CLEAR,DRY,DAYLIGHT,NO CONTROLS,Yes,NO APPARENT INJURY,LOOKED BUT DID NOT SEE,PASSENGER CAR,MAKING LEFT TURN,West,West,35,2014,HONDA,4.4,83.8,68.3,0
Property Damage Crash,04-02-2023 07:21,Interstate (State),EISENHOWER MEMORIAL HWY,N/A,SAME DIR REAR END,CLEAR,DRY,DAYLIGHT,N/A,Yes,NO APPARENT INJURY,UNKNOWN,PASSENGER CAR,SLOWING OR STOPPING,North,North,55,2020,MINI,4.3,74.4,70.6,0
Property Damage Crash,04-02-2023 10:06,Maryland (State),WISCONSIN AVE,N/A,SAME DIRECTION SIDESWIPE,CLEAR,DRY,DAYLIGHT,N/A,No,NO APPARENT INJURY,LOOKED BUT DID NOT SEE,PASSENGER CAR,MOVING CONSTANT SPEED,South,South,35,2010,TOYT,1.5,65.8,63,0
Property Damage Crash,04-02-2023 10:06,Maryland (State),CHERRY HILL RD,N/A,SINGLE VEHICLE,CLEAR,DRY,DAYLIGHT,NO CONTROLS,Yes,NO APPARENT INJURY,OTHER DISTRACTION,PASSENGER CAR,MAKING LEFT TURN,North,North,30,2007,TOYOTA,8.7,75.3,67.2,0
Property Damage Crash,04-02-2023 10:46,County,WISTERIA DR,N/A,SAME DIR REND RIGHT TURN,CLEAR,DRY,DAYLIGHT,TRAFFIC SIGNAL,No,NO APPARENT INJURY,NOT DISTRACTED,PASSENGER CAR,SLOWING OR STOPPING,East,East,50,2016,TOYOTA,1.6,73.6,67.4,0
Property Damage Crash,04-02-2023 10:46,Maryland (State),OLNEY SANDY SPRING RD,N/A,SAME DIR REAR END,CLEAR,DRY,DAYLIGHT,TRAFFIC SIGNAL,No,NO APPARENT INJURY,NOT DISTRACTED,(SPORT) UTILITY VEHICLE,STOPPED IN TRAFFIC LANE,South,South,35,2014,MAZDA,3.3,81.2,70.5,0
Injury Crash,04-02-2023 12:02,County,FATHER HURLEY BLVD,N/A,STRAIGHT MOVEMENT ANGLE,CLOUDY,DRY,DAYLIGHT,STOP SIGN,Yes,NO APPARENT INJURY,LOOKED BUT DID NOT SEE,VAN,ACCELERATING,West,West,30,1998,PLYM,3.8,77.3,70.6,0
Injury Crash,04-02-2023 12:02,,,,OTHER,CLEAR,,DAYLIGHT,N/A,Yes,NO APPARENT INJURY,UNKNOWN,(SPORT) UTILITY VEHICLE,STARTING FROM PARKED,West,West,0,2013,LNDR,2.2,78.1,68.8,0
Property Damage Crash,04-02-2023 12:02,Maryland (State),GEORGIA AVE,N/A,SAME DIR REAR END,CLEAR,DRY,DAYLIGHT,TRAFFIC SIGNAL,No,NO APPARENT INJURY,NOT DISTRACTED,"CARGO VAN/LIGHT TRUCK 2 AXLES (OVER 10,000LBS (4,536 KG))",PARKED,,,30,2017,FORD,2,72.2,71.4,0
Injury Crash,04-02-2023 12:07,Maryland (State),FREDERICK RD,ROCKVILLE,STRAIGHT MOVEMENT ANGLE,RAINING,WET,DARK LIGHTS ON,TRAFFIC SIGNAL,Yes,NO APPARENT INJURY,LOOKED BUT DID NOT SEE,PASSENGER CAR,MAKING LEFT TURN,North,North,35,2013,TOYOTA,1.1,72,70.2,0
Property Damage Crash,04-02-2023 12:07,County,MUDDY BRANCH RD,GAITHERSBURG,STRAIGHT MOVEMENT ANGLE,CLEAR,DRY,DAYLIGHT,STOP SIGN,Yes,NO APPARENT INJURY,LOOKED BUT DID NOT SEE,(SPORT) UTILITY VEHICLE,MAKING LEFT TURN,South,East,45,2004,LEXUS,1.6,70.1,64.3,0
Injury Crash,04-02-2023 12:53,County,E RANDOLPH RD,N/A,SAME DIR REAR END,RAINING,WET,DAYLIGHT,NO CONTROLS,No,NO APPARENT INJURY,NOT DISTRACTED,TRANSIT BUS,STOPPED IN TRAFFIC LANE,East,East,35,2016,GILLIG LLC,1.3,72.9,70.4,0
Property Damage Crash,04-02-2023 13:18,Maryland (State),VEIRS MILL RD,ROCKVILLE,SAME DIR REAR END,RAINING,WET,DAYLIGHT,NO CONTROLS,No,NO APPARENT INJURY,NOT DISTRACTED,(SPORT) UTILITY VEHICLE,SLOWING OR STOPPING,East,East,40,2014,VOLKSWAGEN,2.3,75.7,73.2,0
Property Damage Crash,04-02-2023 13:18,,,,SAME DIRECTION RIGHT TURN,N/A,,N/A,NO CONTROLS,Yes,NO APPARENT INJURY,UNKNOWN,"OTHER LIGHT TRUCKS (10,000LBS (4,536KG) OR LESS)",MAKING RIGHT TURN,Unknown,Unknown,10,2009,DODGE,7.5,75.4,68.4,0.01
Property Damage Crash,04-02-2023 13:18,Maryland (State),S FREDERICK RD,GAITHERSBURG,SAME DIR REAR END,CLOUDY,DRY,DAYLIGHT,TRAFFIC SIGNAL,Yes,NO APPARENT INJURY,NOT DISTRACTED,(SPORT) UTILITY VEHICLE,SLOWING OR STOPPING,South,South,35,2013,NISSAN,8.7,73.7,71.8,0
Property Damage Crash,04-02-2023 14:30,Maryland (State),GEORGIA AVE,N/A,SAME DIR REAR END,CLEAR,DRY,DAYLIGHT,NO CONTROLS,Yes,NO APPARENT INJURY,NOT DISTRACTED,(SPORT) UTILITY VEHICLE,STARTING FROM LANE,South,South,40,2011,HONDA,1.8,65.2,64.2,0
Injury Crash,04-02-2023 14:58,County,OBSERVATION DR,N/A,STRAIGHT MOVEMENT ANGLE,CLEAR,DRY,DAYLIGHT,TRAFFIC SIGNAL,Yes,SUSPECTED MINOR INJURY,INATTENTIVE OR LOST IN THOUGHT,PASSENGER CAR,MAKING LEFT TURN,West,South,40,2010,HONDA,1.1,65.2,62.7,0
Injury Crash,04-02-2023 14:58,Maryland (State),E RANDOLPH RD,N/A,STRAIGHT MOVEMENT ANGLE,N/A,DRY,DARK LIGHTS ON,TRAFFIC SIGNAL,No,SUSPECTED MINOR INJURY,NOT DISTRACTED,PASSENGER CAR,MOVING CONSTANT SPEED,East,East,40,2010,CHEVY,5.7,78.5,74,0