ACRS Report Type,Date and Time,Route Type,Road Name,Municipality,Collision Type,Weather,Surface Condition,Light,Traffic Control,Driver At Fault,Injury Severity,Driver Distracted By,Vehicle Body Type,Vehicle Movement,Vehicle Continuing Dir,Vehicle Going Dir,Speed Limit,Vehicle Year,Vehicle Make,Wind Speed (MPH),TMP10-DK ,Relative Humidity (%),Rain (Inches)
Property Damage Crash,04-02-2023 18:45,Interstate (State),NO NAME,N/A,SAME DIRECTION SIDESWIPE,CLEAR,DRY,DAYLIGHT,NO CONTROLS,Yes,NO APPARENT INJURY,DISTRACTED BY OUTSIDE PERSON OBJECT OR EVENT,OTHER,CHANGING LANES,West,West,55,2008,FORD,2,77,69.6,0
Property Damage Crash,04-02-2023 18:57,Maryland (State),NEW HAMPSHIRE AVE,N/A,SAME DIRECTION SIDESWIPE,CLEAR,DRY,DAYLIGHT,TRAFFIC SIGNAL,Yes,NO APPARENT INJURY,UNKNOWN,PASSENGER CAR,MAKING RIGHT TURN,North,West,35,1999,FORD,3.4,75.3,64.6,0
Property Damage Crash,04-02-2023 18:57,,,,STRAIGHT MOVEMENT ANGLE,CLEAR,,DARK LIGHTS ON,NO CONTROLS,Unknown,NO APPARENT INJURY,UNKNOWN,PICKUP TRUCK,MOVING CONSTANT SPEED,South,South,15,2006,FORD,2.9,80.8,70.9,0
Property Damage Crash,04-02-2023 19:10,Maryland (State),ROCKVILLE PIKE,N/A,SAME DIR REAR END,RAINING,WET,DAYLIGHT,N/A,No,NO APPARENT INJURY,NOT DISTRACTED,TRANSIT BUS,STOPPED IN TRAFFIC LANE,North,North,35,2006,NEW FLYER,5,83.8,71.2,0
Property Damage Crash,04-02-2023 19:10,Municipality,N PARK AVE,N/A,SAME DIR REAR END,N/A,DRY,DAYLIGHT,NO CONTROLS,Yes,NO APPARENT INJURY,NOT DISTRACTED,PASSENGER CAR,STARTING FROM PARKED,South,South,25,1991,OLDMOBILE,2.4,71.9,69.8,0
Property Damage Crash,04-02-2023 20:15,County,SECOND AVE,N/A,SAME DIRECTION SIDESWIPE,CLEAR,DRY,DAYLIGHT,TRAFFIC SIGNAL,No,NO APPARENT INJURY,NOT DISTRACTED,PASSENGER CAR,MOVING CONSTANT SPEED,North,North,25,2008,FORD,9.7,82.6,64.9,0
Property Damage Crash,04-02-2023 20:15,Maryland (State),WISCONSIN AVE,N/A,STRAIGHT MOVEMENT ANGLE,CLEAR,DRY,DAYLIGHT,TRAFFIC SIGNAL,No,NO APPARENT INJURY,NOT DISTRACTED,PASSENGER CAR,MOVING CONSTANT SPEED,North,North,25,2014,HYUNDA,14.5,82.9,71,0
Property Damage Crash,04-02-2023 23:57,Maryland (State),ROCKVILLE PIKE,N/A,SAME DIRECTION SIDESWIPE,CLOUDY,WET,DAWN,TRAFFIC SIGNAL,Yes,NO APPARENT INJURY,LOOKED BUT DID NOT SEE,PASSENGER CAR,ENTERING TRAFFIC LANE,South,South,35,2016,TOYOTA,5.8,77.7,63.4,0
Property Damage Crash,04-02-2023 23:57,County,BREWSTER AVE,N/A,STRAIGHT MOVEMENT ANGLE,RAINING,WET,DAYLIGHT,STOP SIGN,No,NO APPARENT INJURY,NOT DISTRACTED,(SPORT) UTILITY VEHICLE,MOVING CONSTANT SPEED,North,North,40,2012,TOYT,2.3,79.1,67.2,0
Injury Crash,05-02-2023 00:00,Maryland (State),FREDERICK RD,N/A,SAME DIR REAR END,CLEAR,DRY,DAYLIGHT,TRAFFIC SIGNAL,No,POSSIBLE INJURY,NOT DISTRACTED,PASSENGER CAR,STOPPED IN TRAFFIC LANE,North,North,40,2019,TOYOTA,2.1,84,73,0
Property Damage Crash,05-02-2023 04:54,Maryland (State),GOLDSBORO RD,N/A,SAME DIRECTION RIGHT TURN,CLEAR,DRY,DAYLIGHT,NO CONTROLS,No,NO APPARENT INJURY,NOT DISTRACTED,PASSENGER CAR,MOVING CONSTANT SPEED,East,East,35,2015,FORD,0.9,65,61.9,0
Injury Crash,05-02-2023 04:54,Interstate (State),CAPITAL BELTWAY,N/A,SINGLE VEHICLE,CLEAR,DRY,DARK LIGHTS ON,N/A,Yes,POSSIBLE INJURY,NOT DISTRACTED,PASSENGER CAR,MOVING CONSTANT SPEED,North,North,55,2007,SATURN,3.6,82.4,63,0
Property Damage Crash,05-02-2023 05:52,County,WESTBARD AVE,N/A,SAME DIR REAR END,CLEAR,DRY,DAYLIGHT,TRAFFIC SIGNAL,Yes,NO APPARENT INJURY,BY OTHER OCCUPANTS,PASSENGER CAR,STARTING FROM LANE,East,South,30,2007,HONDA,3.9,83.3,64.2,0
Property Damage Crash,05-02-2023 06:38,,,,N/A,CLEAR,,DARK LIGHTS ON,N/A,Yes,NO APPARENT INJURY,LOOKED BUT DID NOT SEE,PASSENGER CAR,BACKING,South,South,5,2018,TOYOTA,6,88.2,72.6,0
Injury Crash,05-02-2023 06:38,Maryland (State),FREDERICK RD,N/A,SAME DIR REAR END,CLEAR,DRY,DAYLIGHT,NO CONTROLS,Yes,SUSPECTED MINOR INJURY,LOOKED BUT DID NOT SEE,PASSENGER CAR,MOVING CONSTANT SPEED,North,North,40,2002,HONDA,8.6,85.5,74.5,0
Injury Crash,05-02-2023 07:35,County,DUFIEF MILL RD,N/A,OPPOSITE DIRECTION SIDESWIPE,SNOW,WET,DAYLIGHT,NO CONTROLS,No,POSSIBLE INJURY,NOT DISTRACTED,STATION WAGON,MOVING CONSTANT SPEED,North,North,35,2006,SUBARU,3,75.1,69.5,0
Injury Crash,05-02-2023 07:35,Interstate (State),CAPITAL BELTWAY,N/A,SAME DIRECTION SIDESWIPE,CLEAR,N/A,DAYLIGHT,N/A,No,POSSIBLE INJURY,NOT DISTRACTED,PASSENGER CAR,MOVING CONSTANT SPEED,South,South,55,2001,HONDA,1.3,65.4,65,0
Property Damage Crash,05-02-2023 07:35,Maryland (State),VEIRS MILL RD,ROCKVILLE,STRAIGHT MOVEMENT ANGLE,CLOUDY,DRY,DAYLIGHT,TRAFFIC SIGNAL,No,NO APPARENT INJURY,NOT DISTRACTED,PASSENGER CAR,MOVING CONSTANT SPEED,East,East,40,2016,HOND,3.1,80.1,70.8,0
Injury Crash,05-02-2023 07:41,Maryland (State),NORBECK RD,N/A,SAME DIR REAR END,CLEAR,DRY,DAYLIGHT,NO CONTROLS,No,NO APPARENT INJURY,UNKNOWN,PASSENGER CAR,MOVING CONSTANT SPEED,East,East,40,2004,NISSAN,3.6,82.2,75.5,0
Property Damage Crash,05-02-2023 07:41,US (State),COLESVILLE RD,N/A,SAME DIR REAR END,RAINING,WET,DARK LIGHTS ON,TRAFFIC SIGNAL,No,NO APPARENT INJURY,NOT DISTRACTED,PASSENGER CAR,STOPPED IN TRAFFIC LANE,North,North,35,2010,HOND,1.7,74.9,70.9,0
Property Damage Crash,05-02-2023 07:51,Maryland (State),SANDY SPRING RD,N/A,STRAIGHT MOVEMENT ANGLE,CLEAR,DRY,DUSK,TRAFFIC SIGNAL,Yes,NO APPARENT INJURY,LOOKED BUT DID NOT SEE,(SPORT) UTILITY VEHICLE,MOVING CONSTANT SPEED,West,West,40,2013,JEEP,6.8,75.8,56.5,0
Property Damage Crash,05-02-2023 07:51,Municipality,COLLEGE PKWY,ROCKVILLE,STRAIGHT MOVEMENT ANGLE,CLEAR,DRY,DAYLIGHT,NO CONTROLS,No,NO APPARENT INJURY,NOT DISTRACTED,PASSENGER CAR,MOVING CONSTANT SPEED,North,North,25,2008,HOND,2.7,72,71.2,0.01
Property Damage Crash,05-02-2023 07:51,,,,SAME DIRECTION SIDESWIPE,CLEAR,,DARK LIGHTS ON,NO CONTROLS,Yes,NO APPARENT INJURY,UNKNOWN,,UNKNOWN,East,East,25,0,UNKNOWN,4.7,73.5,72.2,0
Property Damage Crash,05-02-2023 09:05,County,CARROLL AVE,N/A,STRAIGHT MOVEMENT ANGLE,RAINING,WET,DAYLIGHT,STOP SIGN,No,NO APPARENT INJURY,NOT DISTRACTED,PASSENGER CAR,MOVING CONSTANT SPEED,North,North,30,2000,HONDA,7.6,86.9,73.8,0
Property Damage Crash,05-02-2023 09:05,County,DENNIS AVE,N/A,OTHER,CLEAR,DRY,DARK LIGHTS ON,NO CONTROLS,Yes,NO APPARENT INJURY,UNKNOWN,VAN,MOVING CONSTANT SPEED,West,West,25,2017,FORD,4.4,77.6,60.3,0
Property Damage Crash,05-02-2023 09:11,,,,OTHER,CLEAR,,DAYLIGHT,NO CONTROLS,Yes,NO APPARENT INJURY,UNKNOWN,(SPORT) UTILITY VEHICLE,PARKING,West,West,10,2014,HONDA,6.3,83.6,75.1,0
Property Damage Crash,05-02-2023 09:11,US (State),COLESVILLE RD,N/A,SAME DIRECTION SIDESWIPE,CLEAR,DRY,DAYLIGHT,N/A,Yes,NO APPARENT INJURY,LOOKED BUT DID NOT SEE,TRANSIT BUS,CHANGING LANES,South,South,35,2016,GILL,2.1,70.4,63.3,0
Property Damage Crash,05-02-2023 09:11,,,,SAME DIR REAR END,RAINING,,DARK NO LIGHTS,N/A,No,NO APPARENT INJURY,NOT DISTRACTED,POLICE VEHICLE/EMERGENCY,SLOWING OR STOPPING,North,North,30,2017,FORD,6,79,72,0
Injury Crash,05-02-2023 09:14,County,MIDDLEBROOK RD,N/A,STRAIGHT MOVEMENT ANGLE,CLOUDY,DRY,DAYLIGHT,STOP SIGN,No,NO APPARENT INJURY,NOT DISTRACTED,PASSENGER CAR,MOVING CONSTANT SPEED,East,East,35,2014,TOYOTA,1.1,70.9,69.4,0
Property Damage Crash,05-02-2023 09:14,Maryland (State),WISCONSIN AVE,N/A,OTHER,N/A,DRY,DARK LIGHTS ON,N/A,No,NO APPARENT INJURY,LOOKED BUT DID NOT SEE,TRANSIT BUS,MAKING RIGHT TURN,North,North,35,2016,GILL,1.2,66.4,63.4,0
Property Damage Crash,05-02-2023 10:00,Maryland (State),VEIRS MILL RD,N/A,HEAD ON LEFT TURN,N/A,DRY,DARK LIGHTS ON,TRAFFIC SIGNAL,No,NO APPARENT INJURY,NOT DISTRACTED,PASSENGER CAR,STOPPED IN TRAFFIC LANE,West,West,35,2013,NISSAN,5.4,86.5,69.4,0
Property Damage Crash,05-02-2023 11:32,Maryland (State),OLNEY SANDY SPRING RD,N/A,SAME DIR REAR END,RAINING,WET,DAYLIGHT,NO CONTROLS,Yes,NO APPARENT INJURY,INATTENTIVE OR LOST IN THOUGHT,PASSENGER CAR,MOVING CONSTANT SPEED,East,East,35,2008,HYUNDAI,2,70.5,68.3,0
Injury Crash,05-02-2023 11:32,,,,OTHER,CLEAR,,DAYLIGHT,STOP SIGN,Yes,POSSIBLE INJURY,NOT DISTRACTED,PASSENGER CAR,ACCELERATING,West,West,0,2013,NISSAN,2.4,71.9,70.6,0
Property Damage Crash,05-02-2023 12:00,County,STEWART LA,N/A,SAME DIRECTION SIDESWIPE,RAINING,WET,DARK NO LIGHTS,NO CONTROLS,Unknown,NO APPARENT INJURY,UNKNOWN,PASSENGER CAR,MOVING CONSTANT SPEED,South,South,50,2020,NISSAN,3.2,71.1,69.3,0
Injury Crash,05-02-2023 13:11,,N LEISURE WORLD BLVD,N/A,SINGLE VEHICLE,CLEAR,DRY,DAYLIGHT,NO CONTROLS,Yes,NO APPARENT INJURY,UNKNOWN,PASSENGER CAR,MAKING LEFT TURN,South,West,15,2018,SUBARU,5.3,87.1,68.8,0
Injury Crash,05-02-2023 13:11,Maryland (State),UNIVERSITY BLVD W,N/A,STRAIGHT MOVEMENT ANGLE,CLEAR,DRY,DAYLIGHT,STOP SIGN,Yes,SUSPECTED MINOR INJURY,NOT DISTRACTED,PASSENGER CAR,MOVING CONSTANT SPEED,North,North,25,2015,LAND ROVER,3,73.4,70.6,0
Property Damage Crash,05-02-2023 13:13,US (State),GEORGIA AVE,N/A,SAME DIR REAR END,CLOUDY,WET,DAYLIGHT,TRAFFIC SIGNAL,No,NO APPARENT INJURY,NOT DISTRACTED,(SPORT) UTILITY VEHICLE,SLOWING OR STOPPING,North,North,35,2014,HYUNDAI,1.3,73,68,0
Property Damage Crash,05-02-2023 13:13,Maryland (State),PINEY BRANCH RD,N/A,ANGLE MEETS LEFT TURN,CLEAR,DRY,DAYLIGHT,NO CONTROLS,No,NO APPARENT INJURY,NOT DISTRACTED,PICKUP TRUCK,MOVING CONSTANT SPEED,North,North,35,2003,CHEV,2.5,79.1,65.2,0
Property Damage Crash,05-02-2023 13:47,County,WATKINS MILL RD,N/A,STRAIGHT MOVEMENT ANGLE,CLEAR,DRY,DARK LIGHTS ON,NO CONTROLS,No,NO APPARENT INJURY,NOT DISTRACTED,PASSENGER CAR,MOVING CONSTANT SPEED,South,South,35,2002,CHEVY,4.9,70.8,69,0
Injury Crash,05-02-2023 13:47,Maryland (State),NEW HAMPSHIRE AVE,N/A,SAME DIR REAR END,RAINING,WET,DUSK,TRAFFIC SIGNAL,No,SUSPECTED MINOR INJURY,NOT DISTRACTED,PASSENGER CAR,SLOWING OR STOPPING,North,North,45,2004,TOYOTA,2.8,72.6,71,0
Property Damage Crash,05-02-2023 13:47,US (State),COLUMBIA PIKE,N/A,SAME DIR REAR END,CLEAR,DRY,DARK LIGHTS ON,NO CONTROLS,No,NO APPARENT INJURY,NOT DISTRACTED,PASSENGER CAR,MOVING CONSTANT SPEED,North,North,55,2012,HYUNDAI,2.1,75.4,71.4,0
Property Damage Crash,05-02-2023 14:00,,,,OTHER,CLEAR,,DAYLIGHT,NO CONTROLS,Yes,NO APPARENT INJURY,INATTENTIVE OR LOST IN THOUGHT,PASSENGER CAR,STARTING FROM PARKED,South,South,0,2009,SUBARU,6.8,68,62,0.01
Property Damage Crash,05-02-2023 14:00,Maryland (State),GEORGIA AVE,N/A,OTHER,CLEAR,DRY,DAYLIGHT,TRAFFIC SIGNAL,Yes,NO APPARENT INJURY,NOT DISTRACTED,TRUCK TRACTOR,MOVING CONSTANT SPEED,South,South,30,2006,PETERBUILT,3.8,85.7,61.8,0
Injury Crash,05-02-2023 14:14,County,ROTHBURY DR,N/A,SAME DIRECTION SIDESWIPE,CLEAR,DRY,DAYLIGHT,NO CONTROLS,Yes,POSSIBLE INJURY,OTHER DISTRACTION,PASSENGER CAR,MOVING CONSTANT SPEED,West,West,25,2007,CHEV,1.2,72,66.3,0
Property Damage Crash,05-02-2023 14:14,Maryland (State),VEIRS MILL RD,N/A,SAME DIR REAR END,RAINING,WET,DAYLIGHT,TRAFFIC SIGNAL,Yes,NO APPARENT INJURY,NOT DISTRACTED,PASSENGER CAR,MOVING CONSTANT SPEED,West,West,35,2010,NISS,0.9,67,63.8,0
Injury Crash,05-02-2023 14:20,County,GOSHEN RD,N/A,HEAD ON,CLEAR,DRY,DARK LIGHTS ON,NO CONTROLS,Yes,NO APPARENT INJURY,INATTENTIVE OR LOST IN THOUGHT,PASSENGER CAR,MOVING CONSTANT SPEED,South,South,35,2018,HONDA,7.2,83.8,66.9,0
Injury Crash,05-02-2023 14:20,Maryland (State),GEORGIA AVE,N/A,STRAIGHT MOVEMENT ANGLE,CLEAR,DRY,DAYLIGHT,TRAFFIC SIGNAL,No,NO APPARENT INJURY,NOT DISTRACTED,PASSENGER CAR,ACCELERATING,West,West,25,2005,TOYOTA,2.8,72.3,71.3,0
Property Damage Crash,05-02-2023 14:27,,,,OPPOSITE DIRECTION SIDESWIPE,CLEAR,,DAYLIGHT,N/A,Yes,NO APPARENT INJURY,UNKNOWN,PASSENGER CAR,PARKING,Unknown,Unknown,30,2002,MITSUBISHI,2.5,73.8,62.5,0
Property Damage Crash,05-02-2023 14:29,County,CARROLL AVE,N/A,HEAD ON,N/A,DRY,DAYLIGHT,TRAFFIC SIGNAL,Yes,NO APPARENT INJURY,UNKNOWN,PICKUP TRUCK,ACCELERATING,West,North,25,2005,CHEVY,3,81.4,63.2,0
Injury Crash,05-02-2023 14:29,County,RANDOLPH RD,N/A,SAME DIR REAR END,CLEAR,DRY,DAYLIGHT,TRAFFIC SIGNAL,No,NO APPARENT INJURY,NOT DISTRACTED,PASSENGER CAR,SLOWING OR STOPPING,East,East,40,2006,CHEVY,3.9,72.1,70.4,0
Property Damage Crash,05-02-2023 14:29,Maryland (State),WOODFIELD RD,N/A,SAME DIR REAR END,CLEAR,DRY,DAWN,TRAFFIC SIGNAL,Yes,NO APPARENT INJURY,NOT DISTRACTED,POLICE VEHICLE/NON EMERGENCY,MOVING CONSTANT SPEED,South,South,35,2007,DODGE,1.6,71.6,65.6,0
Injury Crash,05-02-2023 14:29,Maryland (State),NEW HAMPSHIRE AVE,N/A,SAME DIR REAR END,CLEAR,DRY,DARK LIGHTS ON,NO CONTROLS,No,POSSIBLE INJURY,NOT DISTRACTED,"MEDIUM/HEAVY TRUCKS 3 AXLES (OVER 10,000LBS (4,536KG))",SLOWING OR STOPPING,South,South,40,2016,FORD,8.5,84.4,70.3,0
Property Damage Crash,05-02-2023 15:40,Maryland (State),FOREST GLEN RD,N/A,SAME DIR REAR END,N/A,WET,DAYLIGHT,NO CONTROLS,No,NO APPARENT INJURY,NOT DISTRACTED,PASSENGER CAR,STOPPED IN TRAFFIC LANE,South,South,30,2010,MINI,3.5,83.1,67.9,0.05
Property Damage Crash,05-02-2023 15:40,US (State),COLESVILLE RD,N/A,SAME DIR REAR END,CLEAR,DRY,DAYLIGHT,NO CONTROLS,Yes,NO APPARENT INJURY,LOOKED BUT DID NOT SEE,PASSENGER CAR,MOVING CONSTANT SPEED,North,North,40,2008,HOND,5.6,85.7,69.6,0
Injury Crash,05-02-2023 16:30,Maryland (State),GEORGIA AVE,N/A,STRAIGHT MOVEMENT ANGLE,CLEAR,DRY,DAYLIGHT,STOP SIGN,Yes,NO APPARENT INJURY,NOT DISTRACTED,PASSENGER CAR,MAKING LEFT TURN,North,East,35,2006,TOYT,2.4,82.8,63.9,0
Property Damage Crash,05-02-2023 16:30,Maryland (State),FREDERICK RD,ROCKVILLE,OTHER,CLOUDY,DRY,DAYLIGHT,TRAFFIC SIGNAL,Yes,NO APPARENT INJURY,NOT DISTRACTED,PASSENGER CAR,CHANGING LANES,South,South,45,2019,HONDA,6.7,76.1,66.1,0
Injury Crash,05-02-2023 16:45,Municipality,CONGRESSIONAL LA,N/A,HEAD ON LEFT TURN,N/A,DRY,DAYLIGHT,TRAFFIC SIGNAL,No,POSSIBLE INJURY,NOT DISTRACTED,PASSENGER CAR,MAKING LEFT TURN,West,North,30,2015,TOYOTA,0.8,64.9,63,0
Property Damage Crash,05-02-2023 16:45,County,NORWOOD RD,N/A,SINGLE VEHICLE,CLEAR,DRY,DARK NO LIGHTS,NO CONTROLS,Yes,NO APPARENT INJURY,UNKNOWN,PASSENGER CAR,MAKING RIGHT TURN,South,East,25,2011,TOYOTA,7.7,72.8,69.6,0.24
Injury Crash,05-02-2023 17:07,Maryland (State),UNIVERSITY BLVD W,N/A,HEAD ON LEFT TURN,CLEAR,DRY,DARK LIGHTS ON,TRAFFIC SIGNAL,Unknown,NO APPARENT INJURY,UNKNOWN,PASSENGER CAR,MOVING CONSTANT SPEED,East,East,35,2010,HYUNDAI,4.1,80.3,57.5,0
Property Damage Crash,05-02-2023 17:07,,,,SINGLE VEHICLE,N/A,,N/A,N/A,Yes,NO APPARENT INJURY,LOOKED BUT DID NOT SEE,POLICE VEHICLE/NON EMERGENCY,BACKING,South,South,0,2014,DODGE,1.2,77.9,66.4,0
Injury Crash,05-02-2023 17:20,County,LAKE SHORE DR,N/A,OTHER,CLEAR,DRY,DAYLIGHT,OTHER,Yes,NO APPARENT INJURY,UNKNOWN,PASSENGER CAR,PASSING,East,East,25,2018,TOYOTA,4.7,87,61.3,0
Property Damage Crash,05-02-2023 17:20,,,,OTHER,CLEAR,,DAYLIGHT,NO CONTROLS,Yes,NO APPARENT INJURY,NOT DISTRACTED,PASSENGER CAR,BACKING,East,East,5,2005,HONDA,4.1,81,69.5,0
Property Damage Crash,05-02-2023 17:40,County,RANDOLPH RD,N/A,SAME DIRECTION SIDESWIPE,RAINING,WET,DARK LIGHTS ON,TRAFFIC SIGNAL,Yes,NO APPARENT INJURY,UNKNOWN,PASSENGER CAR,CHANGING LANES,East,East,40,2000,MITSUBISHI,1.6,70.4,66.9,0
Injury Crash,05-02-2023 17:45,Maryland (State),GREAT SENECA HWY,N/A,SAME DIR REAR END,CLEAR,DRY,DAYLIGHT,TRAFFIC SIGNAL,Yes,NO APPARENT INJURY,BY OTHER OCCUPANTS,(SPORT) UTILITY VEHICLE,SLOWING OR STOPPING,South,South,40,2004,LINCOLN,1.5,70,69.5,0
Property Damage Crash,05-02-2023 17:45,Maryland (State),DARNESTOWN RD,N/A,OPPOSITE DIRECTION SIDESWIPE,CLEAR,DRY,DAYLIGHT,NO CONTROLS,Yes,NO APPARENT INJURY,OTHER DISTRACTION,PASSENGER CAR,MOVING CONSTANT SPEED,East,East,30,2011,TOYOTA,9.5,85.5,72.5,0
Injury Crash,05-02-2023 18:16,Maryland (State),FIRST ST,ROCKVILLE,SAME DIR REAR END,CLEAR,DRY,DAYLIGHT,NO CONTROLS,Yes,POSSIBLE INJURY,LOOKED BUT DID NOT SEE,PASSENGER CAR,SLOWING OR STOPPING,East,East,35,2016,TOYOTA,3.1,85.9,59,0
Injury Crash,05-02-2023 18:16,Maryland (State),NEW HAMPSHIRE AVE,N/A,SAME DIR REAR END,CLEAR,DRY,DAYLIGHT,TRAFFIC SIGNAL,Yes,NO APPARENT INJURY,NOT DISTRACTED,PASSENGER CAR,SLOWING OR STOPPING,North,North,40,2005,DODG,6,86.1,68.6,0
Injury Crash,05-02-2023 18:33,Maryland (State),GREAT SENECA HWY,N/A,SAME DIR REAR END,CLEAR,DRY,DARK LIGHTS ON,N/A,Yes,NO APPARENT INJURY,INATTENTIVE OR LOST IN THOUGHT,PASSENGER CAR,MOVING CONSTANT SPEED,South,South,55,2013,MAZDA,2,68.1,66.7,0
Injury Crash,05-02-2023 18:33,County,FATHER HURLEY BLVD,N/A,OTHER,SEVERE WINDS,WET,DUSK,TRAFFIC SIGNAL,No,NO APPARENT INJURY,LOOKED BUT DID NOT SEE,PASSENGER CAR,RIGHT TURN ON RED,East,North,30,2012,NISSAN,1.8,71.8,69.6,0
Injury Crash,05-02-2023 18:33,Maryland (State),GEORGIA AVE,N/A,HEAD ON,CLEAR,DRY,DARK LIGHTS ON,OTHER,Yes,NO APPARENT INJURY,UNKNOWN,PASSENGER CAR,MOVING CONSTANT SPEED,East,East,25,2000,HONDA,12.1,91.6,71.4,0
Property Damage Crash,05-02-2023 18:36,Maryland (State),16TH ST,N/A,SAME DIRECTION LEFT TURN,CLOUDY,WET,DAYLIGHT,N/A,No,NO APPARENT INJURY,NOT DISTRACTED,PASSENGER CAR,STOPPED IN TRAFFIC LANE,North,North,35,1998,HONDA,3.5,73.3,67,0
Property Damage Crash,05-02-2023 18:41,Maryland (State),NEW HAMPSHIRE AVE,N/A,SAME DIRECTION LEFT TURN,CLEAR,DRY,DAYLIGHT,N/A,No,NO APPARENT INJURY,NOT DISTRACTED,(SPORT) UTILITY VEHICLE,MOVING CONSTANT SPEED,South,South,35,2003,HYUNDI,3.3,83.1,62.5,0
Injury Crash,05-02-2023 18:41,Maryland (State),S FREDERICK RD,N/A,SAME DIRECTION SIDESWIPE,CLEAR,DRY,DAYLIGHT,NO CONTROLS,No,NO APPARENT INJURY,NOT DISTRACTED,PASSENGER CAR,MOVING CONSTANT SPEED,South,West,20,2018,SUBARU,3.5,84.2,70.4,0
Injury Crash,05-02-2023 19:22,Maryland (State),NEW HAMPSHIRE AVE,N/A,SAME DIR REAR END,CLEAR,WET,DARK LIGHTS ON,NO CONTROLS,No,NO APPARENT INJURY,NOT DISTRACTED,PASSENGER CAR,STARTING FROM LANE,South,South,40,2000,INFINITI,3.1,78.5,68.6,0
Property Damage Crash,05-02-2023 19:22,Maryland (State),WOODFIELD RD,N/A,SAME DIRECTION SIDESWIPE,CLEAR,DRY,DAYLIGHT,NO CONTROLS,Yes,NO APPARENT INJURY,NOT DISTRACTED,PASSENGER CAR,MOVING CONSTANT SPEED,North,North,40,2009,ES350,5.9,81,72,0
Property Damage Crash,05-02-2023 19:32,Maryland (State),QUINCE ORCHARD RD,N/A,SAME DIRECTION SIDESWIPE,CLEAR,DRY,DAYLIGHT,TRAFFIC SIGNAL,No,NO APPARENT INJURY,NOT DISTRACTED,(SPORT) UTILITY VEHICLE,SLOWING OR STOPPING,South,South,35,2007,TOYOTA,1.9,83,62.3,0
Property Damage Crash,05-02-2023 19:32,County,RANDOLPH RD,N/A,STRAIGHT MOVEMENT ANGLE,CLEAR,DRY,DAYLIGHT,TRAFFIC SIGNAL,Yes,NO APPARENT INJURY,NOT DISTRACTED,PASSENGER CAR,MOVING CONSTANT SPEED,West,West,40,2015,FORD,4.1,85.9,67,0
Property Damage Crash,05-02-2023 21:18,Maryland (State),FREDERICK RD,N/A,SAME DIR BOTH LEFT TURN,CLEAR,DRY,DAYLIGHT,TRAFFIC SIGNAL,Yes,NO APPARENT INJURY,NOT DISTRACTED,PASSENGER CAR,MAKING LEFT TURN,North,North,40,2014,MAZDA,6.3,77.3,74.1,0
Injury Crash,05-02-2023 21:45,County,WARFIELD RD,N/A,STRAIGHT MOVEMENT ANGLE,CLEAR,DRY,DAYLIGHT,STOP SIGN,Yes,NO APPARENT INJURY,NOT DISTRACTED,PICKUP TRUCK,ACCELERATING,West,West,35,2007,DODGE,4.7,79.1,63,0
Property Damage Crash,05-02-2023 22:00,Maryland (State),WOODFIELD RD,N/A,STRAIGHT MOVEMENT ANGLE,SNOW,WET,DAYLIGHT,STOP SIGN,Yes,NO APPARENT INJURY,NOT DISTRACTED,PASSENGER CAR,MAKING LEFT TURN,South,East,30,2009,CHEV,3.7,78,74,0
Property Damage Crash,05-02-2023 22:00,County,MIDDLEBROOK RD,N/A,SAME DIR REND LEFT TURN,RAINING,WET,DARK LIGHTS ON,NO CONTROLS,Yes,NO APPARENT INJURY,LOOKED BUT DID NOT SEE,PASSENGER CAR,MOVING CONSTANT SPEED,West,West,45,2003,HOND,1.5,72.2,67.2,0
Property Damage Crash,05-02-2023 23:00,Maryland (State),RIVER RD,N/A,SAME DIR REAR END,CLEAR,DRY,DARK LIGHTS ON,TRAFFIC SIGNAL,No,NO APPARENT INJURY,NOT DISTRACTED,PASSENGER CAR,SLOWING OR STOPPING,North,North,35,2011,FORD,3,84.3,70.3,0
Property Damage Crash,06-02-2023 02:30,,,,SINGLE VEHICLE,N/A,,DARK LIGHTS ON,NO CONTROLS,Yes,NO APPARENT INJURY,NOT DISTRACTED,POLICE VEHICLE/NON EMERGENCY,MOVING CONSTANT SPEED,East,East,10,2016,DODGE,3.2,73.8,64.8,0
Property Damage Crash,06-02-2023 04:55,County,GLEN RD,N/A,SAME DIR REAR END,CLEAR,DRY,DAYLIGHT,NO CONTROLS,No,NO APPARENT INJURY,NOT DISTRACTED,VAN,MAKING LEFT TURN,South,West,30,2020,DODGE,1.2,75.1,73.4,0
Property Damage Crash,06-02-2023 04:55,Maryland (State),VEIRS MILL RD,N/A,OTHER,CLEAR,DRY,DARK LIGHTS ON,NO CONTROLS,No,NO APPARENT INJURY,NOT DISTRACTED,PASSENGER CAR,MOVING CONSTANT SPEED,East,East,35,2019,FORD,5.6,82.7,68.8,0
Injury Crash,06-02-2023 05:20,Maryland (State),RIDGE RD,N/A,SAME DIR REAR END,CLEAR,DRY,DAYLIGHT,NO CONTROLS,Yes,SUSPECTED MINOR INJURY,NOT DISTRACTED,MOTORCYCLE,MOVING CONSTANT SPEED,North,North,40,2014,HARLEY DAVIDSON,1,75.8,70.3,0