ACRS Report Type,Date and Time,Route Type,Road Name,Municipality,Collision Type,Weather,Surface Condition,Light,Traffic Control,Driver At Fault,Injury Severity,Driver Distracted By,Vehicle Body Type,Vehicle Movement,Vehicle Continuing Dir,Vehicle Going Dir,Speed Limit,Vehicle Year,Vehicle Make,Wind Speed (MPH),TMP10-DK ,Relative Humidity (%),Rain (Inches)
Property Damage Crash,06-02-2023 05:20,County,MUDDY BRANCH RD,N/A,SAME DIR REAR END,CLEAR,DRY,DAYLIGHT,N/A,Yes,NO APPARENT INJURY,NOT DISTRACTED,PASSENGER CAR,SLOWING OR STOPPING,South,South,45,2001,HONDA,3.8,70.8,61.6,0
Property Damage Crash,06-02-2023 05:45,Maryland (State),FREDERICK RD,N/A,HEAD ON LEFT TURN,CLEAR,DRY,DAYLIGHT,TRAFFIC SIGNAL,Unknown,NO APPARENT INJURY,UNKNOWN,PASSENGER CAR,MOVING CONSTANT SPEED,South,South,40,2018,HYUNDAI,6.8,78.6,66,0
Property Damage Crash,06-02-2023 05:45,County,CENTERHILL ST,N/A,N/A,CLOUDY,DRY,DAYLIGHT,NO CONTROLS,Yes,NO APPARENT INJURY,NOT DISTRACTED,PASSENGER CAR,ACCELERATING,North,North,15,2003,LEXUS,3.3,93.4,72.5,0
Property Damage Crash,06-02-2023 07:30,Maryland (State),VEIRS MILL RD,N/A,SAME DIR REAR END,CLEAR,DRY,DAYLIGHT,NO CONTROLS,No,NO APPARENT INJURY,NOT DISTRACTED,OTHER,SLOWING OR STOPPING,West,West,30,2010,TOYT,4.7,90,67.5,0
Property Damage Crash,06-02-2023 07:30,Municipality,CHESTNUT ST,GAITHERSBURG,SAME DIRECTION RIGHT TURN,CLEAR,DRY,DARK LIGHTS ON,TRAFFIC SIGNAL,No,NO APPARENT INJURY,NOT DISTRACTED,PASSENGER CAR,MAKING RIGHT TURN,South,East,25,2007,TOYOTA,2.2,71.6,68.2,0
Injury Crash,06-02-2023 07:43,County,WELLER RD,N/A,SAME DIR REAR END,CLEAR,DRY,DAYLIGHT,NO CONTROLS,No,NO APPARENT INJURY,NOT DISTRACTED,VAN,MAKING RIGHT TURN,North,West,25,2015,TOYTA,2.4,74.8,71.9,0
Injury Crash,06-02-2023 07:43,County,SAM EIG HWY,N/A,SAME DIR REAR END,CLEAR,DRY,DAYLIGHT,TRAFFIC SIGNAL,Yes,NO APPARENT INJURY,INATTENTIVE OR LOST IN THOUGHT,PASSENGER CAR,ACCELERATING,North,North,35,2009,HONDA,5.2,82.9,71.6,0
Injury Crash,06-02-2023 07:45,US (State),COLUMBIA PIKE,N/A,SINGLE VEHICLE,CLEAR,DRY,DARK NO LIGHTS,NO CONTROLS,Yes,SUSPECTED MINOR INJURY,NOT DISTRACTED,PASSENGER CAR,SLOWING OR STOPPING,South,South,50,2016,INFINITI,1.5,70.7,65.6,0
Fatal Crash,06-02-2023 08:25,Maryland (State),FREDERICK RD,N/A,HEAD ON LEFT TURN,CLEAR,DRY,DARK LIGHTS ON,FLASHING TRAFFIC SIGNAL,Yes,POSSIBLE INJURY,UNKNOWN,PASSENGER CAR,MOVING CONSTANT SPEED,South,South,40,2013,SCION,6.5,82.6,70.9,0
Injury Crash,06-02-2023 08:25,Maryland (State),NEW HAMPSHIRE AVE,N/A,SAME DIR REAR END,CLEAR,DRY,DARK LIGHTS ON,TRAFFIC SIGNAL,Yes,NO APPARENT INJURY,OTHER CELLULAR PHONE RELATED,PASSENGER CAR,MOVING CONSTANT SPEED,North,North,40,2017,HONDA,2.2,81.3,73.8,0
Injury Crash,06-02-2023 08:31,County,OLD GEORGETOWN RD,N/A,OTHER,CLEAR,DRY,DARK LIGHTS ON,NO CONTROLS,Yes,SUSPECTED MINOR INJURY,LOOKED BUT DID NOT SEE,MOTORCYCLE,MOVING CONSTANT SPEED,West,West,25,2008,HOND,1.7,66.2,65.7,0
Injury Crash,06-02-2023 08:31,Ramp,RAMP 8 FR IS270 SB TO FATHER HURLEY BLVD,N/A,STRAIGHT MOVEMENT ANGLE,CLEAR,DRY,DAYLIGHT,TRAFFIC SIGNAL,Yes,NO APPARENT INJURY,NOT DISTRACTED,PASSENGER CAR,MOVING CONSTANT SPEED,North,South,50,2017,FORD,2.5,80.7,65.8,0
Property Damage Crash,06-02-2023 09:31,,,,SAME DIRECTION RIGHT TURN,RAINING,,DAYLIGHT,N/A,No,NO APPARENT INJURY,NOT DISTRACTED,PASSENGER CAR,SLOWING OR STOPPING,South,South,0,2017,LEXS,3.8,72.8,71,0
Injury Crash,06-02-2023 09:31,County,INDEPENDENCE ST,N/A,SAME DIR REAR END,CLEAR,DRY,DAYLIGHT,NO CONTROLS,No,POSSIBLE INJURY,NOT DISTRACTED,(SPORT) UTILITY VEHICLE,SLOWING OR STOPPING,East,East,25,2015,TOYOTA,1.5,70.8,67.8,0
Property Damage Crash,06-02-2023 09:42,County,SPRING ST,N/A,OTHER,WINTRY MIX,SLUSH,DAYLIGHT,TRAFFIC SIGNAL,No,NO APPARENT INJURY,NOT DISTRACTED,PASSENGER CAR,STARTING FROM LANE,East,East,40,2012,HYUN,8.4,85,70.9,0
Injury Crash,06-02-2023 09:42,Maryland (State),GEORGIA AVE,N/A,STRAIGHT MOVEMENT ANGLE,CLEAR,DRY,DARK LIGHTS ON,TRAFFIC SIGNAL,Yes,NO APPARENT INJURY,UNKNOWN,PASSENGER CAR,MOVING CONSTANT SPEED,North,North,45,2009,HOND,4.7,85.5,60.1,0
Property Damage Crash,06-02-2023 10:45,Maryland (State),FREDERICK RD,N/A,SAME DIR REAR END,N/A,DRY,DARK LIGHTS ON,TRAFFIC SIGNAL,No,NO APPARENT INJURY,NOT DISTRACTED,PASSENGER CAR,STARTING FROM LANE,North,North,40,2005,HONDA,8.4,83.7,68,0
Injury Crash,06-02-2023 10:45,Municipality,WASHINGTONIAN BLVD,N/A,SINGLE VEHICLE,CLEAR,DRY,DAYLIGHT,NO CONTROLS,Unknown,NO APPARENT INJURY,LOOKED BUT DID NOT SEE,PASSENGER CAR,STARTING FROM LANE,East,East,25,2003,TOYT,4.4,79.2,64.4,0
Property Damage Crash,06-02-2023 11:25,County,NORBECK RD,N/A,STRAIGHT MOVEMENT ANGLE,CLEAR,DRY,DAWN,FLASHING TRAFFIC SIGNAL,No,NO APPARENT INJURY,NOT DISTRACTED,PASSENGER CAR,MOVING CONSTANT SPEED,East,East,45,2017,SUBARU,2.3,73.6,71.5,0.05
Injury Crash,06-02-2023 11:51,County,WELLER RD,N/A,SAME DIRECTION LEFT TURN,CLOUDY,DRY,DARK LIGHTS ON,NO CONTROLS,No,NO APPARENT INJURY,NOT DISTRACTED,PASSENGER CAR,MAKING U TURN,North,South,25,2016,HOND,4.1,79.1,74.7,0.12
Injury Crash,06-02-2023 13:24,,,,SAME DIRECTION SIDESWIPE,RAINING,,DARK LIGHTS ON,NO CONTROLS,Yes,NO APPARENT INJURY,LOOKED BUT DID NOT SEE,PASSENGER CAR,PARKING,Unknown,Unknown,25,2018,HONDA,3.2,83.2,69.6,0.01
Injury Crash,06-02-2023 13:24,Maryland (State),FREDERICK RD,GAITHERSBURG,STRAIGHT MOVEMENT ANGLE,CLEAR,DRY,DAYLIGHT,NO CONTROLS,Yes,NO APPARENT INJURY,UNKNOWN,UNKNOWN,MAKING LEFT TURN,North,East,30,2004,TOYOTA,3.9,86,69.7,0
Injury Crash,06-02-2023 13:30,Maryland (State),NORBECK RD,ROCKVILLE,STRAIGHT MOVEMENT ANGLE,CLEAR,DRY,DARK -- UNKNOWN LIGHTING,NO CONTROLS,No,SUSPECTED SERIOUS INJURY,NOT DISTRACTED,PASSENGER CAR,MOVING CONSTANT SPEED,South,South,50,2009,NISSAN,2.9,87.1,72.7,0
Injury Crash,06-02-2023 13:30,Maryland (State),VEIRS MILL RD,N/A,STRAIGHT MOVEMENT ANGLE,CLEAR,DRY,DARK LIGHTS ON,NO CONTROLS,No,POSSIBLE INJURY,NOT DISTRACTED,PASSENGER CAR,MOVING CONSTANT SPEED,East,East,40,2003,NISS,3.6,88,73,0
Injury Crash,06-02-2023 13:30,Maryland (State),FREDERICK RD,N/A,HEAD ON LEFT TURN,CLEAR,DRY,DAYLIGHT,TRAFFIC SIGNAL,No,SUSPECTED MINOR INJURY,NOT DISTRACTED,(SPORT) UTILITY VEHICLE,MOVING CONSTANT SPEED,North,North,45,2013,GMC,2.2,70.9,69,0
Property Damage Crash,06-02-2023 13:30,Maryland (State),CLOPPER RD,N/A,SAME DIR REAR END,CLEAR,DRY,DAYLIGHT,TRAFFIC SIGNAL,No,NO APPARENT INJURY,NOT DISTRACTED,PASSENGER CAR,SLOWING OR STOPPING,South,South,30,2005,PONT,9.3,85,68.6,0
Injury Crash,06-02-2023 13:30,County,GOOD HOPE RD,N/A,HEAD ON,CLOUDY,WET,DARK LIGHTS ON,NO CONTROLS,No,POSSIBLE INJURY,NOT DISTRACTED,PICKUP TRUCK,MOVING CONSTANT SPEED,South,South,30,2007,DODGE,1.9,69.3,68.6,0
Property Damage Crash,06-02-2023 14:47,County,MIDDLEBROOK RD,N/A,ANGLE MEETS LEFT TURN,N/A,WET,DAYLIGHT,TRAFFIC SIGNAL,No,NO APPARENT INJURY,NOT DISTRACTED,PASSENGER CAR,MOVING CONSTANT SPEED,South,South,40,2014,TOYOTA,1.3,67.6,63,0
Property Damage Crash,06-02-2023 16:51,County,GERMANTOWN RD,N/A,SINGLE VEHICLE,CLEAR,DRY,DARK LIGHTS ON,N/A,Yes,NO APPARENT INJURY,DISTRACTED BY OUTSIDE PERSON OBJECT OR EVENT,PASSENGER CAR,MOVING CONSTANT SPEED,North,North,40,2015,CHRYSLER,5.8,73.4,68,0
Injury Crash,06-02-2023 16:51,Maryland (State),DARNESTOWN RD,N/A,HEAD ON LEFT TURN,CLEAR,DRY,DAYLIGHT,N/A,Yes,POSSIBLE INJURY,UNKNOWN,PASSENGER CAR,MAKING LEFT TURN,South,West,50,2014,MERZ,2.2,74.1,70.5,0
Property Damage Crash,06-02-2023 17:05,Maryland (State),GEORGIA AVE,N/A,SAME DIR REAR END,RAINING,WET,DAYLIGHT,TRAFFIC SIGNAL,No,NO APPARENT INJURY,NOT DISTRACTED,PASSENGER CAR,SLOWING OR STOPPING,South,South,35,2017,HONDA,2.3,70.8,68.5,0
Injury Crash,06-02-2023 17:31,,VEIRS MILL RD,N/A,STRAIGHT MOVEMENT ANGLE,RAINING,WET,DAYLIGHT,NO CONTROLS,Yes,POSSIBLE INJURY,NOT DISTRACTED,PASSENGER CAR,ACCELERATING,South,East,30,2022,HONDA,3.6,80.6,65.9,0
Property Damage Crash,06-02-2023 17:31,Maryland (State),ROCKVILLE PIKE,N/A,STRAIGHT MOVEMENT ANGLE,CLEAR,DRY,DAYLIGHT,TRAFFIC SIGNAL,Yes,NO APPARENT INJURY,NOT DISTRACTED,PASSENGER CAR,MAKING U TURN,North,East,35,2006,MERZ,2,65.2,59.3,0
Property Damage Crash,06-02-2023 18:20,,,,OTHER,RAINING,,DARK LIGHTS ON,NO CONTROLS,Yes,NO APPARENT INJURY,UNKNOWN,PASSENGER CAR,BACKING,East,East,5,1998,TOYOTA,1.6,75.9,68.8,0
Property Damage Crash,06-02-2023 18:20,County,CENTERWAY RD,N/A,SAME DIR REAR END,RAINING,WET,DARK LIGHTS ON,NO CONTROLS,Yes,NO APPARENT INJURY,NOT DISTRACTED,PASSENGER CAR,MOVING CONSTANT SPEED,West,West,30,2005,SCION,4.3,73.8,69.1,0
Injury Crash,06-02-2023 18:45,Maryland (State),GEORGIA AVE,N/A,SINGLE VEHICLE,CLEAR,N/A,DAYLIGHT,TRAFFIC SIGNAL,Unknown,NO APPARENT INJURY,NOT DISTRACTED,PASSENGER CAR,STARTING FROM LANE,East,South,35,2011,FORD,4.2,80.4,74,0.15
Injury Crash,06-02-2023 18:45,Maryland (State),GEORGIA AVE,N/A,HEAD ON LEFT TURN,CLEAR,DRY,DAYLIGHT,TRAFFIC SIGNAL,Yes,SUSPECTED MINOR INJURY,UNKNOWN,PASSENGER CAR,MAKING LEFT TURN,East,South,35,2007,HONDA,2.5,68.1,62,0
Property Damage Crash,06-02-2023 18:47,County,NICHOLSON CT,N/A,STRAIGHT MOVEMENT ANGLE,CLEAR,DRY,DAYLIGHT,NO CONTROLS,Yes,NO APPARENT INJURY,LOOKED BUT DID NOT SEE,PASSENGER CAR,ACCELERATING,South,South,25,2007,LEXU,1.1,79.3,69.9,0
Property Damage Crash,06-02-2023 19:06,Maryland (State),NEW HAMPSHIRE AVE,N/A,SAME DIR REAR END,CLEAR,DRY,DAYLIGHT,TRAFFIC SIGNAL,No,NO APPARENT INJURY,NOT DISTRACTED,PASSENGER CAR,ACCELERATING,North,North,35,2009,TOYT,1.1,79.9,70,0
Property Damage Crash,06-02-2023 19:06,Maryland (State),VEIRS MILL RD,N/A,SAME DIR REAR END,CLEAR,DRY,DARK LIGHTS ON,NO CONTROLS,No,NO APPARENT INJURY,NOT DISTRACTED,PASSENGER CAR,MOVING CONSTANT SPEED,East,East,45,2013,FORD,3.3,90.3,74.4,0
Property Damage Crash,06-02-2023 19:30,County,LOCKWOOD DR,N/A,SAME DIRECTION SIDESWIPE,CLEAR,DRY,DAWN,NO CONTROLS,No,NO APPARENT INJURY,NOT DISTRACTED,PASSENGER CAR,ACCELERATING,North,North,30,2018,TOYOTA,5.3,81.8,61.1,0
Property Damage Crash,06-02-2023 19:30,,,,OPPOSITE DIRECTION SIDESWIPE,CLEAR,,DARK LIGHTS ON,NO CONTROLS,Yes,NO APPARENT INJURY,NOT DISTRACTED,PASSENGER CAR,MAKING RIGHT TURN,East,North,0,2004,ACURA,4.8,76.5,58.4,0
Injury Crash,06-02-2023 19:30,Maryland (State),OLD GEORGETOWN RD,N/A,ANGLE MEETS LEFT TURN,CLEAR,DRY,DAYLIGHT,TRAFFIC SIGNAL,No,POSSIBLE INJURY,NOT DISTRACTED,PASSENGER CAR,STOPPED IN TRAFFIC LANE,West,West,30,2010,TOYOT,4.1,71.7,71.4,0
Property Damage Crash,06-02-2023 19:30,Maryland (State),ROCKVILLE PIKE,N/A,SAME DIRECTION SIDESWIPE,SNOW,WET,DARK LIGHTS ON,TRAFFIC SIGNAL,Unknown,NO APPARENT INJURY,LOOKED BUT DID NOT SEE,STATION WAGON,MOVING CONSTANT SPEED,North,North,35,2007,TOYOTA,9.1,84.1,67,0
Property Damage Crash,06-02-2023 21:20,County,NATIA MANOR DR,N/A,SINGLE VEHICLE,N/A,DRY,DARK LIGHTS ON,N/A,Yes,NO APPARENT INJURY,UNKNOWN,(SPORT) UTILITY VEHICLE,MAKING RIGHT TURN,North,North,30,2013,ACURA,1,76.6,71,0
Injury Crash,06-02-2023 21:20,Maryland (State),RIDGE RD,N/A,SAME DIR REAR END,CLEAR,DRY,DARK LIGHTS ON,TRAFFIC SIGNAL,No,NO APPARENT INJURY,NOT DISTRACTED,PASSENGER CAR,STOPPED IN TRAFFIC LANE,South,South,40,2016,CHEVROLET,6,85.6,68.1,0
Injury Crash,06-02-2023 22:49,County,BEL PRE RD,N/A,SINGLE VEHICLE,CLEAR,DRY,DAYLIGHT,NO CONTROLS,Yes,SUSPECTED MINOR INJURY,NOT DISTRACTED,MOTORCYCLE,ACCELERATING,East,East,30,2010,HARLEY DAVIDSON,3.8,86.5,66.4,0
Injury Crash,07-02-2023 00:55,Maryland (State),SANDY SPRING RD,N/A,STRAIGHT MOVEMENT ANGLE,CLEAR,N/A,DAYLIGHT,TRAFFIC SIGNAL,No,POSSIBLE INJURY,NOT DISTRACTED,POLICE VEHICLE/EMERGENCY,ACCELERATING,West,North,40,2010,ACURA,4.6,71.8,67.6,0
Property Damage Crash,07-02-2023 05:04,County,CHERRY HILL RD,N/A,OTHER,CLEAR,DRY,DAYLIGHT,NO CONTROLS,No,NO APPARENT INJURY,NOT DISTRACTED,PASSENGER CAR,MOVING CONSTANT SPEED,East,East,40,2014,LEXUS,3.2,80.7,68.8,0
Injury Crash,07-02-2023 06:53,,,,SAME DIR REAR END,CLEAR,,DAYLIGHT,N/A,No,POSSIBLE INJURY,NOT DISTRACTED,PASSENGER CAR,OTHER,North,North,0,2021,TOYOTA,5.5,78.1,71.4,0
Property Damage Crash,07-02-2023 06:53,County,AUTOMOBILE BLVD,N/A,OTHER,SNOW,SNOW,DARK LIGHTS ON,N/A,Yes,NO APPARENT INJURY,UNKNOWN,PICKUP TRUCK,PASSING,South,West,20,2022,DODGE,6,88.8,71.2,0
Injury Crash,07-02-2023 08:23,Maryland (State),GEORGIA AVE,N/A,SAME DIRECTION SIDESWIPE,CLEAR,DRY,DAYLIGHT,TRAFFIC SIGNAL,No,POSSIBLE INJURY,NOT DISTRACTED,PASSENGER CAR,MOVING CONSTANT SPEED,North,North,45,1991,HONDA,1.6,60.7,60,0
Property Damage Crash,07-02-2023 08:23,Maryland (State),FREDERICK RD,N/A,SAME DIR REAR END,CLEAR,DRY,DAYLIGHT,NO CONTROLS,Yes,NO APPARENT INJURY,OTHER DISTRACTION,PASSENGER CAR,ACCELERATING,North,North,45,2016,HONDA,3.8,87.4,69,0
Injury Crash,07-02-2023 09:56,County,MIDDLEBROOK RD,N/A,SAME DIR REAR END,N/A,DRY,DAYLIGHT,TRAFFIC SIGNAL,Yes,NO APPARENT INJURY,UNKNOWN,PASSENGER CAR,SLOWING OR STOPPING,East,East,40,1987,CHRYSLER,1.9,71.8,70.1,0
Property Damage Crash,07-02-2023 09:56,County,JONES LA,N/A,SAME DIRECTION SIDESWIPE,CLEAR,DRY,DAYLIGHT,STOP SIGN,Yes,NO APPARENT INJURY,UNKNOWN,PASSENGER CAR,ACCELERATING,North,North,35,2009,CHEV,3.9,86.1,62.9,0
Property Damage Crash,07-02-2023 11:12,Maryland (State),FREDERICK RD,N/A,SAME DIR BOTH LEFT TURN,CLEAR,DRY,DAYLIGHT,OTHER,Yes,NO APPARENT INJURY,UNKNOWN,"CARGO VAN/LIGHT TRUCK 2 AXLES (OVER 10,000LBS (4,536 KG))",MAKING LEFT TURN,South,South,35,2011,FORD,3.1,73.2,72,0
Injury Crash,07-02-2023 11:12,Maryland (State),GEORGIA AVE,N/A,SAME DIR REAR END,CLOUDY,DRY,DAYLIGHT,TRAFFIC SIGNAL,Yes,NO APPARENT INJURY,BY OTHER OCCUPANTS,PASSENGER CAR,ACCELERATING,South,South,35,1989,TOYT,4,69.2,62.7,0
Property Damage Crash,07-02-2023 12:00,Maryland (State),W DIAMOND AVE,N/A,ANGLE MEETS RIGHT TURN,CLEAR,DRY,DARK -- UNKNOWN LIGHTING,TRAFFIC SIGNAL,No,NO APPARENT INJURY,NOT DISTRACTED,PASSENGER CAR,MOVING CONSTANT SPEED,East,East,35,2015,HOND,3.9,72.2,68.7,0.08
Injury Crash,07-02-2023 12:00,Maryland (State),WOODFIELD RD,N/A,SAME DIR REAR END,RAINING,WET,DAYLIGHT,TRAFFIC SIGNAL,No,POSSIBLE INJURY,NOT DISTRACTED,(SPORT) UTILITY VEHICLE,STOPPED IN TRAFFIC LANE,North,North,45,2008,TOYT,6.3,78.1,67.4,0
Injury Crash,07-02-2023 13:00,,SNOWDEN FARM PKWY,N/A,SAME DIRECTION SIDESWIPE,CLEAR,DRY,DARK LIGHTS ON,TRAFFIC SIGNAL,No,NO APPARENT INJURY,NOT DISTRACTED,TRANSIT BUS,MAKING RIGHT TURN,West,South,35,2017,GILLIG,3.5,76.5,66,0
Property Damage Crash,07-02-2023 14:25,Maryland (State),W JEFFERSON ST,ROCKVILLE,ANGLE MEETS LEFT TURN,CLEAR,DRY,DARK LIGHTS ON,NO CONTROLS,Yes,NO APPARENT INJURY,OTHER DISTRACTION,(SPORT) UTILITY VEHICLE,MAKING U TURN,East,West,35,2001,NISSAN,3.9,73,65.1,0
Property Damage Crash,07-02-2023 14:41,County,MONTROSE RD,N/A,SAME DIR REAR END,CLEAR,DRY,DAYLIGHT,TRAFFIC SIGNAL,No,NO APPARENT INJURY,UNKNOWN,PASSENGER CAR,SLOWING OR STOPPING,East,East,40,2004,SUBARU,1.1,66.7,66,0
Property Damage Crash,07-02-2023 14:41,,,,OTHER,CLEAR,,DARK LIGHTS ON,N/A,Yes,NO APPARENT INJURY,LOOKED BUT DID NOT SEE,PASSENGER CAR,STARTING FROM PARKED,North,North,15,2002,CHEVY,4.1,72.8,67.4,0
Injury Crash,07-02-2023 15:04,Maryland (State),GEORGIA AVE,N/A,SAME DIRECTION SIDESWIPE,CLEAR,DRY,DAYLIGHT,N/A,No,SUSPECTED MINOR INJURY,NOT DISTRACTED,"CARGO VAN/LIGHT TRUCK 2 AXLES (OVER 10,000LBS (4,536 KG))",MOVING CONSTANT SPEED,North,North,35,2013,MERZ,3.8,86.8,69.5,0
Property Damage Crash,07-02-2023 15:04,Maryland (State),GEORGIA AVE,N/A,SAME DIR REAR END,RAINING,WET,DARK LIGHTS ON,TRAFFIC SIGNAL,No,NO APPARENT INJURY,NOT DISTRACTED,PASSENGER CAR,STOPPED IN TRAFFIC LANE,North,North,35,2007,TOYOTA,2.9,83.9,64.7,0
Injury Crash,07-02-2023 18:00,County,BAUER DR,N/A,SAME DIR REAR END,CLEAR,DRY,DAYLIGHT,N/A,Unknown,NO APPARENT INJURY,UNKNOWN,PASSENGER CAR,MOVING CONSTANT SPEED,East,East,25,2010,TOYOTA,4.1,85.9,70,0
Property Damage Crash,07-02-2023 18:08,,,,SAME DIRECTION LEFT TURN,CLEAR,,DAYLIGHT,NO CONTROLS,No,NO APPARENT INJURY,NOT DISTRACTED,VAN,MOVING CONSTANT SPEED,North,North,25,2008,KIA,4.1,71.3,70.8,0
Injury Crash,07-02-2023 18:10,County,BAUER DR,N/A,STRAIGHT MOVEMENT ANGLE,CLOUDY,WET,DAYLIGHT,TRAFFIC SIGNAL,No,NO APPARENT INJURY,NOT DISTRACTED,SCHOOL BUS,MAKING LEFT TURN,East,South,30,2020,THOMAS,0.9,62.8,60.7,0
Property Damage Crash,07-02-2023 18:10,County,TRAVILAH RD,N/A,STRAIGHT MOVEMENT ANGLE,CLEAR,DRY,DAYLIGHT,TRAFFIC SIGNAL,Yes,NO APPARENT INJURY,UNKNOWN,PASSENGER CAR,MAKING RIGHT TURN,South,East,35,2016,JEEP,1.9,74.6,65.3,0
Property Damage Crash,07-02-2023 18:25,US (State),COLESVILLE RD,N/A,SAME DIRECTION LEFT TURN,CLEAR,DRY,DAYLIGHT,OTHER,No,NO APPARENT INJURY,NOT DISTRACTED,PASSENGER CAR,MOVING CONSTANT SPEED,North,North,35,2010,VW,7,81.5,65.7,0
Injury Crash,07-02-2023 18:25,Maryland (State),ROCKVILLE PIKE,N/A,SAME DIRECTION RIGHT TURN,RAINING,WET,DAYLIGHT,NO CONTROLS,Yes,POSSIBLE INJURY,LOOKED BUT DID NOT SEE,PASSENGER CAR,STARTING FROM LANE,South,South,30,2008,HYUNDAI,9.3,93.4,70.6,0
Injury Crash,07-02-2023 18:34,County,COMUS RD,N/A,STRAIGHT MOVEMENT ANGLE,CLEAR,DRY,DAYLIGHT,STOP SIGN,No,NO APPARENT INJURY,NOT DISTRACTED,PICKUP TRUCK,STOPPED IN TRAFFIC LANE,Unknown,East,45,2016,FORD,0.9,66.8,63.2,0
Injury Crash,07-02-2023 18:34,Maryland (State),VEIRS MILL RD,N/A,SAME DIR REAR END,N/A,DRY,DAYLIGHT,N/A,No,NO APPARENT INJURY,NOT DISTRACTED,PASSENGER CAR,STOPPED IN TRAFFIC LANE,East,East,40,2002,TOYOTA,4.4,72.2,70.8,0
Injury Crash,07-02-2023 19:20,Government,LITTLE FALLS PKWY,N/A,SAME DIR REAR END,CLEAR,DRY,DAYLIGHT,TRAFFIC SIGNAL,No,POSSIBLE INJURY,NOT DISTRACTED,PASSENGER CAR,STOPPED IN TRAFFIC LANE,North,North,25,2012,HONDA,4.2,81.8,64.5,0
Property Damage Crash,07-02-2023 19:30,County,MACARTHUR BLVD,N/A,SAME DIR REAR END,RAINING,WET,DAYLIGHT,NO CONTROLS,No,NO APPARENT INJURY,NOT DISTRACTED,PASSENGER CAR,STOPPED IN TRAFFIC LANE,North,North,35,2018,BUIC,1.2,69.6,64.4,0
Property Damage Crash,07-02-2023 19:30,County,E GUDE DR,N/A,SAME DIR REAR END,CLOUDY,DRY,DAYLIGHT,NO CONTROLS,No,NO APPARENT INJURY,NOT DISTRACTED,PASSENGER CAR,STOPPED IN TRAFFIC LANE,West,West,40,2015,FORD,1.2,70.1,68.5,0
Property Damage Crash,07-02-2023 21:30,Maryland (State),GEORGIA AVE,N/A,SAME DIRECTION SIDESWIPE,RAINING,WET,DAYLIGHT,NO CONTROLS,No,NO APPARENT INJURY,NOT DISTRACTED,PICKUP TRUCK,MOVING CONSTANT SPEED,South,South,35,1999,FORD,2.5,76.8,69.9,0
Property Damage Crash,07-02-2023 21:45,Maryland (State),NEW HAMPSHIRE AVE,N/A,SAME DIR REAR END,CLEAR,DRY,DARK LIGHTS ON,NO CONTROLS,Unknown,NO APPARENT INJURY,UNKNOWN,VAN,MOVING CONSTANT SPEED,North,North,35,2001,FORD,3.8,76,64.2,0
Property Damage Crash,07-02-2023 21:45,Maryland (State),ROCKVILLE PIKE,ROCKVILLE,STRAIGHT MOVEMENT ANGLE,CLEAR,DRY,DAYLIGHT,NO CONTROLS,No,NO APPARENT INJURY,NOT DISTRACTED,PASSENGER CAR,MAKING RIGHT TURN,North,West,40,2016,HOND,4.8,82.4,68.2,0
Property Damage Crash,07-02-2023 22:11,Maryland (State),GEORGIA AVE,N/A,SAME DIR REAR END,CLEAR,DRY,DAYLIGHT,NO CONTROLS,No,NO APPARENT INJURY,NOT DISTRACTED,PASSENGER CAR,STOPPED IN TRAFFIC LANE,South,South,35,2012,KIA,5.3,72.2,66.1,0
Property Damage Crash,07-02-2023 22:11,Maryland (State),UNIVERSITY BLVD W,N/A,HEAD ON LEFT TURN,RAINING,WET,DAYLIGHT,TRAFFIC SIGNAL,No,NO APPARENT INJURY,NOT DISTRACTED,PASSENGER CAR,MOVING CONSTANT SPEED,East,East,35,2005,HOND,1.6,74.8,71.1,0.01
Property Damage Crash,07-02-2023 23:30,County,BRIGGS CHANEY RD,N/A,STRAIGHT MOVEMENT ANGLE,CLEAR,DRY,DARK LIGHTS ON,FLASHING TRAFFIC SIGNAL,Yes,NO APPARENT INJURY,NOT DISTRACTED,PASSENGER CAR,STARTING FROM LANE,North,North,35,2018,FORD,2.6,67,64.7,0
Property Damage Crash,07-02-2023 23:30,,,,OTHER,CLEAR,,DAYLIGHT,NO CONTROLS,No,NO APPARENT INJURY,NOT DISTRACTED,POLICE VEHICLE/NON EMERGENCY,BACKING,South,South,5,2014,DODGE,1,74.5,70.2,0
Property Damage Crash,08-02-2023 06:47,,,,SINGLE VEHICLE,CLEAR,,DAYLIGHT,N/A,Yes,NO APPARENT INJURY,NOT DISTRACTED,PASSENGER CAR,ACCELERATING,East,East,15,1997,CHEVY,2.3,78.8,66.3,0
Property Damage Crash,08-02-2023 06:47,Maryland (State),MUNCASTER MILL RD,N/A,SAME DIR REAR END,RAINING,WET,DARK LIGHTS ON,NO CONTROLS,No,NO APPARENT INJURY,NOT DISTRACTED,PASSENGER CAR,SLOWING OR STOPPING,West,West,35,2009,AUDI,5.1,89.1,73.2,0
Property Damage Crash,08-02-2023 07:52,,,,HEAD ON,CLEAR,,DARK LIGHTS ON,STOP SIGN,Yes,NO APPARENT INJURY,NOT DISTRACTED,(SPORT) UTILITY VEHICLE,MOVING CONSTANT SPEED,West,West,30,2020,JEEP,0.8,66.8,66,0