ACRS Report Type,Date and Time,Route Type,Road Name,Municipality,Collision Type,Weather,Surface Condition,Light,Traffic Control,Driver At Fault,Injury Severity,Driver Distracted By,Vehicle Body Type,Vehicle Movement,Vehicle Continuing Dir,Vehicle Going Dir,Speed Limit,Vehicle Year,Vehicle Make,Wind Speed (MPH),TMP10-DK ,Relative Humidity (%),Rain (Inches)
Injury Crash,08-02-2023 07:52,County,MUDDY BRANCH RD,GAITHERSBURG,STRAIGHT MOVEMENT ANGLE,CLEAR,DRY,DAYLIGHT,STOP SIGN,No,SUSPECTED SERIOUS INJURY,NOT DISTRACTED,PASSENGER CAR,MOVING CONSTANT SPEED,South,South,45,2010,TOYOTA,3.7,78.9,71.1,0
Injury Crash,08-02-2023 07:52,County,ELKIN ST,N/A,STRAIGHT MOVEMENT ANGLE,CLEAR,DRY,DAYLIGHT,NO CONTROLS,No,NO APPARENT INJURY,NOT DISTRACTED,PASSENGER CAR,MAKING RIGHT TURN,West,South,25,2017,BUIC,1.4,69.8,66.9,0
Property Damage Crash,08-02-2023 08:04,Maryland (State),ROCKVILLE PIKE,ROCKVILLE,SAME DIR REAR END,CLEAR,DRY,DAYLIGHT,NO CONTROLS,Yes,NO APPARENT INJURY,NOT DISTRACTED,PASSENGER CAR,MOVING CONSTANT SPEED,North,North,40,2004,HONDA,0.9,68.4,67.8,0
Property Damage Crash,08-02-2023 08:04,,,,OTHER,CLEAR,,DAYLIGHT,NO CONTROLS,No,NO APPARENT INJURY,NOT DISTRACTED,PASSENGER CAR,PARKED,,,10,2012,RANGE ROVER,4.8,85.6,67.4,0
Property Damage Crash,08-02-2023 09:35,Maryland (State),GEORGIA AVE,N/A,SAME DIR REAR END,CLEAR,DRY,DAYLIGHT,TRAFFIC SIGNAL,Yes,NO APPARENT INJURY,OTHER DISTRACTION,PASSENGER CAR,SLOWING OR STOPPING,South,South,50,2005,SCIO,3.9,73,72.5,0
Property Damage Crash,08-02-2023 09:35,Maryland (State),LAYHILL RD,N/A,HEAD ON LEFT TURN,CLEAR,DRY,DARK LIGHTS ON,NO CONTROLS,Yes,NO APPARENT INJURY,UNKNOWN,PASSENGER CAR,MOVING CONSTANT SPEED,South,South,35,2002,TOYOTA,5,71.8,69.7,0.55
Property Damage Crash,08-02-2023 10:05,Maryland (State),W DIAMOND AVE,GAITHERSBURG,OPPOSITE DIRECTION SIDESWIPE,CLEAR,DRY,DARK LIGHTS ON,STOP SIGN,Yes,NO APPARENT INJURY,UNKNOWN,PASSENGER CAR,MOVING CONSTANT SPEED,East,East,35,2012,TOYOTA,0.9,62.5,60.7,0
Property Damage Crash,08-02-2023 10:05,US (State),COLUMBIA PIKE,N/A,OTHER,CLEAR,DRY,DARK LIGHTS ON,NO CONTROLS,No,NO APPARENT INJURY,NOT DISTRACTED,TRANSIT BUS,MOVING CONSTANT SPEED,North,North,55,2013,NEW FLYER,0.6,71.7,70.4,0
Property Damage Crash,08-02-2023 10:20,Maryland (State),CONNECTICUT AVE,N/A,SAME DIRECTION SIDESWIPE,CLEAR,DRY,DARK LIGHTS ON,TRAFFIC SIGNAL,No,NO APPARENT INJURY,NOT DISTRACTED,PASSENGER CAR,MOVING CONSTANT SPEED,North,North,35,2009,HONDA,1.4,67.4,66.3,0
Property Damage Crash,08-02-2023 10:20,County,MONTGOMERY VILLAGE AVE,N/A,SAME DIRECTION RIGHT TURN,CLEAR,N/A,DARK LIGHTS ON,NO CONTROLS,No,NO APPARENT INJURY,NOT DISTRACTED,PASSENGER CAR,MOVING CONSTANT SPEED,North,North,35,2015,VW,4.8,82.9,61.4,0
Injury Crash,08-02-2023 11:30,County,MIDDLEBROOK RD,N/A,SAME DIRECTION SIDESWIPE,CLEAR,DRY,DAYLIGHT,TRAFFIC SIGNAL,No,NO APPARENT INJURY,NOT DISTRACTED,PASSENGER CAR,ACCELERATING,East,East,20,2015,INFINITI,1.2,75.5,65.7,0
Injury Crash,08-02-2023 11:30,Maryland (State),SANDY SPRING RD,N/A,STRAIGHT MOVEMENT ANGLE,CLEAR,DRY,DAYLIGHT,TRAFFIC SIGNAL,Yes,POSSIBLE INJURY,NOT DISTRACTED,"CARGO VAN/LIGHT TRUCK 2 AXLES (OVER 10,000LBS (4,536 KG))",STARTING FROM PARKED,South,South,35,2012,INTERNATIONAL,3.4,86.2,63.9,0
Property Damage Crash,08-02-2023 12:20,Government,BEACH DR,N/A,SINGLE VEHICLE,RAINING,WET,DAYLIGHT,NO CONTROLS,Unknown,NO APPARENT INJURY,NOT DISTRACTED,PASSENGER CAR,MOVING CONSTANT SPEED,East,East,25,2002,VOLVO,2.7,76,62.7,0
Property Damage Crash,08-02-2023 12:20,US (State),COLUMBIA PIKE,N/A,SAME DIR REAR END,CLOUDY,DRY,DAYLIGHT,TRAFFIC SIGNAL,No,NO APPARENT INJURY,NOT DISTRACTED,PASSENGER CAR,SLOWING OR STOPPING,South,South,50,2016,CHEVY,3.7,74.8,70.7,0
Injury Crash,08-02-2023 14:00,Municipality,E GUDE DR,N/A,SAME DIR REAR END,CLEAR,DRY,DARK NO LIGHTS,NO CONTROLS,No,SUSPECTED MINOR INJURY,NOT DISTRACTED,PASSENGER CAR,STOPPED IN TRAFFIC LANE,East,East,40,2004,SUBARU,6,80.2,67.9,0
Injury Crash,08-02-2023 14:00,Maryland (State),GEORGIA AVE,N/A,SAME DIR REAR END,CLEAR,DRY,N/A,N/A,No,NO APPARENT INJURY,NOT DISTRACTED,PASSENGER CAR,STOPPED IN TRAFFIC LANE,South,South,35,2014,HONDA,5.7,75.8,70.5,0
Injury Crash,08-02-2023 14:15,Maryland (State),FALLS RD,N/A,SAME DIR REAR END,CLEAR,DRY,DAYLIGHT,TRAFFIC SIGNAL,No,POSSIBLE INJURY,NOT DISTRACTED,"CARGO VAN/LIGHT TRUCK 2 AXLES (OVER 10,000LBS (4,536 KG))",STOPPED IN TRAFFIC LANE,North,North,35,2006,FORD,5.6,81.6,63.9,0
Property Damage Crash,08-02-2023 14:15,Maryland (State),EAST WEST HWY,N/A,STRAIGHT MOVEMENT ANGLE,CLEAR,DRY,DAYLIGHT,NO CONTROLS,Yes,NO APPARENT INJURY,UNKNOWN,PASSENGER CAR,PASSING,South,West,35,2010,HYUN,2.3,79.7,69.1,0
Property Damage Crash,08-02-2023 15:08,Maryland (State),UNIVERSITY BLVD E,N/A,SAME DIRECTION SIDESWIPE,CLOUDY,DRY,DAYLIGHT,TRAFFIC SIGNAL,Yes,NO APPARENT INJURY,NOT DISTRACTED,VAN,MAKING RIGHT TURN,South,East,40,2017,GMC,0.9,67.1,59.3,0
Injury Crash,08-02-2023 15:12,County,SHADY GROVE RD,N/A,SAME DIRECTION RIGHT TURN,CLEAR,DRY,DAYLIGHT,N/A,Yes,NO APPARENT INJURY,NOT DISTRACTED,"OTHER LIGHT TRUCKS (10,000LBS (4,536KG) OR LESS)",CHANGING LANES,West,West,40,2012,HONDA,4.4,69.9,66.4,0
Property Damage Crash,08-02-2023 15:12,Interstate (State),EISENHOWER MEMORIAL HWY,N/A,SAME DIR REAR END,RAINING,WET,DAYLIGHT,N/A,Yes,NO APPARENT INJURY,INATTENTIVE OR LOST IN THOUGHT,OTHER,MOVING CONSTANT SPEED,South,South,55,2012,NISS,5.3,83,72.6,0
Injury Crash,08-02-2023 15:17,County,DUFIEF MILL RD,N/A,HEAD ON,CLEAR,DRY,DUSK,N/A,No,POSSIBLE INJURY,NOT DISTRACTED,PASSENGER CAR,MOVING CONSTANT SPEED,North,North,35,2013,BMW,7,87.7,72.4,0
Property Damage Crash,08-02-2023 15:17,Maryland (State),BRADLEY BLVD,N/A,STRAIGHT MOVEMENT ANGLE,CLEAR,DRY,DAYLIGHT,NO CONTROLS,Yes,NO APPARENT INJURY,LOOKED BUT DID NOT SEE,PASSENGER CAR,ACCELERATING,West,West,30,2016,MERZ,5.4,77.6,61.6,0
Property Damage Crash,08-02-2023 15:37,,,,SAME DIR REAR END,CLEAR,,DAYLIGHT,NO CONTROLS,No,NO APPARENT INJURY,NOT DISTRACTED,VAN,STOPPED IN TRAFFIC LANE,Unknown,Unknown,15,2002,HOND,8.6,75.2,62.7,0
Property Damage Crash,08-02-2023 16:42,County,RANDOLPH RD,N/A,SAME DIR REAR END,RAINING,WET,DAYLIGHT,TRAFFIC SIGNAL,Yes,NO APPARENT INJURY,NOT DISTRACTED,PASSENGER CAR,SLOWING OR STOPPING,East,East,45,2014,HONDA,4.2,71.5,69.4,0
Injury Crash,08-02-2023 16:42,Maryland (State),GOLDSBORO RD,N/A,SAME DIR REAR END,CLEAR,DRY,DAYLIGHT,TRAFFIC SIGNAL,No,NO APPARENT INJURY,NOT DISTRACTED,PASSENGER CAR,MOVING CONSTANT SPEED,East,East,30,1995,TOYOTA,4.6,71.5,71.2,0
Injury Crash,08-02-2023 17:12,County,ARCOLA AVE,N/A,OTHER,CLEAR,DRY,DAYLIGHT,NO CONTROLS,Yes,NO APPARENT INJURY,UNKNOWN,PASSENGER CAR,MOVING CONSTANT SPEED,East,East,30,2012,NISSAN,4.8,78.7,58.2,0
Property Damage Crash,08-02-2023 17:22,Municipality,N WASHINGTON ST,N/A,SAME DIR BOTH LEFT TURN,WINTRY MIX,ICE,DAYLIGHT,TRAFFIC SIGNAL,No,NO APPARENT INJURY,NOT DISTRACTED,OTHER,SLOWING OR STOPPING,North,North,25,2015,USPS,3.3,85.1,68.6,0
Property Damage Crash,08-02-2023 17:22,Maryland (State),VEIRS MILL RD,N/A,STRAIGHT MOVEMENT ANGLE,CLEAR,DRY,DAYLIGHT,STOP SIGN,No,NO APPARENT INJURY,NOT DISTRACTED,PASSENGER CAR,STOPPED IN TRAFFIC LANE,West,West,35,2012,HOND,1.9,84.4,63.1,0
Injury Crash,08-02-2023 18:26,,,,STRAIGHT MOVEMENT ANGLE,CLEAR,,N/A,STOP SIGN,No,POSSIBLE INJURY,NOT DISTRACTED,MOTORCYCLE,MOVING CONSTANT SPEED,West,West,0,2002,YAMA,1.2,67.2,65.9,0
Property Damage Crash,08-02-2023 18:26,Municipality,SIOUX LA,GAITHERSBURG,HEAD ON LEFT TURN,CLEAR,DRY,DARK LIGHTS ON,NO CONTROLS,Yes,NO APPARENT INJURY,INATTENTIVE OR LOST IN THOUGHT,PASSENGER CAR,MOVING CONSTANT SPEED,North,North,25,2015,KIA,6.3,80.4,65.9,0
Property Damage Crash,08-02-2023 18:27,Maryland (State),PINEY BRANCH RD,N/A,SAME DIRECTION SIDESWIPE,CLEAR,DRY,DAYLIGHT,STOP SIGN,No,NO APPARENT INJURY,NOT DISTRACTED,POLICE VEHICLE/EMERGENCY,MOVING CONSTANT SPEED,North,North,35,2014,NISSAN,1.1,72.1,64.6,0
Injury Crash,08-02-2023 18:27,Maryland (State),CONNECTICUT AVE,N/A,SAME DIRECTION SIDESWIPE,CLEAR,DRY,DAYLIGHT,NO CONTROLS,Yes,POSSIBLE INJURY,UNKNOWN,PASSENGER CAR,CHANGING LANES,South,South,45,2003,BMW,8.6,79,69,0
Property Damage Crash,08-02-2023 18:37,,,,OTHER,N/A,,DAYLIGHT,NO CONTROLS,Yes,NO APPARENT INJURY,UNKNOWN,PICKUP TRUCK,PARKING,Unknown,Unknown,5,2019,GMC,1.8,66.6,61.4,0
Injury Crash,08-02-2023 20:46,County,MIDDLEBROOK RD,N/A,HEAD ON LEFT TURN,CLEAR,DRY,DAYLIGHT,TRAFFIC SIGNAL,Yes,NO APPARENT INJURY,LOOKED BUT DID NOT SEE,PASSENGER CAR,STARTING FROM LANE,North,West,40,2005,KIA,1.9,71.9,69.2,0
Property Damage Crash,08-02-2023 20:46,Maryland (State),NEW HAMPSHIRE AVE,N/A,SAME DIR REAR END,CLEAR,DRY,DARK LIGHTS ON,N/A,No,NO APPARENT INJURY,NOT DISTRACTED,PASSENGER CAR,MOVING CONSTANT SPEED,South,South,40,2015,BMW,1.9,82.6,70.2,0
Injury Crash,08-02-2023 21:27,County,ARCOLA AVE,N/A,HEAD ON,CLEAR,DRY,DAYLIGHT,NO CONTROLS,No,POSSIBLE INJURY,NOT DISTRACTED,PASSENGER CAR,MOVING CONSTANT SPEED,West,West,25,2008,GMC,6.7,75.9,71.2,0
Injury Crash,08-02-2023 23:19,Municipality,E GUDE DR,ROCKVILLE,SAME DIRECTION SIDESWIPE,CLEAR,DRY,DAYLIGHT,NO CONTROLS,Yes,NO APPARENT INJURY,OTHER DISTRACTION,PASSENGER CAR,CHANGING LANES,East,East,35,2011,BMW,,,,4.76
Property Damage Crash,09-02-2023 04:45,Other Public Roadway,HENDERSON CORNER RD,N/A,STRAIGHT MOVEMENT ANGLE,N/A,DRY,DAYLIGHT,FLASHING TRAFFIC SIGNAL,No,NO APPARENT INJURY,NOT DISTRACTED,PASSENGER CAR,STARTING FROM LANE,West,West,30,2006,TOYT,1.1,70.6,69.3,0
Property Damage Crash,09-02-2023 05:46,County,MONTROSE RD,N/A,SINGLE VEHICLE,N/A,DRY,DAYLIGHT,NO CONTROLS,Yes,NO APPARENT INJURY,NOT DISTRACTED,SCHOOL BUS,BACKING,South,South,15,2008,THOMAS,1.8,73.7,70.7,0
Injury Crash,09-02-2023 08:02,Maryland (State),FREDERICK RD,N/A,STRAIGHT MOVEMENT ANGLE,CLEAR,DRY,DARK LIGHTS ON,TRAFFIC SIGNAL,Yes,SUSPECTED MINOR INJURY,UNKNOWN,PASSENGER CAR,MOVING CONSTANT SPEED,West,West,40,2015,KIA,3.6,81.3,58,0
Property Damage Crash,09-02-2023 09:15,,,,OTHER,CLEAR,,DARK LIGHTS ON,NO CONTROLS,Yes,NO APPARENT INJURY,UNKNOWN,PASSENGER CAR,MOVING CONSTANT SPEED,West,West,10,2002,CHEVY,4.8,83.6,63.4,0
Property Damage Crash,09-02-2023 09:20,County,E WAYNE AVE,N/A,STRAIGHT MOVEMENT ANGLE,CLOUDY,WET,DAYLIGHT,STOP SIGN,Yes,NO APPARENT INJURY,LOOKED BUT DID NOT SEE,PASSENGER CAR,ENTERING TRAFFIC LANE,South,South,35,2009,KIA,3.5,78.6,65.6,0
Injury Crash,09-02-2023 09:20,Maryland (State),VEIRS MILL RD,N/A,SAME DIR REAR END,CLEAR,DRY,DAYLIGHT,N/A,Yes,NO APPARENT INJURY,NOT DISTRACTED,PASSENGER CAR,SLOWING OR STOPPING,East,East,40,2017,NISS,5.7,80.4,74.2,0.19
Injury Crash,09-02-2023 10:15,,,,SINGLE VEHICLE,CLEAR,,OTHER,NO CONTROLS,Yes,POSSIBLE INJURY,DISTRACTED BY OUTSIDE PERSON OBJECT OR EVENT,PASSENGER CAR,ACCELERATING,South,South,5,2017,CADILLAC,4.7,80,66.7,0
Property Damage Crash,09-02-2023 10:15,Maryland (State),PINEY BRANCH RD,N/A,HEAD ON,CLEAR,DRY,DARK LIGHTS ON,NO CONTROLS,No,NO APPARENT INJURY,NOT DISTRACTED,PASSENGER CAR,MOVING CONSTANT SPEED,East,East,0,2003,TOYOTA,1.9,79.7,62.7,0
Property Damage Crash,09-02-2023 10:28,County,RANDOLPH RD,N/A,SAME DIR REAR END,CLEAR,DRY,DAYLIGHT,WARNING SIGN,Yes,NO APPARENT INJURY,NOT DISTRACTED,(SPORT) UTILITY VEHICLE,SLOWING OR STOPPING,East,East,40,2017,INFINITI,2,70.5,64.4,0
Injury Crash,09-02-2023 11:40,County,N SUMMIT AVE,GAITHERSBURG,STRAIGHT MOVEMENT ANGLE,CLOUDY,WET,DAYLIGHT,STOP SIGN,No,NO APPARENT INJURY,NOT DISTRACTED,PASSENGER CAR,MOVING CONSTANT SPEED,North,North,25,2003,AUDI,2.5,89.5,75.9,0
Property Damage Crash,09-02-2023 11:40,County,EISNER ST,N/A,SAME DIR REAR END,N/A,DRY,DAYLIGHT,NO CONTROLS,No,NO APPARENT INJURY,NOT DISTRACTED,(SPORT) UTILITY VEHICLE,STOPPED IN TRAFFIC LANE,South,South,25,2011,HONDA,1.8,72.6,67.2,0
Property Damage Crash,09-02-2023 11:40,Ramp,RAMP 1 FR IS 270 NB TO SHADY GROVE RD WB,N/A,SINGLE VEHICLE,FOGGY,WET,DAYLIGHT,NO CONTROLS,Unknown,NO APPARENT INJURY,NOT DISTRACTED,PASSENGER CAR,MOVING CONSTANT SPEED,Unknown,Unknown,30,2010,TOYOTA,5.5,79.1,71.5,0
Property Damage Crash,09-02-2023 11:40,County,QUINTON RD,N/A,SAME DIRECTION SIDESWIPE,CLEAR,DRY,DARK LIGHTS ON,NO CONTROLS,Yes,NO APPARENT INJURY,UNKNOWN,PASSENGER CAR,MOVING CONSTANT SPEED,East,East,25,2015,ACURA,2.1,71.5,66.5,0
Property Damage Crash,09-02-2023 12:07,County,WESTLAKE DR,N/A,SAME DIRECTION SIDESWIPE,CLOUDY,DRY,DAYLIGHT,NO CONTROLS,Yes,NO APPARENT INJURY,LOOKED BUT DID NOT SEE,PASSENGER CAR,MOVING CONSTANT SPEED,North,North,25,2019,TOYOTA,5.3,78.7,55,0
Property Damage Crash,09-02-2023 12:07,County,SLIGO AVE,N/A,SAME DIRECTION SIDESWIPE,CLEAR,DRY,DAYLIGHT,NO CONTROLS,Yes,NO APPARENT INJURY,NOT DISTRACTED,PASSENGER CAR,PASSING,East,East,30,2009,HONDA,2.1,74.6,70.5,0
Property Damage Crash,09-02-2023 12:30,Maryland (State),GEORGIA AVE,N/A,SAME DIR REAR END,CLEAR,DRY,DARK LIGHTS ON,TRAFFIC SIGNAL,Yes,NO APPARENT INJURY,NOT DISTRACTED,PASSENGER CAR,SLOWING OR STOPPING,North,North,35,2007,BMW,2.9,76.4,63.4,0
Property Damage Crash,09-02-2023 13:11,County,BROOKVILLE RD,N/A,HEAD ON LEFT TURN,CLOUDY,WET,DAYLIGHT,STOP SIGN,Yes,NO APPARENT INJURY,UNKNOWN,(SPORT) UTILITY VEHICLE,MOVING CONSTANT SPEED,East,East,25,2006,JEEP,3.1,72.2,71,0
Injury Crash,09-02-2023 13:12,Maryland (State),GEORGIA AVE,N/A,SINGLE VEHICLE,RAINING,WET,DARK LIGHTS ON,PERSON,Yes,NO APPARENT INJURY,NOT DISTRACTED,PASSENGER CAR,MOVING CONSTANT SPEED,South,South,40,2011,HYUNDAI,3.6,73.1,71.8,0
Property Damage Crash,09-02-2023 13:12,Municipality,THORNAPPLE ST,N/A,SINGLE VEHICLE,CLEAR,DRY,DAYLIGHT,STOP SIGN,Yes,NO APPARENT INJURY,NOT DISTRACTED,POLICE VEHICLE/NON EMERGENCY,MAKING RIGHT TURN,North,West,25,2018,DODGE,4.5,75.7,71.6,0
Injury Crash,09-02-2023 13:12,Maryland (State),EAST WEST HWY,N/A,HEAD ON LEFT TURN,CLEAR,DRY,DAYLIGHT,TRAFFIC SIGNAL,Yes,SUSPECTED MINOR INJURY,LOOKED BUT DID NOT SEE,N/A,MAKING LEFT TURN,South,East,35,2008,SAAB,7.1,83.1,67.9,0
Property Damage Crash,09-02-2023 13:12,County,ARCOLA AVE,N/A,SINGLE VEHICLE,FOGGY,DRY,DARK LIGHTS ON,NO CONTROLS,Yes,NO APPARENT INJURY,UNKNOWN,PASSENGER CAR,MOVING CONSTANT SPEED,East,South,35,2005,ACURA,1.8,72.9,65.5,0
Property Damage Crash,09-02-2023 15:00,,,,OTHER,CLEAR,,DAYLIGHT,NO CONTROLS,Yes,NO APPARENT INJURY,NOT DISTRACTED,PASSENGER CAR,BACKING,East,East,25,2014,HONDA,3.7,85.8,71.3,0
Property Damage Crash,09-02-2023 15:00,County,RANDOLPH RD,N/A,ANGLE MEETS LEFT TURN,CLEAR,DRY,DAYLIGHT,TRAFFIC SIGNAL,Yes,NO APPARENT INJURY,LOOKED BUT DID NOT SEE,PASSENGER CAR,MAKING LEFT TURN,South,West,35,2011,HYUN,7.6,87.6,75,0
Injury Crash,09-02-2023 15:00,Maryland (State),COLESVILLE RD,N/A,SAME DIR REAR END,CLOUDY,DRY,DAYLIGHT,TRAFFIC SIGNAL,No,NO APPARENT INJURY,NOT DISTRACTED,PASSENGER CAR,STOPPED IN TRAFFIC LANE,North,West,30,2017,MERZ,2.7,70.6,69.9,0
Property Damage Crash,09-02-2023 15:00,Maryland (State),OLD GEORGETOWN RD,N/A,SINGLE VEHICLE,OTHER,WET,DARK LIGHTS ON,NO CONTROLS,No,NO APPARENT INJURY,NOT DISTRACTED,PASSENGER CAR,ACCELERATING,North,North,35,2013,BMW,2.3,76.5,70.5,0
Injury Crash,09-02-2023 15:15,Maryland (State),NEW HAMPSHIRE AVE,TAKOMA PARK,ANGLE MEETS LEFT TURN,CLEAR,DRY,DAYLIGHT,TRAFFIC SIGNAL,No,POSSIBLE INJURY,NOT DISTRACTED,PASSENGER CAR,MAKING LEFT TURN,North,North,35,2017,TOYOTA,3.4,79.7,70.5,0
Property Damage Crash,09-02-2023 15:15,,,,OPPOSITE DIRECTION SIDESWIPE,CLEAR,,DAYLIGHT,NO CONTROLS,Yes,NO APPARENT INJURY,UNKNOWN,(SPORT) UTILITY VEHICLE,PARKING,South,South,20,2003,HONDA,1.3,71.4,66.8,0
Property Damage Crash,09-02-2023 15:45,County,BLUNT RD,N/A,SINGLE VEHICLE,RAINING,WET,DARK LIGHTS ON,NO CONTROLS,Yes,NO APPARENT INJURY,NOT DISTRACTED,PASSENGER CAR,MOVING CONSTANT SPEED,South,South,25,2007,NISSAN,4.6,73,67.5,0
Property Damage Crash,09-02-2023 15:51,County,QUINTON RD,N/A,OTHER,CLEAR,N/A,DARK LIGHTS ON,N/A,Yes,NO APPARENT INJURY,UNKNOWN,(SPORT) UTILITY VEHICLE,MOVING CONSTANT SPEED,Unknown,East,25,2003,HONDA,5.3,86,69.4,0
Property Damage Crash,09-02-2023 15:51,County,MONTROSE RD,ROCKVILLE,SAME DIR REAR END,CLEAR,DRY,DAYLIGHT,TRAFFIC SIGNAL,No,NO APPARENT INJURY,NOT DISTRACTED,PASSENGER CAR,STOPPED IN TRAFFIC LANE,West,West,40,2004,TOYT,2.5,73.5,72.3,0
Property Damage Crash,09-02-2023 16:20,County,RANDOLPH RD,N/A,STRAIGHT MOVEMENT ANGLE,CLEAR,DRY,DARK LIGHTS ON,STOP SIGN,Yes,NO APPARENT INJURY,UNKNOWN,PASSENGER CAR,ACCELERATING,West,South,20,2009,INFI,5.5,85.3,73.7,0
Injury Crash,09-02-2023 17:18,Maryland (State),COLESVILLE RD,N/A,SAME DIR REAR END,CLEAR,DRY,DAYLIGHT,TRAFFIC SIGNAL,No,NO APPARENT INJURY,NOT DISTRACTED,PASSENGER CAR,STOPPED IN TRAFFIC LANE,East,North,35,2009,HONDA,4,85.9,67.5,0
Property Damage Crash,09-02-2023 17:18,County,MONTROSE RD,N/A,SINGLE VEHICLE,RAINING,WET,DAYLIGHT,NO CONTROLS,Yes,NO APPARENT INJURY,UNKNOWN,PASSENGER CAR,MOVING CONSTANT SPEED,East,East,45,1997,NISS,1.5,73,70.9,0
Property Damage Crash,09-02-2023 19:57,Maryland (State),GREAT SENECA HWY,N/A,STRAIGHT MOVEMENT ANGLE,CLEAR,DRY,DAYLIGHT,TRAFFIC SIGNAL,Yes,NO APPARENT INJURY,LOOKED BUT DID NOT SEE,PASSENGER CAR,MOVING CONSTANT SPEED,North,North,50,1997,NISS,7,71.8,68.9,0.4
Injury Crash,09-02-2023 19:57,,,,SINGLE VEHICLE,CLEAR,,DAYLIGHT,NO CONTROLS,Yes,POSSIBLE INJURY,NOT DISTRACTED,PASSENGER CAR,ACCELERATING,Unknown,Unknown,15,2006,TOYOTA,1.1,71.3,69.5,0
Injury Crash,09-02-2023 20:59,Maryland (State),GEORGIA AVE,N/A,STRAIGHT MOVEMENT ANGLE,CLEAR,DRY,DARK LIGHTS ON,TRAFFIC SIGNAL,No,POSSIBLE INJURY,NOT DISTRACTED,PASSENGER CAR,MOVING CONSTANT SPEED,South,South,35,2001,TOYOTA,2.8,70.7,69.7,0
Property Damage Crash,09-02-2023 21:00,Maryland (State),GOLDSBORO RD,N/A,SAME DIR REND RIGHT TURN,CLEAR,WET,DAYLIGHT,TRAFFIC SIGNAL,Yes,NO APPARENT INJURY,UNKNOWN,,STARTING FROM LANE,East,North,25,0,UNKNOWN,1.2,70.7,69.7,0
Injury Crash,09-02-2023 21:00,US (State),COLUMBIA PIKE,N/A,SAME DIR REAR END,N/A,DRY,DAYLIGHT,NO CONTROLS,Yes,POSSIBLE INJURY,UNKNOWN,(SPORT) UTILITY VEHICLE,SLOWING OR STOPPING,South,South,40,2008,JEEP,6.2,90.9,70,0
Property Damage Crash,09-02-2023 21:00,County,SHADY GROVE RD,N/A,SAME DIRECTION RIGHT TURN,CLEAR,DRY,DARK LIGHTS ON,NO CONTROLS,Yes,NO APPARENT INJURY,UNKNOWN,TRUCK TRACTOR,CHANGING LANES,East,East,15,2007,STE,5.6,76.9,69,0
Property Damage Crash,09-02-2023 21:00,County,FLACK ST,N/A,SAME DIR REAR END,CLEAR,DRY,DARK LIGHTS ON,NO CONTROLS,Yes,NO APPARENT INJURY,UNKNOWN,PASSENGER CAR,MOVING CONSTANT SPEED,North,North,25,2017,CHEV,2.3,76.3,70.2,0
Injury Crash,09-02-2023 21:28,County,RANDOLPH RD,N/A,SAME DIR REAR END,CLEAR,DRY,DAYLIGHT,OTHER,Yes,POSSIBLE INJURY,NOT DISTRACTED,(SPORT) UTILITY VEHICLE,MOVING CONSTANT SPEED,East,East,35,2005,TOYT,2.1,72,69.7,0
Injury Crash,09-02-2023 21:28,Maryland (State),CONNECTICUT AVE,N/A,ANGLE MEETS LEFT TURN,CLEAR,DRY,DAYLIGHT,TRAFFIC SIGNAL,Unknown,POSSIBLE INJURY,UNKNOWN,PASSENGER CAR,MAKING LEFT TURN,East,South,25,2011,DODGE,2.8,72.7,71.5,0
Property Damage Crash,09-02-2023 21:30,,,,OTHER,CLEAR,,DAYLIGHT,NO CONTROLS,Yes,NO APPARENT INJURY,UNKNOWN,PASSENGER CAR,BACKING,Unknown,Unknown,0,0,UNKNOWN,2.8,85.9,67.2,0
Property Damage Crash,09-02-2023 21:30,County,ASPEN HILL RD,N/A,HEAD ON LEFT TURN,RAINING,WET,DARK LIGHTS ON,TRAFFIC SIGNAL,No,NO APPARENT INJURY,NOT DISTRACTED,PASSENGER CAR,MOVING CONSTANT SPEED,North,North,25,2015,CHEVY,1.3,71.5,67,0
Property Damage Crash,09-02-2023 23:45,Maryland (State),GEORGIA AVE,N/A,SAME DIR REAR END,CLEAR,DRY,DAYLIGHT,NO CONTROLS,No,NO APPARENT INJURY,NOT DISTRACTED,(SPORT) UTILITY VEHICLE,STOPPED IN TRAFFIC LANE,North,North,35,2013,CHEV,5.3,81.1,68,0
Property Damage Crash,09-02-2023 23:45,Maryland (State),FREDERICK RD,N/A,STRAIGHT MOVEMENT ANGLE,CLEAR,DRY,DARK LIGHTS ON,TRAFFIC SIGNAL,No,NO APPARENT INJURY,NOT DISTRACTED,PASSENGER CAR,MOVING CONSTANT SPEED,North,North,45,2003,TOYOTA,5,71.3,65.9,0
Property Damage Crash,10-02-2023 00:08,Maryland (State),QUINCE ORCHARD RD,N/A,SAME DIRECTION SIDESWIPE,RAINING,WET,DAYLIGHT,YIELD SIGN,No,NO APPARENT INJURY,NOT DISTRACTED,PASSENGER CAR,STOPPED IN TRAFFIC LANE,East,East,35,2016,NISS,1.5,66.1,65.2,0
Property Damage Crash,10-02-2023 04:49,,,,OTHER,CLEAR,,DAYLIGHT,NO CONTROLS,No,NO APPARENT INJURY,NOT DISTRACTED,PASSENGER CAR,PARKED,,,0,2015,TOYT,6,83,70.5,0
Property Damage Crash,10-02-2023 07:06,Maryland (State),QUINCE ORCHARD RD,GAITHERSBURG,SAME DIR REAR END,N/A,WET,DAYLIGHT,TRAFFIC SIGNAL,No,NO APPARENT INJURY,NOT DISTRACTED,PASSENGER CAR,SLOWING OR STOPPING,South,South,40,2015,HONDA,2.4,75.3,67.6,0