ACRS Report Type,Date and Time,Route Type,Road Name,Municipality,Collision Type,Weather,Surface Condition,Light,Traffic Control,Driver At Fault,Injury Severity,Driver Distracted By,Vehicle Body Type,Vehicle Movement,Vehicle Continuing Dir,Vehicle Going Dir,Speed Limit,Vehicle Year,Vehicle Make,Wind Speed (MPH),TMP10-DK ,Relative Humidity (%),Rain (Inches)
Injury Crash,10-02-2023 07:55,Maryland (State),CONNECTICUT AVE,N/A,SAME DIR REAR END,CLOUDY,DRY,DARK NO LIGHTS,TRAFFIC SIGNAL,Yes,NO APPARENT INJURY,OTHER ELECTRONIC DEVICE (NAVIGATIONAL PALM PILOT),(SPORT) UTILITY VEHICLE,SLOWING OR STOPPING,South,South,45,2001,MERZ,2.4,79,70.3,0
Property Damage Crash,10-02-2023 08:01,Maryland (State),16TH ST,N/A,SAME DIR REAR END,CLOUDY,DRY,DAYLIGHT,TRAFFIC SIGNAL,Yes,NO APPARENT INJURY,NOT DISTRACTED,"OTHER LIGHT TRUCKS (10,000LBS (4,536KG) OR LESS)",STARTING FROM LANE,South,South,35,2006,FORD,3.5,75.7,68.6,0
Injury Crash,10-02-2023 08:01,County,EMORY GROVE RD,N/A,ANGLE MEETS LEFT TURN,SNOW,WET,DAYLIGHT,STOP SIGN,Yes,NO APPARENT INJURY,LOOKED BUT DID NOT SEE,(SPORT) UTILITY VEHICLE,MAKING LEFT TURN,East,South,35,2008,NISSAN,1.2,62.7,60.7,0
Property Damage Crash,10-02-2023 08:18,US (State),COLUMBIA PIKE,N/A,SAME DIRECTION SIDESWIPE,CLEAR,DRY,DAYLIGHT,NO CONTROLS,No,NO APPARENT INJURY,NOT DISTRACTED,(SPORT) UTILITY VEHICLE,STOPPED IN TRAFFIC LANE,South,South,55,2004,TOYOTA,4.1,71.4,69,0
Property Damage Crash,10-02-2023 08:18,County,E GUDE DR,N/A,SAME DIR REAR END,CLEAR,DRY,DAYLIGHT,TRAFFIC SIGNAL,Yes,NO APPARENT INJURY,NOT DISTRACTED,PICKUP TRUCK,MOVING CONSTANT SPEED,West,West,40,2015,GMC,2.9,78.4,70.1,0
Injury Crash,10-02-2023 08:50,Maryland (State),NEW HAMPSHIRE AVE,N/A,SAME DIRECTION SIDESWIPE,CLEAR,DRY,DAYLIGHT,N/A,No,NO APPARENT INJURY,NOT DISTRACTED,PASSENGER CAR,MOVING CONSTANT SPEED,North,North,45,2012,HOND,1.2,72.7,69.5,0
Property Damage Crash,10-02-2023 08:50,County,BELHAVEN RD,N/A,SAME DIRECTION SIDESWIPE,CLEAR,DRY,DAYLIGHT,N/A,Yes,NO APPARENT INJURY,UNKNOWN,PASSENGER CAR,MOVING CONSTANT SPEED,South,South,25,2019,SUBARU,2.3,74.2,65.6,0
Property Damage Crash,10-02-2023 09:40,Maryland (State),GERMANTOWN RD,N/A,SAME DIR REAR END,CLOUDY,DRY,DAYLIGHT,N/A,Yes,NO APPARENT INJURY,INATTENTIVE OR LOST IN THOUGHT,PASSENGER CAR,SLOWING OR STOPPING,North,North,40,2010,VOLK,5,84.9,59.8,0
Property Damage Crash,10-02-2023 09:45,Maryland (State),ROCKVILLE PIKE,N/A,SAME DIRECTION RIGHT TURN,CLEAR,DRY,DARK NO LIGHTS,NO CONTROLS,No,NO APPARENT INJURY,NOT DISTRACTED,PASSENGER CAR,MOVING CONSTANT SPEED,South,South,40,1998,HONDA,,,,
Injury Crash,10-02-2023 09:45,US (State),COLUMBIA PIKE,N/A,SAME DIR REAR END,CLEAR,DRY,DAYLIGHT,NO CONTROLS,No,SUSPECTED MINOR INJURY,NOT DISTRACTED,PASSENGER CAR,MOVING CONSTANT SPEED,North,North,45,2012,HOND,4.2,78.5,73.6,0
Property Damage Crash,10-02-2023 09:45,Maryland (State),FREDERICK RD,ROCKVILLE,SAME DIR REAR END,CLEAR,DRY,DAYLIGHT,TRAFFIC SIGNAL,No,NO APPARENT INJURY,NOT DISTRACTED,PASSENGER CAR,STOPPED IN TRAFFIC LANE,South,South,40,2023,KIA,3,73.5,70.8,0
Property Damage Crash,10-02-2023 10:17,Maryland (State),PINEY BRANCH RD,N/A,SAME DIR REAR END,CLEAR,WET,DAYLIGHT,NO CONTROLS,No,NO APPARENT INJURY,NOT DISTRACTED,PASSENGER CAR,STOPPED IN TRAFFIC LANE,South,South,30,2006,CHEVRLOET,1.9,70.2,68.3,0
Property Damage Crash,10-02-2023 10:17,,,,SAME DIRECTION RIGHT TURN,N/A,,DAYLIGHT,NO CONTROLS,Yes,NO APPARENT INJURY,UNKNOWN,PICKUP TRUCK,ACCELERATING,East,North,5,2017,FORD,3.6,79.3,64.8,0
Property Damage Crash,10-02-2023 11:39,Interstate (State),EISENHOWER MEMORIAL HWY,N/A,SAME DIR REAR END,CLEAR,DRY,DARK LIGHTS ON,NO CONTROLS,Yes,NO APPARENT INJURY,NOT DISTRACTED,PASSENGER CAR,MOVING CONSTANT SPEED,North,North,55,1994,MERZ,3.4,72.5,71.1,0
Property Damage Crash,10-02-2023 11:39,,,,OTHER,CLEAR,,DARK NO LIGHTS,NO CONTROLS,Yes,NO APPARENT INJURY,UNKNOWN,OTHER,BACKING,Unknown,Unknown,10,1999,CHEVROLET,3.3,84.8,74.7,0
Injury Crash,10-02-2023 12:00,Maryland (State),FREDERICK RD,N/A,HEAD ON LEFT TURN,CLEAR,DRY,DAYLIGHT,TRAFFIC SIGNAL,Yes,SUSPECTED SERIOUS INJURY,LOOKED BUT DID NOT SEE,PASSENGER CAR,MAKING LEFT TURN,East,East,40,2007,HONDA,2.2,77.6,70.5,0
Injury Crash,10-02-2023 12:03,Maryland (State),OLD GEORGETOWN RD,N/A,HEAD ON LEFT TURN,CLEAR,DRY,DAYLIGHT,TRAFFIC SIGNAL,No,SUSPECTED MINOR INJURY,NOT DISTRACTED,(SPORT) UTILITY VEHICLE,ACCELERATING,North,North,35,2016,INFINIT,6.4,77.1,71.4,0
Property Damage Crash,10-02-2023 12:03,Municipality,N ADAMS ST,ROCKVILLE,OTHER,CLEAR,DRY,DAYLIGHT,NO CONTROLS,Yes,NO APPARENT INJURY,NOT DISTRACTED,PASSENGER CAR,BACKING,South,South,25,1998,CHEVROLET,4.1,86.4,71,0
Injury Crash,10-02-2023 12:04,Maryland (State),VEIRS MILL RD,N/A,SAME DIR REAR END,CLEAR,WET,DARK LIGHTS ON,TRAFFIC SIGNAL,No,SUSPECTED MINOR INJURY,NOT DISTRACTED,PASSENGER CAR,SLOWING OR STOPPING,South,South,40,2011,HYUN,5.3,68.4,65.1,0
Property Damage Crash,10-02-2023 12:04,Municipality,W GUDE DR,ROCKVILLE,SAME DIRECTION SIDESWIPE,CLEAR,DRY,DAYLIGHT,OTHER,Unknown,NO APPARENT INJURY,NOT DISTRACTED,PASSENGER CAR,MOVING CONSTANT SPEED,East,East,40,2000,TOYT,8.8,73.3,71.1,0
Property Damage Crash,10-02-2023 12:11,,,,STRAIGHT MOVEMENT ANGLE,N/A,,DARK LIGHTS ON,NO CONTROLS,Yes,NO APPARENT INJURY,UNKNOWN,PASSENGER CAR,MOVING CONSTANT SPEED,East,East,15,2001,LEXUS,4.4,81.8,65.5,0
Property Damage Crash,10-02-2023 12:11,Maryland (State),FREDERICK RD,ROCKVILLE,OTHER,RAINING,WET,DARK LIGHTS ON,OTHER,Yes,NO APPARENT INJURY,UNKNOWN,PASSENGER CAR,MAKING LEFT TURN,South,West,10,2010,ACURA,0.8,72.4,68.8,0
Injury Crash,10-02-2023 14:15,County,PARKLAND DR,N/A,STRAIGHT MOVEMENT ANGLE,RAINING,WET,DARK LIGHTS ON,STOP SIGN,Unknown,NO APPARENT INJURY,LOOKED BUT DID NOT SEE,(SPORT) UTILITY VEHICLE,ACCELERATING,South,South,30,2016,HONDA,4.7,88.2,73.8,0
Property Damage Crash,10-02-2023 15:24,Maryland (State),FREDERICK RD,N/A,ANGLE MEETS LEFT TURN,CLEAR,DRY,DARK LIGHTS ON,TRAFFIC SIGNAL,No,NO APPARENT INJURY,NOT DISTRACTED,PASSENGER CAR,MOVING CONSTANT SPEED,North,North,40,2004,TOYT,1.6,72.1,68.7,0
Injury Crash,10-02-2023 15:30,Maryland (State),UNIVERSITY BLVD W,N/A,SAME DIR REAR END,CLEAR,DRY,DAYLIGHT,TRAFFIC SIGNAL,No,POSSIBLE INJURY,NOT DISTRACTED,PASSENGER CAR,MAKING RIGHT TURN,North,West,30,2013,BMW,3.1,80.8,69.5,0
Injury Crash,10-02-2023 15:30,Maryland (State),GEORGIA AVE,N/A,SAME DIR REAR END,CLEAR,DRY,DAYLIGHT,TRAFFIC SIGNAL,No,POSSIBLE INJURY,NOT DISTRACTED,PASSENGER CAR,STARTING FROM LANE,South,South,30,2022,MERZ,1.3,73.1,71.2,0
Injury Crash,10-02-2023 15:30,County,CENTERWAY RD,N/A,HEAD ON LEFT TURN,CLEAR,DRY,DARK NO LIGHTS,TRAFFIC SIGNAL,Yes,NO APPARENT INJURY,UNKNOWN,PASSENGER CAR,MAKING LEFT TURN,South,West,35,2008,NISSAN,3.2,79.7,74.2,0
Property Damage Crash,10-02-2023 15:30,Maryland (State),W MONTGOMERY AVE,ROCKVILLE,SAME DIR REAR END,CLEAR,DRY,DAYLIGHT,N/A,No,NO APPARENT INJURY,NOT DISTRACTED,VAN,STOPPED IN TRAFFIC LANE,East,East,30,2018,DODG,3.1,84.3,65.8,0
Property Damage Crash,10-02-2023 16:20,Maryland (State),NEW HAMPSHIRE AVE,N/A,SAME DIR BOTH LEFT TURN,CLEAR,OTHER,DAYLIGHT,N/A,No,NO APPARENT INJURY,NOT DISTRACTED,TRANSIT BUS,STARTING FROM PARKED,North,North,45,2013,NEW FLYER,7.9,80.4,69.8,0
Property Damage Crash,10-02-2023 16:20,Municipality,CHURCH ST,N/A,SAME DIRECTION SIDESWIPE,CLEAR,DRY,DAYLIGHT,NO CONTROLS,No,NO APPARENT INJURY,NOT DISTRACTED,PASSENGER CAR,STOPPED IN TRAFFIC LANE,West,West,5,2014,HOND,3.9,71.9,71,0
Injury Crash,10-02-2023 16:50,Maryland (State),LAYHILL RD,N/A,SAME DIR REAR END,CLOUDY,WET,DAYLIGHT,TRAFFIC SIGNAL,Yes,NO APPARENT INJURY,NOT DISTRACTED,PASSENGER CAR,SLOWING OR STOPPING,West,West,40,2001,HOND,8.6,83.8,71.5,0
Property Damage Crash,10-02-2023 16:50,Interstate (State),EISENHOWER MEMORIAL HWY,N/A,SAME DIR REAR END,CLEAR,DRY,DAYLIGHT,NO CONTROLS,Yes,NO APPARENT INJURY,OTHER DISTRACTION,POLICE VEHICLE/NON EMERGENCY,SLOWING OR STOPPING,South,South,55,2017,FORD,2,65.6,63.8,0
Property Damage Crash,10-02-2023 16:50,Maryland (State),CLOPPER RD,N/A,OPPOSITE DIRECTION SIDESWIPE,CLEAR,DRY,DARK LIGHTS ON,TRAFFIC SIGNAL,No,NO APPARENT INJURY,NOT DISTRACTED,PASSENGER CAR,MOVING CONSTANT SPEED,North,North,45,2015,JEEP,8.5,88.3,63.8,0
Injury Crash,10-02-2023 16:55,County,SELFRIDGE RD,N/A,SAME DIR REAR END,N/A,DRY,DARK LIGHTS ON,NO CONTROLS,No,POSSIBLE INJURY,NOT DISTRACTED,PASSENGER CAR,MOVING CONSTANT SPEED,North,North,25,2000,TOYT,2.3,83.8,71.2,0
Property Damage Crash,10-02-2023 16:55,,,,STRAIGHT MOVEMENT ANGLE,CLOUDY,,DAYLIGHT,NO CONTROLS,No,NO APPARENT INJURY,NOT DISTRACTED,PASSENGER CAR,MOVING CONSTANT SPEED,North,North,10,2001,TOYOTA,6.6,86.8,70.2,0
Property Damage Crash,10-02-2023 17:06,Municipality,TANYARD HILL RD,GAITHERSBURG,OTHER,CLEAR,DRY,DAYLIGHT,N/A,No,NO APPARENT INJURY,NOT DISTRACTED,PASSENGER CAR,PARKED,,,25,2014,VOLKSWAGON,1.3,71,62.8,0
Injury Crash,10-02-2023 17:06,Municipality,WOOTTON PKWY,ROCKVILLE,SAME DIRECTION SIDESWIPE,RAINING,WET,DAYLIGHT,NO CONTROLS,Yes,NO APPARENT INJURY,UNKNOWN,"MEDIUM/HEAVY TRUCKS 3 AXLES (OVER 10,000LBS (4,536KG))",MOVING CONSTANT SPEED,East,East,30,2005,KENW,5.9,80.1,65.8,0
Injury Crash,10-02-2023 18:40,County,REDLAND RD,N/A,STRAIGHT MOVEMENT ANGLE,RAINING,WET,DAYLIGHT,TRAFFIC SIGNAL,No,POSSIBLE INJURY,NOT DISTRACTED,(SPORT) UTILITY VEHICLE,MAKING LEFT TURN,West,North,35,2007,NISSAN,4,72.6,71.7,0
Injury Crash,10-02-2023 19:45,County,E GUDE DR,N/A,OTHER,CLEAR,DRY,DAYLIGHT,TRAFFIC SIGNAL,No,NO APPARENT INJURY,NOT DISTRACTED,PICKUP TRUCK,STOPPED IN TRAFFIC LANE,East,South,0,2012,FORD,2.9,71.8,67.8,0
Property Damage Crash,10-02-2023 19:45,Municipality,BROADWOOD DR,ROCKVILLE,SAME DIRECTION SIDESWIPE,CLOUDY,DRY,DAYLIGHT,STOP SIGN,No,NO APPARENT INJURY,NOT DISTRACTED,"MEDIUM/HEAVY TRUCKS 3 AXLES (OVER 10,000LBS (4,536KG))",STOPPED IN TRAFFIC LANE,South,South,25,2006,STLG,6.9,80.3,73.2,0
Property Damage Crash,10-02-2023 21:47,County,TUCKERMAN LA,N/A,SAME DIRECTION SIDESWIPE,N/A,DRY,DAYLIGHT,NO CONTROLS,Unknown,NO APPARENT INJURY,UNKNOWN,PASSENGER CAR,MOVING CONSTANT SPEED,West,West,40,2011,TOYT,6.3,82.2,58,0
Property Damage Crash,10-02-2023 21:47,Other Public Roadway,MONTROSE PKWY,N/A,SINGLE VEHICLE,CLOUDY,WET,DAYLIGHT,NO CONTROLS,Yes,NO APPARENT INJURY,UNKNOWN,PASSENGER CAR,MOVING CONSTANT SPEED,East,East,40,2006,NISSAN,7.7,77.6,69.1,0
Property Damage Crash,10-02-2023 21:47,,,,OPPOSITE DIRECTION SIDESWIPE,CLEAR,,DAYLIGHT,N/A,Yes,NO APPARENT INJURY,LOOKED BUT DID NOT SEE,PASSENGER CAR,BACKING,South,East,15,2008,CHEV,3.4,72.3,70.7,0
Injury Crash,11-02-2023 02:50,Maryland (State),MUNCASTER MILL RD,N/A,SAME DIR REAR END,CLEAR,DRY,DAYLIGHT,NO CONTROLS,Yes,NO APPARENT INJURY,UNKNOWN,PASSENGER CAR,MOVING CONSTANT SPEED,East,East,35,2003,HYUNDAI,1.2,68,66,0
Property Damage Crash,11-02-2023 02:50,Maryland (State),MONTGOMERY VILLAGE AVE,N/A,SINGLE VEHICLE,CLEAR,DRY,DARK LIGHTS ON,TRAFFIC SIGNAL,Yes,NO APPARENT INJURY,NOT DISTRACTED,PASSENGER CAR,OTHER,East,East,40,2002,TOYOTA,5.3,91.6,68.9,0
Injury Crash,11-02-2023 04:40,County,FOREST GLEN RD,N/A,STRAIGHT MOVEMENT ANGLE,CLEAR,DRY,DARK LIGHTS ON,NO CONTROLS,Yes,POSSIBLE INJURY,LOOKED BUT DID NOT SEE,PASSENGER CAR,MAKING LEFT TURN,North,East,15,2013,CHEVROLET,2.9,81.8,72.1,0
Property Damage Crash,11-02-2023 04:40,County,MIDDLE RD,N/A,SAME DIR REAR END,RAINING,WET,DARK LIGHTS ON,N/A,Yes,NO APPARENT INJURY,UNKNOWN,PASSENGER CAR,ACCELERATING,North,North,25,2016,CHEVY,1.3,71,69.8,0
Property Damage Crash,11-02-2023 06:58,County,STALEYBRIDGE RD,N/A,SAME DIR REAR END,CLOUDY,DRY,DAYLIGHT,NO CONTROLS,Yes,NO APPARENT INJURY,NOT DISTRACTED,PASSENGER CAR,ACCELERATING,North,North,25,1999,HONDA,4.8,83.2,62.2,0
Property Damage Crash,11-02-2023 07:11,Maryland (State),NORBECK RD,N/A,OTHER,CLEAR,DRY,DAYLIGHT,NO CONTROLS,No,NO APPARENT INJURY,NOT DISTRACTED,PASSENGER CAR,MAKING U TURN,West,East,40,1995,LEXUS,3,74.4,71.1,0
Injury Crash,11-02-2023 07:11,Maryland (State),GEORGIA AVE,N/A,SAME DIR REAR END,CLEAR,DRY,DAYLIGHT,TRAFFIC SIGNAL,No,NO APPARENT INJURY,NOT DISTRACTED,PASSENGER CAR,SLOWING OR STOPPING,North,North,35,2002,TOYT,5,85.7,69.4,0
Injury Crash,11-02-2023 08:32,Maryland (State),OLD COLUMBIA PIKE,N/A,SAME DIR REAR END,RAINING,WET,DAYLIGHT,NO CONTROLS,No,NO APPARENT INJURY,NOT DISTRACTED,PASSENGER CAR,SLOWING OR STOPPING,West,West,40,2005,TOYT,1.8,72,69.6,0
Injury Crash,11-02-2023 08:32,Maryland (State),UNIVERSITY BLVD W,N/A,STRAIGHT MOVEMENT ANGLE,CLEAR,DRY,DARK LIGHTS ON,NO CONTROLS,No,NO APPARENT INJURY,NOT DISTRACTED,PASSENGER CAR,MOVING CONSTANT SPEED,East,East,35,2007,CHEVY,6.5,77.4,67.1,0
Property Damage Crash,11-02-2023 08:36,County,NEEDWOOD RD,N/A,ANGLE MEETS RIGHT TURN,CLEAR,DRY,DAYLIGHT,TRAFFIC SIGNAL,Yes,NO APPARENT INJURY,UNKNOWN,PASSENGER CAR,MAKING RIGHT TURN,East,East,40,2011,TOYOTA,5.9,84.6,73.6,0
Injury Crash,11-02-2023 08:36,County,MUDDY BRANCH RD,N/A,OPPOSITE DIRECTION SIDESWIPE,CLEAR,DRY,DARK LIGHTS ON,TRAFFIC SIGNAL,Unknown,NO APPARENT INJURY,UNKNOWN,PASSENGER CAR,MAKING LEFT TURN,East,East,45,2018,RANGE ROVER,6.2,81,64.8,0
Property Damage Crash,11-02-2023 08:45,Maryland (State),FREDERICK RD,N/A,SAME DIRECTION SIDESWIPE,CLEAR,DRY,DAYLIGHT,TRAFFIC SIGNAL,No,NO APPARENT INJURY,NOT DISTRACTED,PASSENGER CAR,ACCELERATING,South,South,45,2013,TOYOTA,8.8,91.1,67.5,0
Injury Crash,11-02-2023 08:45,Maryland (State),NEW HAMPSHIRE AVE,N/A,SAME DIR REAR END,CLEAR,DRY,DARK LIGHTS ON,TRAFFIC SIGNAL,No,SUSPECTED MINOR INJURY,NOT DISTRACTED,(SPORT) UTILITY VEHICLE,SLOWING OR STOPPING,North,North,40,2016,NISSAN,5.1,80.3,70.8,0
Injury Crash,11-02-2023 09:20,County,GREENTREE RD,N/A,STRAIGHT MOVEMENT ANGLE,CLEAR,DRY,DUSK,STOP SIGN,Yes,POSSIBLE INJURY,LOOKED BUT DID NOT SEE,PASSENGER CAR,ACCELERATING,North,North,25,2002,TOYT,3.9,71.8,69.7,0
Property Damage Crash,11-02-2023 09:20,Other Public Roadway,CLARKSMEAD DR,N/A,STRAIGHT MOVEMENT ANGLE,CLEAR,DRY,DAYLIGHT,STOP SIGN,No,NO APPARENT INJURY,NOT DISTRACTED,PASSENGER CAR,MOVING CONSTANT SPEED,East,East,25,1997,HONDA,2.3,74.3,72.3,0
Injury Crash,11-02-2023 10:15,Maryland (State),MUNCASTER MILL RD,N/A,SAME DIR REAR END,CLEAR,DRY,DAYLIGHT,NO CONTROLS,Yes,NO APPARENT INJURY,NOT DISTRACTED,PICKUP TRUCK,SLOWING OR STOPPING,West,West,35,2005,FORD,5.2,82.4,63.5,0
Injury Crash,11-02-2023 10:30,Maryland (State),MONTGOMERY VILLAGE AVE,N/A,SAME DIR REAR END,CLOUDY,WET,DAYLIGHT,TRAFFIC SIGNAL,Yes,SUSPECTED MINOR INJURY,UNKNOWN,PASSENGER CAR,MOVING CONSTANT SPEED,North,North,35,2001,HONDA,0.8,61.6,60.4,0
Property Damage Crash,11-02-2023 11:27,County,JONES MILL RD,N/A,SAME DIR REAR END,CLEAR,DRY,DARK LIGHTS ON,NO CONTROLS,No,NO APPARENT INJURY,NOT DISTRACTED,PASSENGER CAR,STOPPED IN TRAFFIC LANE,North,North,30,2010,MAZDA,8,86.9,70,0
Property Damage Crash,11-02-2023 11:27,,,,STRAIGHT MOVEMENT ANGLE,CLEAR,,DAYLIGHT,NO CONTROLS,Yes,NO APPARENT INJURY,LOOKED BUT DID NOT SEE,PASSENGER CAR,BACKING,East,South,0,2013,CHEVY,1.4,71.4,70.2,0
Property Damage Crash,11-02-2023 12:29,Maryland (State),GREAT SENECA HWY,N/A,STRAIGHT MOVEMENT ANGLE,CLEAR,DRY,DARK LIGHTS ON,N/A,Yes,NO APPARENT INJURY,UNKNOWN,(SPORT) UTILITY VEHICLE,STARTING FROM LANE,West,West,10,2013,FORD,4.3,70.6,67.6,0
Property Damage Crash,11-02-2023 12:58,Maryland (State),GEORGIA AVE,N/A,SAME DIR REAR END,CLEAR,DRY,DAYLIGHT,NO CONTROLS,No,NO APPARENT INJURY,NOT DISTRACTED,PASSENGER CAR,SLOWING OR STOPPING,South,South,35,2011,FORD,1.5,72.9,69,0
Property Damage Crash,11-02-2023 13:06,Municipality,TWINBROOK PKWY,ROCKVILLE,HEAD ON LEFT TURN,CLEAR,DRY,DAYLIGHT,TRAFFIC SIGNAL,No,NO APPARENT INJURY,NOT DISTRACTED,OTHER,MOVING CONSTANT SPEED,West,West,30,2017,FORD,1.5,66.6,63.6,0
Injury Crash,11-02-2023 13:06,Maryland (State),FREDERICK RD,GAITHERSBURG,STRAIGHT MOVEMENT ANGLE,CLEAR,DRY,DAYLIGHT,NO CONTROLS,Yes,SUSPECTED MINOR INJURY,LOOKED BUT DID NOT SEE,PASSENGER CAR,STARTING FROM LANE,North,West,35,1997,TOYT,6.2,86.2,70.8,0
Property Damage Crash,11-02-2023 14:10,County,SNOUFFERS SCHOOL RD,N/A,HEAD ON LEFT TURN,RAINING,WET,DAYLIGHT,TRAFFIC SIGNAL,No,NO APPARENT INJURY,NOT DISTRACTED,PASSENGER CAR,MOVING CONSTANT SPEED,North,North,40,2016,NISSAN,4.7,88.6,71,0
Property Damage Crash,11-02-2023 14:20,Maryland (State),ROCKVILLE PIKE,N/A,HEAD ON LEFT TURN,N/A,DRY,DARK LIGHTS ON,TRAFFIC SIGNAL,No,NO APPARENT INJURY,NOT DISTRACTED,PASSENGER CAR,MOVING CONSTANT SPEED,North,North,40,2015,NISSAN,2.3,82.2,61.7,0
Property Damage Crash,11-02-2023 14:20,Maryland (State),LAYHILL RD,N/A,SAME DIR REAR END,CLEAR,DRY,DAYLIGHT,NO CONTROLS,No,NO APPARENT INJURY,NOT DISTRACTED,PASSENGER CAR,STOPPED IN TRAFFIC LANE,North,North,40,2007,LEXUS,1.1,71.9,70.4,0
Injury Crash,11-02-2023 14:24,Maryland (State),DODGE ST,N/A,SAME DIR REAR END,CLEAR,DRY,DUSK,NO CONTROLS,Unknown,SUSPECTED MINOR INJURY,UNKNOWN,PASSENGER CAR,MOVING CONSTANT SPEED,North,North,30,2003,HOND,4.5,75,66.2,0
Property Damage Crash,11-02-2023 14:24,,,,SAME DIRECTION SIDESWIPE,CLEAR,,DAYLIGHT,NO CONTROLS,Yes,NO APPARENT INJURY,UNKNOWN,PICKUP TRUCK,PARKING,North,West,10,2013,DODGE,6,76.3,69.8,0
Property Damage Crash,11-02-2023 14:24,Maryland (State),NEW HAMPSHIRE AVE,N/A,STRAIGHT MOVEMENT ANGLE,CLEAR,N/A,N/A,NO CONTROLS,No,NO APPARENT INJURY,NOT DISTRACTED,PASSENGER CAR,MOVING CONSTANT SPEED,South,South,35,2009,CHEVY,6.2,89.6,64.6,0
Property Damage Crash,11-02-2023 15:00,County,GREAT SENECA HWY,N/A,STRAIGHT MOVEMENT ANGLE,CLEAR,DRY,DAYLIGHT,NO CONTROLS,Yes,NO APPARENT INJURY,LOOKED BUT DID NOT SEE,PASSENGER CAR,MAKING LEFT TURN,East,South,40,2002,HOND,1.7,77.9,72.2,0
Property Damage Crash,11-02-2023 15:00,Maryland (State),VEIRS MILL RD,N/A,STRAIGHT MOVEMENT ANGLE,CLOUDY,N/A,DUSK,TRAFFIC SIGNAL,No,NO APPARENT INJURY,NOT DISTRACTED,PASSENGER CAR,MOVING CONSTANT SPEED,West,West,35,2011,TOYT,3.9,82.2,66.3,0
Injury Crash,11-02-2023 15:14,Maryland (State),FREDERICK RD,ROCKVILLE,OTHER,CLEAR,DRY,DAYLIGHT,TRAFFIC SIGNAL,No,SUSPECTED MINOR INJURY,NOT DISTRACTED,PASSENGER CAR,MOVING CONSTANT SPEED,South,South,40,2017,NISSAN,5,69.7,64.2,0
Property Damage Crash,11-02-2023 15:14,,,,SAME DIRECTION SIDESWIPE,CLEAR,,DAYLIGHT,NO CONTROLS,Unknown,NO APPARENT INJURY,UNKNOWN,PASSENGER CAR,PARKING,Unknown,Unknown,15,2009,TOYOTA,1.3,68.8,66.6,0
Injury Crash,11-02-2023 16:00,Maryland (State),GEORGIA AVE,N/A,HEAD ON LEFT TURN,CLEAR,DRY,DARK LIGHTS ON,TRAFFIC SIGNAL,No,NO APPARENT INJURY,NOT DISTRACTED,PASSENGER CAR,MAKING LEFT TURN,West,North,35,2009,TOYOTA,5,88.3,64.8,0
Property Damage Crash,11-02-2023 16:00,Maryland (State),RIVER RD,N/A,HEAD ON LEFT TURN,N/A,DRY,DAYLIGHT,TRAFFIC SIGNAL,Yes,NO APPARENT INJURY,LOOKED BUT DID NOT SEE,PASSENGER CAR,MAKING LEFT TURN,North,South,35,2009,HONDA,1.1,71.4,69.1,0
Property Damage Crash,11-02-2023 16:25,County,RANDOLPH RD,N/A,SAME DIRECTION SIDESWIPE,CLEAR,DRY,DAYLIGHT,NO CONTROLS,No,NO APPARENT INJURY,NOT DISTRACTED,PASSENGER CAR,MOVING CONSTANT SPEED,West,West,45,2007,HOND,1.5,73.3,70.4,0
Injury Crash,11-02-2023 16:25,County,GOLDENROD LA,N/A,SAME DIRECTION LEFT TURN,CLEAR,DRY,DAYLIGHT,NO CONTROLS,No,POSSIBLE INJURY,NOT DISTRACTED,PASSENGER CAR,MOVING CONSTANT SPEED,South,South,25,2013,HONDA,8.3,88.5,65,0
Property Damage Crash,11-02-2023 16:25,Maryland (State),NORBECK RD,N/A,SAME DIR REAR END,CLEAR,DRY,DAYLIGHT,N/A,No,NO APPARENT INJURY,NOT DISTRACTED,PASSENGER CAR,SLOWING OR STOPPING,East,East,35,2017,TOYOTA,8.4,82.2,71.5,0
Property Damage Crash,11-02-2023 16:32,Municipality,MONROE ST,ROCKVILLE,SAME DIR REAR END,CLEAR,DRY,DARK LIGHTS ON,NO CONTROLS,Unknown,NO APPARENT INJURY,UNKNOWN,PASSENGER CAR,BACKING,Unknown,Unknown,30,2015,TOYOTA,2.5,82.7,74.4,0
Property Damage Crash,11-02-2023 16:32,Maryland (State),GEORGIA AVE,N/A,SAME DIRECTION SIDESWIPE,CLEAR,DRY,DAYLIGHT,NO CONTROLS,No,NO APPARENT INJURY,NOT DISTRACTED,PASSENGER CAR,MOVING CONSTANT SPEED,South,South,35,2001,TOYOTA,3.9,74.5,70.5,0
Injury Crash,11-02-2023 17:40,Maryland (State),UNIVERSITY BLVD W,N/A,SAME DIR REAR END,CLEAR,DRY,DARK LIGHTS ON,TRAFFIC SIGNAL,No,NO APPARENT INJURY,NOT DISTRACTED,PASSENGER CAR,STOPPED IN TRAFFIC LANE,East,East,40,1996,TOYOTA,1.9,77.9,72,0