ACRS Report Type,Date and Time,Route Type,Road Name,Municipality,Collision Type,Weather,Surface Condition,Light,Traffic Control,Driver At Fault,Injury Severity,Driver Distracted By,Vehicle Body Type,Vehicle Movement,Vehicle Continuing Dir,Vehicle Going Dir,Speed Limit,Vehicle Year,Vehicle Make,Wind Speed (MPH),TMP10-DK ,Relative Humidity (%),Rain (Inches)
Property Damage Crash,11-02-2023 17:40,Maryland (State),CONNECTICUT AVE,KENSINGTON,STRAIGHT MOVEMENT ANGLE,CLEAR,DRY,DAYLIGHT,TRAFFIC SIGNAL,Unknown,NO APPARENT INJURY,NOT DISTRACTED,PASSENGER CAR,MOVING CONSTANT SPEED,South,South,40,2012,HYUNDAI,4.6,78.8,59.8,0
Property Damage Crash,11-02-2023 17:48,Maryland (State),WOODFIELD RD,N/A,SAME DIRECTION RIGHT TURN,CLEAR,DRY,DAYLIGHT,TRAFFIC SIGNAL,No,NO APPARENT INJURY,NOT DISTRACTED,VAN,MOVING CONSTANT SPEED,South,South,45,2015,GMC,8,80.4,54.5,0
Property Damage Crash,11-02-2023 17:48,Interstate (State),EISENHOWER MEMORIAL HWY,N/A,SAME DIR REAR END,N/A,DRY,DAYLIGHT,YIELD SIGN,Yes,NO APPARENT INJURY,LOOKED BUT DID NOT SEE,PASSENGER CAR,CHANGING LANES,East,East,25,2016,SUBARU,6.9,84.7,74.6,0
Property Damage Crash,11-02-2023 18:21,US (State),COLUMBIA PIKE,N/A,SAME DIRECTION SIDESWIPE,CLEAR,DRY,DAYLIGHT,TRAFFIC SIGNAL,Yes,NO APPARENT INJURY,LOOKED BUT DID NOT SEE,PASSENGER CAR,SLOWING OR STOPPING,South,South,40,2014,HYUNDAI,3.3,83.1,69.5,0
Property Damage Crash,11-02-2023 18:21,County,BRIGGS CHANEY RD,N/A,SAME DIR REAR END,RAINING,WET,DARK NO LIGHTS,TRAFFIC SIGNAL,No,NO APPARENT INJURY,UNKNOWN,PASSENGER CAR,SLOWING OR STOPPING,West,West,35,2017,FORD,3.3,88.5,60,0
Injury Crash,11-02-2023 18:34,US (State),COLUMBIA PIKE,N/A,SAME DIR REAR END,CLEAR,DRY,DAYLIGHT,TRAFFIC SIGNAL,No,SUSPECTED MINOR INJURY,NOT DISTRACTED,PASSENGER CAR,STOPPED IN TRAFFIC LANE,North,North,55,2008,SUBA,3.8,85.1,72.5,0
Property Damage Crash,11-02-2023 18:41,County,CANNON RD,N/A,OTHER,CLOUDY,DRY,DAYLIGHT,N/A,No,NO APPARENT INJURY,NOT DISTRACTED,PASSENGER CAR,MOVING CONSTANT SPEED,East,East,35,2012,FORD,4.7,72.9,67.5,0
Property Damage Crash,11-02-2023 18:41,County,VALLEYWOOD DR,N/A,SAME DIRECTION SIDESWIPE,CLEAR,DRY,DAYLIGHT,NO CONTROLS,No,NO APPARENT INJURY,NOT DISTRACTED,TRANSIT BUS,MOVING CONSTANT SPEED,North,North,20,2009,GILL,4.7,87.5,69.2,0
Injury Crash,11-02-2023 18:50,County,WATKINS MILL RD,N/A,OTHER,CLEAR,DRY,DAYLIGHT,N/A,Yes,POSSIBLE INJURY,LOOKED BUT DID NOT SEE,PASSENGER CAR,MAKING U TURN,South,North,35,2016,TOYT,4.7,86.1,71.8,0
Property Damage Crash,11-02-2023 18:50,Maryland (State),RIVER RD,N/A,SAME DIR REAR END,CLEAR,DRY,DAYLIGHT,NO CONTROLS,No,NO APPARENT INJURY,NOT DISTRACTED,PASSENGER CAR,SLOWING OR STOPPING,East,East,35,2010,HONDA,3.6,70.4,66.4,0
Property Damage Crash,11-02-2023 18:56,US (State),GEORGIA AVE,N/A,STRAIGHT MOVEMENT ANGLE,N/A,WET,DAYLIGHT,NO CONTROLS,No,NO APPARENT INJURY,NOT DISTRACTED,PASSENGER CAR,MOVING CONSTANT SPEED,North,North,30,2015,NISSAN,3.3,66.5,62.4,0
Injury Crash,11-02-2023 18:56,Maryland (State),GEORGIA AVE,N/A,SAME DIR REAR END,CLEAR,DRY,DAYLIGHT,TRAFFIC SIGNAL,Yes,NO APPARENT INJURY,INATTENTIVE OR LOST IN THOUGHT,VAN,SLOWING OR STOPPING,South,South,35,2000,HONDA,2.9,82.2,66.9,0
Injury Crash,11-02-2023 19:11,Maryland (State),FREDERICK RD,N/A,HEAD ON LEFT TURN,CLEAR,DRY,DARK LIGHTS ON,TRAFFIC SIGNAL,No,SUSPECTED MINOR INJURY,NOT DISTRACTED,PASSENGER CAR,MOVING CONSTANT SPEED,South,South,40,2016,NISSAN,1.8,71.8,70.3,0
Property Damage Crash,11-02-2023 19:11,Maryland (State),UNIVERSITY BLVD,N/A,ANGLE MEETS RIGHT TURN,RAINING,WET,DAYLIGHT,TRAFFIC SIGNAL,No,NO APPARENT INJURY,NOT DISTRACTED,PASSENGER CAR,MOVING CONSTANT SPEED,East,East,30,2016,TOYOTA,,,,
Injury Crash,11-02-2023 19:54,Maryland (State),CLARKSBURG RD,N/A,SAME DIR REAR END,CLEAR,WET,DAYLIGHT,TRAFFIC SIGNAL,Yes,NO APPARENT INJURY,NOT DISTRACTED,PASSENGER CAR,SLOWING OR STOPPING,North,North,40,2012,NISSAN,6.2,80.9,66.6,0
Property Damage Crash,11-02-2023 19:54,Maryland (State),VEIRS MILL RD,N/A,SAME DIR REAR END,CLEAR,DRY,DARK LIGHTS ON,TRAFFIC SIGNAL,Yes,NO APPARENT INJURY,NOT DISTRACTED,PASSENGER CAR,MOVING CONSTANT SPEED,East,East,30,2010,FORD,5.2,85,70.2,0
Property Damage Crash,11-02-2023 20:41,County,ROSSMOOR BLVD,N/A,STRAIGHT MOVEMENT ANGLE,CLEAR,DRY,DARK LIGHTS ON,OTHER,Yes,NO APPARENT INJURY,UNKNOWN,PASSENGER CAR,ENTERING TRAFFIC LANE,East,South,25,2016,FORD,9.1,83,71.1,0
Property Damage Crash,11-02-2023 21:56,,,,SAME DIRECTION LEFT TURN,CLEAR,,DAYLIGHT,N/A,Yes,NO APPARENT INJURY,NOT DISTRACTED,PASSENGER CAR,STARTING FROM LANE,Unknown,Unknown,10,2014,CHEVY,8.1,85.9,70.2,0
Injury Crash,11-02-2023 23:00,County,MONTROSE RD,ROCKVILLE,SAME DIR REAR END,RAINING,WET,DAYLIGHT,TRAFFIC SIGNAL,No,POSSIBLE INJURY,NOT DISTRACTED,PASSENGER CAR,STOPPED IN TRAFFIC LANE,East,East,40,2019,NISSAN,3.2,81.4,70.4,0
Property Damage Crash,11-02-2023 23:00,Maryland (State),NEW HAMPSHIRE AVE,N/A,SAME DIRECTION SIDESWIPE,CLEAR,DRY,DARK LIGHTS ON,NO CONTROLS,Yes,NO APPARENT INJURY,NOT DISTRACTED,PASSENGER CAR,ACCELERATING,North,West,30,2021,TESLA,4,70,66.5,0
Injury Crash,11-02-2023 23:00,Maryland (State),GEORGIA AVE,N/A,SAME DIR REAR END,CLOUDY,DRY,DAYLIGHT,TRAFFIC SIGNAL,No,SUSPECTED MINOR INJURY,NOT DISTRACTED,PASSENGER CAR,STOPPED IN TRAFFIC LANE,South,South,35,2006,CADILLAC,1,72.2,58.8,0
Property Damage Crash,12-02-2023 00:00,Maryland (State),NEW HAMPSHIRE AVE,N/A,STRAIGHT MOVEMENT ANGLE,CLOUDY,DRY,DAYLIGHT,N/A,Yes,NO APPARENT INJURY,NOT DISTRACTED,PASSENGER CAR,ACCELERATING,South,West,40,2004,ACUR,5.3,84,64.4,0
Property Damage Crash,12-02-2023 00:30,Maryland (State),NEW HAMPSHIRE AVE,N/A,HEAD ON,CLEAR,DRY,DARK NO LIGHTS,NO CONTROLS,Yes,NO APPARENT INJURY,DISTRACTED BY OUTSIDE PERSON OBJECT OR EVENT,PASSENGER CAR,MOVING CONSTANT SPEED,North,North,40,2009,VW,3.9,73.3,71,0
Property Damage Crash,12-02-2023 00:35,Maryland (State),GEORGIA AVE,N/A,OTHER,CLEAR,DRY,DARK LIGHTS ON,TRAFFIC SIGNAL,No,NO APPARENT INJURY,NOT DISTRACTED,PASSENGER CAR,STOPPED IN TRAFFIC LANE,North,North,35,2012,BMW,1.4,75.6,68.3,0
Property Damage Crash,12-02-2023 01:11,Maryland (State),BRADLEY LA,N/A,SAME DIRECTION SIDESWIPE,CLOUDY,WET,DAYLIGHT,TRAFFIC SIGNAL,No,NO APPARENT INJURY,NOT DISTRACTED,PASSENGER CAR,ACCELERATING,North,North,25,2019,TESLA,7.6,87.3,74.7,0
Injury Crash,12-02-2023 03:30,Maryland (State),OLNEY LAYTONSVILLE RD,N/A,STRAIGHT MOVEMENT ANGLE,CLEAR,DRY,DAYLIGHT,STOP SIGN,No,POSSIBLE INJURY,NOT DISTRACTED,PASSENGER CAR,MOVING CONSTANT SPEED,East,East,40,2022,TESLA,1.6,84.3,63.2,0
Injury Crash,12-02-2023 04:34,Maryland (State),UNIVERSITY BLVD E,N/A,SAME DIR REAR END,CLEAR,DRY,DAYLIGHT,TRAFFIC SIGNAL,No,POSSIBLE INJURY,NOT DISTRACTED,PASSENGER CAR,STOPPED IN TRAFFIC LANE,East,East,40,2002,TOYOTA,3.3,84.8,70,0
Injury Crash,12-02-2023 04:55,County,GOSHEN RD,N/A,HEAD ON,RAINING,WET,DARK LIGHTS ON,TRAFFIC SIGNAL,Yes,NO APPARENT INJURY,NOT DISTRACTED,STATION WAGON,MOVING CONSTANT SPEED,North,North,30,1999,FORD,2.3,85.3,60.3,0
Injury Crash,12-02-2023 05:42,Maryland (State),HUNGERFORD DR,ROCKVILLE,STRAIGHT MOVEMENT ANGLE,CLEAR,DRY,DAYLIGHT,TRAFFIC SIGNAL,No,NO APPARENT INJURY,NOT DISTRACTED,PASSENGER CAR,STOPPED IN TRAFFIC LANE,North,North,40,2014,CHRYSLR,1.9,78.3,73,0
Injury Crash,12-02-2023 05:42,Maryland (State),GEORGIA AVE,N/A,SAME DIRECTION LEFT TURN,CLEAR,DRY,DARK NO LIGHTS,TRAFFIC SIGNAL,No,NO APPARENT INJURY,NOT DISTRACTED,PASSENGER CAR,MOVING CONSTANT SPEED,South,South,45,2010,TOYOTA,3.5,83.5,72.3,0
Property Damage Crash,12-02-2023 06:09,County,CRYSTAL ROCK DR,N/A,SAME DIRECTION SIDESWIPE,RAINING,WET,DARK -- UNKNOWN LIGHTING,UNKNOWN,Yes,NO APPARENT INJURY,NOT DISTRACTED,UNKNOWN,MOVING CONSTANT SPEED,North,North,25,0,UNKNOWN,1,70.4,70,0
Injury Crash,12-02-2023 07:32,County,MUDDY BRANCH RD,GAITHERSBURG,HEAD ON LEFT TURN,RAINING,WET,DARK LIGHTS ON,TRAFFIC SIGNAL,No,POSSIBLE INJURY,NOT DISTRACTED,PASSENGER CAR,MOVING CONSTANT SPEED,North,North,40,1993,LINCOLN,5.9,73,71.5,0
Property Damage Crash,12-02-2023 07:56,County,RANDOLPH RD,N/A,STRAIGHT MOVEMENT ANGLE,CLEAR,DRY,DAYLIGHT,TRAFFIC SIGNAL,Yes,NO APPARENT INJURY,LOOKED BUT DID NOT SEE,PASSENGER CAR,MOVING CONSTANT SPEED,West,West,40,2012,TOYOTA,3.1,74.8,65.5,0
Property Damage Crash,12-02-2023 07:56,County,SEVEN LOCKS RD,N/A,SAME DIR REAR END,CLEAR,WET,DUSK,N/A,Yes,NO APPARENT INJURY,UNKNOWN,PASSENGER CAR,MOVING CONSTANT SPEED,North,North,35,2003,HYUNDAI,1,71.5,70.6,0
Property Damage Crash,12-02-2023 08:43,,,,SAME DIRECTION RIGHT TURN,CLEAR,,DAYLIGHT,NO CONTROLS,Yes,NO APPARENT INJURY,UNKNOWN,PICKUP TRUCK,MAKING RIGHT TURN,South,East,5,2021,RAM,5.2,70.6,66.4,0
Property Damage Crash,12-02-2023 08:43,Maryland (State),FALLS RD,ROCKVILLE,STRAIGHT MOVEMENT ANGLE,CLOUDY,DRY,DAYLIGHT,TRAFFIC SIGNAL,No,NO APPARENT INJURY,NOT DISTRACTED,PASSENGER CAR,MOVING CONSTANT SPEED,South,South,30,1999,TOYT,2.1,70.4,68.3,0
Injury Crash,12-02-2023 08:45,Maryland (State),FREDERICK RD,N/A,SAME DIR REAR END,CLEAR,DRY,DAYLIGHT,TRAFFIC SIGNAL,No,NO APPARENT INJURY,NOT DISTRACTED,PICKUP TRUCK,STOPPED IN TRAFFIC LANE,North,North,35,2006,FORD,4.1,86.9,61.3,0
Property Damage Crash,12-02-2023 08:45,US (State),COLUMBIA PIKE,N/A,ANGLE MEETS LEFT TURN,CLEAR,DRY,DARK LIGHTS ON,TRAFFIC SIGNAL,Yes,NO APPARENT INJURY,NOT DISTRACTED,PICKUP TRUCK,MOVING CONSTANT SPEED,South,South,50,2004,DODGE,2.3,74.2,68.3,0
Injury Crash,12-02-2023 08:45,County,SNOUFFERS SCHOOL RD,N/A,HEAD ON LEFT TURN,CLEAR,DRY,DAYLIGHT,N/A,Yes,SUSPECTED MINOR INJURY,LOOKED BUT DID NOT SEE,PASSENGER CAR,MAKING LEFT TURN,North,East,35,2016,CHEVY,5.2,88.6,58.8,0
Property Damage Crash,12-02-2023 09:00,Maryland (State),GEORGIA AVE,N/A,SAME DIRECTION SIDESWIPE,CLEAR,DRY,DAYLIGHT,N/A,Unknown,NO APPARENT INJURY,NOT DISTRACTED,PASSENGER CAR,CHANGING LANES,North,North,35,2007,TOYOTA,2.9,79.5,74.8,0
Property Damage Crash,12-02-2023 09:02,Maryland (State),UNIVERSITY BLVD E,N/A,SAME DIRECTION RIGHT TURN,RAINING,WET,DARK LIGHTS ON,TRAFFIC SIGNAL,No,NO APPARENT INJURY,NOT DISTRACTED,PASSENGER CAR,MOVING CONSTANT SPEED,West,West,40,2021,VOLK,3.1,73.6,71.3,0
Property Damage Crash,12-02-2023 09:45,Maryland (State),W MONTGOMERY AVE,ROCKVILLE,STRAIGHT MOVEMENT ANGLE,CLEAR,DRY,DAYLIGHT,NO CONTROLS,Unknown,NO APPARENT INJURY,UNKNOWN,SCHOOL BUS,MOVING CONSTANT SPEED,East,East,45,2020,THMS,3.3,76.1,71.9,0
Property Damage Crash,12-02-2023 09:45,Maryland (State),S FREDERICK RD,GAITHERSBURG,OTHER,CLEAR,DRY,DAYLIGHT,TRAFFIC SIGNAL,Yes,NO APPARENT INJURY,LOOKED BUT DID NOT SEE,PASSENGER CAR,MOVING CONSTANT SPEED,South,South,35,2004,HONDA,4,74.8,65.9,0
Property Damage Crash,12-02-2023 10:11,Maryland (State),CONNECTICUT AVE,N/A,STRAIGHT MOVEMENT ANGLE,CLEAR,DRY,DAYLIGHT,N/A,Yes,NO APPARENT INJURY,NOT DISTRACTED,(SPORT) UTILITY VEHICLE,MAKING RIGHT TURN,North,West,45,2013,TOYOTA,1,73.8,68.6,0
Injury Crash,12-02-2023 10:21,Maryland (State),FREDERICK RD,GAITHERSBURG,STRAIGHT MOVEMENT ANGLE,CLOUDY,DRY,DAYLIGHT,NO CONTROLS,Yes,NO APPARENT INJURY,NOT DISTRACTED,PICKUP TRUCK,MAKING LEFT TURN,South,West,30,1998,DODGE,4.2,73.8,70.6,0.01
Property Damage Crash,12-02-2023 10:31,County,RIDGE RD,N/A,OTHER,CLEAR,DRY,DAYLIGHT,NO CONTROLS,Yes,NO APPARENT INJURY,NOT DISTRACTED,"MEDIUM/HEAVY TRUCKS 3 AXLES (OVER 10,000LBS (4,536KG))",MOVING CONSTANT SPEED,North,North,45,2007,GMC,1.5,72.3,70,0
Injury Crash,12-02-2023 10:45,Maryland (State),DAMASCUS RD,N/A,STRAIGHT MOVEMENT ANGLE,CLEAR,DRY,DAYLIGHT,STOP SIGN,No,SUSPECTED MINOR INJURY,NOT DISTRACTED,PASSENGER CAR,MOVING CONSTANT SPEED,South,South,40,2006,AUDI,4.6,85.7,66.6,0
Injury Crash,12-02-2023 10:45,Maryland (State),NEW HAMPSHIRE AVE,N/A,SAME DIR REAR END,CLEAR,DRY,DARK LIGHTS ON,TRAFFIC SIGNAL,No,NO APPARENT INJURY,NOT DISTRACTED,TRANSIT BUS,SLOWING OR STOPPING,North,North,40,2020,NEW FLYER OF AMERICA,2.8,83.5,68.6,0
Property Damage Crash,12-02-2023 11:29,Maryland (State),NEW HAMPSHIRE AVE,N/A,SAME DIRECTION LEFT TURN,CLEAR,DRY,DARK LIGHTS ON,TRAFFIC SIGNAL,No,NO APPARENT INJURY,NOT DISTRACTED,PASSENGER CAR,MOVING CONSTANT SPEED,South,South,40,2007,MAZD,5,70.3,67,0
Property Damage Crash,12-02-2023 11:29,Maryland (State),ROCKVILLE PIKE,N/A,SAME DIRECTION SIDESWIPE,N/A,WET,DAWN,NO CONTROLS,No,NO APPARENT INJURY,NOT DISTRACTED,PASSENGER CAR,MOVING CONSTANT SPEED,North,North,35,1993,TOYOTA,2.4,85.4,66.7,0
Property Damage Crash,12-02-2023 12:06,County,WOODMONT AVE,N/A,OTHER,RAINING,WET,DAYLIGHT,TRAFFIC SIGNAL,Yes,NO APPARENT INJURY,UNKNOWN,PASSENGER CAR,MAKING LEFT TURN,East,South,25,2015,TOYOTA,5.7,80.6,71.2,0
Injury Crash,12-02-2023 12:22,Maryland (State),GERMANTOWN RD,N/A,SAME DIR REAR END,CLEAR,DRY,DARK LIGHTS ON,TRAFFIC SIGNAL,Yes,SUSPECTED MINOR INJURY,UNKNOWN,PASSENGER CAR,UNKNOWN,North,North,40,2017,HONDA,2.1,66.2,63.7,0.01
Injury Crash,12-02-2023 13:42,Maryland (State),GEORGIA AVE,N/A,SAME DIR REAR END,CLEAR,DRY,DAYLIGHT,N/A,Yes,NO APPARENT INJURY,UNKNOWN,PASSENGER CAR,SLOWING OR STOPPING,South,South,35,2008,NISS,1,67.9,66.1,0
Property Damage Crash,12-02-2023 14:43,Maryland (State),GEORGIA AVE,N/A,SAME DIR BOTH LEFT TURN,CLEAR,DRY,DARK LIGHTS ON,TRAFFIC SIGNAL,No,NO APPARENT INJURY,NOT DISTRACTED,TRANSIT BUS,MAKING LEFT TURN,North,East,30,2016,GILL,7.6,85.9,71.7,0
Property Damage Crash,12-02-2023 14:43,County,BROADBIRCH DR,N/A,SINGLE VEHICLE,CLEAR,WET,DARK LIGHTS ON,N/A,Yes,NO APPARENT INJURY,NOT DISTRACTED,POLICE VEHICLE/NON EMERGENCY,MOVING CONSTANT SPEED,West,West,30,2010,FORD,4.2,80.6,67.9,0
Property Damage Crash,12-02-2023 15:11,County,DEBORAH DR,N/A,HEAD ON,CLEAR,DRY,DAYLIGHT,STOP SIGN,No,NO APPARENT INJURY,NOT DISTRACTED,PICKUP TRUCK,STOPPED IN TRAFFIC LANE,Unknown,North,25,2014,FORD,3.2,78.5,69,0
Injury Crash,12-02-2023 15:11,Maryland (State),FREDERICK RD,N/A,STRAIGHT MOVEMENT ANGLE,CLEAR,DRY,DAYLIGHT,TRAFFIC SIGNAL,No,POSSIBLE INJURY,NOT DISTRACTED,PASSENGER CAR,MOVING CONSTANT SPEED,North,North,40,2011,CHEV,1.6,71.5,69.4,0
Property Damage Crash,12-02-2023 15:36,Maryland (State),CONNECTICUT AVE,N/A,SAME DIR REAR END,CLEAR,DRY,DARK LIGHTS ON,NO CONTROLS,Yes,NO APPARENT INJURY,UNKNOWN,PASSENGER CAR,SLOWING OR STOPPING,North,North,35,2007,FORD,3.4,78.7,75.2,0.05
Injury Crash,12-02-2023 15:36,US (State),COLESVILLE RD,N/A,SAME DIRECTION LEFT TURN,N/A,DRY,DAYLIGHT,NO CONTROLS,Yes,NO APPARENT INJURY,LOOKED BUT DID NOT SEE,VAN,MAKING LEFT TURN,West,North,30,2014,FORD,2.7,82.8,68.4,0
Property Damage Crash,12-02-2023 15:36,Maryland (State),NEW HAMPSHIRE AVE,TAKOMA PARK,HEAD ON LEFT TURN,CLOUDY,DRY,DAYLIGHT,TRAFFIC SIGNAL,No,NO APPARENT INJURY,NOT DISTRACTED,PASSENGER CAR,MOVING CONSTANT SPEED,North,North,30,2001,TOYOTA,8.3,82.3,69,0
Injury Crash,12-02-2023 15:36,US (State),COLUMBIA PIKE,N/A,SAME DIR REAR END,CLEAR,DRY,DAYLIGHT,N/A,No,NO APPARENT INJURY,LOOKED BUT DID NOT SEE,PASSENGER CAR,SLOWING OR STOPPING,North,North,55,2007,TOYOTA,5.7,78.7,70.5,0
Injury Crash,12-02-2023 16:45,County,RANDOLPH RD,N/A,STRAIGHT MOVEMENT ANGLE,CLEAR,DRY,DAYLIGHT,TRAFFIC SIGNAL,No,POSSIBLE INJURY,NOT DISTRACTED,PASSENGER CAR,MOVING CONSTANT SPEED,North,North,35,2017,HONDA,5.3,77.6,67.9,0
Property Damage Crash,12-02-2023 16:45,Municipality,KENTLANDS BLVD,GAITHERSBURG,STRAIGHT MOVEMENT ANGLE,N/A,N/A,DAYLIGHT,STOP SIGN,Yes,NO APPARENT INJURY,UNKNOWN,PASSENGER CAR,MAKING LEFT TURN,East,South,35,2010,HYUNDAI,2.9,70,63.2,0
Property Damage Crash,12-02-2023 17:23,County,AIRPARK RD,N/A,SAME DIR REAR END,CLEAR,DRY,DAYLIGHT,TRAFFIC SIGNAL,No,NO APPARENT INJURY,NOT DISTRACTED,TRUCK TRACTOR,STOPPED IN TRAFFIC LANE,West,West,45,2016,FTL,3.2,80.8,67.5,0
Injury Crash,12-02-2023 17:23,Maryland (State),GEORGIA AVE,N/A,SAME DIR REAR END,CLOUDY,DRY,DAYLIGHT,TRAFFIC SIGNAL,No,SUSPECTED SERIOUS INJURY,NOT DISTRACTED,PASSENGER CAR,STOPPED IN TRAFFIC LANE,North,South,35,2014,HONDA,1.2,65.3,62.5,0
Property Damage Crash,12-02-2023 17:30,Maryland (State),QUINCE ORCHARD RD,GAITHERSBURG,SAME DIR REAR END,CLEAR,DRY,DAYLIGHT,NO CONTROLS,Yes,NO APPARENT INJURY,UNKNOWN,PASSENGER CAR,MOVING CONSTANT SPEED,East,East,35,2018,JEEP,5.5,71.8,65,0
Property Damage Crash,12-02-2023 17:30,Maryland (State),RIDGE RD,N/A,SAME DIRECTION SIDESWIPE,RAINING,WET,DARK NO LIGHTS,N/A,Yes,NO APPARENT INJURY,NOT DISTRACTED,AUTOCYCLE,MOVING CONSTANT SPEED,North,North,40,2013,HYUNDA,6.6,76.9,62.7,0
Injury Crash,12-02-2023 17:45,County,EDWARDS FERRY RD,N/A,OTHER,CLEAR,OTHER,DAYLIGHT,NO CONTROLS,Yes,SUSPECTED SERIOUS INJURY,NOT DISTRACTED,MOTORCYCLE,SLOWING OR STOPPING,North,North,25,2011,HONDA,1.8,70.6,68.7,0
Property Damage Crash,12-02-2023 17:45,Maryland (State),FLOWER AVE,TAKOMA PARK,OTHER,CLEAR,DRY,DAYLIGHT,N/A,Unknown,NO APPARENT INJURY,UNKNOWN,SCHOOL BUS,MAKING LEFT TURN,North,West,10,2006,THOM,3.5,72.5,70.3,0.01
Injury Crash,12-02-2023 18:00,Maryland (State),ETHAN ALLEN AVE,N/A,STRAIGHT MOVEMENT ANGLE,CLEAR,DRY,DAYLIGHT,TRAFFIC SIGNAL,No,SUSPECTED MINOR INJURY,NOT DISTRACTED,PASSENGER CAR,STARTING FROM LANE,East,East,25,2010,HOND,5.7,79.8,71.8,0
Injury Crash,12-02-2023 18:30,Maryland (State),W DIAMOND AVE,N/A,SINGLE VEHICLE,RAINING,WET,DARK NO LIGHTS,YIELD SIGN,Yes,SUSPECTED SERIOUS INJURY,NOT DISTRACTED,(SPORT) UTILITY VEHICLE,MAKING RIGHT TURN,North,West,35,2000,TOYOTA,2.9,74.5,70.2,0
Property Damage Crash,12-02-2023 18:30,County,SHADY GROVE RD,N/A,HEAD ON LEFT TURN,CLEAR,DRY,DAYLIGHT,TRAFFIC SIGNAL,No,NO APPARENT INJURY,NOT DISTRACTED,PASSENGER CAR,MOVING CONSTANT SPEED,South,South,35,2007,VOLV,7.8,80.7,65.4,0
Property Damage Crash,12-02-2023 19:13,Maryland (State),CLOPPER RD,N/A,SAME DIR REAR END,CLEAR,DRY,DAYLIGHT,NO CONTROLS,No,NO APPARENT INJURY,NOT DISTRACTED,PICKUP TRUCK,MAKING LEFT TURN,West,West,35,2002,CHEV,3.5,80.9,74.2,0
Property Damage Crash,12-02-2023 19:13,Maryland (State),OLD GEORGETOWN RD,N/A,SAME DIRECTION RIGHT TURN,N/A,DRY,DAYLIGHT,NO CONTROLS,Unknown,NO APPARENT INJURY,NOT DISTRACTED,OTHER,ACCELERATING,North,North,35,2004,FORD,1.6,70.8,69.2,0
Injury Crash,12-02-2023 20:53,Maryland (State),GEORGIA AVE,N/A,SAME DIR REAR END,RAINING,WET,DAYLIGHT,TRAFFIC SIGNAL,No,SUSPECTED MINOR INJURY,NOT DISTRACTED,PASSENGER CAR,SLOWING OR STOPPING,North,North,40,2018,DODGE,1.2,75.6,67.2,0
Property Damage Crash,12-02-2023 20:53,Municipality,WOOTTON PKWY,N/A,SAME DIRECTION SIDESWIPE,CLEAR,DRY,DAYLIGHT,TRAFFIC SIGNAL,Yes,NO APPARENT INJURY,NOT DISTRACTED,PASSENGER CAR,SLOWING OR STOPPING,West,West,30,2003,HOND,4.2,83,70.1,0
Property Damage Crash,12-02-2023 21:57,County,BUSH HILL RD,N/A,SINGLE VEHICLE,SNOW,SNOW,DAYLIGHT,NO CONTROLS,Yes,NO APPARENT INJURY,NOT DISTRACTED,PASSENGER CAR,SKIDDING,East,East,25,2010,FORD,1.3,67,67.1,0
Property Damage Crash,12-02-2023 21:57,County,BEL PRE RD,N/A,HEAD ON LEFT TURN,CLEAR,DRY,DAYLIGHT,TRAFFIC SIGNAL,Yes,NO APPARENT INJURY,NOT DISTRACTED,PASSENGER CAR,MAKING LEFT TURN,South,West,35,2005,TOYOTA,2.2,78,72.9,0
Injury Crash,12-02-2023 21:57,Maryland (State),GEORGIA AVE,N/A,SAME DIR REAR END,CLEAR,DRY,DARK LIGHTS ON,TRAFFIC SIGNAL,No,NO APPARENT INJURY,NOT DISTRACTED,PASSENGER CAR,STOPPED IN TRAFFIC LANE,South,South,35,2012,HYUNDAI,5.8,93.2,73.9,0
Property Damage Crash,12-02-2023 22:07,,,,OTHER,CLEAR,,DAYLIGHT,N/A,Yes,NO APPARENT INJURY,UNKNOWN,VAN,BACKING,Unknown,Unknown,0,2016,FORD,7.7,86.1,63,0
Property Damage Crash,12-02-2023 23:29,County,SNOUFFERS SCHOOL RD,N/A,SAME DIR REAR END,CLOUDY,WET,DAYLIGHT,NO CONTROLS,Yes,NO APPARENT INJURY,INATTENTIVE OR LOST IN THOUGHT,PASSENGER CAR,SLOWING OR STOPPING,South,South,40,1998,TOYT,1.5,73.4,64.8,0
Injury Crash,12-02-2023 23:29,Maryland (State),CONNECTICUT AVE,N/A,SAME DIR BOTH LEFT TURN,RAINING,WET,DAYLIGHT,TRAFFIC SIGNAL,Yes,NO APPARENT INJURY,BY MOVING OBJECT IN VEHICLE,(SPORT) UTILITY VEHICLE,ACCELERATING,North,East,30,2017,GMC,3.7,79.1,64.7,0
Property Damage Crash,12-02-2023 23:35,County,BETHESDA AVE,N/A,OPPOSITE DIRECTION SIDESWIPE,CLEAR,DRY,DAYLIGHT,N/A,Yes,NO APPARENT INJURY,BY OTHER OCCUPANTS,PASSENGER CAR,BACKING,East,East,25,2018,SUBARU,3.8,82.7,63.1,0
Property Damage Crash,12-02-2023 23:55,,,,SAME DIRECTION SIDESWIPE,N/A,,DAYLIGHT,NO CONTROLS,Yes,NO APPARENT INJURY,UNKNOWN,PASSENGER CAR,BACKING,North,North,25,2006,MITSUBISHI,2.7,80.4,62,0
Injury Crash,12-02-2023 23:55,Maryland (State),ROCKVILLE PIKE,N/A,SAME DIR REAR END,CLEAR,DRY,DAYLIGHT,TRAFFIC SIGNAL,No,NO APPARENT INJURY,NOT DISTRACTED,(SPORT) UTILITY VEHICLE,STOPPED IN TRAFFIC LANE,East,East,15,2019,CHEVY,6.9,92.6,74.5,0